#
# There is insufficient memory for the Java Runtime Environment to continue.
# Native memory allocation (malloc) failed to allocate 1284288 bytes. Error detail: Chunk::new
# Possible reasons:
#   The system is out of physical RAM or swap space
#   This process is running with CompressedOops enabled, and the Java Heap may be blocking the growth of the native heap
# Possible solutions:
#   Reduce memory load on the system
#   Increase physical memory or swap space
#   Check if swap backing store is full
#   Decrease Java heap size (-Xmx/-Xms)
#   Decrease number of Java threads
#   Decrease Java thread stack sizes (-Xss)
#   Set larger code cache with -XX:ReservedCodeCacheSize=
#   JVM is running with Zero Based Compressed Oops mode in which the Java heap is
#     placed in the first 32GB address space. The Java Heap base address is the
#     maximum limit for the native heap growth. Please use -XX:HeapBaseMinAddress
#     to set the Java Heap base and to place the Java Heap above 32GB virtual address.
# This output file may be truncated or incomplete.
#
#  Out of Memory Error (arena.cpp:168), pid=20836, tid=23736
#
# JRE version: OpenJDK Runtime Environment (21.0.9) (build 21.0.9+-14787801-b1163.94)
# Java VM: OpenJDK 64-Bit Server VM (21.0.9+-14787801-b1163.94, mixed mode, tiered, compressed oops, compressed class ptrs, g1 gc, windows-amd64)
# No core dump will be written. Minidumps are not enabled by default on client versions of Windows
#

---------------  S U M M A R Y ------------

Command Line: --add-opens=java.base/java.lang=ALL-UNNAMED --add-opens=java.base/java.lang.invoke=ALL-UNNAMED --add-opens=java.base/java.util=ALL-UNNAMED --add-opens=java.prefs/java.util.prefs=ALL-UNNAMED --add-exports=jdk.compiler/com.sun.tools.javac.api=ALL-UNNAMED --add-exports=jdk.compiler/com.sun.tools.javac.util=ALL-UNNAMED --add-opens=java.base/java.util=ALL-UNNAMED --add-opens=java.prefs/java.util.prefs=ALL-UNNAMED --add-opens=java.base/java.nio.charset=ALL-UNNAMED --add-opens=java.base/java.net=ALL-UNNAMED --add-opens=java.base/java.util.concurrent.atomic=ALL-UNNAMED --add-opens=java.xml/javax.xml.namespace=ALL-UNNAMED -XX:MaxMetaspaceSize=1024m -Xmx4096m -Dfile.encoding=UTF-8 -Duser.country=US -Duser.language=en -Duser.variant -javaagent:C:\Users\ADMIN\.gradle\wrapper\dists\gradle-8.13-bin\5xuhj0ry160q40clulazy9h7d\gradle-8.13\lib\agents\gradle-instrumentation-agent-8.13.jar org.gradle.launcher.daemon.bootstrap.GradleDaemon 8.13

Host: 13th Gen Intel(R) Core(TM) i5-13500H, 16 cores, 15G,  Windows 11 , 64 bit Build 26100 (10.0.26100.7920)
Time: Mon Mar 23 23:27:57 2026 SE Asia Standard Time elapsed time: 6.091245 seconds (0d 0h 0m 6s)

---------------  T H R E A D  ---------------

Current thread (0x0000020255652620):  JavaThread "C2 CompilerThread0" daemon [_thread_in_native, id=23736, stack(0x0000005115500000,0x0000005115600000) (1024K)]


Current CompileTask:
C2:6091 10741  s    4       java.util.jar.JarFile::getInputStream (88 bytes)

Stack: [0x0000005115500000,0x0000005115600000]
Native frames: (J=compiled Java code, j=interpreted, Vv=VM code, C=native code)
V  [jvm.dll+0x6d6c99]
V  [jvm.dll+0x866b83]
V  [jvm.dll+0x8691ae]
V  [jvm.dll+0x869893]
V  [jvm.dll+0x280776]
V  [jvm.dll+0xc07cd]
V  [jvm.dll+0xc0d03]
V  [jvm.dll+0x3b986b]
V  [jvm.dll+0x3856a7]
V  [jvm.dll+0x384b1a]
V  [jvm.dll+0x249462]
V  [jvm.dll+0x248a31]
V  [jvm.dll+0x1c7344]
V  [jvm.dll+0x2581ae]
V  [jvm.dll+0x2566f6]
V  [jvm.dll+0x3f48a6]
V  [jvm.dll+0x80f118]
V  [jvm.dll+0x6d54ed]
C  [ucrtbase.dll+0x37b0]
C  [KERNEL32.DLL+0x2e8d7]
C  [ntdll.dll+0x8c48c]


---------------  P R O C E S S  ---------------

Threads class SMR info:
_java_thread_list=0x000002025a183ae0, length=124, elements={
0x000002023aa81f30, 0x0000020255644800, 0x0000020255664f40, 0x00000202556655b0,
0x0000020255687660, 0x000002025568bce0, 0x000002025568c350, 0x0000020255651fb0,
0x0000020255652620, 0x00000202556914c0, 0x000002025573ad20, 0x000002025573a650,
0x0000020255738b10, 0x000002025a045870, 0x00000202557376a0, 0x0000020255738440,
0x00000202557398b0, 0x000002025b7ce4a0, 0x000002025c65fab0, 0x000002025c06d6b0,
0x000002025c259bc0, 0x000002025bef5e30, 0x000002025c5d4360, 0x000002025c70c1a0,
0x000002025b1567c0, 0x000002025b158200, 0x000002025b156e50, 0x000002025b1574e0,
0x000002025b157b70, 0x000002025b155aa0, 0x000002025b156130, 0x000002025c56d1f0,
0x000002025c56c4d0, 0x000002025c56ffe0, 0x000002025c56f2c0, 0x000002025c56df10,
0x000002025c56ec30, 0x000002025c56e5a0, 0x000002025c56d880, 0x000002025c572dd0,
0x000002025c573460, 0x000002025c570d00, 0x000002025c573af0, 0x000002025c571390,
0x000002025c571a20, 0x0000020260773d30, 0x00000202607743c0, 0x0000020260774a50,
0x0000020260775e00, 0x0000020260773010, 0x00000202607750e0, 0x00000202607736a0,
0x0000020260775770, 0x0000020260772980, 0x00000202607771b0, 0x0000020260778bf0,
0x0000020260779280, 0x0000020260777840, 0x0000020260779910, 0x0000020260776490,
0x0000020260779fa0, 0x0000020260777ed0, 0x0000020260778560, 0x000002026003edb0,
0x0000020260040e80, 0x000002026003e090, 0x000002026003fad0, 0x000002026003e720,
0x000002026003f440, 0x00000202600407f0, 0x0000020260040160, 0x000002026003da00,
0x0000020260043c70, 0x00000202600428c0, 0x0000020260044300, 0x0000020260044990,
0x00000202612ffd30, 0x00000202612fc8b0, 0x00000202613003c0, 0x0000020261300a50,
0x00000202612fdc60, 0x00000202612fe980, 0x0000020261302b20, 0x0000020261301770,
0x00000202613031b0, 0x0000020261302490, 0x0000020261303ed0, 0x00000202613010e0,
0x0000020261303840, 0x0000020261301e00, 0x0000020260041510, 0x00000202600435e0,
0x0000020261d0fef0, 0x0000020261d0eb40, 0x0000020261d0f860, 0x0000020261d10c10,
0x0000020261d10580, 0x0000020261d112a0, 0x0000020261d0f1d0, 0x0000020261d11930,
0x0000020261d0e4b0, 0x0000020261d13a00, 0x0000020261d11fc0, 0x0000020261d14720,
0x0000020261d12650, 0x0000020261d14090, 0x0000020261d14db0, 0x0000020261d12ce0,
0x0000020261d15ad0, 0x0000020261d13370, 0x0000020261d15440, 0x0000020261b36e20,
0x0000020261b381d0, 0x0000020261b39580, 0x0000020261b374b0, 0x0000020261b37b40,
0x0000020261b36790, 0x0000020261b3b650, 0x0000020261b38860, 0x0000020261b39c10,
0x0000020261b3a2a0, 0x0000020261b3bce0, 0x0000020261b3d090, 0x000002025b0c2130
}

Java Threads: ( => current thread )
  0x000002023aa81f30 JavaThread "main"                              [_thread_blocked, id=13052, stack(0x0000005114600000,0x0000005114700000) (1024K)]
  0x0000020255644800 JavaThread "Common-Cleaner"             daemon [_thread_blocked, id=10424, stack(0x0000005114e00000,0x0000005114f00000) (1024K)]
  0x0000020255664f40 JavaThread "Reference Handler"          daemon [_thread_blocked, id=21952, stack(0x0000005114f00000,0x0000005115000000) (1024K)]
  0x00000202556655b0 JavaThread "Finalizer"                  daemon [_thread_blocked, id=1516, stack(0x0000005115000000,0x0000005115100000) (1024K)]
  0x0000020255687660 JavaThread "Signal Dispatcher"          daemon [_thread_blocked, id=17796, stack(0x0000005115100000,0x0000005115200000) (1024K)]
  0x000002025568bce0 JavaThread "Attach Listener"            daemon [_thread_blocked, id=11512, stack(0x0000005115200000,0x0000005115300000) (1024K)]
  0x000002025568c350 JavaThread "Service Thread"             daemon [_thread_blocked, id=22992, stack(0x0000005115300000,0x0000005115400000) (1024K)]
  0x0000020255651fb0 JavaThread "Monitor Deflation Thread"   daemon [_thread_blocked, id=23640, stack(0x0000005115400000,0x0000005115500000) (1024K)]
=>0x0000020255652620 JavaThread "C2 CompilerThread0"         daemon [_thread_in_native, id=23736, stack(0x0000005115500000,0x0000005115600000) (1024K)]
  0x00000202556914c0 JavaThread "C1 CompilerThread0"         daemon [_thread_blocked, id=10140, stack(0x0000005115600000,0x0000005115700000) (1024K)]
  0x000002025573ad20 JavaThread "C1 CompilerThread1"         daemon [_thread_blocked, id=14996, stack(0x0000005115700000,0x0000005115800000) (1024K)]
  0x000002025573a650 JavaThread "C1 CompilerThread2"         daemon [_thread_blocked, id=11924, stack(0x0000005115800000,0x0000005115900000) (1024K)]
  0x0000020255738b10 JavaThread "C1 CompilerThread3"         daemon [_thread_blocked, id=22396, stack(0x0000005115900000,0x0000005115a00000) (1024K)]
  0x000002025a045870 JavaThread "Notification Thread"        daemon [_thread_blocked, id=10708, stack(0x0000005115a00000,0x0000005115b00000) (1024K)]
  0x00000202557376a0 JavaThread "C2 CompilerThread1"         daemon [_thread_in_native, id=12236, stack(0x0000005115b00000,0x0000005115c00000) (1024K)]
  0x0000020255738440 JavaThread "C2 CompilerThread2"         daemon [_thread_blocked, id=12832, stack(0x0000005115c00000,0x0000005115d00000) (1024K)]
  0x00000202557398b0 JavaThread "C2 CompilerThread3"         daemon [_thread_blocked, id=21432, stack(0x0000005115d00000,0x0000005115e00000) (1024K)]
  0x000002025b7ce4a0 JavaThread "Daemon health stats"               [_thread_blocked, id=6236, stack(0x0000005116300000,0x0000005116400000) (1024K)]
  0x000002025c65fab0 JavaThread "Incoming local TCP Connector on port 65152"        [_thread_in_native, id=14224, stack(0x0000005116400000,0x0000005116500000) (1024K)]
  0x000002025c06d6b0 JavaThread "Daemon periodic checks"            [_thread_blocked, id=2888, stack(0x0000005116500000,0x0000005116600000) (1024K)]
  0x000002025c259bc0 JavaThread "Daemon"                            [_thread_blocked, id=17416, stack(0x0000005116600000,0x0000005116700000) (1024K)]
  0x000002025bef5e30 JavaThread "Handler for socket connection from /127.0.0.1:65152 to /127.0.0.1:65153"        [_thread_in_native, id=21428, stack(0x0000005116700000,0x0000005116800000) (1024K)]
  0x000002025c5d4360 JavaThread "Cancel handler"                    [_thread_blocked, id=17672, stack(0x0000005116800000,0x0000005116900000) (1024K)]
  0x000002025c70c1a0 JavaThread "Daemon worker"                     [_thread_in_Java, id=5732, stack(0x0000005116900000,0x0000005116a00000) (1024K)]
  0x000002025b1567c0 JavaThread "Asynchronous log dispatcher for DefaultDaemonConnection: socket connection from /127.0.0.1:65152 to /127.0.0.1:65153"        [_thread_blocked, id=19880, stack(0x0000005116a00000,0x0000005116b00000) (1024K)]
  0x000002025b158200 JavaThread "Stdin handler"                     [_thread_blocked, id=8860, stack(0x0000005116b00000,0x0000005116c00000) (1024K)]
  0x000002025b156e50 JavaThread "Daemon client event forwarder"        [_thread_blocked, id=2716, stack(0x0000005116c00000,0x0000005116d00000) (1024K)]
  0x000002025b1574e0 JavaThread "Cache worker for journal cache (C:\Users\ADMIN\.gradle\caches\journal-1)"        [_thread_blocked, id=17756, stack(0x0000005117600000,0x0000005117700000) (1024K)]
  0x000002025b157b70 JavaThread "File lock request listener"        [_thread_in_native, id=1152, stack(0x0000005117700000,0x0000005117800000) (1024K)]
  0x000002025b155aa0 JavaThread "Cache worker for file hash cache (C:\Users\ADMIN\.gradle\caches\8.13\fileHashes)"        [_thread_blocked, id=17564, stack(0x0000005117800000,0x0000005117900000) (1024K)]
  0x000002025b156130 JavaThread "Cache worker for file hash cache (D:\AndroidStudioProjects\DACN_1\FinFit\.gradle\8.13\fileHashes)"        [_thread_blocked, id=7524, stack(0x0000005117900000,0x0000005117a00000) (1024K)]
  0x000002025c56d1f0 JavaThread "Cache worker for Build Output Cleanup Cache (D:\AndroidStudioProjects\DACN_1\FinFit\.gradle\buildOutputCleanup)"        [_thread_blocked, id=17176, stack(0x0000005117a00000,0x0000005117b00000) (1024K)]
  0x000002025c56c4d0 JavaThread "File watcher server"        daemon [_thread_in_native, id=14884, stack(0x0000005117b00000,0x0000005117c00000) (1024K)]
  0x000002025c56ffe0 JavaThread "File watcher consumer"      daemon [_thread_blocked, id=9608, stack(0x0000005117c00000,0x0000005117d00000) (1024K)]
  0x000002025c56f2c0 JavaThread "jar transforms"                    [_thread_blocked, id=19896, stack(0x0000005117d00000,0x0000005117e00000) (1024K)]
  0x000002025c56df10 JavaThread "jar transforms Thread 2"           [_thread_blocked, id=17092, stack(0x0000005117e00000,0x0000005117f00000) (1024K)]
  0x000002025c56ec30 JavaThread "Cache worker for checksums cache (D:\AndroidStudioProjects\DACN_1\FinFit\.gradle\8.13\checksums)"        [_thread_blocked, id=10456, stack(0x0000005118000000,0x0000005118100000) (1024K)]
  0x000002025c56e5a0 JavaThread "Cache worker for file content cache (C:\Users\ADMIN\.gradle\caches\8.13\fileContent)"        [_thread_blocked, id=4968, stack(0x0000005118100000,0x0000005118200000) (1024K)]
  0x000002025c56d880 JavaThread "jar transforms Thread 3"           [_thread_blocked, id=13776, stack(0x0000005118200000,0x0000005118300000) (1024K)]
  0x000002025c572dd0 JavaThread "Cache worker for cache directory md-supplier (C:\Users\ADMIN\.gradle\caches\8.13\md-supplier)"        [_thread_blocked, id=19208, stack(0x0000005118300000,0x0000005118400000) (1024K)]
  0x000002025c573460 JavaThread "Cache worker for cache directory md-rule (C:\Users\ADMIN\.gradle\caches\8.13\md-rule)"        [_thread_blocked, id=9900, stack(0x0000005118400000,0x0000005118500000) (1024K)]
  0x000002025c570d00 JavaThread "Unconstrained build operations"        [_thread_blocked, id=7216, stack(0x0000005118500000,0x0000005118600000) (1024K)]
  0x000002025c573af0 JavaThread "Unconstrained build operations Thread 2"        [_thread_blocked, id=17124, stack(0x0000005118600000,0x0000005118700000) (1024K)]
  0x000002025c571390 JavaThread "Unconstrained build operations Thread 3"        [_thread_blocked, id=11428, stack(0x0000005118700000,0x0000005118800000) (1024K)]
  0x000002025c571a20 JavaThread "Unconstrained build operations Thread 4"        [_thread_blocked, id=14116, stack(0x0000005118800000,0x0000005118900000) (1024K)]
  0x0000020260773d30 JavaThread "Unconstrained build operations Thread 5"        [_thread_blocked, id=1392, stack(0x0000005118900000,0x0000005118a00000) (1024K)]
  0x00000202607743c0 JavaThread "Unconstrained build operations Thread 6"        [_thread_blocked, id=3800, stack(0x0000005118a00000,0x0000005118b00000) (1024K)]
  0x0000020260774a50 JavaThread "Unconstrained build operations Thread 7"        [_thread_blocked, id=16884, stack(0x0000005118b00000,0x0000005118c00000) (1024K)]
  0x0000020260775e00 JavaThread "Unconstrained build operations Thread 8"        [_thread_blocked, id=22492, stack(0x0000005118c00000,0x0000005118d00000) (1024K)]
  0x0000020260773010 JavaThread "Unconstrained build operations Thread 9"        [_thread_blocked, id=4632, stack(0x0000005118d00000,0x0000005118e00000) (1024K)]
  0x00000202607750e0 JavaThread "Unconstrained build operations Thread 10"        [_thread_blocked, id=23248, stack(0x0000005118e00000,0x0000005118f00000) (1024K)]
  0x00000202607736a0 JavaThread "Unconstrained build operations Thread 11"        [_thread_blocked, id=16984, stack(0x0000005118f00000,0x0000005119000000) (1024K)]
  0x0000020260775770 JavaThread "Unconstrained build operations Thread 12"        [_thread_blocked, id=12304, stack(0x0000005119000000,0x0000005119100000) (1024K)]
  0x0000020260772980 JavaThread "Unconstrained build operations Thread 13"        [_thread_blocked, id=4780, stack(0x0000005119100000,0x0000005119200000) (1024K)]
  0x00000202607771b0 JavaThread "Unconstrained build operations Thread 14"        [_thread_blocked, id=14680, stack(0x0000005119200000,0x0000005119300000) (1024K)]
  0x0000020260778bf0 JavaThread "Unconstrained build operations Thread 15"        [_thread_blocked, id=21944, stack(0x0000005119300000,0x0000005119400000) (1024K)]
  0x0000020260779280 JavaThread "Unconstrained build operations Thread 16"        [_thread_blocked, id=8916, stack(0x0000005119400000,0x0000005119500000) (1024K)]
  0x0000020260777840 JavaThread "Unconstrained build operations Thread 17"        [_thread_blocked, id=19132, stack(0x0000005119500000,0x0000005119600000) (1024K)]
  0x0000020260779910 JavaThread "Unconstrained build operations Thread 18"        [_thread_blocked, id=17680, stack(0x0000005119600000,0x0000005119700000) (1024K)]
  0x0000020260776490 JavaThread "Unconstrained build operations Thread 19"        [_thread_blocked, id=4016, stack(0x0000005119700000,0x0000005119800000) (1024K)]
  0x0000020260779fa0 JavaThread "Unconstrained build operations Thread 20"        [_thread_blocked, id=17348, stack(0x0000005119800000,0x0000005119900000) (1024K)]
  0x0000020260777ed0 JavaThread "jar transforms Thread 4"           [_thread_blocked, id=14004, stack(0x0000005119900000,0x0000005119a00000) (1024K)]
  0x0000020260778560 JavaThread "jar transforms Thread 5"           [_thread_blocked, id=23276, stack(0x0000005119a00000,0x0000005119b00000) (1024K)]
  0x000002026003edb0 JavaThread "Unconstrained build operations Thread 21"        [_thread_blocked, id=11280, stack(0x0000005119b00000,0x0000005119c00000) (1024K)]
  0x0000020260040e80 JavaThread "Unconstrained build operations Thread 22"        [_thread_blocked, id=9664, stack(0x0000005119c00000,0x0000005119d00000) (1024K)]
  0x000002026003e090 JavaThread "Unconstrained build operations Thread 23"        [_thread_blocked, id=10272, stack(0x0000005119d00000,0x0000005119e00000) (1024K)]
  0x000002026003fad0 JavaThread "Unconstrained build operations Thread 24"        [_thread_blocked, id=12228, stack(0x0000005119e00000,0x0000005119f00000) (1024K)]
  0x000002026003e720 JavaThread "Unconstrained build operations Thread 25"        [_thread_blocked, id=9044, stack(0x0000005119f00000,0x000000511a000000) (1024K)]
  0x000002026003f440 JavaThread "Unconstrained build operations Thread 26"        [_thread_blocked, id=20368, stack(0x000000511a000000,0x000000511a100000) (1024K)]
  0x00000202600407f0 JavaThread "Unconstrained build operations Thread 27"        [_thread_blocked, id=13264, stack(0x000000511a100000,0x000000511a200000) (1024K)]
  0x0000020260040160 JavaThread "Unconstrained build operations Thread 28"        [_thread_blocked, id=8636, stack(0x000000511a200000,0x000000511a300000) (1024K)]
  0x000002026003da00 JavaThread "Unconstrained build operations Thread 29"        [_thread_blocked, id=9720, stack(0x000000511a300000,0x000000511a400000) (1024K)]
  0x0000020260043c70 JavaThread "Unconstrained build operations Thread 30"        [_thread_blocked, id=4272, stack(0x000000511a400000,0x000000511a500000) (1024K)]
  0x00000202600428c0 JavaThread "jar transforms Thread 6"           [_thread_blocked, id=24284, stack(0x000000511a500000,0x000000511a600000) (1024K)]
  0x0000020260044300 JavaThread "jar transforms Thread 7"           [_thread_blocked, id=13832, stack(0x000000511a600000,0x000000511a700000) (1024K)]
  0x0000020260044990 JavaThread "jar transforms Thread 8"           [_thread_blocked, id=17412, stack(0x000000511a700000,0x000000511a800000) (1024K)]
  0x00000202612ffd30 JavaThread "Unconstrained build operations Thread 31"        [_thread_blocked, id=22796, stack(0x000000511a800000,0x000000511a900000) (1024K)]
  0x00000202612fc8b0 JavaThread "Unconstrained build operations Thread 32"        [_thread_blocked, id=20288, stack(0x000000511a900000,0x000000511aa00000) (1024K)]
  0x00000202613003c0 JavaThread "Unconstrained build operations Thread 33"        [_thread_blocked, id=19904, stack(0x000000511aa00000,0x000000511ab00000) (1024K)]
  0x0000020261300a50 JavaThread "Unconstrained build operations Thread 34"        [_thread_blocked, id=19248, stack(0x000000511ab00000,0x000000511ac00000) (1024K)]
  0x00000202612fdc60 JavaThread "Unconstrained build operations Thread 35"        [_thread_blocked, id=13984, stack(0x000000511ac00000,0x000000511ad00000) (1024K)]
  0x00000202612fe980 JavaThread "Unconstrained build operations Thread 36"        [_thread_blocked, id=15756, stack(0x000000511ad00000,0x000000511ae00000) (1024K)]
  0x0000020261302b20 JavaThread "Unconstrained build operations Thread 37"        [_thread_blocked, id=10736, stack(0x000000511ae00000,0x000000511af00000) (1024K)]
  0x0000020261301770 JavaThread "Unconstrained build operations Thread 38"        [_thread_blocked, id=23608, stack(0x000000511af00000,0x000000511b000000) (1024K)]
  0x00000202613031b0 JavaThread "Unconstrained build operations Thread 39"        [_thread_blocked, id=13208, stack(0x000000511b000000,0x000000511b100000) (1024K)]
  0x0000020261302490 JavaThread "Unconstrained build operations Thread 40"        [_thread_blocked, id=14992, stack(0x000000511b100000,0x000000511b200000) (1024K)]
  0x0000020261303ed0 JavaThread "Unconstrained build operations Thread 41"        [_thread_blocked, id=22016, stack(0x000000511b200000,0x000000511b300000) (1024K)]
  0x00000202613010e0 JavaThread "Unconstrained build operations Thread 42"        [_thread_blocked, id=21616, stack(0x000000511b300000,0x000000511b400000) (1024K)]
  0x0000020261303840 JavaThread "Unconstrained build operations Thread 43"        [_thread_blocked, id=13780, stack(0x000000511b400000,0x000000511b500000) (1024K)]
  0x0000020261301e00 JavaThread "Unconstrained build operations Thread 44"        [_thread_blocked, id=22368, stack(0x000000511b500000,0x000000511b600000) (1024K)]
  0x0000020260041510 JavaThread "Unconstrained build operations Thread 45"        [_thread_blocked, id=13380, stack(0x000000511b600000,0x000000511b700000) (1024K)]
  0x00000202600435e0 JavaThread "Unconstrained build operations Thread 46"        [_thread_blocked, id=22212, stack(0x000000511b700000,0x000000511b800000) (1024K)]
  0x0000020261d0fef0 JavaThread "Unconstrained build operations Thread 47"        [_thread_blocked, id=11516, stack(0x000000511b800000,0x000000511b900000) (1024K)]
  0x0000020261d0eb40 JavaThread "Unconstrained build operations Thread 48"        [_thread_blocked, id=21708, stack(0x000000511b900000,0x000000511ba00000) (1024K)]
  0x0000020261d0f860 JavaThread "Unconstrained build operations Thread 49"        [_thread_blocked, id=18684, stack(0x000000511ba00000,0x000000511bb00000) (1024K)]
  0x0000020261d10c10 JavaThread "Unconstrained build operations Thread 50"        [_thread_blocked, id=24336, stack(0x000000511bb00000,0x000000511bc00000) (1024K)]
  0x0000020261d10580 JavaThread "Unconstrained build operations Thread 51"        [_thread_blocked, id=14984, stack(0x000000511bc00000,0x000000511bd00000) (1024K)]
  0x0000020261d112a0 JavaThread "Unconstrained build operations Thread 52"        [_thread_blocked, id=24052, stack(0x000000511bd00000,0x000000511be00000) (1024K)]
  0x0000020261d0f1d0 JavaThread "Unconstrained build operations Thread 53"        [_thread_blocked, id=17284, stack(0x000000511be00000,0x000000511bf00000) (1024K)]
  0x0000020261d11930 JavaThread "Unconstrained build operations Thread 54"        [_thread_blocked, id=14024, stack(0x000000511bf00000,0x000000511c000000) (1024K)]
  0x0000020261d0e4b0 JavaThread "Unconstrained build operations Thread 55"        [_thread_blocked, id=23244, stack(0x000000511c000000,0x000000511c100000) (1024K)]
  0x0000020261d13a00 JavaThread "Unconstrained build operations Thread 56"        [_thread_blocked, id=14868, stack(0x000000511c100000,0x000000511c200000) (1024K)]
  0x0000020261d11fc0 JavaThread "Unconstrained build operations Thread 57"        [_thread_blocked, id=19460, stack(0x000000511c200000,0x000000511c300000) (1024K)]
  0x0000020261d14720 JavaThread "Unconstrained build operations Thread 58"        [_thread_blocked, id=12384, stack(0x000000511c300000,0x000000511c400000) (1024K)]
  0x0000020261d12650 JavaThread "Unconstrained build operations Thread 59"        [_thread_blocked, id=15900, stack(0x000000511c400000,0x000000511c500000) (1024K)]
  0x0000020261d14090 JavaThread "Unconstrained build operations Thread 60"        [_thread_blocked, id=8580, stack(0x000000511c500000,0x000000511c600000) (1024K)]
  0x0000020261d14db0 JavaThread "Unconstrained build operations Thread 61"        [_thread_blocked, id=12100, stack(0x000000511c600000,0x000000511c700000) (1024K)]
  0x0000020261d12ce0 JavaThread "Unconstrained build operations Thread 62"        [_thread_blocked, id=20196, stack(0x000000511c700000,0x000000511c800000) (1024K)]
  0x0000020261d15ad0 JavaThread "Unconstrained build operations Thread 63"        [_thread_blocked, id=22700, stack(0x000000511c800000,0x000000511c900000) (1024K)]
  0x0000020261d13370 JavaThread "Unconstrained build operations Thread 64"        [_thread_blocked, id=20820, stack(0x000000511c900000,0x000000511ca00000) (1024K)]
  0x0000020261d15440 JavaThread "Unconstrained build operations Thread 65"        [_thread_blocked, id=22600, stack(0x000000511ca00000,0x000000511cb00000) (1024K)]
  0x0000020261b36e20 JavaThread "Unconstrained build operations Thread 66"        [_thread_blocked, id=4748, stack(0x000000511cb00000,0x000000511cc00000) (1024K)]
  0x0000020261b381d0 JavaThread "Unconstrained build operations Thread 67"        [_thread_blocked, id=14668, stack(0x000000511cc00000,0x000000511cd00000) (1024K)]
  0x0000020261b39580 JavaThread "Unconstrained build operations Thread 68"        [_thread_blocked, id=11744, stack(0x000000511cd00000,0x000000511ce00000) (1024K)]
  0x0000020261b374b0 JavaThread "Unconstrained build operations Thread 69"        [_thread_blocked, id=15232, stack(0x000000511ce00000,0x000000511cf00000) (1024K)]
  0x0000020261b37b40 JavaThread "Unconstrained build operations Thread 70"        [_thread_blocked, id=5760, stack(0x000000511cf00000,0x000000511d000000) (1024K)]
  0x0000020261b36790 JavaThread "Unconstrained build operations Thread 71"        [_thread_blocked, id=22676, stack(0x000000511d000000,0x000000511d100000) (1024K)]
  0x0000020261b3b650 JavaThread "Unconstrained build operations Thread 72"        [_thread_blocked, id=17496, stack(0x000000511d100000,0x000000511d200000) (1024K)]
  0x0000020261b38860 JavaThread "Unconstrained build operations Thread 73"        [_thread_blocked, id=17528, stack(0x000000511d200000,0x000000511d300000) (1024K)]
  0x0000020261b39c10 JavaThread "Unconstrained build operations Thread 74"        [_thread_blocked, id=13484, stack(0x000000511d300000,0x000000511d400000) (1024K)]
  0x0000020261b3a2a0 JavaThread "Unconstrained build operations Thread 75"        [_thread_blocked, id=21524, stack(0x000000511d400000,0x000000511d500000) (1024K)]
  0x0000020261b3bce0 JavaThread "jar transforms Thread 9"           [_thread_blocked, id=8008, stack(0x000000511d500000,0x000000511d600000) (1024K)]
  0x0000020261b3d090 JavaThread "build event listener"              [_thread_blocked, id=23724, stack(0x0000005117f00000,0x0000005118000000) (1024K)]
  0x000002025b0c2130 JavaThread "Memory manager"                    [_thread_blocked, id=12424, stack(0x000000511d600000,0x000000511d700000) (1024K)]
Total: 124

Other Threads:
  0x00000202555a7e60 VMThread "VM Thread"                           [id=11404, stack(0x0000005114d00000,0x0000005114e00000) (1024K)]
  0x00000202553e7460 WatcherThread "VM Periodic Task Thread"        [id=21312, stack(0x0000005114c00000,0x0000005114d00000) (1024K)]
  0x000002023aaebf90 WorkerThread "GC Thread#0"                     [id=19396, stack(0x0000005114700000,0x0000005114800000) (1024K)]
  0x000002025a57d520 WorkerThread "GC Thread#1"                     [id=17864, stack(0x0000005115e00000,0x0000005115f00000) (1024K)]
  0x000002025a57edc0 WorkerThread "GC Thread#2"                     [id=19488, stack(0x0000005115f00000,0x0000005116000000) (1024K)]
  0x000002025a5f8a00 WorkerThread "GC Thread#3"                     [id=8080, stack(0x0000005116000000,0x0000005116100000) (1024K)]
  0x000002025a5f8da0 WorkerThread "GC Thread#4"                     [id=17876, stack(0x0000005116100000,0x0000005116200000) (1024K)]
  0x000002025a5f9140 WorkerThread "GC Thread#5"                     [id=12528, stack(0x0000005116200000,0x0000005116300000) (1024K)]
  0x000002025b54dbc0 WorkerThread "GC Thread#6"                     [id=13516, stack(0x0000005116d00000,0x0000005116e00000) (1024K)]
  0x000002025b54df60 WorkerThread "GC Thread#7"                     [id=9800, stack(0x0000005116e00000,0x0000005116f00000) (1024K)]
  0x000002025b54e300 WorkerThread "GC Thread#8"                     [id=18332, stack(0x0000005116f00000,0x0000005117000000) (1024K)]
  0x000002025b54e6a0 WorkerThread "GC Thread#9"                     [id=3852, stack(0x0000005117000000,0x0000005117100000) (1024K)]
  0x000002025c73dcd0 WorkerThread "GC Thread#10"                    [id=14252, stack(0x0000005117100000,0x0000005117200000) (1024K)]
  0x000002025c73c710 WorkerThread "GC Thread#11"                    [id=15648, stack(0x0000005117200000,0x0000005117300000) (1024K)]
  0x000002025c73ce50 WorkerThread "GC Thread#12"                    [id=23204, stack(0x0000005117300000,0x0000005117400000) (1024K)]
  0x000002023872e140 ConcurrentGCThread "G1 Main Marker"            [id=14504, stack(0x0000005114800000,0x0000005114900000) (1024K)]
  0x000002023872eb60 WorkerThread "G1 Conc#0"                       [id=17336, stack(0x0000005114900000,0x0000005114a00000) (1024K)]
  0x000002025c73f630 WorkerThread "G1 Conc#1"                       [id=21656, stack(0x0000005117400000,0x0000005117500000) (1024K)]
  0x000002025c73d930 WorkerThread "G1 Conc#2"                       [id=3140, stack(0x0000005117500000,0x0000005117600000) (1024K)]
  0x00000202552b1740 ConcurrentGCThread "G1 Refine#0"               [id=3388, stack(0x0000005114a00000,0x0000005114b00000) (1024K)]
  0x00000202552b1c70 ConcurrentGCThread "G1 Service"                [id=1940, stack(0x0000005114b00000,0x0000005114c00000) (1024K)]
Total: 21

Threads with active compile tasks:
C2 CompilerThread0  6111 10741  s    4       java.util.jar.JarFile::getInputStream (88 bytes)
C2 CompilerThread1  6111 10739       4       java.lang.ClassLoader::defineClass (43 bytes)
C2 CompilerThread3  6111 10748       4       org.gradle.internal.io.StreamByteBuffer$StreamByteBufferInputStream::readImpl (150 bytes)
Total: 3

VM state: not at safepoint (normal execution)

VM Mutex/Monitor currently owned by a thread: None

Heap address: 0x0000000700000000, size: 4096 MB, Compressed Oops mode: Zero based, Oop shift amount: 3

CDS archive(s) not mapped
Compressed class space mapped at: 0x0000000800000000-0x0000000834000000, reserved size: 872415232
Narrow klass base: 0x0000000800000000, Narrow klass shift: 0, Narrow klass range: 0x34000000

GC Precious Log:
 CardTable entry size: 512
 Card Set container configuration: InlinePtr #cards 4 size 8 Array Of Cards #cards 16 size 48 Howl #buckets 8 coarsen threshold 3686 Howl Bitmap #cards 512 size 80 coarsen threshold 460 Card regions per heap region 1 cards per card region 4096
 CPUs: 16 total, 16 available
 Memory: 16008M
 Large Page Support: Disabled
 NUMA Support: Disabled
 Compressed Oops: Enabled (Zero based)
 Heap Region Size: 2M
 Heap Min Capacity: 8M
 Heap Initial Capacity: 252M
 Heap Max Capacity: 4G
 Pre-touch: Disabled
 Parallel Workers: 13
 Concurrent Workers: 3
 Concurrent Refinement Workers: 13
 Periodic GC: Disabled

Heap:
 garbage-first heap   total 184320K, used 137375K [0x0000000700000000, 0x0000000800000000)
  region size 2048K, 28 young (57344K), 1 survivors (2048K)
 Metaspace       used 86127K, committed 88064K, reserved 983040K
  class space    used 11869K, committed 12800K, reserved 851968K

Heap Regions: E=young(eden), S=young(survivor), O=old, HS=humongous(starts), HC=humongous(continues), CS=collection set, F=free, TAMS=top-at-mark-start, PB=parsable bottom
|   0|0x0000000700000000, 0x0000000700200000, 0x0000000700200000|100%|HS|  |TAMS 0x0000000700000000| PB 0x0000000700000000| Complete 
|   1|0x0000000700200000, 0x0000000700400000, 0x0000000700400000|100%|HC|  |TAMS 0x0000000700200000| PB 0x0000000700200000| Complete 
|   2|0x0000000700400000, 0x0000000700600000, 0x0000000700600000|100%| O|  |TAMS 0x0000000700400000| PB 0x0000000700400000| Untracked 
|   3|0x0000000700600000, 0x0000000700800000, 0x0000000700800000|100%| O|  |TAMS 0x0000000700600000| PB 0x0000000700600000| Untracked 
|   4|0x0000000700800000, 0x0000000700a00000, 0x0000000700a00000|100%| O|  |TAMS 0x0000000700800000| PB 0x0000000700800000| Untracked 
|   5|0x0000000700a00000, 0x0000000700c00000, 0x0000000700c00000|100%| O|  |TAMS 0x0000000700a00000| PB 0x0000000700a00000| Untracked 
|   6|0x0000000700c00000, 0x0000000700e00000, 0x0000000700e00000|100%| O|  |TAMS 0x0000000700c00000| PB 0x0000000700c00000| Untracked 
|   7|0x0000000700e00000, 0x0000000701000000, 0x0000000701000000|100%| O|  |TAMS 0x0000000700e00000| PB 0x0000000700e00000| Untracked 
|   8|0x0000000701000000, 0x0000000701200000, 0x0000000701200000|100%| O|  |TAMS 0x0000000701000000| PB 0x0000000701000000| Untracked 
|   9|0x0000000701200000, 0x0000000701400000, 0x0000000701400000|100%|HS|  |TAMS 0x0000000701200000| PB 0x0000000701200000| Complete 
|  10|0x0000000701400000, 0x0000000701600000, 0x0000000701600000|100%| O|  |TAMS 0x0000000701400000| PB 0x0000000701400000| Untracked 
|  11|0x0000000701600000, 0x0000000701800000, 0x0000000701800000|100%| O|  |TAMS 0x0000000701600000| PB 0x0000000701600000| Untracked 
|  12|0x0000000701800000, 0x0000000701a00000, 0x0000000701a00000|100%| O|  |TAMS 0x0000000701800000| PB 0x0000000701800000| Untracked 
|  13|0x0000000701a00000, 0x0000000701c00000, 0x0000000701c00000|100%| O|  |TAMS 0x0000000701a00000| PB 0x0000000701a00000| Untracked 
|  14|0x0000000701c00000, 0x0000000701e00000, 0x0000000701e00000|100%| O|  |TAMS 0x0000000701c00000| PB 0x0000000701c00000| Untracked 
|  15|0x0000000701e00000, 0x0000000702000000, 0x0000000702000000|100%| O|Cm|TAMS 0x0000000701e00000| PB 0x0000000701e00000| Complete 
|  16|0x0000000702000000, 0x0000000702200000, 0x0000000702200000|100%| O|  |TAMS 0x0000000702000000| PB 0x0000000702000000| Untracked 
|  17|0x0000000702200000, 0x0000000702400000, 0x0000000702400000|100%| O|  |TAMS 0x0000000702200000| PB 0x0000000702200000| Untracked 
|  18|0x0000000702400000, 0x0000000702600000, 0x0000000702600000|100%| O|  |TAMS 0x0000000702400000| PB 0x0000000702400000| Untracked 
|  19|0x0000000702600000, 0x0000000702800000, 0x0000000702800000|100%| O|  |TAMS 0x0000000702600000| PB 0x0000000702600000| Untracked 
|  20|0x0000000702800000, 0x0000000702a00000, 0x0000000702a00000|100%| O|  |TAMS 0x0000000702800000| PB 0x0000000702800000| Untracked 
|  21|0x0000000702a00000, 0x0000000702c00000, 0x0000000702c00000|100%| O|  |TAMS 0x0000000702a00000| PB 0x0000000702a00000| Untracked 
|  22|0x0000000702c00000, 0x0000000702e00000, 0x0000000702e00000|100%|HS|  |TAMS 0x0000000702c00000| PB 0x0000000702c00000| Complete 
|  23|0x0000000702e00000, 0x0000000703000000, 0x0000000703000000|100%|HS|  |TAMS 0x0000000702e00000| PB 0x0000000702e00000| Complete 
|  24|0x0000000703000000, 0x0000000703200000, 0x0000000703200000|100%| O|  |TAMS 0x0000000703000000| PB 0x0000000703000000| Untracked 
|  25|0x0000000703200000, 0x0000000703400000, 0x0000000703400000|100%| O|  |TAMS 0x0000000703200000| PB 0x0000000703200000| Untracked 
|  26|0x0000000703400000, 0x0000000703600000, 0x0000000703600000|100%| O|  |TAMS 0x0000000703400000| PB 0x0000000703400000| Untracked 
|  27|0x0000000703600000, 0x0000000703800000, 0x0000000703800000|100%| O|  |TAMS 0x0000000703600000| PB 0x0000000703600000| Untracked 
|  28|0x0000000703800000, 0x0000000703a00000, 0x0000000703a00000|100%| O|  |TAMS 0x0000000703800000| PB 0x0000000703800000| Untracked 
|  29|0x0000000703a00000, 0x0000000703c00000, 0x0000000703c00000|100%| O|  |TAMS 0x0000000703a00000| PB 0x0000000703a00000| Untracked 
|  30|0x0000000703c00000, 0x0000000703e00000, 0x0000000703e00000|100%| O|  |TAMS 0x0000000703c00000| PB 0x0000000703c00000| Untracked 
|  31|0x0000000703e00000, 0x0000000704000000, 0x0000000704000000|100%|HS|  |TAMS 0x0000000703e00000| PB 0x0000000703e00000| Complete 
|  32|0x0000000704000000, 0x0000000704200000, 0x0000000704200000|100%|HC|  |TAMS 0x0000000704000000| PB 0x0000000704000000| Complete 
|  33|0x0000000704200000, 0x0000000704400000, 0x0000000704400000|100%| O|  |TAMS 0x0000000704200000| PB 0x0000000704200000| Untracked 
|  34|0x0000000704400000, 0x0000000704400000, 0x0000000704600000|  0%| F|  |TAMS 0x0000000704400000| PB 0x0000000704400000| Untracked 
|  35|0x0000000704600000, 0x0000000704600000, 0x0000000704800000|  0%| F|  |TAMS 0x0000000704600000| PB 0x0000000704600000| Untracked 
|  36|0x0000000704800000, 0x0000000704876340, 0x0000000704a00000| 23%| O|  |TAMS 0x0000000704800000| PB 0x0000000704800000| Untracked 
|  37|0x0000000704a00000, 0x0000000704a00000, 0x0000000704c00000|  0%| F|  |TAMS 0x0000000704a00000| PB 0x0000000704a00000| Untracked 
|  38|0x0000000704c00000, 0x0000000704c00000, 0x0000000704e00000|  0%| F|  |TAMS 0x0000000704c00000| PB 0x0000000704c00000| Untracked 
|  39|0x0000000704e00000, 0x0000000704e00000, 0x0000000705000000|  0%| F|  |TAMS 0x0000000704e00000| PB 0x0000000704e00000| Untracked 
|  40|0x0000000705000000, 0x00000007051b1940, 0x0000000705200000| 84%| S|CS|TAMS 0x0000000705000000| PB 0x0000000705000000| Complete 
|  41|0x0000000705200000, 0x0000000705200000, 0x0000000705400000|  0%| F|  |TAMS 0x0000000705200000| PB 0x0000000705200000| Untracked 
|  42|0x0000000705400000, 0x0000000705400000, 0x0000000705600000|  0%| F|  |TAMS 0x0000000705400000| PB 0x0000000705400000| Untracked 
|  43|0x0000000705600000, 0x0000000705600000, 0x0000000705800000|  0%| F|  |TAMS 0x0000000705600000| PB 0x0000000705600000| Untracked 
|  44|0x0000000705800000, 0x0000000705800000, 0x0000000705a00000|  0%| F|  |TAMS 0x0000000705800000| PB 0x0000000705800000| Untracked 
|  45|0x0000000705a00000, 0x0000000705a00000, 0x0000000705c00000|  0%| F|  |TAMS 0x0000000705a00000| PB 0x0000000705a00000| Untracked 
|  46|0x0000000705c00000, 0x0000000705c00000, 0x0000000705e00000|  0%| F|  |TAMS 0x0000000705c00000| PB 0x0000000705c00000| Untracked 
|  47|0x0000000705e00000, 0x0000000705e00000, 0x0000000706000000|  0%| F|  |TAMS 0x0000000705e00000| PB 0x0000000705e00000| Untracked 
|  48|0x0000000706000000, 0x0000000706000000, 0x0000000706200000|  0%| F|  |TAMS 0x0000000706000000| PB 0x0000000706000000| Untracked 
|  49|0x0000000706200000, 0x0000000706200000, 0x0000000706400000|  0%| F|  |TAMS 0x0000000706200000| PB 0x0000000706200000| Untracked 
|  50|0x0000000706400000, 0x0000000706400000, 0x0000000706600000|  0%| F|  |TAMS 0x0000000706400000| PB 0x0000000706400000| Untracked 
|  51|0x0000000706600000, 0x0000000706600000, 0x0000000706800000|  0%| F|  |TAMS 0x0000000706600000| PB 0x0000000706600000| Untracked 
|  52|0x0000000706800000, 0x0000000706800000, 0x0000000706a00000|  0%| F|  |TAMS 0x0000000706800000| PB 0x0000000706800000| Untracked 
|  53|0x0000000706a00000, 0x0000000706a00000, 0x0000000706c00000|  0%| F|  |TAMS 0x0000000706a00000| PB 0x0000000706a00000| Untracked 
|  54|0x0000000706c00000, 0x0000000706c00000, 0x0000000706e00000|  0%| F|  |TAMS 0x0000000706c00000| PB 0x0000000706c00000| Untracked 
|  55|0x0000000706e00000, 0x0000000706e00000, 0x0000000707000000|  0%| F|  |TAMS 0x0000000706e00000| PB 0x0000000706e00000| Untracked 
|  56|0x0000000707000000, 0x00000007070d1bb8, 0x0000000707200000| 40%| E|  |TAMS 0x0000000707000000| PB 0x0000000707000000| Complete 
|  57|0x0000000707200000, 0x0000000707400000, 0x0000000707400000|100%| E|CS|TAMS 0x0000000707200000| PB 0x0000000707200000| Complete 
|  58|0x0000000707400000, 0x0000000707600000, 0x0000000707600000|100%| E|CS|TAMS 0x0000000707400000| PB 0x0000000707400000| Complete 
|  59|0x0000000707600000, 0x0000000707800000, 0x0000000707800000|100%| E|CS|TAMS 0x0000000707600000| PB 0x0000000707600000| Complete 
|  60|0x0000000707800000, 0x0000000707a00000, 0x0000000707a00000|100%| E|CS|TAMS 0x0000000707800000| PB 0x0000000707800000| Complete 
|  61|0x0000000707a00000, 0x0000000707c00000, 0x0000000707c00000|100%| E|CS|TAMS 0x0000000707a00000| PB 0x0000000707a00000| Complete 
|  62|0x0000000707c00000, 0x0000000707e00000, 0x0000000707e00000|100%| E|  |TAMS 0x0000000707c00000| PB 0x0000000707c00000| Complete 
|  63|0x0000000707e00000, 0x0000000708000000, 0x0000000708000000|100%| E|CS|TAMS 0x0000000707e00000| PB 0x0000000707e00000| Complete 
|  64|0x0000000708000000, 0x0000000708200000, 0x0000000708200000|100%| E|CS|TAMS 0x0000000708000000| PB 0x0000000708000000| Complete 
|  65|0x0000000708200000, 0x0000000708400000, 0x0000000708400000|100%| E|CS|TAMS 0x0000000708200000| PB 0x0000000708200000| Complete 
|  66|0x0000000708400000, 0x0000000708600000, 0x0000000708600000|100%| E|CS|TAMS 0x0000000708400000| PB 0x0000000708400000| Complete 
|  67|0x0000000708600000, 0x0000000708800000, 0x0000000708800000|100%| E|CS|TAMS 0x0000000708600000| PB 0x0000000708600000| Complete 
|  68|0x0000000708800000, 0x0000000708a00000, 0x0000000708a00000|100%| E|CS|TAMS 0x0000000708800000| PB 0x0000000708800000| Complete 
|  69|0x0000000708a00000, 0x0000000708c00000, 0x0000000708c00000|100%| E|CS|TAMS 0x0000000708a00000| PB 0x0000000708a00000| Complete 
|  70|0x0000000708c00000, 0x0000000708e00000, 0x0000000708e00000|100%| E|CS|TAMS 0x0000000708c00000| PB 0x0000000708c00000| Complete 
|  71|0x0000000708e00000, 0x0000000709000000, 0x0000000709000000|100%| E|CS|TAMS 0x0000000708e00000| PB 0x0000000708e00000| Complete 
|  72|0x0000000709000000, 0x0000000709200000, 0x0000000709200000|100%| E|CS|TAMS 0x0000000709000000| PB 0x0000000709000000| Complete 
|  73|0x0000000709200000, 0x0000000709400000, 0x0000000709400000|100%| E|CS|TAMS 0x0000000709200000| PB 0x0000000709200000| Complete 
|  74|0x0000000709400000, 0x0000000709600000, 0x0000000709600000|100%| E|CS|TAMS 0x0000000709400000| PB 0x0000000709400000| Complete 
|  75|0x0000000709600000, 0x0000000709800000, 0x0000000709800000|100%| E|CS|TAMS 0x0000000709600000| PB 0x0000000709600000| Complete 
|  76|0x0000000709800000, 0x0000000709a00000, 0x0000000709a00000|100%| E|CS|TAMS 0x0000000709800000| PB 0x0000000709800000| Complete 
|  77|0x0000000709a00000, 0x0000000709c00000, 0x0000000709c00000|100%| E|CS|TAMS 0x0000000709a00000| PB 0x0000000709a00000| Complete 
|  78|0x0000000709c00000, 0x0000000709e00000, 0x0000000709e00000|100%| E|CS|TAMS 0x0000000709c00000| PB 0x0000000709c00000| Complete 
|  79|0x0000000709e00000, 0x000000070a000000, 0x000000070a000000|100%| E|CS|TAMS 0x0000000709e00000| PB 0x0000000709e00000| Complete 
|  80|0x000000070a000000, 0x000000070a200000, 0x000000070a200000|100%| E|CS|TAMS 0x000000070a000000| PB 0x000000070a000000| Complete 
|  81|0x000000070a200000, 0x000000070a400000, 0x000000070a400000|100%| E|CS|TAMS 0x000000070a200000| PB 0x000000070a200000| Complete 
| 125|0x000000070fa00000, 0x000000070fc00000, 0x000000070fc00000|100%| E|CS|TAMS 0x000000070fa00000| PB 0x000000070fa00000| Complete 
|2041|0x00000007ff200000, 0x00000007ff400000, 0x00000007ff400000|100%| O|  |TAMS 0x00000007ff200000| PB 0x00000007ff200000| Untracked 
|2042|0x00000007ff400000, 0x00000007ff600000, 0x00000007ff600000|100%| O|  |TAMS 0x00000007ff400000| PB 0x00000007ff400000| Untracked 
|2043|0x00000007ff600000, 0x00000007ff800000, 0x00000007ff800000|100%| O|  |TAMS 0x00000007ff600000| PB 0x00000007ff600000| Untracked 
|2044|0x00000007ff800000, 0x00000007ffa00000, 0x00000007ffa00000|100%| O|  |TAMS 0x00000007ff800000| PB 0x00000007ff800000| Untracked 
|2045|0x00000007ffa00000, 0x00000007ffc00000, 0x00000007ffc00000|100%| O|  |TAMS 0x00000007ffa00000| PB 0x00000007ffa00000| Untracked 
|2046|0x00000007ffc00000, 0x00000007ffe00000, 0x00000007ffe00000|100%| O|  |TAMS 0x00000007ffc00000| PB 0x00000007ffc00000| Untracked 
|2047|0x00000007ffe00000, 0x0000000800000000, 0x0000000800000000|100%| O|  |TAMS 0x00000007ffe00000| PB 0x00000007ffe00000| Untracked 

Card table byte_map: [0x000002024dc60000,0x000002024e460000] _byte_map_base: 0x000002024a460000

Marking Bits: (CMBitMap*) 0x000002023aaec5a0
 Bits: [0x000002024e460000, 0x0000020252460000)

Polling page: 0x0000020238910000

Metaspace:

Usage:
  Non-class:     72.56 MB used.
      Class:     11.59 MB used.
       Both:     84.15 MB used.

Virtual space:
  Non-class space:      128.00 MB reserved,      73.50 MB ( 57%) committed,  2 nodes.
      Class space:      832.00 MB reserved,      12.50 MB (  2%) committed,  1 nodes.
             Both:      960.00 MB reserved,      86.00 MB (  9%) committed. 

Chunk freelists:
   Non-Class:  6.44 MB
       Class:  3.42 MB
        Both:  9.86 MB

MaxMetaspaceSize: 1.00 GB
CompressedClassSpaceSize: 832.00 MB
Initial GC threshold: 21.00 MB
Current GC threshold: 137.12 MB
CDS: off
 - commit_granule_bytes: 65536.
 - commit_granule_words: 8192.
 - virtual_space_node_default_size: 8388608.
 - enlarge_chunks_in_place: 1.
 - use_allocation_guard: 0.


Internal statistics:

num_allocs_failed_limit: 9.
num_arena_births: 3656.
num_arena_deaths: 0.
num_vsnodes_births: 3.
num_vsnodes_deaths: 0.
num_space_committed: 1376.
num_space_uncommitted: 0.
num_chunks_returned_to_freelist: 9.
num_chunks_taken_from_freelist: 7290.
num_chunk_merges: 9.
num_chunk_splits: 4712.
num_chunks_enlarged: 2874.
num_inconsistent_stats: 0.

CodeHeap 'non-profiled nmethods': size=119168Kb used=6010Kb max_used=6177Kb free=113157Kb
 bounds [0x0000020245780000, 0x0000020245d90000, 0x000002024cbe0000]
CodeHeap 'profiled nmethods': size=119104Kb used=18090Kb max_used=19181Kb free=101013Kb
 bounds [0x000002023dbe0000, 0x000002023eea0000, 0x0000020245030000]
CodeHeap 'non-nmethods': size=7488Kb used=4338Kb max_used=4386Kb free=3149Kb
 bounds [0x0000020245030000, 0x0000020245480000, 0x0000020245780000]
CodeCache: size=245760Kb, used=28438Kb, max_used=29744Kb, free=217319Kb
 total_blobs=10479, nmethods=9547, adapters=832, full_count=0
Compilation: enabled, stopped_count=0, restarted_count=0

Compilation events (20 events):
Event: 6.036 Thread 0x00000202557398b0 10736       4       java.security.SecureClassLoader::defineClass (16 bytes)
Event: 6.037 Thread 0x0000020255652620 10737   !   4       java.util.zip.InflaterInputStream::read (129 bytes)
Event: 6.037 Thread 0x0000020255738440 10738       4       java.lang.ThreadLocal::remove (8 bytes)
Event: 6.041 Thread 0x00000202557376a0 10739       4       java.lang.ClassLoader::defineClass (43 bytes)
Event: 6.042 Thread 0x0000020255738b10 10740       3       java.util.LinkedHashMap::get (29 bytes)
Event: 6.042 Thread 0x0000020255738b10 nmethod 10740 0x000002023dfc0c10 code [0x000002023dfc0de0, 0x000002023dfc1020]
Event: 6.043 Thread 0x0000020255738440 nmethod 10738 0x000002024595f910 code [0x000002024595fb00, 0x0000020245960378]
Event: 6.044 Thread 0x0000020255652620 nmethod 10737 0x0000020245b0f590 code [0x0000020245b0f7e0, 0x0000020245b10830]
Event: 6.044 Thread 0x0000020255652620 10741  s    4       java.util.jar.JarFile::getInputStream (88 bytes)
Event: 6.046 Thread 0x000002025573ad20 10742       3       java.lang.ClassLoader::postDefineClass (39 bytes)
Event: 6.047 Thread 0x000002025573ad20 nmethod 10742 0x000002023dcd8310 code [0x000002023dcd8500, 0x000002023dcd8830]
Event: 6.051 Thread 0x0000020255738b10 10743       3       jdk.internal.loader.URLClassPath$JarLoader$2::getCodeSigners (8 bytes)
Event: 6.052 Thread 0x0000020255738b10 nmethod 10743 0x000002023dff2110 code [0x000002023dff22c0, 0x000002023dff24a0]
Event: 6.052 Thread 0x0000020255738b10 10744       3       java.security.CodeSource::<init> (52 bytes)
Event: 6.052 Thread 0x000002025573a650 10745       3       java.security.SecureClassLoader$CodeSourceKey::equals (60 bytes)
Event: 6.052 Thread 0x00000202556914c0 10746       3       java.security.CodeSource::matchCerts (254 bytes)
Event: 6.052 Thread 0x0000020255738b10 nmethod 10744 0x000002023de6d990 code [0x000002023de6db80, 0x000002023de6e118]
Event: 6.052 Thread 0x000002025573a650 nmethod 10745 0x000002023df1fa90 code [0x000002023df1fc80, 0x000002023df202a0]
Event: 6.053 Thread 0x00000202556914c0 nmethod 10746 0x000002023dcf8090 code [0x000002023dcf8300, 0x000002023dcf8e10]
Event: 6.055 Thread 0x0000020255738440 10747       4       java.util.jar.JarFile::getVersionedEntry (133 bytes)

GC Heap History (20 events):
Event: 3.160 GC heap before
{Heap before GC invocations=10 (full 0):
 garbage-first heap   total 116736K, used 93960K [0x0000000700000000, 0x0000000800000000)
  region size 2048K, 34 young (69632K), 5 survivors (10240K)
 Metaspace       used 56081K, committed 57472K, reserved 917504K
  class space    used 7838K, committed 8512K, reserved 851968K
}
Event: 3.165 GC heap after
{Heap after GC invocations=11 (full 0):
 garbage-first heap   total 116736K, used 39787K [0x0000000700000000, 0x0000000800000000)
  region size 2048K, 5 young (10240K), 5 survivors (10240K)
 Metaspace       used 56081K, committed 57472K, reserved 917504K
  class space    used 7838K, committed 8512K, reserved 851968K
}
Event: 3.430 GC heap before
{Heap before GC invocations=11 (full 0):
 garbage-first heap   total 116736K, used 90987K [0x0000000700000000, 0x0000000800000000)
  region size 2048K, 31 young (63488K), 5 survivors (10240K)
 Metaspace       used 58814K, committed 60288K, reserved 917504K
  class space    used 8116K, committed 8832K, reserved 851968K
}
Event: 3.434 GC heap after
{Heap after GC invocations=12 (full 0):
 garbage-first heap   total 116736K, used 45121K [0x0000000700000000, 0x0000000800000000)
  region size 2048K, 3 young (6144K), 3 survivors (6144K)
 Metaspace       used 58814K, committed 60288K, reserved 917504K
  class space    used 8116K, committed 8832K, reserved 851968K
}
Event: 3.813 GC heap before
{Heap before GC invocations=13 (full 0):
 garbage-first heap   total 116736K, used 98369K [0x0000000700000000, 0x0000000800000000)
  region size 2048K, 29 young (59392K), 3 survivors (6144K)
 Metaspace       used 65955K, committed 67584K, reserved 917504K
  class space    used 9184K, committed 9984K, reserved 851968K
}
Event: 3.817 GC heap after
{Heap after GC invocations=14 (full 0):
 garbage-first heap   total 116736K, used 48383K [0x0000000700000000, 0x0000000800000000)
  region size 2048K, 2 young (4096K), 2 survivors (4096K)
 Metaspace       used 65955K, committed 67584K, reserved 917504K
  class space    used 9184K, committed 9984K, reserved 851968K
}
Event: 4.307 GC heap before
{Heap before GC invocations=14 (full 0):
 garbage-first heap   total 116736K, used 101631K [0x0000000700000000, 0x0000000800000000)
  region size 2048K, 28 young (57344K), 2 survivors (4096K)
 Metaspace       used 72278K, committed 73984K, reserved 917504K
  class space    used 10212K, committed 11008K, reserved 851968K
}
Event: 4.310 GC heap after
{Heap after GC invocations=15 (full 0):
 garbage-first heap   total 116736K, used 51029K [0x0000000700000000, 0x0000000800000000)
  region size 2048K, 4 young (8192K), 4 survivors (8192K)
 Metaspace       used 72278K, committed 73984K, reserved 917504K
  class space    used 10212K, committed 11008K, reserved 851968K
}
Event: 4.583 GC heap before
{Heap before GC invocations=15 (full 0):
 garbage-first heap   total 116736K, used 98133K [0x0000000700000000, 0x0000000800000000)
  region size 2048K, 28 young (57344K), 4 survivors (8192K)
 Metaspace       used 73137K, committed 74816K, reserved 917504K
  class space    used 10249K, committed 11072K, reserved 851968K
}
Event: 4.587 GC heap after
{Heap after GC invocations=16 (full 0):
 garbage-first heap   total 116736K, used 55751K [0x0000000700000000, 0x0000000800000000)
  region size 2048K, 4 young (8192K), 4 survivors (8192K)
 Metaspace       used 73137K, committed 74816K, reserved 917504K
  class space    used 10249K, committed 11072K, reserved 851968K
}
Event: 4.681 GC heap before
{Heap before GC invocations=16 (full 0):
 garbage-first heap   total 116736K, used 98759K [0x0000000700000000, 0x0000000800000000)
  region size 2048K, 26 young (53248K), 4 survivors (8192K)
 Metaspace       used 73343K, committed 75072K, reserved 917504K
  class space    used 10249K, committed 11072K, reserved 851968K
}
Event: 4.684 GC heap after
{Heap after GC invocations=17 (full 0):
 garbage-first heap   total 141312K, used 58260K [0x0000000700000000, 0x0000000800000000)
  region size 2048K, 3 young (6144K), 3 survivors (6144K)
 Metaspace       used 73343K, committed 75072K, reserved 917504K
  class space    used 10249K, committed 11072K, reserved 851968K
}
Event: 4.762 GC heap before
{Heap before GC invocations=17 (full 0):
 garbage-first heap   total 141312K, used 117652K [0x0000000700000000, 0x0000000800000000)
  region size 2048K, 33 young (67584K), 3 survivors (6144K)
 Metaspace       used 73366K, committed 75072K, reserved 917504K
  class space    used 10250K, committed 11072K, reserved 851968K
}
Event: 4.764 GC heap after
{Heap after GC invocations=18 (full 0):
 garbage-first heap   total 141312K, used 58675K [0x0000000700000000, 0x0000000800000000)
  region size 2048K, 3 young (6144K), 3 survivors (6144K)
 Metaspace       used 73366K, committed 75072K, reserved 917504K
  class space    used 10250K, committed 11072K, reserved 851968K
}
Event: 4.917 GC heap before
{Heap before GC invocations=18 (full 0):
 garbage-first heap   total 141312K, used 120115K [0x0000000700000000, 0x0000000800000000)
  region size 2048K, 34 young (69632K), 3 survivors (6144K)
 Metaspace       used 73843K, committed 75584K, reserved 917504K
  class space    used 10315K, committed 11200K, reserved 851968K
}
Event: 4.920 GC heap after
{Heap after GC invocations=19 (full 0):
 garbage-first heap   total 141312K, used 62004K [0x0000000700000000, 0x0000000800000000)
  region size 2048K, 5 young (10240K), 5 survivors (10240K)
 Metaspace       used 73843K, committed 75584K, reserved 917504K
  class space    used 10315K, committed 11200K, reserved 851968K
}
Event: 5.343 GC heap before
{Heap before GC invocations=19 (full 0):
 garbage-first heap   total 141312K, used 127540K [0x0000000700000000, 0x0000000800000000)
  region size 2048K, 34 young (69632K), 5 survivors (10240K)
 Metaspace       used 76993K, committed 78784K, reserved 983040K
  class space    used 10706K, committed 11584K, reserved 851968K
}
Event: 5.353 GC heap after
{Heap after GC invocations=20 (full 0):
 garbage-first heap   total 153600K, used 83806K [0x0000000700000000, 0x0000000800000000)
  region size 2048K, 5 young (10240K), 5 survivors (10240K)
 Metaspace       used 76993K, committed 78784K, reserved 983040K
  class space    used 10706K, committed 11584K, reserved 851968K
}
Event: 5.738 GC heap before
{Heap before GC invocations=20 (full 0):
 garbage-first heap   total 153600K, used 132958K [0x0000000700000000, 0x0000000800000000)
  region size 2048K, 29 young (59392K), 5 survivors (10240K)
 Metaspace       used 82172K, committed 84096K, reserved 983040K
  class space    used 11229K, committed 12160K, reserved 851968K
}
Event: 5.742 GC heap after
{Heap after GC invocations=21 (full 0):
 garbage-first heap   total 184320K, used 86175K [0x0000000700000000, 0x0000000800000000)
  region size 2048K, 1 young (2048K), 1 survivors (2048K)
 Metaspace       used 82172K, committed 84096K, reserved 983040K
  class space    used 11229K, committed 12160K, reserved 851968K
}

Dll operation events (3 events):
Event: 0.005 Loaded shared library C:\Program Files\Android\Android Studio\jbr\bin\java.dll
Event: 0.008 Loaded shared library C:\Program Files\Android\Android Studio\jbr\bin\zip.dll
Event: 0.298 Loaded shared library C:\Program Files\Android\Android Studio\jbr\bin\verify.dll

Deoptimization events (20 events):
Event: 6.006 Thread 0x000002025c70c1a0 DEOPT PACKING pc=0x000002023e1ac388 sp=0x00000051169f2580
Event: 6.006 Thread 0x000002025c70c1a0 DEOPT UNPACKING pc=0x0000020245084bc2 sp=0x00000051169f1a00 mode 0
Event: 6.006 Thread 0x000002025c70c1a0 DEOPT PACKING pc=0x000002023e1ac388 sp=0x00000051169f2580
Event: 6.006 Thread 0x000002025c70c1a0 DEOPT UNPACKING pc=0x0000020245084bc2 sp=0x00000051169f1a00 mode 0
Event: 6.006 Thread 0x000002025c70c1a0 DEOPT PACKING pc=0x000002023e1ac388 sp=0x00000051169f2580
Event: 6.006 Thread 0x000002025c70c1a0 DEOPT UNPACKING pc=0x0000020245084bc2 sp=0x00000051169f1a00 mode 0
Event: 6.006 Thread 0x000002025c70c1a0 DEOPT PACKING pc=0x000002023df95e6b sp=0x00000051169f24a0
Event: 6.006 Thread 0x000002025c70c1a0 DEOPT UNPACKING pc=0x0000020245084bc2 sp=0x00000051169f1920 mode 0
Event: 6.006 Thread 0x000002025c70c1a0 DEOPT PACKING pc=0x000002023e362170 sp=0x00000051169f25b0
Event: 6.006 Thread 0x000002025c70c1a0 DEOPT UNPACKING pc=0x0000020245084bc2 sp=0x00000051169f1a30 mode 0
Event: 6.006 Thread 0x000002025c70c1a0 DEOPT PACKING pc=0x000002023e1ac388 sp=0x00000051169f2580
Event: 6.006 Thread 0x000002025c70c1a0 DEOPT UNPACKING pc=0x0000020245084bc2 sp=0x00000051169f1a00 mode 0
Event: 6.007 Thread 0x000002025c70c1a0 DEOPT PACKING pc=0x000002023e1ac388 sp=0x00000051169f2580
Event: 6.007 Thread 0x000002025c70c1a0 DEOPT UNPACKING pc=0x0000020245084bc2 sp=0x00000051169f1a00 mode 0
Event: 6.007 Thread 0x000002025c70c1a0 DEOPT PACKING pc=0x000002023e1ac388 sp=0x00000051169f2580
Event: 6.007 Thread 0x000002025c70c1a0 DEOPT UNPACKING pc=0x0000020245084bc2 sp=0x00000051169f1a00 mode 0
Event: 6.007 Thread 0x000002025c70c1a0 DEOPT PACKING pc=0x000002023e1ac388 sp=0x00000051169f2580
Event: 6.007 Thread 0x000002025c70c1a0 DEOPT UNPACKING pc=0x0000020245084bc2 sp=0x00000051169f1a00 mode 0
Event: 6.007 Thread 0x000002025c70c1a0 DEOPT PACKING pc=0x000002023e1ac388 sp=0x00000051169f2580
Event: 6.007 Thread 0x000002025c70c1a0 DEOPT UNPACKING pc=0x0000020245084bc2 sp=0x00000051169f1a00 mode 0

Classes loaded (20 events):
Event: 5.979 Loading class java/security/interfaces/ECKey
Event: 5.979 Loading class java/security/interfaces/ECKey done
Event: 5.979 Loading class java/security/interfaces/XECKey
Event: 5.979 Loading class java/security/interfaces/XECKey done
Event: 5.979 Loading class sun/security/util/KeyUtil
Event: 5.979 Loading class sun/security/util/KeyUtil done
Event: 5.979 Loading class sun/security/util/Length
Event: 5.979 Loading class sun/security/util/Length done
Event: 5.979 Loading class javax/crypto/SecretKey
Event: 5.979 Loading class javax/crypto/SecretKey done
Event: 5.979 Loading class java/util/Base64
Event: 5.979 Loading class java/util/Base64 done
Event: 5.979 Loading class java/util/Base64$Decoder
Event: 5.980 Loading class java/util/Base64$Decoder done
Event: 5.980 Loading class java/util/Base64$Encoder
Event: 5.980 Loading class java/util/Base64$Encoder done
Event: 5.981 Loading class java/util/jar/JarVerifier$VerifierStream
Event: 5.981 Loading class java/util/jar/JarVerifier$VerifierStream done
Event: 5.981 Loading class sun/security/util/ManifestEntryVerifier$SunProviderHolder
Event: 5.981 Loading class sun/security/util/ManifestEntryVerifier$SunProviderHolder done

Classes unloaded (0 events):
No events

Classes redefined (0 events):
No events

Internal exceptions (20 events):
Event: 6.054 Thread 0x000002025c70c1a0 Exception <a 'sun/nio/fs/WindowsException'{0x00000007074d0450}> (0x00000007074d0450) 
thrown [s\src\hotspot\share\prims\jni.cpp, line 537]
Event: 6.054 Thread 0x000002025c70c1a0 Exception <a 'sun/nio/fs/WindowsException'{0x00000007074daec8}> (0x00000007074daec8) 
thrown [s\src\hotspot\share\prims\jni.cpp, line 537]
Event: 6.054 Thread 0x000002025c70c1a0 Exception <a 'sun/nio/fs/WindowsException'{0x00000007074e71e8}> (0x00000007074e71e8) 
thrown [s\src\hotspot\share\prims\jni.cpp, line 537]
Event: 6.054 Thread 0x000002025c70c1a0 Exception <a 'sun/nio/fs/WindowsException'{0x00000007074f1928}> (0x00000007074f1928) 
thrown [s\src\hotspot\share\prims\jni.cpp, line 537]
Event: 6.055 Thread 0x000002025c70c1a0 Exception <a 'sun/nio/fs/WindowsException'{0x00000007074fd2a0}> (0x00000007074fd2a0) 
thrown [s\src\hotspot\share\prims\jni.cpp, line 537]
Event: 6.055 Thread 0x000002025c70c1a0 Exception <a 'sun/nio/fs/WindowsException'{0x0000000707516ca8}> (0x0000000707516ca8) 
thrown [s\src\hotspot\share\prims\jni.cpp, line 537]
Event: 6.056 Thread 0x000002025c70c1a0 Exception <a 'sun/nio/fs/WindowsException'{0x0000000707534f38}> (0x0000000707534f38) 
thrown [s\src\hotspot\share\prims\jni.cpp, line 537]
Event: 6.056 Thread 0x000002025c70c1a0 Exception <a 'sun/nio/fs/WindowsException'{0x0000000707540df0}> (0x0000000707540df0) 
thrown [s\src\hotspot\share\prims\jni.cpp, line 537]
Event: 6.057 Thread 0x000002025c70c1a0 Exception <a 'sun/nio/fs/WindowsException'{0x000000070754fe10}> (0x000000070754fe10) 
thrown [s\src\hotspot\share\prims\jni.cpp, line 537]
Event: 6.057 Thread 0x000002025c70c1a0 Exception <a 'sun/nio/fs/WindowsException'{0x000000070755be50}> (0x000000070755be50) 
thrown [s\src\hotspot\share\prims\jni.cpp, line 537]
Event: 6.057 Thread 0x000002025c70c1a0 Exception <a 'sun/nio/fs/WindowsException'{0x000000070756d290}> (0x000000070756d290) 
thrown [s\src\hotspot\share\prims\jni.cpp, line 537]
Event: 6.058 Thread 0x000002025c70c1a0 Exception <a 'sun/nio/fs/WindowsException'{0x000000070757e7b0}> (0x000000070757e7b0) 
thrown [s\src\hotspot\share\prims\jni.cpp, line 537]
Event: 6.058 Thread 0x000002025c70c1a0 Exception <a 'sun/nio/fs/WindowsException'{0x000000070758ae10}> (0x000000070758ae10) 
thrown [s\src\hotspot\share\prims\jni.cpp, line 537]
Event: 6.059 Thread 0x000002025c70c1a0 Exception <a 'sun/nio/fs/WindowsException'{0x0000000707595b90}> (0x0000000707595b90) 
thrown [s\src\hotspot\share\prims\jni.cpp, line 537]
Event: 6.059 Thread 0x000002025c70c1a0 Exception <a 'sun/nio/fs/WindowsException'{0x00000007075a1860}> (0x00000007075a1860) 
thrown [s\src\hotspot\share\prims\jni.cpp, line 537]
Event: 6.059 Thread 0x000002025c70c1a0 Exception <a 'sun/nio/fs/WindowsException'{0x00000007075acb18}> (0x00000007075acb18) 
thrown [s\src\hotspot\share\prims\jni.cpp, line 537]
Event: 6.060 Thread 0x000002025c70c1a0 Exception <a 'sun/nio/fs/WindowsException'{0x00000007075b9360}> (0x00000007075b9360) 
thrown [s\src\hotspot\share\prims\jni.cpp, line 537]
Event: 6.060 Thread 0x000002025c70c1a0 Exception <a 'sun/nio/fs/WindowsException'{0x00000007075c3ce8}> (0x00000007075c3ce8) 
thrown [s\src\hotspot\share\prims\jni.cpp, line 537]
Event: 6.060 Thread 0x000002025c70c1a0 Exception <a 'sun/nio/fs/WindowsException'{0x00000007075ce960}> (0x00000007075ce960) 
thrown [s\src\hotspot\share\prims\jni.cpp, line 537]
Event: 6.061 Thread 0x000002025c70c1a0 Exception <a 'sun/nio/fs/WindowsException'{0x00000007075dade0}> (0x00000007075dade0) 
thrown [s\src\hotspot\share\prims\jni.cpp, line 537]

ZGC Phase Switch (0 events):
No events

VM Operations (20 events):
Event: 5.559 Executing VM operation: HandshakeAllThreads (Deoptimize)
Event: 5.559 Executing VM operation: HandshakeAllThreads (Deoptimize) done
Event: 5.690 Executing VM operation: HandshakeAllThreads (Deoptimize)
Event: 5.690 Executing VM operation: HandshakeAllThreads (Deoptimize) done
Event: 5.730 Executing VM operation: HandshakeAllThreads (Deoptimize)
Event: 5.730 Executing VM operation: HandshakeAllThreads (Deoptimize) done
Event: 5.738 Executing VM operation: G1CollectForAllocation (G1 Evacuation Pause)
Event: 5.742 Executing VM operation: G1CollectForAllocation (G1 Evacuation Pause) done
Event: 5.760 Executing VM operation: G1PauseRemark
Event: 5.764 Executing VM operation: G1PauseRemark done
Event: 5.772 Executing VM operation: G1PauseCleanup
Event: 5.773 Executing VM operation: G1PauseCleanup done
Event: 5.842 Executing VM operation: HandshakeAllThreads (Deoptimize)
Event: 5.842 Executing VM operation: HandshakeAllThreads (Deoptimize) done
Event: 5.938 Executing VM operation: HandshakeAllThreads (Deoptimize)
Event: 5.938 Executing VM operation: HandshakeAllThreads (Deoptimize) done
Event: 5.957 Executing VM operation: HandshakeAllThreads (Deoptimize)
Event: 5.957 Executing VM operation: HandshakeAllThreads (Deoptimize) done
Event: 5.958 Executing VM operation: HandshakeAllThreads (Deoptimize)
Event: 5.958 Executing VM operation: HandshakeAllThreads (Deoptimize) done

Memory protections (0 events):
No events

Nmethod flushes (20 events):
Event: 5.763 Thread 0x00000202555a7e60 flushing  nmethod 0x0000020245a5d810
Event: 5.763 Thread 0x00000202555a7e60 flushing  nmethod 0x000002023dbfd590
Event: 5.763 Thread 0x00000202555a7e60 flushing  nmethod 0x000002023dca7410
Event: 5.763 Thread 0x00000202555a7e60 flushing  nmethod 0x000002023dcaaf90
Event: 5.763 Thread 0x00000202555a7e60 flushing  nmethod 0x000002023dcabd90
Event: 5.763 Thread 0x00000202555a7e60 flushing  nmethod 0x000002023dcac110
Event: 5.763 Thread 0x00000202555a7e60 flushing  nmethod 0x000002023dcac810
Event: 5.763 Thread 0x00000202555a7e60 flushing  nmethod 0x000002023dcacc90
Event: 5.763 Thread 0x00000202555a7e60 flushing  nmethod 0x000002023dd24010
Event: 5.763 Thread 0x00000202555a7e60 flushing  nmethod 0x000002023dd29c10
Event: 5.763 Thread 0x00000202555a7e60 flushing  nmethod 0x000002023dd2b190
Event: 5.763 Thread 0x00000202555a7e60 flushing  nmethod 0x000002023ddbe290
Event: 5.763 Thread 0x00000202555a7e60 flushing  nmethod 0x000002023ddc3790
Event: 5.763 Thread 0x00000202555a7e60 flushing  nmethod 0x000002023de33e10
Event: 5.763 Thread 0x00000202555a7e60 flushing osr nmethod 0x000002023df6b790
Event: 5.763 Thread 0x00000202555a7e60 flushing  nmethod 0x000002023e21eb10
Event: 5.763 Thread 0x00000202555a7e60 flushing  nmethod 0x000002023e3a8610
Event: 5.763 Thread 0x00000202555a7e60 flushing  nmethod 0x000002023e57f710
Event: 5.763 Thread 0x00000202555a7e60 flushing  nmethod 0x000002023e583d10
Event: 5.763 Thread 0x00000202555a7e60 flushing  nmethod 0x000002023e5d2d90

Events (20 events):
Event: 4.527 Thread 0x000002025c70c1a0 Thread added: 0x0000020261d14090
Event: 4.636 Thread 0x000002025c70c1a0 Thread added: 0x0000020261d14db0
Event: 4.636 Thread 0x000002025c70c1a0 Thread added: 0x0000020261d12ce0
Event: 4.636 Thread 0x000002025c70c1a0 Thread added: 0x0000020261d15ad0
Event: 4.636 Thread 0x000002025c70c1a0 Thread added: 0x0000020261d13370
Event: 4.637 Thread 0x000002025c70c1a0 Thread added: 0x0000020261d15440
Event: 4.637 Thread 0x000002025c70c1a0 Thread added: 0x0000020261b36e20
Event: 4.637 Thread 0x000002025c70c1a0 Thread added: 0x0000020261b381d0
Event: 4.637 Thread 0x000002025c70c1a0 Thread added: 0x0000020261b39580
Event: 4.637 Thread 0x000002025c70c1a0 Thread added: 0x0000020261b374b0
Event: 4.638 Thread 0x000002025c70c1a0 Thread added: 0x0000020261b37b40
Event: 4.638 Thread 0x000002025c70c1a0 Thread added: 0x0000020261b36790
Event: 4.638 Thread 0x000002025c70c1a0 Thread added: 0x0000020261b3b650
Event: 4.638 Thread 0x000002025c70c1a0 Thread added: 0x0000020261b38860
Event: 4.639 Thread 0x000002025c70c1a0 Thread added: 0x0000020261b39c10
Event: 4.639 Thread 0x000002025c70c1a0 Thread added: 0x0000020261b3a2a0
Event: 4.884 Thread 0x000002025c70c1a0 Thread added: 0x0000020261b3bce0
Event: 5.149 Thread 0x0000020255737d70 Thread exited: 0x0000020255737d70
Event: 5.560 Thread 0x000002025c70c1a0 Thread added: 0x0000020261b3d090
Event: 5.857 Thread 0x000002025c70c1a0 Thread added: 0x000002025b0c2130


Dynamic libraries:
0x00007ff71f560000 - 0x00007ff71f56a000 	C:\Program Files\Android\Android Studio\jbr\bin\java.exe
0x00007ff931a00000 - 0x00007ff931c67000 	C:\WINDOWS\SYSTEM32\ntdll.dll
0x00007ff930b30000 - 0x00007ff930bf9000 	C:\WINDOWS\System32\KERNEL32.DLL
0x00007ff92e4f0000 - 0x00007ff92e8e1000 	C:\WINDOWS\System32\KERNELBASE.dll
0x00007ff92ec40000 - 0x00007ff92ed8b000 	C:\WINDOWS\System32\ucrtbase.dll
0x00007ff908740000 - 0x00007ff90875b000 	C:\Program Files\Android\Android Studio\jbr\bin\VCRUNTIME140.dll
0x00007ff90df20000 - 0x00007ff90df38000 	C:\Program Files\Android\Android Studio\jbr\bin\jli.dll
0x00007ff931770000 - 0x00007ff931935000 	C:\WINDOWS\System32\USER32.dll
0x00007ff917100000 - 0x00007ff917393000 	C:\WINDOWS\WinSxS\amd64_microsoft.windows.common-controls_6595b64144ccf1df_6.0.26100.8037_none_3e092faae333b53b\COMCTL32.dll
0x00007ff92ed90000 - 0x00007ff92edb7000 	C:\WINDOWS\System32\win32u.dll
0x00007ff9306f0000 - 0x00007ff930799000 	C:\WINDOWS\System32\msvcrt.dll
0x00007ff930c00000 - 0x00007ff930c2b000 	C:\WINDOWS\System32\GDI32.dll
0x00007ff92eb10000 - 0x00007ff92ec3b000 	C:\WINDOWS\System32\gdi32full.dll
0x00007ff92e8f0000 - 0x00007ff92e993000 	C:\WINDOWS\System32\msvcp_win.dll
0x00007ff930f70000 - 0x00007ff930fa1000 	C:\WINDOWS\System32\IMM32.DLL
0x00007ff922190000 - 0x00007ff92219c000 	C:\Program Files\Android\Android Studio\jbr\bin\vcruntime140_1.dll
0x00007ff8ecdf0000 - 0x00007ff8ece7d000 	C:\Program Files\Android\Android Studio\jbr\bin\msvcp140.dll
0x00007ff8aefb0000 - 0x00007ff8afc46000 	C:\Program Files\Android\Android Studio\jbr\bin\server\jvm.dll
0x00007ff931530000 - 0x00007ff9315eb000 	C:\WINDOWS\System32\ADVAPI32.dll
0x00007ff92f8b0000 - 0x00007ff92f957000 	C:\WINDOWS\System32\sechost.dll
0x00007ff931610000 - 0x00007ff931728000 	C:\WINDOWS\System32\RPCRT4.dll
0x00007ff930670000 - 0x00007ff9306e4000 	C:\WINDOWS\System32\WS2_32.dll
0x00007ff92e140000 - 0x00007ff92e19e000 	C:\WINDOWS\SYSTEM32\POWRPROF.dll
0x00007ff91b640000 - 0x00007ff91b64b000 	C:\WINDOWS\SYSTEM32\VERSION.dll
0x00007ff9228c0000 - 0x00007ff9228f5000 	C:\WINDOWS\SYSTEM32\WINMM.dll
0x00007ff92e120000 - 0x00007ff92e134000 	C:\WINDOWS\SYSTEM32\UMPDC.dll
0x00007ff92d070000 - 0x00007ff92d08b000 	C:\WINDOWS\SYSTEM32\kernel.appcore.dll
0x00007ff918710000 - 0x00007ff91871a000 	C:\Program Files\Android\Android Studio\jbr\bin\jimage.dll
0x00007ff92c140000 - 0x00007ff92c382000 	C:\WINDOWS\SYSTEM32\DBGHELP.DLL
0x00007ff9307a0000 - 0x00007ff930b22000 	C:\WINDOWS\System32\combase.dll
0x00007ff930230000 - 0x00007ff930307000 	C:\WINDOWS\System32\OLEAUT32.dll
0x00007ff914950000 - 0x00007ff91498b000 	C:\WINDOWS\SYSTEM32\dbgcore.DLL
0x00007ff92f6f0000 - 0x00007ff92f795000 	C:\WINDOWS\System32\bcryptPrimitives.dll
0x00007ff91c940000 - 0x00007ff91c94e000 	C:\Program Files\Android\Android Studio\jbr\bin\instrument.dll
0x00007ff903590000 - 0x00007ff9035b0000 	C:\Program Files\Android\Android Studio\jbr\bin\java.dll
0x00007ff902960000 - 0x00007ff902978000 	C:\Program Files\Android\Android Studio\jbr\bin\zip.dll
0x00007ff92f960000 - 0x00007ff9300bf000 	C:\WINDOWS\System32\SHELL32.dll
0x00007ff92e9a0000 - 0x00007ff92eb0a000 	C:\WINDOWS\System32\wintypes.dll
0x00007ff92edc0000 - 0x00007ff92f624000 	C:\WINDOWS\System32\windows.storage.dll
0x00007ff930cd0000 - 0x00007ff930dc7000 	C:\WINDOWS\System32\SHCORE.dll
0x00007ff930310000 - 0x00007ff930377000 	C:\WINDOWS\System32\shlwapi.dll
0x00007ff92e200000 - 0x00007ff92e229000 	C:\WINDOWS\SYSTEM32\profapi.dll
0x00007ff911f00000 - 0x00007ff911f10000 	C:\Program Files\Android\Android Studio\jbr\bin\net.dll
0x00007ff928df0000 - 0x00007ff928f17000 	C:\WINDOWS\SYSTEM32\WINHTTP.dll
0x00007ff92d5e0000 - 0x00007ff92d64b000 	C:\WINDOWS\system32\mswsock.dll
0x00007ff902910000 - 0x00007ff902926000 	C:\Program Files\Android\Android Studio\jbr\bin\nio.dll
0x00007ff903240000 - 0x00007ff903250000 	C:\Program Files\Android\Android Studio\jbr\bin\verify.dll
0x00007ff908810000 - 0x00007ff908837000 	C:\Users\ADMIN\.gradle\native\1def1411415f61bf3af743bc5b6707747c0891f09f0c88961ee8f79bc544acac\windows-amd64\native-platform.dll
0x00007ff8fc910000 - 0x00007ff8fc988000 	C:\Users\ADMIN\.gradle\native\0.2.7\x86_64-windows-gnu\gradle-fileevents.dll
0x00007ff90dca0000 - 0x00007ff90dca9000 	C:\Program Files\Android\Android Studio\jbr\bin\management.dll
0x00007ff907760000 - 0x00007ff90776b000 	C:\Program Files\Android\Android Studio\jbr\bin\management_ext.dll
0x00007ff931520000 - 0x00007ff931528000 	C:\WINDOWS\System32\PSAPI.DLL
0x00007ff92ca80000 - 0x00007ff92cab3000 	C:\WINDOWS\SYSTEM32\IPHLPAPI.DLL
0x00007ff931760000 - 0x00007ff93176a000 	C:\WINDOWS\System32\NSI.dll
0x00007ff90df40000 - 0x00007ff90df49000 	C:\Program Files\Android\Android Studio\jbr\bin\extnet.dll
0x00007ff92d8c0000 - 0x00007ff92d8db000 	C:\WINDOWS\SYSTEM32\CRYPTSP.dll
0x00007ff92cfd0000 - 0x00007ff92d009000 	C:\WINDOWS\system32\rsaenh.dll
0x00007ff92d690000 - 0x00007ff92d6c2000 	C:\WINDOWS\SYSTEM32\USERENV.dll
0x00007ff92e1d0000 - 0x00007ff92e1fa000 	C:\WINDOWS\SYSTEM32\bcrypt.dll
0x00007ff92d8e0000 - 0x00007ff92d8ec000 	C:\WINDOWS\SYSTEM32\CRYPTBASE.dll
0x00007ff914100000 - 0x00007ff914108000 	C:\WINDOWS\system32\wshunix.dll

JVMTI agents:
C:\Users\ADMIN\.gradle\wrapper\dists\gradle-8.13-bin\5xuhj0ry160q40clulazy9h7d\gradle-8.13\lib\agents\gradle-instrumentation-agent-8.13.jar path:C:\Program Files\Android\Android Studio\jbr\bin\instrument.dll, loaded, initialized, instrumentlib options:none

dbghelp: loaded successfully - version: 4.0.5 - missing functions: none
symbol engine: initialized successfully - sym options: 0x614 - pdb path: .;C:\Program Files\Android\Android Studio\jbr\bin;C:\WINDOWS\SYSTEM32;C:\WINDOWS\WinSxS\amd64_microsoft.windows.common-controls_6595b64144ccf1df_6.0.26100.8037_none_3e092faae333b53b;C:\Program Files\Android\Android Studio\jbr\bin\server;C:\Users\ADMIN\.gradle\native\1def1411415f61bf3af743bc5b6707747c0891f09f0c88961ee8f79bc544acac\windows-amd64;C:\Users\ADMIN\.gradle\native\0.2.7\x86_64-windows-gnu

VM Arguments:
jvm_args: --add-opens=java.base/java.lang=ALL-UNNAMED --add-opens=java.base/java.lang.invoke=ALL-UNNAMED --add-opens=java.base/java.util=ALL-UNNAMED --add-opens=java.prefs/java.util.prefs=ALL-UNNAMED --add-exports=jdk.compiler/com.sun.tools.javac.api=ALL-UNNAMED --add-exports=jdk.compiler/com.sun.tools.javac.util=ALL-UNNAMED --add-opens=java.base/java.util=ALL-UNNAMED --add-opens=java.prefs/java.util.prefs=ALL-UNNAMED --add-opens=java.base/java.nio.charset=ALL-UNNAMED --add-opens=java.base/java.net=ALL-UNNAMED --add-opens=java.base/java.util.concurrent.atomic=ALL-UNNAMED --add-opens=java.xml/javax.xml.namespace=ALL-UNNAMED -XX:MaxMetaspaceSize=1024m -Xmx4096m -Dfile.encoding=UTF-8 -Duser.country=US -Duser.language=en -Duser.variant -javaagent:C:\Users\ADMIN\.gradle\wrapper\dists\gradle-8.13-bin\5xuhj0ry160q40clulazy9h7d\gradle-8.13\lib\agents\gradle-instrumentation-agent-8.13.jar 
java_command: org.gradle.launcher.daemon.bootstrap.GradleDaemon 8.13
java_class_path (initial): C:\Users\ADMIN\.gradle\wrapper\dists\gradle-8.13-bin\5xuhj0ry160q40clulazy9h7d\gradle-8.13\lib\gradle-daemon-main-8.13.jar
Launcher Type: SUN_STANDARD

[Global flags]
     intx CICompilerCount                          = 12                                        {product} {ergonomic}
   size_t CompressedClassSpaceSize                 = 872415232                                 {product} {ergonomic}
     uint ConcGCThreads                            = 3                                         {product} {ergonomic}
     uint G1ConcRefinementThreads                  = 13                                        {product} {ergonomic}
   size_t G1HeapRegionSize                         = 2097152                                   {product} {ergonomic}
    uintx GCDrainStackTargetSize                   = 64                                        {product} {ergonomic}
   size_t InitialHeapSize                          = 264241152                                 {product} {ergonomic}
   size_t MarkStackSize                            = 4194304                                   {product} {ergonomic}
   size_t MaxHeapSize                              = 4294967296                                {product} {command line}
   size_t MaxMetaspaceSize                         = 1073741824                                {product} {command line}
   size_t MaxNewSize                               = 2575302656                                {product} {ergonomic}
   size_t MinHeapDeltaBytes                        = 2097152                                   {product} {ergonomic}
   size_t MinHeapSize                              = 8388608                                   {product} {ergonomic}
    uintx NonNMethodCodeHeapSize                   = 7602480                                {pd product} {ergonomic}
    uintx NonProfiledCodeHeapSize                  = 122027880                              {pd product} {ergonomic}
    uintx ProfiledCodeHeapSize                     = 122027880                              {pd product} {ergonomic}
    uintx ReservedCodeCacheSize                    = 251658240                              {pd product} {ergonomic}
     bool SegmentedCodeCache                       = true                                      {product} {ergonomic}
   size_t SoftMaxHeapSize                          = 4294967296                             {manageable} {ergonomic}
     bool UseCompressedOops                        = true                           {product lp64_product} {ergonomic}
     bool UseG1GC                                  = true                                      {product} {ergonomic}
     bool UseLargePagesIndividualAllocation        = false                                  {pd product} {ergonomic}

Logging:
Log output configuration:
 #0: stdout all=warning uptime,level,tags foldmultilines=false
 #1: stderr all=off uptime,level,tags foldmultilines=false

Release file:
JAVA_VERSION="21.0.9" 
MODULES="java.base java.compiler java.datatransfer java.xml java.prefs java.desktop java.instrument java.logging java.management java.security.sasl java.naming java.rmi java.management.rmi java.net.http java.scripting java.security.jgss java.transaction.xa java.sql java.sql.rowset java.xml.crypto java.se java.smartcardio jdk.accessibility jdk.internal.jvmstat jdk.attach jdk.charsets jdk.internal.opt jdk.zipfs jdk.compiler jdk.crypto.ec jdk.crypto.cryptoki jdk.dynalink jdk.hotspot.agent jdk.httpserver jdk.internal.ed jdk.internal.le jdk.internal.vm.ci jdk.jartool jdk.javadoc jdk.jcmd jdk.jdeps jdk.jdwp.agent jdk.jdi jdk.jfr jdk.jlink jdk.jsobject jdk.localedata jdk.management jdk.management.agent jdk.management.jfr jdk.naming.dns jdk.naming.rmi jdk.net jdk.sctp jdk.security.auth jdk.security.jgss jdk.unsupported jdk.unsupported.desktop jdk.xml.dom" 
IMPLEMENTOR="JetBrains s.r.o." 
JAVA_RUNTIME_VERSION="21.0.9+-14787801-b1163.94" 
LIBC="default" 
OS_ARCH="x86_64" 
OS_NAME="Windows" 
SOURCE=".:git:0c757ddc9f2f" 

Environment Variables:
JAVA_HOME=C:\Program Files\Java\jdk-21
PATH=D:\VMWare\bin\;D:\Python\Scripts\;D:\Python\;C:\Program Files\Common Files\Oracle\Java\javapath;C:\Program Files (x86)\Common Files\Oracle\Java\javapath;C:\WINDOWS\system32;C:\WINDOWS;C:\WINDOWS\System32\Wbem;C:\WINDOWS\System32\WindowsPowerShell\v1.0\;C:\WINDOWS\System32\OpenSSH\;C:\Program Files (x86)\Microsoft SQL Server\160\Tools\Binn\;C:\Program Files\Microsoft SQL Server\160\Tools\Binn\;C:\Program Files\Microsoft SQL Server\Client SDK\ODBC\170\Tools\Binn\;C:\Program Files\Microsoft SQL Server\160\DTS\Binn\;C:\Program Files (x86)\Microsoft SQL Server\160\DTS\Binn\;C:\Program Files\Azure Data Studio\bin;C:\Program Files\Git\cmd;C:\xampp\php;C:\ProgramData\ComposerSetup\bin;C:\Users\ADMIN\apache-maven-3.9.9\bin;C:\scrcpy-win64-v3.2;C:\Program Files\Java\jdk-17\bin\;C:\Program Files\Zulu\zulu-21\bin\;C:\Users\ADMIN\Downloads\ffmpeg-8.0-essentials_build\ffmpeg-8.0-essentials_build\bin;C:\Program Files\Microsoft SQL Server\170\Tools\Binn\;C:\Program Files\Microsoft SQL Server\130\DTS\Binn\;C:\Program Files\Microsoft SQL Server\140\DTS\Binn\;C:\Program Files\Microsoft SQL Server\150\DTS\Binn\;C:\Program Files\Microsoft SQL Server\170\DTS\Binn\;C:\Users\ADMIN\AppData\Local\Microsoft\WindowsApps;C:\Program Files\Azure Data Studio\bin;C:\Users\ADMIN\AppData\Roaming\Composer\vendor\bin;C:\Program Files\JetBrains\IntelliJ IDEA 2024.3.1.1\bin;;C:\Program Files\JetBrains\IntelliJ IDEA Community Edition 2024.3.1.1\bin;;C:\Users\ADMIN\Downloads\platform-tools;C:\Users\ADMIN\AppData\Local\Programs\Microsoft VS Code\bin;C:\Users\ADMIN\Downloads\ffmpeg-8.0-essentials_build\ffmpeg-8.0-essentials_build\bin;C:\Users\ADMIN\AppData\Local\Programs\Antigravity\bin
USERNAME=ADMIN
OS=Windows_NT
PROCESSOR_IDENTIFIER=Intel64 Family 6 Model 186 Stepping 2, GenuineIntel
TMP=C:\Users\ADMIN\AppData\Local\Temp
TEMP=C:\Users\ADMIN\AppData\Local\Temp




Periodic native trim disabled

JNI global refs:
JNI global refs: 36, weak refs: 0

JNI global refs memory usage: 835, weak refs: 833

Process memory usage:
Resident Set Size: 437176K (2% of 16393140K total physical memory with 1280668K free physical memory)

OOME stack traces (most recent first):
Classloader memory used:
Loader org.gradle.internal.classloader.VisitableURLClassLoader                         : 38442K
Loader bootstrap                                                                       : 26017K
Loader org.gradle.initialization.MixInLegacyTypesClassLoader                           : 11927K
Loader org.gradle.internal.classloader.VisitableURLClassLoader$InstrumentingVisitableURLClassLoader: 8552K
Loader jdk.internal.loader.ClassLoaders$PlatformClassLoader                            : 504K
Loader jdk.internal.loader.ClassLoaders$AppClassLoader                                 : 235K
Loader org.gradle.internal.classloader.VisitableURLClassLoader                         : 190K
Loader jdk.internal.reflect.DelegatingClassLoader                                      : 178K
Loader org.gradle.groovy.scripts.internal.DefaultScriptCompilationHandler$ScriptClassLoader: 141K
Loader org.codehaus.groovy.runtime.callsite.CallSiteClassLoader                        : 20880B

Classes loaded by more than one classloader:
Class Program                                                                         : loaded 3 times (x 72B)
Class com.google.common.base.Equivalence$Identity                                     : loaded 2 times (x 82B)
Class com.google.common.collect.RegularImmutableMap$KeySet                            : loaded 2 times (x 152B)
Class org.gradle.internal.classloader.FilteringClassLoader                            : loaded 2 times (x 105B)
Class com.google.common.base.CharMatcher$IsEither                                     : loaded 2 times (x 111B)
Class org.gradle.internal.classloader.ClassLoaderHierarchy                            : loaded 2 times (x 70B)
Class com.google.common.util.concurrent.ExecutionError                                : loaded 2 times (x 82B)
Class com.google.common.collect.ImmutableList$1                                       : loaded 2 times (x 97B)
Class org.gradle.api.internal.classpath.ManifestUtil                                  : loaded 2 times (x 71B)
Class com.google.common.collect.RegularImmutableMap                                   : loaded 2 times (x 121B)
Class com.google.common.collect.ImmutableMap$MapViewOfValuesAsSingletonSets           : loaded 2 times (x 126B)
Class [Lorg.objectweb.asm.Symbol;                                                     : loaded 2 times (x 69B)
Class org.objectweb.asm.ClassVisitor                                                  : loaded 2 times (x 88B)
Class com.google.common.collect.UnmodifiableListIterator                              : loaded 2 times (x 95B)
Class [Lcom.google.common.cache.CacheBuilder$OneWeigher;                              : loaded 2 times (x 69B)
Class com.google.common.base.Suppliers                                                : loaded 2 times (x 71B)
Class org.gradle.internal.classloader.DefaultClassLoaderFactory                       : loaded 2 times (x 82B)
Class org.gradle.internal.classloader.ClassLoaderVisitor                              : loaded 2 times (x 76B)
Class [Lcom.google.common.collect.ImmutableMapEntry;                                  : loaded 2 times (x 69B)
Class org.gradle.api.internal.classpath.EffectiveClassPath                            : loaded 2 times (x 90B)
Class com.google.common.collect.ImmutableEnumMap                                      : loaded 2 times (x 126B)
Class org.objectweb.asm.AnnotationVisitor                                             : loaded 2 times (x 78B)
Class org.gradle.api.internal.DefaultClassPathProvider                                : loaded 2 times (x 76B)
Class [Lorg.gradle.api.internal.ClassPathProvider;                                    : loaded 2 times (x 69B)
Class org.gradle.api.internal.ClassPathProvider                                       : loaded 2 times (x 70B)
Class com.google.common.util.concurrent.AbstractFuture$SafeAtomicHelper               : loaded 2 times (x 79B)
Class com.google.common.cache.LocalCache$LocalLoadingCache                            : loaded 2 times (x 134B)
Class org.gradle.internal.service.UnknownServiceException                             : loaded 2 times (x 83B)
Class org.objectweb.asm.ModuleVisitor                                                 : loaded 2 times (x 81B)
Class com.google.common.cache.LocalCache$Strength$1                                   : loaded 2 times (x 81B)
Class com.google.common.util.concurrent.SettableFuture                                : loaded 2 times (x 114B)
Class com.google.common.cache.LocalCache$Strength$2                                   : loaded 2 times (x 81B)
Class com.google.common.cache.LocalCache$Strength$3                                   : loaded 2 times (x 81B)
Class com.google.common.collect.MapDifference                                         : loaded 2 times (x 70B)
Class org.objectweb.asm.FieldWriter                                                   : loaded 2 times (x 78B)
Class com.google.common.cache.CacheBuilder$NullListener                               : loaded 2 times (x 82B)
Class org.gradle.internal.classpath.TransformedClassPath                              : loaded 2 times (x 96B)
Class org.gradle.internal.classloader.InstrumentingClassLoader                        : loaded 2 times (x 70B)
Class com.google.common.cache.CacheLoader$FunctionToCacheLoader                       : loaded 2 times (x 75B)
Class com.google.common.collect.Iterators$ArrayItr                                    : loaded 2 times (x 97B)
Class com.google.common.collect.ImmutableCollection$Builder                           : loaded 2 times (x 76B)
Class com.google.common.base.MoreObjects                                              : loaded 2 times (x 71B)
Class [Lorg.objectweb.asm.Type;                                                       : loaded 2 times (x 69B)
Class com.google.common.collect.UnmodifiableIterator                                  : loaded 2 times (x 80B)
Class org.gradle.internal.service.ServiceLocator                                      : loaded 2 times (x 70B)
Class com.google.common.collect.SingletonImmutableBiMap                               : loaded 2 times (x 143B)
Class com.google.common.cache.LocalCache$1                                            : loaded 2 times (x 89B)
Class com.google.common.collect.AbstractMapEntry                                      : loaded 2 times (x 81B)
Class ijJvmDebugger1_amxldhla0sgtknc2p75ob1gmp$_run_closure1$_closure2                : loaded 2 times (x 140B)
Class com.google.common.cache.LocalCache$2                                            : loaded 2 times (x 142B)
Class com.google.common.util.concurrent.AbstractFuture$UnsafeAtomicHelper$1           : loaded 2 times (x 76B)
Class com.google.common.collect.RegularImmutableAsList                                : loaded 2 times (x 217B)
Class com.google.common.util.concurrent.AbstractFuture$Trusted                        : loaded 2 times (x 70B)
Class com.google.common.collect.Iterators                                             : loaded 2 times (x 71B)
Class com.google.common.util.concurrent.UncheckedExecutionException                   : loaded 2 times (x 82B)
Class org.gradle.internal.InternalTransformer                                         : loaded 2 times (x 70B)
Class org.objectweb.asm.ClassWriter                                                   : loaded 2 times (x 106B)
Class com.google.common.base.CharMatcher$And                                          : loaded 2 times (x 112B)
Class com.google.common.cache.CacheLoader$UnsupportedLoadingOperationException        : loaded 2 times (x 82B)
Class org.gradle.internal.classloader.ClasspathUtil$1                                 : loaded 2 times (x 76B)
Class org.objectweb.asm.FieldVisitor                                                  : loaded 2 times (x 77B)
Class com.google.common.collect.IndexedImmutableSet                                   : loaded 2 times (x 152B)
Class com.google.common.collect.ImmutableMap$1                                        : loaded 2 times (x 81B)
Class com.google.common.collect.BiMap                                                 : loaded 2 times (x 70B)
Class org.gradle.api.internal.classpath.DefaultModuleRegistry$DefaultModule           : loaded 2 times (x 86B)
Class com.google.common.collect.AbstractIterator                                      : loaded 2 times (x 82B)
Class com.google.common.collect.AbstractIndexedListIterator                           : loaded 2 times (x 96B)
Class com.google.common.math.MathPreconditions                                        : loaded 2 times (x 71B)
Class com.google.common.collect.ImmutableMapEntrySet                                  : loaded 2 times (x 152B)
Class org.gradle.api.internal.classpath.Module                                        : loaded 2 times (x 70B)
Class com.google.common.cache.Weigher                                                 : loaded 2 times (x 70B)
Class org.gradle.api.internal.classpath.UnknownModuleException                        : loaded 2 times (x 82B)
Class com.google.common.base.Stopwatch                                                : loaded 2 times (x 72B)
Class com.google.common.cache.LocalCache$Strength                                     : loaded 2 times (x 81B)
Class com.google.common.cache.Cache                                                   : loaded 2 times (x 70B)
Class com.google.common.util.concurrent.AbstractFuture$Cancellation                   : loaded 2 times (x 72B)
Class com.google.common.collect.ImmutableMap$Builder                                  : loaded 2 times (x 82B)
Class com.google.common.cache.RemovalListener                                         : loaded 2 times (x 70B)
Class org.gradle.api.internal.DefaultClassPathRegistry                                : loaded 2 times (x 76B)
Class org.gradle.api.internal.ClassPathRegistry                                       : loaded 2 times (x 70B)
Class org.gradle.internal.classpath.DefaultClassPath$ImmutableUniqueList              : loaded 2 times (x 199B)
Class com.google.common.cache.CacheBuilder                                            : loaded 2 times (x 72B)
Class com.google.common.collect.SingletonImmutableList                                : loaded 2 times (x 207B)
Class com.google.common.base.PairwiseEquivalence                                      : loaded 2 times (x 83B)
Class Settings_gradle$1                                                               : loaded 2 times (x 74B)
Class ijKotlinCoroutineJvmDebugInit1_d5t7rhvdx4fr9ghubjyipk6vu$_run_closure1$_closure2: loaded 2 times (x 139B)
Class org.gradle.internal.classpath.ClassPath                                         : loaded 2 times (x 70B)
Class org.gradle.api.UncheckedIOException                                             : loaded 2 times (x 82B)
Class com.google.common.collect.ImmutableList$ReverseImmutableList                    : loaded 2 times (x 209B)
Class org.objectweb.asm.SymbolTable$Entry                                             : loaded 2 times (x 74B)
Class com.google.common.util.concurrent.AbstractFuture$AtomicHelper                   : loaded 2 times (x 78B)
Class com.google.common.base.Suppliers$SupplierOfInstance                             : loaded 2 times (x 79B)
Class com.google.common.collect.Iterators$1                                           : loaded 2 times (x 81B)
Class com.google.common.cache.LocalCache$ComputingValueReference                      : loaded 2 times (x 96B)
Class com.google.common.collect.SingletonImmutableSet                                 : loaded 2 times (x 146B)
Class com.google.common.collect.ImmutableMap$IteratorBasedImmutableMap                : loaded 2 times (x 126B)
Class com.google.common.cache.LocalCache$Segment                                      : loaded 2 times (x 154B)
Class [Lorg.objectweb.asm.SymbolTable$Entry;                                          : loaded 2 times (x 69B)
Class com.google.common.cache.CacheLoader                                             : loaded 2 times (x 74B)
Class com.google.common.collect.Iterators$4                                           : loaded 2 times (x 82B)
Class com.google.common.collect.ImmutableBiMap                                        : loaded 2 times (x 143B)
Class org.gradle.internal.installation.GradleInstallation$1                           : loaded 2 times (x 75B)
Class org.gradle.api.internal.classpath.ModuleRegistry                                : loaded 2 times (x 70B)
Class com.google.common.util.concurrent.internal.InternalFutureFailureAccess          : loaded 2 times (x 72B)
Class com.google.common.collect.Iterators$5                                           : loaded 2 times (x 82B)
Class com.google.common.collect.ImmutableSet$JdkBackedSetBuilderImpl                  : loaded 2 times (x 76B)
Class com.google.common.util.concurrent.AbstractFuture$UnsafeAtomicHelper             : loaded 2 times (x 78B)
Class com.google.common.base.CharMatcher$ForPredicate                                 : loaded 2 times (x 112B)
Class com.google.common.cache.LocalCache$LocalManualCache$1                           : loaded 2 times (x 75B)
Class com.google.common.base.CharMatcher$AnyOf                                        : loaded 2 times (x 112B)
Class com.google.common.collect.ImmutableCollection                                   : loaded 2 times (x 125B)
Class ijKotlinCoroutineJvmDebugInit1_d5t7rhvdx4fr9ghubjyipk6vu                        : loaded 2 times (x 179B)
Class org.gradle.api.internal.classpath.DefaultModuleRegistry                         : loaded 2 times (x 86B)
Class com.google.common.util.concurrent.ListenableFuture                              : loaded 2 times (x 70B)
Class com.google.common.cache.ReferenceEntry                                          : loaded 2 times (x 70B)
Class com.google.common.base.Converter                                                : loaded 2 times (x 90B)
Class com.google.common.collect.ImmutableSet$CachingAsList                            : loaded 2 times (x 148B)
Class com.google.common.util.concurrent.AbstractFuture                                : loaded 2 times (x 106B)
Class com.google.common.base.FunctionalEquivalence                                    : loaded 2 times (x 83B)
Class com.google.common.collect.Iterators$9                                           : loaded 2 times (x 81B)
Class com.google.common.collect.ImmutableAsList                                       : loaded 2 times (x 209B)
Class org.objectweb.asm.RecordComponentVisitor                                        : loaded 2 times (x 77B)
Class com.google.common.cache.CacheLoader$SupplierToCacheLoader                       : loaded 2 times (x 75B)
Class com.google.common.collect.Maps$EntryTransformer                                 : loaded 2 times (x 70B)
Class org.gradle.internal.service.ServiceLookupException                              : loaded 2 times (x 82B)
Class [Lcom.google.common.cache.LocalCache$EntryFactory;                              : loaded 2 times (x 69B)
Class org.gradle.internal.classloader.ClassLoaderFactory                              : loaded 2 times (x 70B)
Class com.google.common.base.CharMatcher$IsNot                                        : loaded 2 times (x 111B)
Class com.google.common.cache.LocalCache$LocalManualCache                             : loaded 2 times (x 99B)
Class org.gradle.internal.service.CachingServiceLocator                               : loaded 2 times (x 82B)
Class com.google.common.math.IntMath                                                  : loaded 2 times (x 71B)
Class com.google.common.collect.ImmutableMapEntry                                     : loaded 2 times (x 85B)
Class com.google.common.base.Equivalence                                              : loaded 2 times (x 82B)
Class com.google.common.base.Function                                                 : loaded 2 times (x 70B)
Class com.google.common.collect.ImmutableMapEntry$NonTerminalImmutableMapEntry        : loaded 2 times (x 85B)
Class com.google.common.collect.IndexedImmutableSet$1                                 : loaded 2 times (x 213B)
Class com.google.common.cache.CacheBuilder$OneWeigher                                 : loaded 2 times (x 82B)
Class com.google.common.collect.RegularImmutableList                                  : loaded 2 times (x 213B)
Class org.gradle.internal.classloader.ClasspathUtil                                   : loaded 2 times (x 71B)
Class com.google.common.util.concurrent.Uninterruptibles                              : loaded 2 times (x 71B)
Class com.google.common.collect.Maps                                                  : loaded 2 times (x 71B)
Class ijKotlinCoroutineJvmDebugInit1_d5t7rhvdx4fr9ghubjyipk6vu$_run_closure1          : loaded 2 times (x 139B)
Class org.gradle.api.specs.Spec                                                       : loaded 2 times (x 70B)
Class [Lcom.google.common.collect.ImmutableEntry;                                     : loaded 2 times (x 69B)
Class com.google.common.cache.LocalCache$LoadingValueReference                        : loaded 2 times (x 96B)
Class com.google.common.collect.Maps$8                                                : loaded 2 times (x 82B)
Class com.google.common.cache.LocalCache$StrongValueReference                         : loaded 2 times (x 90B)
Class com.google.common.util.concurrent.AbstractFuture$SynchronizedHelper             : loaded 2 times (x 78B)
Class org.objectweb.asm.Type                                                          : loaded 2 times (x 72B)
Class org.gradle.internal.classloader.VisitableURLClassLoader$InstrumentingVisitableURLClassLoader: loaded 2 times (x 123B)
Class org.objectweb.asm.ByteVector                                                    : loaded 2 times (x 79B)
Class [Lcom.google.common.cache.CacheBuilder$NullListener;                            : loaded 2 times (x 69B)
Class com.google.common.math.IntMath$1                                                : loaded 2 times (x 71B)
Class org.gradle.internal.classloader.VisitableURLClassLoader$Spec                    : loaded 2 times (x 74B)
Class org.gradle.internal.classpath.DefaultClassPath                                  : loaded 2 times (x 90B)
Class org.objectweb.asm.Symbol                                                        : loaded 2 times (x 73B)
Class com.google.common.base.CharMatcher$Ascii                                        : loaded 2 times (x 112B)
Class com.google.common.base.CharMatcher$BitSetMatcher                                : loaded 2 times (x 112B)
Class com.google.common.collect.RegularImmutableMap$Values                            : loaded 2 times (x 207B)
Class com.google.common.collect.ImmutableSet                                          : loaded 2 times (x 145B)
Class org.gradle.internal.classloader.ClassLoaderSpec                                 : loaded 2 times (x 71B)
Class org.objectweb.asm.AnnotationWriter                                              : loaded 2 times (x 79B)
Class com.google.common.cache.CacheStats                                              : loaded 2 times (x 71B)
Class ijJvmDebugger1_amxldhla0sgtknc2p75ob1gmp                                        : loaded 2 times (x 179B)
Class org.objectweb.asm.RecordComponentWriter                                         : loaded 2 times (x 78B)
Class com.google.common.util.concurrent.AbstractFuture$Listener                       : loaded 2 times (x 72B)
Class com.google.common.base.CharMatcher$Or                                           : loaded 2 times (x 112B)
Class Settings_gradle$1$1                                                             : loaded 2 times (x 74B)
Class com.google.common.base.Supplier                                                 : loaded 2 times (x 70B)
Class org.gradle.internal.classloader.VisitableURLClassLoader                         : loaded 2 times (x 117B)
Class com.google.common.util.concurrent.AbstractFuture$Waiter                         : loaded 2 times (x 72B)
Class Settings_gradle                                                                 : loaded 2 times (x 128B)
Class org.gradle.internal.Cast                                                        : loaded 2 times (x 71B)
Class org.gradle.api.Action                                                           : loaded 2 times (x 70B)
Class com.google.common.base.CharMatcher$FastMatcher                                  : loaded 2 times (x 111B)
Class com.google.common.base.Ticker                                                   : loaded 2 times (x 72B)
Class [Lcom.google.common.cache.LocalCache$Segment;                                   : loaded 2 times (x 69B)
Class com.google.common.base.Predicate                                                : loaded 2 times (x 70B)
Class [Lcom.google.common.cache.LocalCache$Strength;                                  : loaded 2 times (x 69B)
Class com.google.common.cache.CacheBuilder$1                                          : loaded 2 times (x 85B)
Class com.google.common.collect.ImmutableMap                                          : loaded 2 times (x 120B)
Class org.gradle.internal.classpath.DefaultClassPath$ImmutableUniqueList$Builder      : loaded 2 times (x 75B)
Class com.google.common.base.CharMatcher$NegatedFastMatcher                           : loaded 2 times (x 113B)
Class com.google.common.cache.LocalCache                                              : loaded 2 times (x 187B)
Class com.google.common.cache.CacheBuilder$2                                          : loaded 2 times (x 79B)
Class com.google.common.cache.CacheBuilder$3                                          : loaded 2 times (x 72B)
Class [Lcom.google.common.collect.AbstractMapEntry;                                   : loaded 2 times (x 69B)
Class com.google.common.collect.ImmutableEntry                                        : loaded 2 times (x 82B)
Class org.gradle.api.GradleException                                                  : loaded 2 times (x 82B)
Class com.google.common.collect.CollectPreconditions                                  : loaded 2 times (x 71B)
Class com.google.common.collect.SortedMapDifference                                   : loaded 2 times (x 70B)
Class ijJvmDebugger1_amxldhla0sgtknc2p75ob1gmp$_run_closure1                          : loaded 2 times (x 139B)
Class com.google.common.cache.LocalCache$EntryFactory                                 : loaded 2 times (x 83B)
Class com.google.common.cache.LocalCache$AbstractReferenceEntry                       : loaded 2 times (x 107B)
Class org.gradle.internal.IoActions                                                   : loaded 2 times (x 71B)
Class org.objectweb.asm.SymbolTable                                                   : loaded 2 times (x 72B)
Class com.google.common.cache.CacheLoader$InvalidCacheLoadException                   : loaded 2 times (x 82B)
Class com.google.common.collect.ImmutableSet$RegularSetBuilderImpl                    : loaded 2 times (x 77B)
Class org.gradle.internal.classloader.SystemClassLoaderSpec                           : loaded 2 times (x 71B)
Class com.google.common.cache.LocalCache$StrongEntry                                  : loaded 2 times (x 108B)
Class com.google.common.util.concurrent.AbstractFuture$TrustedFuture                  : loaded 2 times (x 114B)
Class com.google.common.cache.LoadingCache                                            : loaded 2 times (x 70B)
Class org.objectweb.asm.MethodWriter                                                  : loaded 2 times (x 106B)
Class [Lcom.google.common.cache.Weigher;                                              : loaded 2 times (x 69B)
Class com.google.common.collect.RegularImmutableMap$BucketOverflowException           : loaded 2 times (x 82B)
Class com.google.common.collect.RegularImmutableBiMap                                 : loaded 2 times (x 149B)
Class com.google.common.base.CharMatcher$Negated                                      : loaded 2 times (x 113B)
Class com.google.common.base.CharMatcher$Is                                           : loaded 2 times (x 111B)
Class com.google.common.cache.LocalCache$ValueReference                               : loaded 2 times (x 70B)
Class com.google.common.util.concurrent.AbstractFuture$Failure                        : loaded 2 times (x 72B)
Class com.google.common.base.Equivalence$Equals                                       : loaded 2 times (x 82B)
Class com.google.common.collect.Hashing                                               : loaded 2 times (x 71B)
Class com.google.common.base.Preconditions                                            : loaded 2 times (x 71B)
Class org.objectweb.asm.ClassTooLargeException                                        : loaded 2 times (x 83B)
Class com.google.common.base.CharMatcher                                              : loaded 2 times (x 111B)
Class com.google.common.collect.PeekingIterator                                       : loaded 2 times (x 70B)
Class org.objectweb.asm.MethodVisitor                                                 : loaded 2 times (x 105B)
Class com.google.common.base.CharMatcher$1                                            : loaded 2 times (x 113B)
Class com.google.common.base.CharMatcher$NamedFastMatcher                             : loaded 2 times (x 112B)
Class com.google.common.cache.LocalCache$EntryFactory$1                               : loaded 2 times (x 83B)
Class [Lcom.google.common.cache.RemovalListener;                                      : loaded 2 times (x 69B)
Class com.google.common.cache.LocalCache$EntryFactory$2                               : loaded 2 times (x 83B)
Class org.gradle.api.internal.classpath.GlobalCacheRootsProvider                      : loaded 2 times (x 70B)
Class org.objectweb.asm.ModuleWriter                                                  : loaded 2 times (x 82B)
Class com.google.common.cache.LocalCache$EntryFactory$3                               : loaded 2 times (x 83B)
Class com.google.common.base.Ticker$1                                                 : loaded 2 times (x 72B)
Class com.google.common.collect.Maps$BiMapConverter                                   : loaded 2 times (x 90B)
Class com.google.common.collect.ImmutableMapEntrySet$RegularEntrySet                  : loaded 2 times (x 152B)
Class com.google.common.base.CharMatcher$InRange                                      : loaded 2 times (x 111B)
Class com.google.common.cache.LocalCache$EntryFactory$4                               : loaded 2 times (x 83B)
Class com.google.common.collect.ImmutableSet$Builder                                  : loaded 2 times (x 85B)
Class com.google.common.cache.LocalCache$EntryFactory$5                               : loaded 2 times (x 83B)
Class com.google.common.cache.LocalCache$EntryFactory$6                               : loaded 2 times (x 83B)
Class org.gradle.internal.installation.CurrentGradleInstallationLocator               : loaded 2 times (x 71B)
Class com.google.common.cache.LocalCache$EntryFactory$7                               : loaded 2 times (x 83B)
Class com.google.common.collect.ImmutableSet$EmptySetBuilderImpl                      : loaded 2 times (x 76B)
Class com.google.common.collect.ImmutableList                                         : loaded 2 times (x 206B)
Class org.gradle.internal.service.DefaultServiceLocator                               : loaded 2 times (x 83B)
Class com.google.common.cache.LocalCache$EntryFactory$8                               : loaded 2 times (x 83B)
Class com.google.common.collect.ImmutableSet$SetBuilderImpl                           : loaded 2 times (x 76B)
Class org.gradle.internal.installation.CurrentGradleInstallation                      : loaded 2 times (x 73B)
Class com.google.common.cache.CacheLoader$1                                           : loaded 2 times (x 75B)
Class com.google.common.collect.ImmutableList$SubList                                 : loaded 2 times (x 209B)
Class org.gradle.util.internal.GUtil                                                  : loaded 2 times (x 71B)
Class com.google.common.util.concurrent.AbstractFuture$SetFuture                      : loaded 2 times (x 75B)
Class com.google.common.cache.AbstractCache$StatsCounter                              : loaded 2 times (x 70B)
Class com.google.common.collect.Iterators$MergingIterator                             : loaded 2 times (x 81B)
Class com.google.common.collect.RegularImmutableSet                                   : loaded 2 times (x 149B)
Class org.gradle.internal.installation.GradleInstallation                             : loaded 2 times (x 75B)
Class com.google.common.collect.Iterables                                             : loaded 2 times (x 71B)

---------------  S Y S T E M  ---------------

OS:
 Windows 11 , 64 bit Build 26100 (10.0.26100.7920)
OS uptime: 5 days 8:57 hours

CPU: total 16 (initial active 16) (8 cores per cpu, 2 threads per core) family 6 model 186 stepping 2 microcode 0x410e, cx8, cmov, fxsr, ht, mmx, 3dnowpref, sse, sse2, sse3, ssse3, sse4.1, sse4.2, popcnt, lzcnt, tsc, tscinvbit, avx, avx2, aes, erms, clmul, bmi1, bmi2, adx, sha, fma, vzeroupper, clflush, clflushopt, clwb, serialize, rdtscp, rdpid, fsrm, f16c, pku, cet_ibt, cet_ss
Processor Information for processor 0
  Max Mhz: 2600, Current Mhz: 2600, Mhz Limit: 2600
Processor Information for processor 1
  Max Mhz: 2600, Current Mhz: 2600, Mhz Limit: 2600
Processor Information for processor 2
  Max Mhz: 2600, Current Mhz: 2600, Mhz Limit: 2600
Processor Information for processor 3
  Max Mhz: 2600, Current Mhz: 2600, Mhz Limit: 2600
Processor Information for processor 4
  Max Mhz: 2600, Current Mhz: 2600, Mhz Limit: 2600
Processor Information for processor 5
  Max Mhz: 2600, Current Mhz: 2600, Mhz Limit: 2600
Processor Information for processor 6
  Max Mhz: 2600, Current Mhz: 2600, Mhz Limit: 2600
Processor Information for processor 7
  Max Mhz: 2600, Current Mhz: 2600, Mhz Limit: 2600
Processor Information for processor 8
  Max Mhz: 2600, Current Mhz: 1900, Mhz Limit: 1898
Processor Information for processor 9
  Max Mhz: 2600, Current Mhz: 1900, Mhz Limit: 1898
Processor Information for processor 10
  Max Mhz: 2600, Current Mhz: 1900, Mhz Limit: 1898
Processor Information for processor 11
  Max Mhz: 2600, Current Mhz: 1900, Mhz Limit: 1898
Processor Information for processor 12
  Max Mhz: 2600, Current Mhz: 1500, Mhz Limit: 1898
Processor Information for processor 13
  Max Mhz: 2600, Current Mhz: 1900, Mhz Limit: 1898
Processor Information for processor 14
  Max Mhz: 2600, Current Mhz: 1900, Mhz Limit: 1898
Processor Information for processor 15
  Max Mhz: 2600, Current Mhz: 1900, Mhz Limit: 1898

Memory: 4k page, system-wide physical 16008M (1250M free)
TotalPageFile size 20104M (AvailPageFile size 28M)
current process WorkingSet (physical memory assigned to process): 428M, peak: 444M
current process commit charge ("private bytes"): 475M, peak: 496M

vm_info: OpenJDK 64-Bit Server VM (21.0.9+-14787801-b1163.94) for windows-amd64 JRE (21.0.9+-14787801-b1163.94), built on 2026-01-27T21:15:44Z by "builder" with MS VC++ 16.10 / 16.11 (VS2019)

END.
