#
# There is insufficient memory for the Java Runtime Environment to continue.
# Native memory allocation (malloc) failed to allocate 503696 bytes. Error detail: Chunk::new
# Possible reasons:
#   The system is out of physical RAM or swap space
#   This process is running with CompressedOops enabled, and the Java Heap may be blocking the growth of the native heap
# Possible solutions:
#   Reduce memory load on the system
#   Increase physical memory or swap space
#   Check if swap backing store is full
#   Decrease Java heap size (-Xmx/-Xms)
#   Decrease number of Java threads
#   Decrease Java thread stack sizes (-Xss)
#   Set larger code cache with -XX:ReservedCodeCacheSize=
#   JVM is running with Zero Based Compressed Oops mode in which the Java heap is
#     placed in the first 32GB address space. The Java Heap base address is the
#     maximum limit for the native heap growth. Please use -XX:HeapBaseMinAddress
#     to set the Java Heap base and to place the Java Heap above 32GB virtual address.
# This output file may be truncated or incomplete.
#
#  Out of Memory Error (arena.cpp:168), pid=23084, tid=9904
#
# JRE version: OpenJDK Runtime Environment (21.0.9) (build 21.0.9+-14787801-b1163.94)
# Java VM: OpenJDK 64-Bit Server VM (21.0.9+-14787801-b1163.94, mixed mode, tiered, compressed oops, compressed class ptrs, g1 gc, windows-amd64)
# No core dump will be written. Minidumps are not enabled by default on client versions of Windows
#

---------------  S U M M A R Y ------------

Command Line: --add-opens=java.base/java.lang=ALL-UNNAMED --add-opens=java.base/java.lang.invoke=ALL-UNNAMED --add-opens=java.base/java.util=ALL-UNNAMED --add-opens=java.prefs/java.util.prefs=ALL-UNNAMED --add-exports=jdk.compiler/com.sun.tools.javac.api=ALL-UNNAMED --add-exports=jdk.compiler/com.sun.tools.javac.util=ALL-UNNAMED --add-opens=java.base/java.util=ALL-UNNAMED --add-opens=java.prefs/java.util.prefs=ALL-UNNAMED --add-opens=java.base/java.nio.charset=ALL-UNNAMED --add-opens=java.base/java.net=ALL-UNNAMED --add-opens=java.base/java.util.concurrent.atomic=ALL-UNNAMED --add-opens=java.xml/javax.xml.namespace=ALL-UNNAMED -XX:MaxMetaspaceSize=1024m -Xmx4096m -Dfile.encoding=UTF-8 -Duser.country=US -Duser.language=en -Duser.variant -javaagent:C:\Users\ADMIN\.gradle\wrapper\dists\gradle-8.13-bin\5xuhj0ry160q40clulazy9h7d\gradle-8.13\lib\agents\gradle-instrumentation-agent-8.13.jar org.gradle.launcher.daemon.bootstrap.GradleDaemon 8.13

Host: 13th Gen Intel(R) Core(TM) i5-13500H, 16 cores, 15G,  Windows 11 , 64 bit Build 26100 (10.0.26100.7920)
Time: Tue Apr  7 19:54:38 2026 SE Asia Standard Time elapsed time: 31.395916 seconds (0d 0h 0m 31s)

---------------  T H R E A D  ---------------

Current thread (0x000002705d136f90):  JavaThread "C2 CompilerThread1" daemon [_thread_in_native, id=9904, stack(0x000000ff43f00000,0x000000ff44000000) (1024K)]


Current CompileTask:
C2:31396 16231   !   4       java.io.IoOverNioFileSystem::initializeStreamsUsingNio0 (126 bytes)

Stack: [0x000000ff43f00000,0x000000ff44000000]
Native frames: (J=compiled Java code, j=interpreted, Vv=VM code, C=native code)
V  [jvm.dll+0x6d6c99]
V  [jvm.dll+0x866b83]
V  [jvm.dll+0x8691ae]
V  [jvm.dll+0x869893]
V  [jvm.dll+0x280776]
V  [jvm.dll+0xc07cd]
V  [jvm.dll+0xc0d03]
V  [jvm.dll+0x3b9831]
V  [jvm.dll+0x3856a7]
V  [jvm.dll+0x384b1a]
V  [jvm.dll+0x249462]
V  [jvm.dll+0x248a31]
V  [jvm.dll+0x1c7344]
V  [jvm.dll+0x2581ae]
V  [jvm.dll+0x2566f6]
V  [jvm.dll+0x3f48a6]
V  [jvm.dll+0x80f118]
V  [jvm.dll+0x6d54ed]
C  [ucrtbase.dll+0x37b0]
C  [KERNEL32.DLL+0x2e8d7]
C  [ntdll.dll+0x8c48c]


---------------  P R O C E S S  ---------------

Threads class SMR info:
_java_thread_list=0x000002706295d1d0, length=147, elements={
0x0000027037587bb0, 0x00000270544abf60, 0x00000270544b0000, 0x00000270544b96e0,
0x00000270544e9c80, 0x00000270544ea6e0, 0x00000270544ebcb0, 0x00000270544ec710,
0x00000270544ed4a0, 0x00000270544fcac0, 0x00000270547cee90, 0x000002705aa121b0,
0x000002705ae07000, 0x0000027059fcd6f0, 0x0000027059a083c0, 0x00000270593c7d70,
0x000002705aee8830, 0x00000270593c7530, 0x000002705ad2b7b0, 0x000002705ad2aa90,
0x000002705ad28330, 0x000002705ad2b120, 0x000002705ad2a400, 0x000002705ad29050,
0x000002705ad29d70, 0x0000027054815550, 0x0000027054817cb0, 0x0000027054815be0,
0x0000027054816270, 0x0000027054816f90, 0x0000027054818340, 0x0000027054816900,
0x0000027054817620, 0x0000027054814ec0, 0x000002705481be50, 0x00000270548189d0,
0x000002705481aaa0, 0x0000027054819d80, 0x000002705481a410, 0x00000270548196f0,
0x000002705481b130, 0x0000027054819060, 0x000002705481b7c0, 0x000002705481c4e0,
0x000002705df49480, 0x000002705df480d0, 0x000002705df4b550, 0x000002705df4c900,
0x000002705df4a830, 0x000002705df4e340, 0x000002705df4c270, 0x000002705a4e5a40,
0x000002705a4e6760, 0x000002705a4e4d20, 0x000002705df473b0, 0x000002705df4dcb0,
0x000002705df4aec0, 0x000002705c02a9d0, 0x000002705c02bd80, 0x000002705c02de50,
0x000002705c02b060, 0x000002705c02c410, 0x000002705c02caa0, 0x000002705c02e4e0,
0x000002705c02eb70, 0x000002705c02b6f0, 0x000002705c02f200, 0x000002705c02f890,
0x000002705c0305b0, 0x000002705c02ff20, 0x000002705c02d130, 0x000002705c030c40,
0x000002705c02d7c0, 0x000002705c031960, 0x000002705c0312d0, 0x000002705ea5ae40,
0x000002705ea5e2c0, 0x000002705ea5e950, 0x000002705ea5efe0, 0x000002705ea5bb60,
0x000002705ea5f670, 0x000002705ea5fd00, 0x000002705ea610b0, 0x000002705ea60390,
0x000002705ea60a20, 0x000002705d441c50, 0x000002705d440210, 0x000002705d43fb80,
0x000002705d4422e0, 0x000002705d43ee60, 0x000002705d43f4f0, 0x000002705d4408a0,
0x000002705d440f30, 0x000002705a4e7480, 0x000002705a4e53b0, 0x000002705a4e60d0,
0x000002705df4cf90, 0x000002705df4d620, 0x000002705f8b5910, 0x000002705f8b5fa0,
0x000002705f8b5280, 0x000002705f8b79e0, 0x000002705f8b8d90, 0x000002705f8b9ab0,
0x000002705f8b9420, 0x00000270612a0250, 0x000002706129fbc0, 0x00000270612a08e0,
0x000002706129daf0, 0x000002706129e180, 0x000002706129e810, 0x000002706129eea0,
0x000002706129f530, 0x000002706129d460, 0x00000270612a43f0, 0x00000270612a1c90,
0x00000270612a1600, 0x00000270612a0f70, 0x00000270612a2320, 0x00000270612a36d0,
0x000002705e7c1f30, 0x000002705e7c25c0, 0x000002705f8b8070, 0x00000270623a0fb0,
0x00000270623a4ac0, 0x00000270623a5150, 0x00000270623a1cd0, 0x00000270623a3710,
0x00000270623a5e70, 0x00000270623a57e0, 0x00000270623a6500, 0x00000270623a3080,
0x00000270623a8c60, 0x00000270623a78b0, 0x00000270623a6b90, 0x00000270623a9980,
0x00000270623a7f40, 0x00000270623a85d0, 0x00000270623a92f0, 0x00000270623aa6a0,
0x00000270623aa010, 0x00000270623a7220, 0x00000270623adb20, 0x000002705d136f90,
0x000002705d13c820, 0x000002705d13b3b0, 0x000002705d1391a0
}

Java Threads: ( => current thread )
  0x0000027037587bb0 JavaThread "main"                              [_thread_blocked, id=15392, stack(0x000000ff42e00000,0x000000ff42f00000) (1024K)]
  0x00000270544abf60 JavaThread "Common-Cleaner"             daemon [_thread_blocked, id=7124, stack(0x000000ff43600000,0x000000ff43700000) (1024K)]
  0x00000270544b0000 JavaThread "Reference Handler"          daemon [_thread_blocked, id=23280, stack(0x000000ff43700000,0x000000ff43800000) (1024K)]
  0x00000270544b96e0 JavaThread "Finalizer"                  daemon [_thread_blocked, id=13264, stack(0x000000ff43800000,0x000000ff43900000) (1024K)]
  0x00000270544e9c80 JavaThread "Signal Dispatcher"          daemon [_thread_blocked, id=5024, stack(0x000000ff43900000,0x000000ff43a00000) (1024K)]
  0x00000270544ea6e0 JavaThread "Attach Listener"            daemon [_thread_blocked, id=20860, stack(0x000000ff43a00000,0x000000ff43b00000) (1024K)]
  0x00000270544ebcb0 JavaThread "Service Thread"             daemon [_thread_blocked, id=14836, stack(0x000000ff43b00000,0x000000ff43c00000) (1024K)]
  0x00000270544ec710 JavaThread "Monitor Deflation Thread"   daemon [_thread_blocked, id=12804, stack(0x000000ff43c00000,0x000000ff43d00000) (1024K)]
  0x00000270544ed4a0 JavaThread "C2 CompilerThread0"         daemon [_thread_in_native, id=15180, stack(0x000000ff43d00000,0x000000ff43e00000) (1024K)]
  0x00000270544fcac0 JavaThread "C1 CompilerThread0"         daemon [_thread_blocked, id=13900, stack(0x000000ff43e00000,0x000000ff43f00000) (1024K)]
  0x00000270547cee90 JavaThread "Notification Thread"        daemon [_thread_blocked, id=14432, stack(0x000000ff44100000,0x000000ff44200000) (1024K)]
  0x000002705aa121b0 JavaThread "Daemon health stats"               [_thread_blocked, id=5332, stack(0x000000ff44900000,0x000000ff44a00000) (1024K)]
  0x000002705ae07000 JavaThread "Incoming local TCP Connector on port 56072"        [_thread_in_native, id=18444, stack(0x000000ff44b00000,0x000000ff44c00000) (1024K)]
  0x0000027059fcd6f0 JavaThread "Daemon periodic checks"            [_thread_blocked, id=2792, stack(0x000000ff44c00000,0x000000ff44d00000) (1024K)]
  0x0000027059a083c0 JavaThread "Daemon"                            [_thread_blocked, id=24336, stack(0x000000ff44200000,0x000000ff44300000) (1024K)]
  0x00000270593c7d70 JavaThread "Handler for socket connection from /127.0.0.1:56072 to /127.0.0.1:56073"        [_thread_in_native, id=26952, stack(0x000000ff44a00000,0x000000ff44b00000) (1024K)]
  0x000002705aee8830 JavaThread "Cancel handler"                    [_thread_blocked, id=9920, stack(0x000000ff45600000,0x000000ff45700000) (1024K)]
  0x00000270593c7530 JavaThread "Daemon worker"                     [_thread_blocked, id=23328, stack(0x000000ff45700000,0x000000ff45800000) (1024K)]
  0x000002705ad2b7b0 JavaThread "Asynchronous log dispatcher for DefaultDaemonConnection: socket connection from /127.0.0.1:56072 to /127.0.0.1:56073"        [_thread_blocked, id=20536, stack(0x000000ff45800000,0x000000ff45900000) (1024K)]
  0x000002705ad2aa90 JavaThread "Stdin handler"                     [_thread_blocked, id=12160, stack(0x000000ff45900000,0x000000ff45a00000) (1024K)]
  0x000002705ad28330 JavaThread "Daemon client event forwarder"        [_thread_blocked, id=12092, stack(0x000000ff45a00000,0x000000ff45b00000) (1024K)]
  0x000002705ad2b120 JavaThread "Cache worker for journal cache (C:\Users\ADMIN\.gradle\caches\journal-1)"        [_thread_blocked, id=4144, stack(0x000000ff45c00000,0x000000ff45d00000) (1024K)]
  0x000002705ad2a400 JavaThread "File lock request listener"        [_thread_in_native, id=27564, stack(0x000000ff45d00000,0x000000ff45e00000) (1024K)]
  0x000002705ad29050 JavaThread "Cache worker for file hash cache (C:\Users\ADMIN\.gradle\caches\8.13\fileHashes)"        [_thread_blocked, id=25356, stack(0x000000ff45e00000,0x000000ff45f00000) (1024K)]
  0x000002705ad29d70 JavaThread "Cache worker for file hash cache (D:\AndroidStudioProjects\DACN_1\FinFit\.gradle\8.13\fileHashes)"        [_thread_blocked, id=19420, stack(0x000000ff46200000,0x000000ff46300000) (1024K)]
  0x0000027054815550 JavaThread "Cache worker for Build Output Cleanup Cache (D:\AndroidStudioProjects\DACN_1\FinFit\.gradle\buildOutputCleanup)"        [_thread_blocked, id=4388, stack(0x000000ff46300000,0x000000ff46400000) (1024K)]
  0x0000027054817cb0 JavaThread "File watcher server"        daemon [_thread_in_native, id=27300, stack(0x000000ff46400000,0x000000ff46500000) (1024K)]
  0x0000027054815be0 JavaThread "File watcher consumer"      daemon [_thread_blocked, id=23660, stack(0x000000ff46500000,0x000000ff46600000) (1024K)]
  0x0000027054816270 JavaThread "jar transforms"                    [_thread_blocked, id=23052, stack(0x000000ff46600000,0x000000ff46700000) (1024K)]
  0x0000027054816f90 JavaThread "jar transforms Thread 2"           [_thread_blocked, id=25576, stack(0x000000ff46700000,0x000000ff46800000) (1024K)]
  0x0000027054818340 JavaThread "jar transforms Thread 3"           [_thread_blocked, id=27064, stack(0x000000ff46800000,0x000000ff46900000) (1024K)]
  0x0000027054816900 JavaThread "jar transforms Thread 4"           [_thread_blocked, id=20392, stack(0x000000ff46900000,0x000000ff46a00000) (1024K)]
  0x0000027054817620 JavaThread "jar transforms Thread 5"           [_thread_blocked, id=13496, stack(0x000000ff46a00000,0x000000ff46b00000) (1024K)]
  0x0000027054814ec0 JavaThread "jar transforms Thread 6"           [_thread_blocked, id=26236, stack(0x000000ff46b00000,0x000000ff46c00000) (1024K)]
  0x000002705481be50 JavaThread "jar transforms Thread 7"           [_thread_blocked, id=21312, stack(0x000000ff46c00000,0x000000ff46d00000) (1024K)]
  0x00000270548189d0 JavaThread "jar transforms Thread 8"           [_thread_blocked, id=6652, stack(0x000000ff46d00000,0x000000ff46e00000) (1024K)]
  0x000002705481aaa0 JavaThread "jar transforms Thread 9"           [_thread_blocked, id=26452, stack(0x000000ff46e00000,0x000000ff46f00000) (1024K)]
  0x0000027054819d80 JavaThread "jar transforms Thread 10"          [_thread_blocked, id=16012, stack(0x000000ff46f00000,0x000000ff47000000) (1024K)]
  0x000002705481a410 JavaThread "jar transforms Thread 11"          [_thread_blocked, id=16144, stack(0x000000ff47000000,0x000000ff47100000) (1024K)]
  0x00000270548196f0 JavaThread "jar transforms Thread 12"          [_thread_blocked, id=22668, stack(0x000000ff47100000,0x000000ff47200000) (1024K)]
  0x000002705481b130 JavaThread "jar transforms Thread 13"          [_thread_blocked, id=22240, stack(0x000000ff47200000,0x000000ff47300000) (1024K)]
  0x0000027054819060 JavaThread "jar transforms Thread 14"          [_thread_blocked, id=10428, stack(0x000000ff47300000,0x000000ff47400000) (1024K)]
  0x000002705481b7c0 JavaThread "jar transforms Thread 15"          [_thread_blocked, id=15804, stack(0x000000ff47400000,0x000000ff47500000) (1024K)]
  0x000002705481c4e0 JavaThread "jar transforms Thread 16"          [_thread_blocked, id=1124, stack(0x000000ff47500000,0x000000ff47600000) (1024K)]
  0x000002705df49480 JavaThread "Cache worker for checksums cache (D:\AndroidStudioProjects\DACN_1\FinFit\.gradle\8.13\checksums)"        [_thread_blocked, id=9204, stack(0x000000ff47600000,0x000000ff47700000) (1024K)]
  0x000002705df480d0 JavaThread "Cache worker for file content cache (C:\Users\ADMIN\.gradle\caches\8.13\fileContent)"        [_thread_blocked, id=11276, stack(0x000000ff47700000,0x000000ff47800000) (1024K)]
  0x000002705df4b550 JavaThread "Cache worker for cache directory md-supplier (C:\Users\ADMIN\.gradle\caches\8.13\md-supplier)"        [_thread_blocked, id=25372, stack(0x000000ff47800000,0x000000ff47900000) (1024K)]
  0x000002705df4c900 JavaThread "Cache worker for cache directory md-rule (C:\Users\ADMIN\.gradle\caches\8.13\md-rule)"        [_thread_blocked, id=18808, stack(0x000000ff47900000,0x000000ff47a00000) (1024K)]
  0x000002705df4a830 JavaThread "Unconstrained build operations"        [_thread_blocked, id=19972, stack(0x000000ff47a00000,0x000000ff47b00000) (1024K)]
  0x000002705df4e340 JavaThread "Unconstrained build operations Thread 2"        [_thread_blocked, id=1172, stack(0x000000ff47b00000,0x000000ff47c00000) (1024K)]
  0x000002705df4c270 JavaThread "Unconstrained build operations Thread 3"        [_thread_blocked, id=8336, stack(0x000000ff47c00000,0x000000ff47d00000) (1024K)]
  0x000002705a4e5a40 JavaThread "Unconstrained build operations Thread 4"        [_thread_blocked, id=21020, stack(0x000000ff47d00000,0x000000ff47e00000) (1024K)]
  0x000002705a4e6760 JavaThread "Unconstrained build operations Thread 5"        [_thread_blocked, id=7108, stack(0x000000ff47f00000,0x000000ff48000000) (1024K)]
  0x000002705a4e4d20 JavaThread "Unconstrained build operations Thread 6"        [_thread_blocked, id=20076, stack(0x000000ff48000000,0x000000ff48100000) (1024K)]
  0x000002705df473b0 JavaThread "Unconstrained build operations Thread 7"        [_thread_blocked, id=26792, stack(0x000000ff48100000,0x000000ff48200000) (1024K)]
  0x000002705df4dcb0 JavaThread "Unconstrained build operations Thread 8"        [_thread_blocked, id=26628, stack(0x000000ff48200000,0x000000ff48300000) (1024K)]
  0x000002705df4aec0 JavaThread "Unconstrained build operations Thread 9"        [_thread_blocked, id=15128, stack(0x000000ff48300000,0x000000ff48400000) (1024K)]
  0x000002705c02a9d0 JavaThread "Unconstrained build operations Thread 10"        [_thread_blocked, id=20736, stack(0x000000ff48400000,0x000000ff48500000) (1024K)]
  0x000002705c02bd80 JavaThread "Unconstrained build operations Thread 11"        [_thread_blocked, id=21268, stack(0x000000ff48500000,0x000000ff48600000) (1024K)]
  0x000002705c02de50 JavaThread "Unconstrained build operations Thread 12"        [_thread_blocked, id=27232, stack(0x000000ff48600000,0x000000ff48700000) (1024K)]
  0x000002705c02b060 JavaThread "Unconstrained build operations Thread 13"        [_thread_blocked, id=3288, stack(0x000000ff48700000,0x000000ff48800000) (1024K)]
  0x000002705c02c410 JavaThread "Unconstrained build operations Thread 14"        [_thread_blocked, id=7728, stack(0x000000ff48800000,0x000000ff48900000) (1024K)]
  0x000002705c02caa0 JavaThread "Unconstrained build operations Thread 15"        [_thread_blocked, id=24748, stack(0x000000ff48900000,0x000000ff48a00000) (1024K)]
  0x000002705c02e4e0 JavaThread "Unconstrained build operations Thread 16"        [_thread_blocked, id=10708, stack(0x000000ff48a00000,0x000000ff48b00000) (1024K)]
  0x000002705c02eb70 JavaThread "Unconstrained build operations Thread 17"        [_thread_blocked, id=4004, stack(0x000000ff48b00000,0x000000ff48c00000) (1024K)]
  0x000002705c02b6f0 JavaThread "Unconstrained build operations Thread 18"        [_thread_blocked, id=2904, stack(0x000000ff48c00000,0x000000ff48d00000) (1024K)]
  0x000002705c02f200 JavaThread "Unconstrained build operations Thread 19"        [_thread_blocked, id=26840, stack(0x000000ff48d00000,0x000000ff48e00000) (1024K)]
  0x000002705c02f890 JavaThread "Unconstrained build operations Thread 20"        [_thread_blocked, id=23252, stack(0x000000ff48e00000,0x000000ff48f00000) (1024K)]
  0x000002705c0305b0 JavaThread "Unconstrained build operations Thread 21"        [_thread_blocked, id=21348, stack(0x000000ff48f00000,0x000000ff49000000) (1024K)]
  0x000002705c02ff20 JavaThread "Unconstrained build operations Thread 22"        [_thread_blocked, id=14364, stack(0x000000ff49000000,0x000000ff49100000) (1024K)]
  0x000002705c02d130 JavaThread "Unconstrained build operations Thread 23"        [_thread_blocked, id=26112, stack(0x000000ff49100000,0x000000ff49200000) (1024K)]
  0x000002705c030c40 JavaThread "Unconstrained build operations Thread 24"        [_thread_blocked, id=14920, stack(0x000000ff49200000,0x000000ff49300000) (1024K)]
  0x000002705c02d7c0 JavaThread "Unconstrained build operations Thread 25"        [_thread_blocked, id=22436, stack(0x000000ff49300000,0x000000ff49400000) (1024K)]
  0x000002705c031960 JavaThread "Unconstrained build operations Thread 26"        [_thread_blocked, id=23984, stack(0x000000ff49400000,0x000000ff49500000) (1024K)]
  0x000002705c0312d0 JavaThread "Unconstrained build operations Thread 27"        [_thread_blocked, id=10200, stack(0x000000ff49500000,0x000000ff49600000) (1024K)]
  0x000002705ea5ae40 JavaThread "Unconstrained build operations Thread 28"        [_thread_blocked, id=7384, stack(0x000000ff46100000,0x000000ff46200000) (1024K)]
  0x000002705ea5e2c0 JavaThread "Unconstrained build operations Thread 29"        [_thread_blocked, id=16004, stack(0x000000ff47e00000,0x000000ff47f00000) (1024K)]
  0x000002705ea5e950 JavaThread "Unconstrained build operations Thread 30"        [_thread_blocked, id=2796, stack(0x000000ff49600000,0x000000ff49700000) (1024K)]
  0x000002705ea5efe0 JavaThread "Unconstrained build operations Thread 31"        [_thread_blocked, id=20184, stack(0x000000ff49700000,0x000000ff49800000) (1024K)]
  0x000002705ea5bb60 JavaThread "Unconstrained build operations Thread 32"        [_thread_blocked, id=5512, stack(0x000000ff49800000,0x000000ff49900000) (1024K)]
  0x000002705ea5f670 JavaThread "Unconstrained build operations Thread 33"        [_thread_blocked, id=3912, stack(0x000000ff49900000,0x000000ff49a00000) (1024K)]
  0x000002705ea5fd00 JavaThread "Unconstrained build operations Thread 34"        [_thread_blocked, id=23316, stack(0x000000ff49a00000,0x000000ff49b00000) (1024K)]
  0x000002705ea610b0 JavaThread "Unconstrained build operations Thread 35"        [_thread_blocked, id=25424, stack(0x000000ff49b00000,0x000000ff49c00000) (1024K)]
  0x000002705ea60390 JavaThread "Unconstrained build operations Thread 36"        [_thread_blocked, id=25228, stack(0x000000ff49c00000,0x000000ff49d00000) (1024K)]
  0x000002705ea60a20 JavaThread "Unconstrained build operations Thread 37"        [_thread_blocked, id=3900, stack(0x000000ff49d00000,0x000000ff49e00000) (1024K)]
  0x000002705d441c50 JavaThread "Unconstrained build operations Thread 38"        [_thread_blocked, id=26620, stack(0x000000ff49e00000,0x000000ff49f00000) (1024K)]
  0x000002705d440210 JavaThread "Unconstrained build operations Thread 39"        [_thread_blocked, id=9792, stack(0x000000ff49f00000,0x000000ff4a000000) (1024K)]
  0x000002705d43fb80 JavaThread "Unconstrained build operations Thread 40"        [_thread_blocked, id=20056, stack(0x000000ff4a000000,0x000000ff4a100000) (1024K)]
  0x000002705d4422e0 JavaThread "Unconstrained build operations Thread 41"        [_thread_blocked, id=17688, stack(0x000000ff4a100000,0x000000ff4a200000) (1024K)]
  0x000002705d43ee60 JavaThread "Unconstrained build operations Thread 42"        [_thread_blocked, id=27512, stack(0x000000ff4a200000,0x000000ff4a300000) (1024K)]
  0x000002705d43f4f0 JavaThread "Unconstrained build operations Thread 43"        [_thread_blocked, id=26608, stack(0x000000ff4a300000,0x000000ff4a400000) (1024K)]
  0x000002705d4408a0 JavaThread "Unconstrained build operations Thread 44"        [_thread_blocked, id=15324, stack(0x000000ff4a400000,0x000000ff4a500000) (1024K)]
  0x000002705d440f30 JavaThread "Unconstrained build operations Thread 45"        [_thread_blocked, id=16428, stack(0x000000ff4a500000,0x000000ff4a600000) (1024K)]
  0x000002705a4e7480 JavaThread "Unconstrained build operations Thread 46"        [_thread_blocked, id=13536, stack(0x000000ff4a600000,0x000000ff4a700000) (1024K)]
  0x000002705a4e53b0 JavaThread "Unconstrained build operations Thread 47"        [_thread_blocked, id=3632, stack(0x000000ff4a700000,0x000000ff4a800000) (1024K)]
  0x000002705a4e60d0 JavaThread "Unconstrained build operations Thread 48"        [_thread_blocked, id=23580, stack(0x000000ff4a800000,0x000000ff4a900000) (1024K)]
  0x000002705df4cf90 JavaThread "Unconstrained build operations Thread 49"        [_thread_blocked, id=14456, stack(0x000000ff4a900000,0x000000ff4aa00000) (1024K)]
  0x000002705df4d620 JavaThread "Unconstrained build operations Thread 50"        [_thread_blocked, id=16908, stack(0x000000ff4aa00000,0x000000ff4ab00000) (1024K)]
  0x000002705f8b5910 JavaThread "Unconstrained build operations Thread 51"        [_thread_blocked, id=1428, stack(0x000000ff4ab00000,0x000000ff4ac00000) (1024K)]
  0x000002705f8b5fa0 JavaThread "Unconstrained build operations Thread 52"        [_thread_blocked, id=19648, stack(0x000000ff4ac00000,0x000000ff4ad00000) (1024K)]
  0x000002705f8b5280 JavaThread "Unconstrained build operations Thread 53"        [_thread_blocked, id=2328, stack(0x000000ff4ad00000,0x000000ff4ae00000) (1024K)]
  0x000002705f8b79e0 JavaThread "Unconstrained build operations Thread 54"        [_thread_blocked, id=10192, stack(0x000000ff4ae00000,0x000000ff4af00000) (1024K)]
  0x000002705f8b8d90 JavaThread "Unconstrained build operations Thread 55"        [_thread_blocked, id=9740, stack(0x000000ff4af00000,0x000000ff4b000000) (1024K)]
  0x000002705f8b9ab0 JavaThread "Unconstrained build operations Thread 56"        [_thread_blocked, id=23616, stack(0x000000ff4b000000,0x000000ff4b100000) (1024K)]
  0x000002705f8b9420 JavaThread "Unconstrained build operations Thread 57"        [_thread_blocked, id=3664, stack(0x000000ff4b100000,0x000000ff4b200000) (1024K)]
  0x00000270612a0250 JavaThread "Unconstrained build operations Thread 58"        [_thread_blocked, id=17544, stack(0x000000ff4b200000,0x000000ff4b300000) (1024K)]
  0x000002706129fbc0 JavaThread "Unconstrained build operations Thread 59"        [_thread_blocked, id=15844, stack(0x000000ff4b300000,0x000000ff4b400000) (1024K)]
  0x00000270612a08e0 JavaThread "Unconstrained build operations Thread 60"        [_thread_blocked, id=25320, stack(0x000000ff4b400000,0x000000ff4b500000) (1024K)]
  0x000002706129daf0 JavaThread "Unconstrained build operations Thread 61"        [_thread_blocked, id=7176, stack(0x000000ff4b500000,0x000000ff4b600000) (1024K)]
  0x000002706129e180 JavaThread "Unconstrained build operations Thread 62"        [_thread_blocked, id=23804, stack(0x000000ff4b600000,0x000000ff4b700000) (1024K)]
  0x000002706129e810 JavaThread "Unconstrained build operations Thread 63"        [_thread_blocked, id=2240, stack(0x000000ff4b700000,0x000000ff4b800000) (1024K)]
  0x000002706129eea0 JavaThread "Unconstrained build operations Thread 64"        [_thread_blocked, id=11204, stack(0x000000ff4b800000,0x000000ff4b900000) (1024K)]
  0x000002706129f530 JavaThread "Unconstrained build operations Thread 65"        [_thread_blocked, id=15220, stack(0x000000ff4b900000,0x000000ff4ba00000) (1024K)]
  0x000002706129d460 JavaThread "Unconstrained build operations Thread 66"        [_thread_blocked, id=3596, stack(0x000000ff4ba00000,0x000000ff4bb00000) (1024K)]
  0x00000270612a43f0 JavaThread "Unconstrained build operations Thread 67"        [_thread_blocked, id=17836, stack(0x000000ff4bb00000,0x000000ff4bc00000) (1024K)]
  0x00000270612a1c90 JavaThread "Unconstrained build operations Thread 68"        [_thread_blocked, id=13372, stack(0x000000ff4bc00000,0x000000ff4bd00000) (1024K)]
  0x00000270612a1600 JavaThread "Unconstrained build operations Thread 69"        [_thread_blocked, id=19900, stack(0x000000ff4bd00000,0x000000ff4be00000) (1024K)]
  0x00000270612a0f70 JavaThread "Unconstrained build operations Thread 70"        [_thread_blocked, id=2480, stack(0x000000ff4be00000,0x000000ff4bf00000) (1024K)]
  0x00000270612a2320 JavaThread "Unconstrained build operations Thread 71"        [_thread_blocked, id=22180, stack(0x000000ff4bf00000,0x000000ff4c000000) (1024K)]
  0x00000270612a36d0 JavaThread "Unconstrained build operations Thread 72"        [_thread_blocked, id=20112, stack(0x000000ff4c000000,0x000000ff4c100000) (1024K)]
  0x000002705e7c1f30 JavaThread "Memory manager"                    [_thread_blocked, id=17528, stack(0x000000ff45b00000,0x000000ff45c00000) (1024K)]
  0x000002705e7c25c0 JavaThread "build event listener"              [_thread_blocked, id=15048, stack(0x000000ff4c100000,0x000000ff4c200000) (1024K)]
  0x000002705f8b8070 JavaThread "Problems report writer"            [_thread_blocked, id=3956, stack(0x000000ff4c300000,0x000000ff4c400000) (1024K)]
  0x00000270623a0fb0 JavaThread "pool-3-thread-1"                   [_thread_blocked, id=2040, stack(0x000000ff4c200000,0x000000ff4c300000) (1024K)]
  0x00000270623a4ac0 JavaThread "included builds"                   [_thread_blocked, id=9140, stack(0x000000ff46000000,0x000000ff46100000) (1024K)]
  0x00000270623a5150 JavaThread "Execution worker"                  [_thread_blocked, id=23088, stack(0x000000ff4c400000,0x000000ff4c500000) (1024K)]
  0x00000270623a1cd0 JavaThread "Execution worker Thread 2"         [_thread_blocked, id=24520, stack(0x000000ff4c500000,0x000000ff4c600000) (1024K)]
  0x00000270623a3710 JavaThread "Execution worker Thread 3"         [_thread_blocked, id=14044, stack(0x000000ff4c600000,0x000000ff4c700000) (1024K)]
  0x00000270623a5e70 JavaThread "Execution worker Thread 4"         [_thread_blocked, id=18408, stack(0x000000ff4c700000,0x000000ff4c800000) (1024K)]
  0x00000270623a57e0 JavaThread "Execution worker Thread 5"         [_thread_blocked, id=9288, stack(0x000000ff4c800000,0x000000ff4c900000) (1024K)]
  0x00000270623a6500 JavaThread "Execution worker Thread 6"         [_thread_blocked, id=11524, stack(0x000000ff4c900000,0x000000ff4ca00000) (1024K)]
  0x00000270623a3080 JavaThread "Execution worker Thread 7"         [_thread_blocked, id=3012, stack(0x000000ff4ca00000,0x000000ff4cb00000) (1024K)]
  0x00000270623a8c60 JavaThread "Execution worker Thread 8"         [_thread_blocked, id=11596, stack(0x000000ff4cb00000,0x000000ff4cc00000) (1024K)]
  0x00000270623a78b0 JavaThread "Execution worker Thread 9"         [_thread_blocked, id=26536, stack(0x000000ff4cc00000,0x000000ff4cd00000) (1024K)]
  0x00000270623a6b90 JavaThread "Execution worker Thread 10"        [_thread_blocked, id=20468, stack(0x000000ff4cd00000,0x000000ff4ce00000) (1024K)]
  0x00000270623a9980 JavaThread "Execution worker Thread 11"        [_thread_blocked, id=21724, stack(0x000000ff4ce00000,0x000000ff4cf00000) (1024K)]
  0x00000270623a7f40 JavaThread "Execution worker Thread 12"        [_thread_blocked, id=3240, stack(0x000000ff4cf00000,0x000000ff4d000000) (1024K)]
  0x00000270623a85d0 JavaThread "Execution worker Thread 13"        [_thread_blocked, id=18032, stack(0x000000ff4d000000,0x000000ff4d100000) (1024K)]
  0x00000270623a92f0 JavaThread "Execution worker Thread 14"        [_thread_blocked, id=16836, stack(0x000000ff4d100000,0x000000ff4d200000) (1024K)]
  0x00000270623aa6a0 JavaThread "Execution worker Thread 15"        [_thread_blocked, id=20484, stack(0x000000ff4d200000,0x000000ff4d300000) (1024K)]
  0x00000270623aa010 JavaThread "Cache worker for execution history cache (D:\AndroidStudioProjects\DACN_1\FinFit\.gradle\8.13\executionHistory)"        [_thread_blocked, id=6484, stack(0x000000ff4d300000,0x000000ff4d400000) (1024K)]
  0x00000270623a7220 JavaThread "idea-tooling-model-converter"        [_thread_blocked, id=22652, stack(0x000000ff4d400000,0x000000ff4d500000) (1024K)]
  0x00000270623adb20 JavaThread "Unconstrained build operations Thread 73"        [_thread_blocked, id=22448, stack(0x000000ff4d500000,0x000000ff4d600000) (1024K)]
=>0x000002705d136f90 JavaThread "C2 CompilerThread1"         daemon [_thread_in_native, id=9904, stack(0x000000ff43f00000,0x000000ff44000000) (1024K)]
  0x000002705d13c820 JavaThread "C2 CompilerThread2"         daemon [_thread_in_native, id=14256, stack(0x000000ff42b00000,0x000000ff42c00000) (1024K)]
  0x000002705d13b3b0 JavaThread "C2 CompilerThread3"         daemon [_thread_in_vm, id=12064, stack(0x000000ff42d00000,0x000000ff42e00000) (1024K)]
  0x000002705d1391a0 JavaThread "C2 CompilerThread4"         daemon [_thread_in_native, id=4268, stack(0x000000ff44000000,0x000000ff44100000) (1024K)]
Total: 147

Other Threads:
  0x0000027054424a70 VMThread "VM Thread"                           [id=10984, stack(0x000000ff43500000,0x000000ff43600000) (1024K)]
  0x0000027054188030 WatcherThread "VM Periodic Task Thread"        [id=25400, stack(0x000000ff43400000,0x000000ff43500000) (1024K)]
  0x00000270399770b0 WorkerThread "GC Thread#0"                     [id=17192, stack(0x000000ff42f00000,0x000000ff43000000) (1024K)]
  0x0000027054a906f0 WorkerThread "GC Thread#1"                     [id=9936, stack(0x000000ff44400000,0x000000ff44500000) (1024K)]
  0x0000027054bc3fa0 WorkerThread "GC Thread#2"                     [id=11656, stack(0x000000ff44500000,0x000000ff44600000) (1024K)]
  0x0000027054bc4340 WorkerThread "GC Thread#3"                     [id=7268, stack(0x000000ff44600000,0x000000ff44700000) (1024K)]
  0x0000027054bc46e0 WorkerThread "GC Thread#4"                     [id=14208, stack(0x000000ff44700000,0x000000ff44800000) (1024K)]
  0x0000027054bc4a80 WorkerThread "GC Thread#5"                     [id=15140, stack(0x000000ff44800000,0x000000ff44900000) (1024K)]
  0x000002705abacb30 WorkerThread "GC Thread#6"                     [id=24284, stack(0x000000ff44d00000,0x000000ff44e00000) (1024K)]
  0x000002705a24fcc0 WorkerThread "GC Thread#7"                     [id=24968, stack(0x000000ff44e00000,0x000000ff44f00000) (1024K)]
  0x000002705ad41e00 WorkerThread "GC Thread#8"                     [id=14728, stack(0x000000ff44f00000,0x000000ff45000000) (1024K)]
  0x000002705aba54d0 WorkerThread "GC Thread#9"                     [id=816, stack(0x000000ff45000000,0x000000ff45100000) (1024K)]
  0x000002705aedc650 WorkerThread "GC Thread#10"                    [id=20288, stack(0x000000ff45100000,0x000000ff45200000) (1024K)]
  0x000002705aedbb70 WorkerThread "GC Thread#11"                    [id=15764, stack(0x000000ff45200000,0x000000ff45300000) (1024K)]
  0x000002705aedc2b0 WorkerThread "GC Thread#12"                    [id=23440, stack(0x000000ff45300000,0x000000ff45400000) (1024K)]
  0x0000027039988de0 ConcurrentGCThread "G1 Main Marker"            [id=3192, stack(0x000000ff43000000,0x000000ff43100000) (1024K)]
  0x00000270399897f0 WorkerThread "G1 Conc#0"                       [id=5780, stack(0x000000ff43100000,0x000000ff43200000) (1024K)]
  0x000002705aedbf10 WorkerThread "G1 Conc#1"                       [id=11904, stack(0x000000ff45400000,0x000000ff45500000) (1024K)]
  0x000002705aedacf0 WorkerThread "G1 Conc#2"                       [id=23100, stack(0x000000ff45500000,0x000000ff45600000) (1024K)]
  0x000002705405b580 ConcurrentGCThread "G1 Refine#0"               [id=7032, stack(0x000000ff43200000,0x000000ff43300000) (1024K)]
  0x000002705405c000 ConcurrentGCThread "G1 Service"                [id=17532, stack(0x000000ff43300000,0x000000ff43400000) (1024K)]
Total: 21

Threads with active compile tasks:
C2 CompilerThread0  31417 16233       4       java.util.ArrayList::sort (45 bytes)
C2 CompilerThread1  31417 16231   !   4       java.io.IoOverNioFileSystem::initializeStreamsUsingNio0 (126 bytes)
C2 CompilerThread2  31417 16236       4       org.gradle.cache.internal.btree.FreeListBlockStore$FreeListBlock::alloc (240 bytes)
C2 CompilerThread3  31417 16232   !   4       sun.nio.fs.WindowsFileSystemProvider::newFileChannel (113 bytes)
C2 CompilerThread4  31417 16234   !   4       com.google.common.cache.LocalCache$Segment::put (439 bytes)
Total: 5

VM state: not at safepoint (normal execution)

VM Mutex/Monitor currently owned by a thread: None

Heap address: 0x0000000700000000, size: 4096 MB, Compressed Oops mode: Zero based, Oop shift amount: 3

CDS archive(s) not mapped
Compressed class space mapped at: 0x0000000800000000-0x0000000834000000, reserved size: 872415232
Narrow klass base: 0x0000000800000000, Narrow klass shift: 0, Narrow klass range: 0x34000000

GC Precious Log:
 CardTable entry size: 512
 Card Set container configuration: InlinePtr #cards 4 size 8 Array Of Cards #cards 16 size 48 Howl #buckets 8 coarsen threshold 3686 Howl Bitmap #cards 512 size 80 coarsen threshold 460 Card regions per heap region 1 cards per card region 4096
 CPUs: 16 total, 16 available
 Memory: 16008M
 Large Page Support: Disabled
 NUMA Support: Disabled
 Compressed Oops: Enabled (Zero based)
 Heap Region Size: 2M
 Heap Min Capacity: 8M
 Heap Initial Capacity: 252M
 Heap Max Capacity: 4G
 Pre-touch: Disabled
 Parallel Workers: 13
 Concurrent Workers: 3
 Concurrent Refinement Workers: 13
 Periodic GC: Disabled

Heap:
 garbage-first heap   total 303104K, used 172738K [0x0000000700000000, 0x0000000800000000)
  region size 2048K, 6 young (12288K), 4 survivors (8192K)
 Metaspace       used 128151K, committed 130432K, reserved 983040K
  class space    used 17633K, committed 18752K, reserved 851968K

Heap Regions: E=young(eden), S=young(survivor), O=old, HS=humongous(starts), HC=humongous(continues), CS=collection set, F=free, TAMS=top-at-mark-start, PB=parsable bottom
|   0|0x0000000700000000, 0x0000000700200000, 0x0000000700200000|100%|HS|  |TAMS 0x0000000700200000| PB 0x0000000700000000| Complete 
|   1|0x0000000700200000, 0x0000000700400000, 0x0000000700400000|100%|HC|  |TAMS 0x0000000700400000| PB 0x0000000700200000| Complete 
|   2|0x0000000700400000, 0x0000000700600000, 0x0000000700600000|100%| O|  |TAMS 0x0000000700600000| PB 0x0000000700400000| Untracked 
|   3|0x0000000700600000, 0x0000000700800000, 0x0000000700800000|100%| O|  |TAMS 0x0000000700800000| PB 0x0000000700600000| Untracked 
|   4|0x0000000700800000, 0x0000000700a00000, 0x0000000700a00000|100%| O|  |TAMS 0x0000000700a00000| PB 0x0000000700800000| Untracked 
|   5|0x0000000700a00000, 0x0000000700c00000, 0x0000000700c00000|100%| O|  |TAMS 0x0000000700c00000| PB 0x0000000700a00000| Untracked 
|   6|0x0000000700c00000, 0x0000000700e00000, 0x0000000700e00000|100%|HS|  |TAMS 0x0000000700e00000| PB 0x0000000700c00000| Complete 
|   7|0x0000000700e00000, 0x0000000701000000, 0x0000000701000000|100%|HC|  |TAMS 0x0000000701000000| PB 0x0000000700e00000| Complete 
|   8|0x0000000701000000, 0x0000000701200000, 0x0000000701200000|100%|HC|  |TAMS 0x0000000701200000| PB 0x0000000701000000| Complete 
|   9|0x0000000701200000, 0x0000000701400000, 0x0000000701400000|100%|HS|  |TAMS 0x0000000701400000| PB 0x0000000701200000| Complete 
|  10|0x0000000701400000, 0x0000000701600000, 0x0000000701600000|100%|HS|  |TAMS 0x0000000701600000| PB 0x0000000701400000| Complete 
|  11|0x0000000701600000, 0x0000000701800000, 0x0000000701800000|100%| O|  |TAMS 0x0000000701800000| PB 0x0000000701600000| Untracked 
|  12|0x0000000701800000, 0x0000000701a00000, 0x0000000701a00000|100%| O|  |TAMS 0x0000000701a00000| PB 0x0000000701800000| Untracked 
|  13|0x0000000701a00000, 0x0000000701c00000, 0x0000000701c00000|100%| O|  |TAMS 0x0000000701c00000| PB 0x0000000701a00000| Untracked 
|  14|0x0000000701c00000, 0x0000000701e00000, 0x0000000701e00000|100%| O|  |TAMS 0x0000000701e00000| PB 0x0000000701c00000| Untracked 
|  15|0x0000000701e00000, 0x0000000702000000, 0x0000000702000000|100%|HS|  |TAMS 0x0000000702000000| PB 0x0000000701e00000| Complete 
|  16|0x0000000702000000, 0x0000000702200000, 0x0000000702200000|100%|HC|  |TAMS 0x0000000702200000| PB 0x0000000702000000| Complete 
|  17|0x0000000702200000, 0x0000000702400000, 0x0000000702400000|100%|HC|  |TAMS 0x0000000702400000| PB 0x0000000702200000| Complete 
|  18|0x0000000702400000, 0x0000000702600000, 0x0000000702600000|100%| O|  |TAMS 0x0000000702600000| PB 0x0000000702400000| Untracked 
|  19|0x0000000702600000, 0x0000000702800000, 0x0000000702800000|100%| O|  |TAMS 0x0000000702800000| PB 0x0000000702600000| Untracked 
|  20|0x0000000702800000, 0x0000000702a00000, 0x0000000702a00000|100%| O|  |TAMS 0x0000000702a00000| PB 0x0000000702800000| Untracked 
|  21|0x0000000702a00000, 0x0000000702c00000, 0x0000000702c00000|100%| O|  |TAMS 0x0000000702c00000| PB 0x0000000702a00000| Untracked 
|  22|0x0000000702c00000, 0x0000000702e00000, 0x0000000702e00000|100%| O|  |TAMS 0x0000000702e00000| PB 0x0000000702c00000| Untracked 
|  23|0x0000000702e00000, 0x0000000703000000, 0x0000000703000000|100%| O|  |TAMS 0x0000000703000000| PB 0x0000000702e00000| Untracked 
|  24|0x0000000703000000, 0x0000000703200000, 0x0000000703200000|100%| O|  |TAMS 0x0000000703200000| PB 0x0000000703000000| Untracked 
|  25|0x0000000703200000, 0x0000000703400000, 0x0000000703400000|100%| O|  |TAMS 0x0000000703400000| PB 0x0000000703200000| Untracked 
|  26|0x0000000703400000, 0x0000000703600000, 0x0000000703600000|100%| O|  |TAMS 0x0000000703600000| PB 0x0000000703400000| Untracked 
|  27|0x0000000703600000, 0x0000000703800000, 0x0000000703800000|100%|HS|  |TAMS 0x0000000703800000| PB 0x0000000703600000| Complete 
|  28|0x0000000703800000, 0x0000000703a00000, 0x0000000703a00000|100%| O|  |TAMS 0x0000000703a00000| PB 0x0000000703800000| Untracked 
|  29|0x0000000703a00000, 0x0000000703c00000, 0x0000000703c00000|100%| O|  |TAMS 0x0000000703c00000| PB 0x0000000703a00000| Untracked 
|  30|0x0000000703c00000, 0x0000000703e00000, 0x0000000703e00000|100%| O|  |TAMS 0x0000000703e00000| PB 0x0000000703c00000| Untracked 
|  31|0x0000000703e00000, 0x0000000704000000, 0x0000000704000000|100%| O|  |TAMS 0x0000000704000000| PB 0x0000000703e00000| Untracked 
|  32|0x0000000704000000, 0x0000000704200000, 0x0000000704200000|100%| O|  |TAMS 0x0000000704000000| PB 0x0000000704000000| Untracked 
|  33|0x0000000704200000, 0x0000000704400000, 0x0000000704400000|100%| O|  |TAMS 0x0000000704400000| PB 0x0000000704200000| Untracked 
|  34|0x0000000704400000, 0x0000000704600000, 0x0000000704600000|100%| O|  |TAMS 0x0000000704600000| PB 0x0000000704400000| Untracked 
|  35|0x0000000704600000, 0x0000000704800000, 0x0000000704800000|100%| O|  |TAMS 0x0000000704800000| PB 0x0000000704600000| Untracked 
|  36|0x0000000704800000, 0x0000000704a00000, 0x0000000704a00000|100%| O|  |TAMS 0x0000000704a00000| PB 0x0000000704800000| Untracked 
|  37|0x0000000704a00000, 0x0000000704c00000, 0x0000000704c00000|100%| O|  |TAMS 0x0000000704c00000| PB 0x0000000704a00000| Untracked 
|  38|0x0000000704c00000, 0x0000000704e00000, 0x0000000704e00000|100%| O|  |TAMS 0x0000000704e00000| PB 0x0000000704c00000| Untracked 
|  39|0x0000000704e00000, 0x0000000705000000, 0x0000000705000000|100%| O|  |TAMS 0x0000000705000000| PB 0x0000000704e00000| Untracked 
|  40|0x0000000705000000, 0x0000000705200000, 0x0000000705200000|100%|HS|  |TAMS 0x0000000705200000| PB 0x0000000705000000| Complete 
|  41|0x0000000705200000, 0x0000000705400000, 0x0000000705400000|100%| O|  |TAMS 0x0000000705400000| PB 0x0000000705200000| Untracked 
|  42|0x0000000705400000, 0x0000000705600000, 0x0000000705600000|100%|HS|  |TAMS 0x0000000705600000| PB 0x0000000705400000| Complete 
|  43|0x0000000705600000, 0x0000000705800000, 0x0000000705800000|100%| O|  |TAMS 0x0000000705800000| PB 0x0000000705600000| Untracked 
|  44|0x0000000705800000, 0x0000000705a00000, 0x0000000705a00000|100%| O|  |TAMS 0x0000000705a00000| PB 0x0000000705800000| Untracked 
|  45|0x0000000705a00000, 0x0000000705c00000, 0x0000000705c00000|100%| O|  |TAMS 0x0000000705c00000| PB 0x0000000705a00000| Untracked 
|  46|0x0000000705c00000, 0x0000000705e00000, 0x0000000705e00000|100%| O|  |TAMS 0x0000000705e00000| PB 0x0000000705c00000| Untracked 
|  47|0x0000000705e00000, 0x0000000706000000, 0x0000000706000000|100%|HS|  |TAMS 0x0000000706000000| PB 0x0000000705e00000| Complete 
|  48|0x0000000706000000, 0x0000000706200000, 0x0000000706200000|100%|HC|  |TAMS 0x0000000706200000| PB 0x0000000706000000| Complete 
|  49|0x0000000706200000, 0x0000000706400000, 0x0000000706400000|100%| O|  |TAMS 0x0000000706400000| PB 0x0000000706200000| Untracked 
|  50|0x0000000706400000, 0x0000000706600000, 0x0000000706600000|100%| O|  |TAMS 0x0000000706600000| PB 0x0000000706400000| Untracked 
|  51|0x0000000706600000, 0x0000000706800000, 0x0000000706800000|100%| O|  |TAMS 0x0000000706800000| PB 0x0000000706600000| Untracked 
|  52|0x0000000706800000, 0x0000000706a00000, 0x0000000706a00000|100%| O|  |TAMS 0x0000000706a00000| PB 0x0000000706800000| Untracked 
|  53|0x0000000706a00000, 0x0000000706c00000, 0x0000000706c00000|100%|HS|  |TAMS 0x0000000706c00000| PB 0x0000000706a00000| Complete 
|  54|0x0000000706c00000, 0x0000000706e00000, 0x0000000706e00000|100%|HC|  |TAMS 0x0000000706e00000| PB 0x0000000706c00000| Complete 
|  55|0x0000000706e00000, 0x0000000707000000, 0x0000000707000000|100%| O|  |TAMS 0x0000000707000000| PB 0x0000000706e00000| Untracked 
|  56|0x0000000707000000, 0x0000000707200000, 0x0000000707200000|100%| O|  |TAMS 0x0000000707200000| PB 0x0000000707000000| Untracked 
|  57|0x0000000707200000, 0x0000000707400000, 0x0000000707400000|100%| O|  |TAMS 0x0000000707200000| PB 0x0000000707200000| Untracked 
|  58|0x0000000707400000, 0x0000000707600000, 0x0000000707600000|100%| O|  |TAMS 0x0000000707600000| PB 0x0000000707400000| Untracked 
|  59|0x0000000707600000, 0x0000000707800000, 0x0000000707800000|100%| O|  |TAMS 0x0000000707800000| PB 0x0000000707600000| Untracked 
|  60|0x0000000707800000, 0x0000000707a00000, 0x0000000707a00000|100%| O|  |TAMS 0x0000000707a00000| PB 0x0000000707800000| Untracked 
|  61|0x0000000707a00000, 0x0000000707c00000, 0x0000000707c00000|100%| O|  |TAMS 0x0000000707c00000| PB 0x0000000707a00000| Untracked 
|  62|0x0000000707c00000, 0x0000000707e00000, 0x0000000707e00000|100%|HS|  |TAMS 0x0000000707e00000| PB 0x0000000707c00000| Complete 
|  63|0x0000000707e00000, 0x0000000707e00000, 0x0000000708000000|  0%| F|  |TAMS 0x0000000707e00000| PB 0x0000000707e00000| Untracked 
|  64|0x0000000708000000, 0x0000000708000000, 0x0000000708200000|  0%| F|  |TAMS 0x0000000708000000| PB 0x0000000708000000| Untracked 
|  65|0x0000000708200000, 0x0000000708200000, 0x0000000708400000|  0%| F|  |TAMS 0x0000000708200000| PB 0x0000000708200000| Untracked 
|  66|0x0000000708400000, 0x0000000708600000, 0x0000000708600000|100%| O|  |TAMS 0x0000000708600000| PB 0x0000000708400000| Untracked 
|  67|0x0000000708600000, 0x00000007087792b0, 0x0000000708800000| 73%| O|  |TAMS 0x0000000708600000| PB 0x0000000708600000| Untracked 
|  68|0x0000000708800000, 0x0000000708800000, 0x0000000708a00000|  0%| F|  |TAMS 0x0000000708800000| PB 0x0000000708800000| Untracked 
|  69|0x0000000708a00000, 0x0000000708a00000, 0x0000000708c00000|  0%| F|  |TAMS 0x0000000708a00000| PB 0x0000000708a00000| Untracked 
|  70|0x0000000708c00000, 0x0000000708e00000, 0x0000000708e00000|100%| O|  |TAMS 0x0000000708e00000| PB 0x0000000708c00000| Untracked 
|  71|0x0000000708e00000, 0x0000000709000000, 0x0000000709000000|100%| O|  |TAMS 0x0000000709000000| PB 0x0000000708e00000| Untracked 
|  72|0x0000000709000000, 0x0000000709200000, 0x0000000709200000|100%| O|  |TAMS 0x0000000709200000| PB 0x0000000709000000| Untracked 
|  73|0x0000000709200000, 0x0000000709200000, 0x0000000709400000|  0%| F|  |TAMS 0x0000000709200000| PB 0x0000000709200000| Untracked 
|  74|0x0000000709400000, 0x0000000709400000, 0x0000000709600000|  0%| F|  |TAMS 0x0000000709400000| PB 0x0000000709400000| Untracked 
|  75|0x0000000709600000, 0x0000000709600000, 0x0000000709800000|  0%| F|  |TAMS 0x0000000709600000| PB 0x0000000709600000| Untracked 
|  76|0x0000000709800000, 0x00000007099378c0, 0x0000000709a00000| 60%| S|CS|TAMS 0x0000000709800000| PB 0x0000000709800000| Complete 
|  77|0x0000000709a00000, 0x0000000709c00000, 0x0000000709c00000|100%| S|CS|TAMS 0x0000000709a00000| PB 0x0000000709a00000| Complete 
|  78|0x0000000709c00000, 0x0000000709e00000, 0x0000000709e00000|100%| S|CS|TAMS 0x0000000709c00000| PB 0x0000000709c00000| Complete 
|  79|0x0000000709e00000, 0x0000000709e00000, 0x000000070a000000|  0%| F|  |TAMS 0x0000000709e00000| PB 0x0000000709e00000| Untracked 
|  80|0x000000070a000000, 0x000000070a000000, 0x000000070a200000|  0%| F|  |TAMS 0x000000070a000000| PB 0x000000070a000000| Untracked 
|  81|0x000000070a200000, 0x000000070a200000, 0x000000070a400000|  0%| F|  |TAMS 0x000000070a200000| PB 0x000000070a200000| Untracked 
|  82|0x000000070a400000, 0x000000070a600000, 0x000000070a600000|100%| S|CS|TAMS 0x000000070a400000| PB 0x000000070a400000| Complete 
|  83|0x000000070a600000, 0x000000070a600000, 0x000000070a800000|  0%| F|  |TAMS 0x000000070a600000| PB 0x000000070a600000| Untracked 
|  84|0x000000070a800000, 0x000000070a800000, 0x000000070aa00000|  0%| F|  |TAMS 0x000000070a800000| PB 0x000000070a800000| Untracked 
|  85|0x000000070aa00000, 0x000000070aa00000, 0x000000070ac00000|  0%| F|  |TAMS 0x000000070aa00000| PB 0x000000070aa00000| Untracked 
|  86|0x000000070ac00000, 0x000000070ac00000, 0x000000070ae00000|  0%| F|  |TAMS 0x000000070ac00000| PB 0x000000070ac00000| Untracked 
|  87|0x000000070ae00000, 0x000000070ae00000, 0x000000070b000000|  0%| F|  |TAMS 0x000000070ae00000| PB 0x000000070ae00000| Untracked 
|  88|0x000000070b000000, 0x000000070b000000, 0x000000070b200000|  0%| F|  |TAMS 0x000000070b000000| PB 0x000000070b000000| Untracked 
|  89|0x000000070b200000, 0x000000070b200000, 0x000000070b400000|  0%| F|  |TAMS 0x000000070b200000| PB 0x000000070b200000| Untracked 
|  90|0x000000070b400000, 0x000000070b400000, 0x000000070b600000|  0%| F|  |TAMS 0x000000070b400000| PB 0x000000070b400000| Untracked 
|  91|0x000000070b600000, 0x000000070b600000, 0x000000070b800000|  0%| F|  |TAMS 0x000000070b600000| PB 0x000000070b600000| Untracked 
|  92|0x000000070b800000, 0x000000070b800000, 0x000000070ba00000|  0%| F|  |TAMS 0x000000070b800000| PB 0x000000070b800000| Untracked 
|  93|0x000000070ba00000, 0x000000070ba00000, 0x000000070bc00000|  0%| F|  |TAMS 0x000000070ba00000| PB 0x000000070ba00000| Untracked 
|  94|0x000000070bc00000, 0x000000070bc00000, 0x000000070be00000|  0%| F|  |TAMS 0x000000070bc00000| PB 0x000000070bc00000| Untracked 
|  95|0x000000070be00000, 0x000000070be00000, 0x000000070c000000|  0%| F|  |TAMS 0x000000070be00000| PB 0x000000070be00000| Untracked 
|  96|0x000000070c000000, 0x000000070c000000, 0x000000070c200000|  0%| F|  |TAMS 0x000000070c000000| PB 0x000000070c000000| Untracked 
|  97|0x000000070c200000, 0x000000070c200000, 0x000000070c400000|  0%| F|  |TAMS 0x000000070c200000| PB 0x000000070c200000| Untracked 
|  98|0x000000070c400000, 0x000000070c400000, 0x000000070c600000|  0%| F|  |TAMS 0x000000070c400000| PB 0x000000070c400000| Untracked 
|  99|0x000000070c600000, 0x000000070c600000, 0x000000070c800000|  0%| F|  |TAMS 0x000000070c600000| PB 0x000000070c600000| Untracked 
| 100|0x000000070c800000, 0x000000070c800000, 0x000000070ca00000|  0%| F|  |TAMS 0x000000070c800000| PB 0x000000070c800000| Untracked 
| 101|0x000000070ca00000, 0x000000070ca00000, 0x000000070cc00000|  0%| F|  |TAMS 0x000000070ca00000| PB 0x000000070ca00000| Untracked 
| 102|0x000000070cc00000, 0x000000070cc00000, 0x000000070ce00000|  0%| F|  |TAMS 0x000000070cc00000| PB 0x000000070cc00000| Untracked 
| 103|0x000000070ce00000, 0x000000070ce00000, 0x000000070d000000|  0%| F|  |TAMS 0x000000070ce00000| PB 0x000000070ce00000| Untracked 
| 104|0x000000070d000000, 0x000000070d000000, 0x000000070d200000|  0%| F|  |TAMS 0x000000070d000000| PB 0x000000070d000000| Untracked 
| 105|0x000000070d200000, 0x000000070d200000, 0x000000070d400000|  0%| F|  |TAMS 0x000000070d200000| PB 0x000000070d200000| Untracked 
| 106|0x000000070d400000, 0x000000070d400000, 0x000000070d600000|  0%| F|  |TAMS 0x000000070d400000| PB 0x000000070d400000| Untracked 
| 107|0x000000070d600000, 0x000000070d600000, 0x000000070d800000|  0%| F|  |TAMS 0x000000070d600000| PB 0x000000070d600000| Untracked 
| 108|0x000000070d800000, 0x000000070d800000, 0x000000070da00000|  0%| F|  |TAMS 0x000000070d800000| PB 0x000000070d800000| Untracked 
| 109|0x000000070da00000, 0x000000070da00000, 0x000000070dc00000|  0%| F|  |TAMS 0x000000070da00000| PB 0x000000070da00000| Untracked 
| 110|0x000000070dc00000, 0x000000070dc00000, 0x000000070de00000|  0%| F|  |TAMS 0x000000070dc00000| PB 0x000000070dc00000| Untracked 
| 111|0x000000070de00000, 0x000000070de00000, 0x000000070e000000|  0%| F|  |TAMS 0x000000070de00000| PB 0x000000070de00000| Untracked 
| 112|0x000000070e000000, 0x000000070e000000, 0x000000070e200000|  0%| F|  |TAMS 0x000000070e000000| PB 0x000000070e000000| Untracked 
| 113|0x000000070e200000, 0x000000070e200000, 0x000000070e400000|  0%| F|  |TAMS 0x000000070e200000| PB 0x000000070e200000| Untracked 
| 114|0x000000070e400000, 0x000000070e400000, 0x000000070e600000|  0%| F|  |TAMS 0x000000070e400000| PB 0x000000070e400000| Untracked 
| 115|0x000000070e600000, 0x000000070e600000, 0x000000070e800000|  0%| F|  |TAMS 0x000000070e600000| PB 0x000000070e600000| Untracked 
| 116|0x000000070e800000, 0x000000070e800000, 0x000000070ea00000|  0%| F|  |TAMS 0x000000070e800000| PB 0x000000070e800000| Untracked 
| 117|0x000000070ea00000, 0x000000070ea00000, 0x000000070ec00000|  0%| F|  |TAMS 0x000000070ea00000| PB 0x000000070ea00000| Untracked 
| 118|0x000000070ec00000, 0x000000070ec00000, 0x000000070ee00000|  0%| F|  |TAMS 0x000000070ec00000| PB 0x000000070ec00000| Untracked 
| 119|0x000000070ee00000, 0x000000070ee00000, 0x000000070f000000|  0%| F|  |TAMS 0x000000070ee00000| PB 0x000000070ee00000| Untracked 
| 120|0x000000070f000000, 0x000000070f000000, 0x000000070f200000|  0%| F|  |TAMS 0x000000070f000000| PB 0x000000070f000000| Untracked 
| 121|0x000000070f200000, 0x000000070f200000, 0x000000070f400000|  0%| F|  |TAMS 0x000000070f200000| PB 0x000000070f200000| Untracked 
| 122|0x000000070f400000, 0x000000070f400000, 0x000000070f600000|  0%| F|  |TAMS 0x000000070f400000| PB 0x000000070f400000| Untracked 
| 123|0x000000070f600000, 0x000000070f600000, 0x000000070f800000|  0%| F|  |TAMS 0x000000070f600000| PB 0x000000070f600000| Untracked 
| 124|0x000000070f800000, 0x000000070f800000, 0x000000070fa00000|  0%| F|  |TAMS 0x000000070f800000| PB 0x000000070f800000| Untracked 
| 125|0x000000070fa00000, 0x000000070fa00000, 0x000000070fc00000|  0%| F|  |TAMS 0x000000070fa00000| PB 0x000000070fa00000| Untracked 
| 126|0x000000070fc00000, 0x000000070fc00000, 0x000000070fe00000|  0%| F|  |TAMS 0x000000070fc00000| PB 0x000000070fc00000| Untracked 
| 127|0x000000070fe00000, 0x000000070fe00000, 0x0000000710000000|  0%| F|  |TAMS 0x000000070fe00000| PB 0x000000070fe00000| Untracked 
| 128|0x0000000710000000, 0x0000000710000000, 0x0000000710200000|  0%| F|  |TAMS 0x0000000710000000| PB 0x0000000710000000| Untracked 
| 129|0x0000000710200000, 0x0000000710200000, 0x0000000710400000|  0%| F|  |TAMS 0x0000000710200000| PB 0x0000000710200000| Untracked 
| 130|0x0000000710400000, 0x0000000710400000, 0x0000000710600000|  0%| F|  |TAMS 0x0000000710400000| PB 0x0000000710400000| Untracked 
| 131|0x0000000710600000, 0x0000000710600000, 0x0000000710800000|  0%| F|  |TAMS 0x0000000710600000| PB 0x0000000710600000| Untracked 
| 132|0x0000000710800000, 0x0000000710800000, 0x0000000710a00000|  0%| F|  |TAMS 0x0000000710800000| PB 0x0000000710800000| Untracked 
| 133|0x0000000710a00000, 0x0000000710a00000, 0x0000000710c00000|  0%| F|  |TAMS 0x0000000710a00000| PB 0x0000000710a00000| Untracked 
|2034|0x00000007fe400000, 0x00000007fe600000, 0x00000007fe600000|100%| O|  |TAMS 0x00000007fe40d3e0| PB 0x00000007fe400000| Untracked 
|2035|0x00000007fe600000, 0x00000007fe800000, 0x00000007fe800000|100%| O|  |TAMS 0x00000007fe800000| PB 0x00000007fe600000| Untracked 
|2036|0x00000007fe800000, 0x00000007fea00000, 0x00000007fea00000|100%| O|  |TAMS 0x00000007fea00000| PB 0x00000007fe800000| Untracked 
|2037|0x00000007fea00000, 0x00000007fec00000, 0x00000007fec00000|100%| O|  |TAMS 0x00000007fec00000| PB 0x00000007fea00000| Untracked 
|2038|0x00000007fec00000, 0x00000007fee00000, 0x00000007fee00000|100%| O|  |TAMS 0x00000007fee00000| PB 0x00000007fec00000| Untracked 
|2039|0x00000007fee00000, 0x00000007ff000000, 0x00000007ff000000|100%| O|  |TAMS 0x00000007ff000000| PB 0x00000007fee00000| Untracked 
|2040|0x00000007ff000000, 0x00000007ff151420, 0x00000007ff200000| 65%| E|  |TAMS 0x00000007ff000000| PB 0x00000007ff000000| Complete 
|2041|0x00000007ff200000, 0x00000007ff400000, 0x00000007ff400000|100%| E|CS|TAMS 0x00000007ff200000| PB 0x00000007ff200000| Complete 
|2042|0x00000007ff400000, 0x00000007ff600000, 0x00000007ff600000|100%| O|  |TAMS 0x00000007ff600000| PB 0x00000007ff400000| Untracked 
|2043|0x00000007ff600000, 0x00000007ff800000, 0x00000007ff800000|100%| O|  |TAMS 0x00000007ff800000| PB 0x00000007ff600000| Untracked 
|2044|0x00000007ff800000, 0x00000007ffa00000, 0x00000007ffa00000|100%| O|  |TAMS 0x00000007ffa00000| PB 0x00000007ff800000| Untracked 
|2045|0x00000007ffa00000, 0x00000007ffc00000, 0x00000007ffc00000|100%| O|  |TAMS 0x00000007ffc00000| PB 0x00000007ffa00000| Untracked 
|2046|0x00000007ffc00000, 0x00000007ffe00000, 0x00000007ffe00000|100%| O|  |TAMS 0x00000007ffe00000| PB 0x00000007ffc00000| Untracked 
|2047|0x00000007ffe00000, 0x0000000800000000, 0x0000000800000000|100%| O|  |TAMS 0x0000000800000000| PB 0x00000007ffe00000| Untracked 

Card table byte_map: [0x000002704caf0000,0x000002704d2f0000] _byte_map_base: 0x00000270492f0000

Marking Bits: (CMBitMap*) 0x00000270399776c0
 Bits: [0x000002704d2f0000, 0x00000270512f0000)

Polling page: 0x0000027037750000

Metaspace:

Usage:
  Non-class:    107.93 MB used.
      Class:     17.22 MB used.
       Both:    125.15 MB used.

Virtual space:
  Non-class space:      128.00 MB reserved,     109.06 MB ( 85%) committed,  2 nodes.
      Class space:      832.00 MB reserved,      18.31 MB (  2%) committed,  1 nodes.
             Both:      960.00 MB reserved,     127.38 MB ( 13%) committed. 

Chunk freelists:
   Non-Class:  2.03 MB
       Class:  13.59 MB
        Both:  15.62 MB

MaxMetaspaceSize: 1.00 GB
CompressedClassSpaceSize: 832.00 MB
Initial GC threshold: 21.00 MB
Current GC threshold: 190.56 MB
CDS: off
 - commit_granule_bytes: 65536.
 - commit_granule_words: 8192.
 - virtual_space_node_default_size: 8388608.
 - enlarge_chunks_in_place: 1.
 - use_allocation_guard: 0.


Internal statistics:

num_allocs_failed_limit: 6.
num_arena_births: 4404.
num_arena_deaths: 8.
num_vsnodes_births: 3.
num_vsnodes_deaths: 0.
num_space_committed: 2037.
num_space_uncommitted: 0.
num_chunks_returned_to_freelist: 24.
num_chunks_taken_from_freelist: 9933.
num_chunk_merges: 7.
num_chunk_splits: 6503.
num_chunks_enlarged: 4083.
num_inconsistent_stats: 0.

CodeHeap 'non-profiled nmethods': size=119168Kb used=9684Kb max_used=9684Kb free=109483Kb
 bounds [0x0000027044610000, 0x0000027044f90000, 0x000002704ba70000]
CodeHeap 'profiled nmethods': size=119104Kb used=25617Kb max_used=25617Kb free=93486Kb
 bounds [0x000002703ca70000, 0x000002703e380000, 0x0000027043ec0000]
CodeHeap 'non-nmethods': size=7488Kb used=2750Kb max_used=4479Kb free=4737Kb
 bounds [0x0000027043ec0000, 0x0000027044330000, 0x0000027044610000]
CodeCache: size=245760Kb, used=38051Kb, max_used=39780Kb, free=207706Kb
 total_blobs=14529, nmethods=13506, adapters=926, full_count=0
Compilation: enabled, stopped_count=0, restarted_count=0

Compilation events (20 events):
Event: 29.218 Thread 0x000002705d136f90 16222       4       org.gradle.cache.internal.btree.FileBackedBlockStore::attach (21 bytes)
Event: 29.220 Thread 0x00000270544ed4a0 16223       4       com.google.common.base.Equivalence$Equals::doEquivalent (6 bytes)
Event: 29.220 Thread 0x000002705d136f90 nmethod 16222 0x0000027044f7c890 code [0x0000027044f7ca20, 0x0000027044f7cd88]
Event: 29.221 Thread 0x00000270544ed4a0 nmethod 16223 0x0000027044f7ce90 code [0x0000027044f7d020, 0x0000027044f7d250]
Event: 29.278 Thread 0x00000270544ed4a0 16224       4       java.util.concurrent.TimeUnit::convert (73 bytes)
Event: 29.279 Thread 0x00000270544ed4a0 nmethod 16224 0x0000027044f7d390 code [0x0000027044f7d540, 0x0000027044f7d6b8]
Event: 29.285 Thread 0x00000270544ed4a0 16225       4       java.nio.file.Path::toFile (36 bytes)
Event: 29.287 Thread 0x000002705d136f90 16226       4       org.gradle.internal.time.DefaultCountdownTimer::hasExpired (15 bytes)
Event: 29.289 Thread 0x000002705d136f90 nmethod 16226 0x0000027044f7d810 code [0x0000027044f7d9c0, 0x0000027044f7dbc8]
Event: 29.292 Thread 0x00000270544ed4a0 nmethod 16225 0x0000027044f7dd90 code [0x0000027044f7dfc0, 0x0000027044f7e6c0]
Event: 29.306 Thread 0x00000270544ed4a0 16227       4       java.util.concurrent.ArrayBlockingQueue::enqueue (53 bytes)
Event: 29.308 Thread 0x00000270544ed4a0 nmethod 16227 0x0000027044f7ed90 code [0x0000027044f7ef60, 0x0000027044f7f298]
Event: 29.344 Thread 0x00000270544ed4a0 16228       4       com.jetbrains.internal.IoOverNio$RecursionGuard::create (67 bytes)
Event: 29.349 Thread 0x000002705d136f90 16229       4       java.io.NioChannelCleanable::<init> (78 bytes)
Event: 29.351 Thread 0x000002705d136f90 nmethod 16229 0x0000027044f7f490 code [0x0000027044f7f640, 0x0000027044f7f940]
Event: 29.351 Thread 0x000002705d136f90 16230  s    4       java.io.FileDescriptor::attach (73 bytes)
Event: 29.352 Thread 0x000002705d136f90 nmethod 16230 0x0000027044f7fa90 code [0x0000027044f7fc20, 0x0000027044f7ff10]
Event: 29.353 Thread 0x000002705d136f90 16231   !   4       java.io.IoOverNioFileSystem::initializeStreamsUsingNio0 (126 bytes)
Event: 29.360 Thread 0x00000270544ed4a0 nmethod 16228 0x0000027044f80010 code [0x0000027044f80280, 0x0000027044f80fd8]
Event: 29.360 Thread 0x00000270544ed4a0 16233       4       java.util.ArrayList::sort (45 bytes)

GC Heap History (20 events):
Event: 17.615 GC heap after
{Heap after GC invocations=41 (full 0):
 garbage-first heap   total 188416K, used 129841K [0x0000000700000000, 0x0000000800000000)
  region size 2048K, 2 young (4096K), 2 survivors (4096K)
 Metaspace       used 87308K, committed 89216K, reserved 983040K
  class space    used 12104K, committed 12992K, reserved 851968K
}
Event: 18.010 GC heap before
{Heap before GC invocations=41 (full 0):
 garbage-first heap   total 188416K, used 166705K [0x0000000700000000, 0x0000000800000000)
  region size 2048K, 20 young (40960K), 2 survivors (4096K)
 Metaspace       used 91350K, committed 93184K, reserved 983040K
  class space    used 12474K, committed 13312K, reserved 851968K
}
Event: 18.012 GC heap after
{Heap after GC invocations=42 (full 0):
 garbage-first heap   total 188416K, used 130240K [0x0000000700000000, 0x0000000800000000)
  region size 2048K, 2 young (4096K), 2 survivors (4096K)
 Metaspace       used 91350K, committed 93184K, reserved 983040K
  class space    used 12474K, committed 13312K, reserved 851968K
}
Event: 18.505 GC heap before
{Heap before GC invocations=43 (full 0):
 garbage-first heap   total 223232K, used 169152K [0x0000000700000000, 0x0000000800000000)
  region size 2048K, 21 young (43008K), 2 survivors (4096K)
 Metaspace       used 95262K, committed 97216K, reserved 983040K
  class space    used 13077K, committed 14016K, reserved 851968K
}
Event: 18.509 GC heap after
{Heap after GC invocations=44 (full 0):
 garbage-first heap   total 223232K, used 136760K [0x0000000700000000, 0x0000000800000000)
  region size 2048K, 3 young (6144K), 3 survivors (6144K)
 Metaspace       used 95262K, committed 97216K, reserved 983040K
  class space    used 13077K, committed 14016K, reserved 851968K
}
Event: 19.120 GC heap before
{Heap before GC invocations=44 (full 0):
 garbage-first heap   total 223232K, used 200248K [0x0000000700000000, 0x0000000800000000)
  region size 2048K, 35 young (71680K), 3 survivors (6144K)
 Metaspace       used 98988K, committed 100992K, reserved 983040K
  class space    used 13582K, committed 14528K, reserved 851968K
}
Event: 19.126 GC heap after
{Heap after GC invocations=45 (full 0):
 garbage-first heap   total 223232K, used 139028K [0x0000000700000000, 0x0000000800000000)
  region size 2048K, 5 young (10240K), 5 survivors (10240K)
 Metaspace       used 98988K, committed 100992K, reserved 983040K
  class space    used 13582K, committed 14528K, reserved 851968K
}
Event: 19.566 GC heap before
{Heap before GC invocations=45 (full 0):
 garbage-first heap   total 223232K, used 175892K [0x0000000700000000, 0x0000000800000000)
  region size 2048K, 24 young (49152K), 5 survivors (10240K)
 Metaspace       used 102901K, committed 104960K, reserved 983040K
  class space    used 14092K, committed 15104K, reserved 851968K
}
Event: 19.571 GC heap after
{Heap after GC invocations=46 (full 0):
 garbage-first heap   total 223232K, used 140350K [0x0000000700000000, 0x0000000800000000)
  region size 2048K, 4 young (8192K), 4 survivors (8192K)
 Metaspace       used 102901K, committed 104960K, reserved 983040K
  class space    used 14092K, committed 15104K, reserved 851968K
}
Event: 20.315 GC heap before
{Heap before GC invocations=47 (full 0):
 garbage-first heap   total 245760K, used 207934K [0x0000000700000000, 0x0000000800000000)
  region size 2048K, 35 young (71680K), 4 survivors (8192K)
 Metaspace       used 107055K, committed 109120K, reserved 983040K
  class space    used 14708K, committed 15744K, reserved 851968K
}
Event: 20.319 GC heap after
{Heap after GC invocations=48 (full 0):
 garbage-first heap   total 245760K, used 147368K [0x0000000700000000, 0x0000000800000000)
  region size 2048K, 3 young (6144K), 3 survivors (6144K)
 Metaspace       used 107055K, committed 109120K, reserved 983040K
  class space    used 14708K, committed 15744K, reserved 851968K
}
Event: 20.901 GC heap before
{Heap before GC invocations=48 (full 0):
 garbage-first heap   total 245760K, used 223144K [0x0000000700000000, 0x0000000800000000)
  region size 2048K, 40 young (81920K), 3 survivors (6144K)
 Metaspace       used 109563K, committed 111744K, reserved 983040K
  class space    used 15007K, committed 16064K, reserved 851968K
}
Event: 20.906 GC heap after
{Heap after GC invocations=49 (full 0):
 garbage-first heap   total 245760K, used 152071K [0x0000000700000000, 0x0000000800000000)
  region size 2048K, 5 young (10240K), 5 survivors (10240K)
 Metaspace       used 109563K, committed 111744K, reserved 983040K
  class space    used 15007K, committed 16064K, reserved 851968K
}
Event: 21.758 GC heap before
{Heap before GC invocations=49 (full 0):
 garbage-first heap   total 245760K, used 223751K [0x0000000700000000, 0x0000000800000000)
  region size 2048K, 41 young (83968K), 5 survivors (10240K)
 Metaspace       used 114590K, committed 116672K, reserved 983040K
  class space    used 15747K, committed 16768K, reserved 851968K
}
Event: 21.763 GC heap after
{Heap after GC invocations=50 (full 0):
 garbage-first heap   total 294912K, used 154572K [0x0000000700000000, 0x0000000800000000)
  region size 2048K, 5 young (10240K), 5 survivors (10240K)
 Metaspace       used 114590K, committed 116672K, reserved 983040K
  class space    used 15747K, committed 16768K, reserved 851968K
}
Event: 23.135 GC heap before
{Heap before GC invocations=51 (full 0):
 garbage-first heap   total 294912K, used 265164K [0x0000000700000000, 0x0000000800000000)
  region size 2048K, 60 young (122880K), 5 survivors (10240K)
 Metaspace       used 121904K, committed 124160K, reserved 983040K
  class space    used 16831K, committed 17920K, reserved 851968K
}
Event: 23.141 GC heap after
{Heap after GC invocations=52 (full 0):
 garbage-first heap   total 294912K, used 162569K [0x0000000700000000, 0x0000000800000000)
  region size 2048K, 8 young (16384K), 8 survivors (16384K)
 Metaspace       used 121904K, committed 124160K, reserved 983040K
  class space    used 16831K, committed 17920K, reserved 851968K
}
Event: 26.241 GC heap before
{Heap before GC invocations=52 (full 0):
 garbage-first heap   total 294912K, used 275209K [0x0000000700000000, 0x0000000800000000)
  region size 2048K, 60 young (122880K), 8 survivors (16384K)
 Metaspace       used 128144K, committed 130432K, reserved 983040K
  class space    used 17633K, committed 18752K, reserved 851968K
}
Event: 27.261 GC heap after
{Heap after GC invocations=53 (full 0):
 garbage-first heap   total 303104K, used 173520K [0x0000000700000000, 0x0000000800000000)
  region size 2048K, 6 young (12288K), 6 survivors (12288K)
 Metaspace       used 128144K, committed 130432K, reserved 983040K
  class space    used 17633K, committed 18752K, reserved 851968K
}
Event: 29.707 GC heap before
{Heap before GC invocations=53 (full 0):
 garbage-first heap   total 303104K, used 275920K [0x0000000700000000, 0x0000000800000000)
  region size 2048K, 57 young (116736K), 6 survivors (12288K)
 Metaspace       used 128151K, committed 130432K, reserved 983040K
  class space    used 17633K, committed 18752K, reserved 851968K
}

Dll operation events (3 events):
Event: 0.011 Loaded shared library C:\Program Files\Android\Android Studio\jbr\bin\java.dll
Event: 0.018 Loaded shared library C:\Program Files\Android\Android Studio\jbr\bin\zip.dll
Event: 0.912 Loaded shared library C:\Program Files\Android\Android Studio\jbr\bin\verify.dll

Deoptimization events (20 events):
Event: 27.934 Thread 0x00000270593c7530 Uncommon trap: trap_request=0xffffff45 fr.pc=0x0000027044f4cbac relative=0x0000000000000c0c
Event: 27.934 Thread 0x00000270593c7530 Uncommon trap: reason=unstable_if action=reinterpret pc=0x0000027044f4cbac method=sun.nio.fs.WindowsException.translateToIOException(Ljava/lang/String;Ljava/lang/String;)Ljava/io/IOException; @ 62 c2
Event: 27.934 Thread 0x00000270593c7530 DEOPT PACKING pc=0x0000027044f4cbac sp=0x000000ff457f4ed0
Event: 27.934 Thread 0x00000270593c7530 DEOPT UNPACKING pc=0x0000027043f14422 sp=0x000000ff457f4ea0 mode 2
Event: 27.934 Thread 0x00000270593c7530 Uncommon trap: trap_request=0xffffff45 fr.pc=0x0000027044f5ba64 relative=0x0000000000000384
Event: 27.934 Thread 0x00000270593c7530 Uncommon trap: reason=unstable_if action=reinterpret pc=0x0000027044f5ba64 method=sun.nio.fs.WindowsException.errorString()Ljava/lang/String; @ 4 c2
Event: 27.934 Thread 0x00000270593c7530 DEOPT PACKING pc=0x0000027044f5ba64 sp=0x000000ff457f4f50
Event: 27.934 Thread 0x00000270593c7530 DEOPT UNPACKING pc=0x0000027043f14422 sp=0x000000ff457f4e88 mode 2
Event: 27.953 Thread 0x00000270593c7530 Uncommon trap: trap_request=0xffffff45 fr.pc=0x0000027044eaf018 relative=0x0000000000000178
Event: 27.953 Thread 0x00000270593c7530 Uncommon trap: reason=unstable_if action=reinterpret pc=0x0000027044eaf018 method=sun.nio.fs.WindowsException.errorString()Ljava/lang/String; @ 4 c2
Event: 27.953 Thread 0x00000270593c7530 DEOPT PACKING pc=0x0000027044eaf018 sp=0x000000ff457f4ec0
Event: 27.953 Thread 0x00000270593c7530 DEOPT UNPACKING pc=0x0000027043f14422 sp=0x000000ff457f4e80 mode 2
Event: 29.003 Thread 0x00000270593c7530 Uncommon trap: trap_request=0xffffff45 fr.pc=0x0000027044e4de80 relative=0x00000000000002c0
Event: 29.003 Thread 0x00000270593c7530 Uncommon trap: reason=unstable_if action=reinterpret pc=0x0000027044e4de80 method=java.lang.StringLatin1.compareToCI([B[B)I @ 68 c2
Event: 29.003 Thread 0x00000270593c7530 DEOPT PACKING pc=0x0000027044e4de80 sp=0x000000ff457f49e0
Event: 29.003 Thread 0x00000270593c7530 DEOPT UNPACKING pc=0x0000027043f14422 sp=0x000000ff457f48d0 mode 2
Event: 29.003 Thread 0x00000270593c7530 Uncommon trap: trap_request=0xffffff45 fr.pc=0x0000027044e3d9dc relative=0x000000000000021c
Event: 29.003 Thread 0x00000270593c7530 Uncommon trap: reason=unstable_if action=reinterpret pc=0x0000027044e3d9dc method=java.lang.StringLatin1.compareToCI([B[B)I @ 68 c2
Event: 29.003 Thread 0x00000270593c7530 DEOPT PACKING pc=0x0000027044e3d9dc sp=0x000000ff457f4940
Event: 29.003 Thread 0x00000270593c7530 DEOPT UNPACKING pc=0x0000027043f14422 sp=0x000000ff457f48c8 mode 2

Classes loaded (20 events):
Event: 21.551 Loading class java/util/regex/Pattern$Caret
Event: 21.551 Loading class java/util/regex/Pattern$Caret done
Event: 22.178 Loading class java/lang/invoke/BoundMethodHandle$Species_LLLJ
Event: 22.178 Loading class java/lang/invoke/BoundMethodHandle$Species_LLLJ done
Event: 22.739 Loading class java/util/Stack
Event: 22.739 Loading class java/util/Stack done
Event: 22.783 Loading class java/util/ArrayList$SubList$2
Event: 22.783 Loading class java/util/ArrayList$SubList$2 done
Event: 22.879 Loading class java/lang/AbstractMethodError
Event: 22.879 Loading class java/lang/AbstractMethodError done
Event: 23.180 Loading class java/util/concurrent/ConcurrentLinkedQueue$Itr
Event: 23.180 Loading class java/util/concurrent/ConcurrentLinkedQueue$Itr done
Event: 23.187 Loading class java/io/NotSerializableException
Event: 23.187 Loading class java/io/NotSerializableException done
Event: 23.457 Loading class java/util/TreeMap$KeySpliterator
Event: 23.457 Loading class java/util/TreeMap$TreeMapSpliterator
Event: 23.457 Loading class java/util/TreeMap$TreeMapSpliterator done
Event: 23.457 Loading class java/util/TreeMap$KeySpliterator done
Event: 23.514 Loading class java/io/PushbackInputStream
Event: 23.514 Loading class java/io/PushbackInputStream done

Classes unloaded (18 events):
Event: 11.116 Thread 0x0000027054424a70 Unloading class 0x00000008007b4988 '_BuildScript_$_run_closure1$_closure2'
Event: 11.116 Thread 0x0000027054424a70 Unloading class 0x00000008007b4568 '_BuildScript_$_run_closure1'
Event: 11.116 Thread 0x0000027054424a70 Unloading class 0x00000008007b4000 '_BuildScript_'
Event: 12.688 Thread 0x0000027054424a70 Unloading class 0x000000080099c420 '_BuildScript_$_run_closure2'
Event: 12.688 Thread 0x0000027054424a70 Unloading class 0x000000080099c000 '_BuildScript_$_run_closure1'
Event: 12.688 Thread 0x0000027054424a70 Unloading class 0x00000008007b4000 '_BuildScript_'
Event: 13.874 Thread 0x0000027054424a70 Unloading class 0x00000008009a1420 '_BuildScript_$_run_closure1$_closure2'
Event: 13.874 Thread 0x0000027054424a70 Unloading class 0x00000008009a1000 '_BuildScript_$_run_closure1'
Event: 13.874 Thread 0x0000027054424a70 Unloading class 0x00000008009a0800 '_BuildScript_'
Event: 16.709 Thread 0x0000027054424a70 Unloading class 0x00000008009b1a08 '_BuildScript_$_run_closure1$_closure3'
Event: 16.709 Thread 0x0000027054424a70 Unloading class 0x00000008009b15e8 '_BuildScript_$_run_closure1$_closure2'
Event: 16.709 Thread 0x0000027054424a70 Unloading class 0x00000008009b11c8 '_BuildScript_$_run_closure1'
Event: 16.709 Thread 0x0000027054424a70 Unloading class 0x00000008009b0c60 '_BuildScript_'
Event: 16.709 Thread 0x0000027054424a70 Unloading class 0x00000008009b0840 'JetGradlePlugin$_apply_closure1$_closure2$_closure3'
Event: 16.709 Thread 0x0000027054424a70 Unloading class 0x00000008009b0420 'JetGradlePlugin$_apply_closure1$_closure2'
Event: 16.709 Thread 0x0000027054424a70 Unloading class 0x00000008009b0000 'JetGradlePlugin$_apply_closure1'
Event: 16.709 Thread 0x0000027054424a70 Unloading class 0x00000008009a9b00 'JetGradlePlugin'
Event: 16.709 Thread 0x0000027054424a70 Unloading class 0x00000008009a9800 'RegistryProcessor'

Classes redefined (0 events):
No events

Internal exceptions (20 events):
Event: 27.944 Thread 0x00000270593c7530 Exception <a 'sun/nio/fs/WindowsException'{0x000000070f7277f0}> (0x000000070f7277f0) 
thrown [s\src\hotspot\share\prims\jni.cpp, line 537]
Event: 27.944 Thread 0x00000270593c7530 Exception <a 'sun/nio/fs/WindowsException'{0x000000070f72e1e0}> (0x000000070f72e1e0) 
thrown [s\src\hotspot\share\prims\jni.cpp, line 537]
Event: 27.946 Thread 0x00000270593c7530 Exception <a 'sun/nio/fs/WindowsException'{0x000000070f734120}> (0x000000070f734120) 
thrown [s\src\hotspot\share\prims\jni.cpp, line 537]
Event: 27.946 Thread 0x00000270593c7530 Exception <a 'sun/nio/fs/WindowsException'{0x000000070f738ca0}> (0x000000070f738ca0) 
thrown [s\src\hotspot\share\prims\jni.cpp, line 537]
Event: 27.947 Thread 0x00000270593c7530 Exception <a 'sun/nio/fs/WindowsException'{0x000000070f73da68}> (0x000000070f73da68) 
thrown [s\src\hotspot\share\prims\jni.cpp, line 537]
Event: 27.948 Thread 0x00000270593c7530 Exception <a 'sun/nio/fs/WindowsException'{0x000000070f744640}> (0x000000070f744640) 
thrown [s\src\hotspot\share\prims\jni.cpp, line 537]
Event: 27.949 Thread 0x00000270593c7530 Exception <a 'sun/nio/fs/WindowsException'{0x000000070f74afe0}> (0x000000070f74afe0) 
thrown [s\src\hotspot\share\prims\jni.cpp, line 537]
Event: 27.950 Thread 0x00000270593c7530 Exception <a 'sun/nio/fs/WindowsException'{0x000000070f751c90}> (0x000000070f751c90) 
thrown [s\src\hotspot\share\prims\jni.cpp, line 537]
Event: 27.951 Thread 0x00000270593c7530 Exception <a 'sun/nio/fs/WindowsException'{0x000000070f765a40}> (0x000000070f765a40) 
thrown [s\src\hotspot\share\prims\jni.cpp, line 537]
Event: 27.952 Thread 0x00000270593c7530 Exception <a 'sun/nio/fs/WindowsException'{0x000000070f76bb20}> (0x000000070f76bb20) 
thrown [s\src\hotspot\share\prims\jni.cpp, line 537]
Event: 27.953 Thread 0x00000270593c7530 Exception <a 'sun/nio/fs/WindowsException'{0x000000070f770668}> (0x000000070f770668) 
thrown [s\src\hotspot\share\prims\jni.cpp, line 537]
Event: 27.953 Thread 0x00000270593c7530 Exception <a 'sun/nio/fs/WindowsException'{0x000000070f7726e0}> (0x000000070f7726e0) 
thrown [s\src\hotspot\share\prims\jni.cpp, line 537]
Event: 27.954 Thread 0x00000270593c7530 Exception <a 'sun/nio/fs/WindowsException'{0x000000070f77b760}> (0x000000070f77b760) 
thrown [s\src\hotspot\share\prims\jni.cpp, line 537]
Event: 27.955 Thread 0x00000270593c7530 Exception <a 'sun/nio/fs/WindowsException'{0x000000070f785b78}> (0x000000070f785b78) 
thrown [s\src\hotspot\share\prims\jni.cpp, line 537]
Event: 27.956 Thread 0x00000270593c7530 Exception <a 'sun/nio/fs/WindowsException'{0x000000070f788570}> (0x000000070f788570) 
thrown [s\src\hotspot\share\prims\jni.cpp, line 537]
Event: 27.956 Thread 0x00000270593c7530 Exception <a 'sun/nio/fs/WindowsException'{0x000000070f78a5e8}> (0x000000070f78a5e8) 
thrown [s\src\hotspot\share\prims\jni.cpp, line 537]
Event: 27.957 Thread 0x00000270593c7530 Exception <a 'sun/nio/fs/WindowsException'{0x000000070f793668}> (0x000000070f793668) 
thrown [s\src\hotspot\share\prims\jni.cpp, line 537]
Event: 27.959 Thread 0x00000270593c7530 Exception <a 'sun/nio/fs/WindowsException'{0x000000070f79da80}> (0x000000070f79da80) 
thrown [s\src\hotspot\share\prims\jni.cpp, line 537]
Event: 27.959 Thread 0x00000270593c7530 Exception <a 'sun/nio/fs/WindowsException'{0x000000070f7a0ce0}> (0x000000070f7a0ce0) 
thrown [s\src\hotspot\share\prims\jni.cpp, line 537]
Event: 27.959 Thread 0x00000270593c7530 Exception <a 'sun/nio/fs/WindowsException'{0x000000070f7a2968}> (0x000000070f7a2968) 
thrown [s\src\hotspot\share\prims\jni.cpp, line 537]

ZGC Phase Switch (0 events):
No events

VM Operations (20 events):
Event: 24.571 Executing VM operation: Cleanup done
Event: 24.592 Executing VM operation: HandshakeAllThreads (Deoptimize)
Event: 24.593 Executing VM operation: HandshakeAllThreads (Deoptimize) done
Event: 24.673 Executing VM operation: HandshakeAllThreads (Deoptimize)
Event: 24.673 Executing VM operation: HandshakeAllThreads (Deoptimize) done
Event: 24.677 Executing VM operation: HandshakeAllThreads (Deoptimize)
Event: 24.677 Executing VM operation: HandshakeAllThreads (Deoptimize) done
Event: 24.681 Executing VM operation: HandshakeAllThreads (Deoptimize)
Event: 24.681 Executing VM operation: HandshakeAllThreads (Deoptimize) done
Event: 24.687 Executing VM operation: HandshakeAllThreads (Deoptimize)
Event: 24.688 Executing VM operation: HandshakeAllThreads (Deoptimize) done
Event: 25.693 Executing VM operation: Cleanup
Event: 25.693 Executing VM operation: Cleanup done
Event: 26.241 Executing VM operation: G1CollectForAllocation (G1 Evacuation Pause)
Event: 27.261 Executing VM operation: G1CollectForAllocation (G1 Evacuation Pause) done
Event: 28.270 Executing VM operation: Cleanup
Event: 28.270 Executing VM operation: Cleanup done
Event: 29.280 Executing VM operation: Cleanup
Event: 29.280 Executing VM operation: Cleanup done
Event: 29.707 Executing VM operation: G1CollectForAllocation (G1 Evacuation Pause)

Memory protections (0 events):
No events

Nmethod flushes (20 events):
Event: 21.821 Thread 0x0000027054424a70 flushing  nmethod 0x000002704484c510
Event: 21.821 Thread 0x0000027054424a70 flushing  nmethod 0x0000027044c3b610
Event: 21.821 Thread 0x0000027054424a70 flushing  nmethod 0x000002703cc67d10
Event: 21.821 Thread 0x0000027054424a70 flushing  nmethod 0x000002703d1de790
Event: 21.821 Thread 0x0000027054424a70 flushing  nmethod 0x000002703d87c210
Event: 21.821 Thread 0x0000027054424a70 flushing  nmethod 0x00000270448c5b90
Event: 21.821 Thread 0x0000027054424a70 flushing  nmethod 0x000002703caeae90
Event: 21.821 Thread 0x0000027054424a70 flushing  nmethod 0x000002703caeb890
Event: 21.821 Thread 0x0000027054424a70 flushing  nmethod 0x000002703caec290
Event: 21.821 Thread 0x0000027054424a70 flushing  nmethod 0x000002703cbb7c10
Event: 21.821 Thread 0x0000027054424a70 flushing  nmethod 0x000002703cd07210
Event: 21.821 Thread 0x0000027054424a70 flushing  nmethod 0x000002703cd08510
Event: 21.821 Thread 0x0000027054424a70 flushing  nmethod 0x000002703ce17490
Event: 21.821 Thread 0x0000027054424a70 flushing  nmethod 0x000002703d1a7910
Event: 21.821 Thread 0x0000027054424a70 flushing  nmethod 0x000002703d29c690
Event: 21.821 Thread 0x0000027054424a70 flushing  nmethod 0x000002703d541b90
Event: 21.821 Thread 0x0000027054424a70 flushing  nmethod 0x000002703d7e7090
Event: 21.821 Thread 0x0000027054424a70 flushing  nmethod 0x000002703d927b10
Event: 21.821 Thread 0x0000027054424a70 flushing  nmethod 0x000002703d928110
Event: 21.821 Thread 0x0000027054424a70 flushing  nmethod 0x000002703d929190

Events (20 events):
Event: 23.406 Thread 0x00000270623a4ac0 Thread added: 0x00000270623a5e70
Event: 23.406 Thread 0x00000270623a4ac0 Thread added: 0x00000270623a57e0
Event: 23.406 Thread 0x00000270623a4ac0 Thread added: 0x00000270623a6500
Event: 23.406 Thread 0x00000270623a4ac0 Thread added: 0x00000270623a3080
Event: 23.406 Thread 0x00000270623a4ac0 Thread added: 0x00000270623a8c60
Event: 23.406 Thread 0x00000270623a4ac0 Thread added: 0x00000270623a78b0
Event: 23.406 Thread 0x00000270623a4ac0 Thread added: 0x00000270623a6b90
Event: 23.406 Thread 0x00000270623a4ac0 Thread added: 0x00000270623a9980
Event: 23.406 Thread 0x00000270623a4ac0 Thread added: 0x00000270623a7f40
Event: 23.406 Thread 0x00000270623a4ac0 Thread added: 0x00000270623a85d0
Event: 23.407 Thread 0x00000270623a4ac0 Thread added: 0x00000270623a92f0
Event: 23.407 Thread 0x00000270623a4ac0 Thread added: 0x00000270623aa6a0
Event: 23.430 Thread 0x00000270623a4ac0 Thread added: 0x00000270623aa010
Event: 23.495 Thread 0x00000270593c7530 Thread added: 0x00000270623a7220
Event: 24.690 Thread 0x00000270593c7530 Thread added: 0x00000270623adb20
Event: 24.792 Thread 0x000002705d136f90 Thread exited: 0x000002705d136f90
Event: 26.119 Thread 0x000002705a305f60 Thread exited: 0x000002705a305f60
Event: 27.262 Thread 0x00000270546e1360 Thread exited: 0x00000270546e1360
Event: 27.262 Thread 0x00000270546c4b20 Thread exited: 0x00000270546c4b20
Event: 29.182 Thread 0x00000270544ed4a0 Thread added: 0x000002705d136f90


Dynamic libraries:
0x00007ff683470000 - 0x00007ff68347a000 	C:\Program Files\Android\Android Studio\jbr\bin\java.exe
0x00007ff985100000 - 0x00007ff985367000 	C:\WINDOWS\SYSTEM32\ntdll.dll
0x00007ff983d30000 - 0x00007ff983df9000 	C:\WINDOWS\System32\KERNEL32.DLL
0x00007ff9828a0000 - 0x00007ff982c91000 	C:\WINDOWS\System32\KERNELBASE.dll
0x00007ff982ca0000 - 0x00007ff982deb000 	C:\WINDOWS\System32\ucrtbase.dll
0x00007ff97c940000 - 0x00007ff97c95b000 	C:\Program Files\Android\Android Studio\jbr\bin\VCRUNTIME140.dll
0x00007ff976420000 - 0x00007ff976438000 	C:\Program Files\Android\Android Studio\jbr\bin\jli.dll
0x00007ff984bc0000 - 0x00007ff984d85000 	C:\WINDOWS\System32\USER32.dll
0x00007ff982630000 - 0x00007ff982657000 	C:\WINDOWS\System32\win32u.dll
0x00007ff983d00000 - 0x00007ff983d2b000 	C:\WINDOWS\System32\GDI32.dll
0x00007ff9697e0000 - 0x00007ff969a73000 	C:\WINDOWS\WinSxS\amd64_microsoft.windows.common-controls_6595b64144ccf1df_6.0.26100.8037_none_3e092faae333b53b\COMCTL32.dll
0x00007ff981b20000 - 0x00007ff981c4b000 	C:\WINDOWS\System32\gdi32full.dll
0x00007ff984e30000 - 0x00007ff984ed9000 	C:\WINDOWS\System32\msvcrt.dll
0x00007ff9819e0000 - 0x00007ff981a83000 	C:\WINDOWS\System32\msvcp_win.dll
0x00007ff983ed0000 - 0x00007ff983f01000 	C:\WINDOWS\System32\IMM32.DLL
0x00007ff97ca20000 - 0x00007ff97ca2c000 	C:\Program Files\Android\Android Studio\jbr\bin\vcruntime140_1.dll
0x00007ff952180000 - 0x00007ff95220d000 	C:\Program Files\Android\Android Studio\jbr\bin\msvcp140.dll
0x00007ff92ead0000 - 0x00007ff92f766000 	C:\Program Files\Android\Android Studio\jbr\bin\server\jvm.dll
0x00007ff983ab0000 - 0x00007ff983b6b000 	C:\WINDOWS\System32\ADVAPI32.dll
0x00007ff983f10000 - 0x00007ff983fb7000 	C:\WINDOWS\System32\sechost.dll
0x00007ff983060000 - 0x00007ff983178000 	C:\WINDOWS\System32\RPCRT4.dll
0x00007ff983e50000 - 0x00007ff983ec4000 	C:\WINDOWS\System32\WS2_32.dll
0x00007ff981840000 - 0x00007ff98189e000 	C:\WINDOWS\SYSTEM32\POWRPROF.dll
0x00007ff975840000 - 0x00007ff97584b000 	C:\WINDOWS\SYSTEM32\VERSION.dll
0x00007ff978200000 - 0x00007ff978235000 	C:\WINDOWS\SYSTEM32\WINMM.dll
0x00007ff981820000 - 0x00007ff981834000 	C:\WINDOWS\SYSTEM32\UMPDC.dll
0x00007ff980770000 - 0x00007ff98078b000 	C:\WINDOWS\SYSTEM32\kernel.appcore.dll
0x00007ff97c980000 - 0x00007ff97c98a000 	C:\Program Files\Android\Android Studio\jbr\bin\jimage.dll
0x00007ff97f670000 - 0x00007ff97f8b2000 	C:\WINDOWS\SYSTEM32\DBGHELP.DLL
0x00007ff983470000 - 0x00007ff9837f2000 	C:\WINDOWS\System32\combase.dll
0x00007ff982ea0000 - 0x00007ff982f77000 	C:\WINDOWS\System32\OLEAUT32.dll
0x00007ff968020000 - 0x00007ff96805b000 	C:\WINDOWS\SYSTEM32\dbgcore.DLL
0x00007ff982df0000 - 0x00007ff982e95000 	C:\WINDOWS\System32\bcryptPrimitives.dll
0x00007ff977e30000 - 0x00007ff977e3e000 	C:\Program Files\Android\Android Studio\jbr\bin\instrument.dll
0x00007ff97a270000 - 0x00007ff97a290000 	C:\Program Files\Android\Android Studio\jbr\bin\java.dll
0x00007ff97a050000 - 0x00007ff97a068000 	C:\Program Files\Android\Android Studio\jbr\bin\zip.dll
0x00007ff983fc0000 - 0x00007ff98471f000 	C:\WINDOWS\System32\SHELL32.dll
0x00007ff9824c0000 - 0x00007ff98262a000 	C:\WINDOWS\System32\wintypes.dll
0x00007ff981c50000 - 0x00007ff9824b4000 	C:\WINDOWS\System32\windows.storage.dll
0x00007ff983960000 - 0x00007ff983a57000 	C:\WINDOWS\System32\SHCORE.dll
0x00007ff982f90000 - 0x00007ff982ff7000 	C:\WINDOWS\System32\shlwapi.dll
0x00007ff981900000 - 0x00007ff981929000 	C:\WINDOWS\SYSTEM32\profapi.dll
0x00007ff97ad80000 - 0x00007ff97ad90000 	C:\Program Files\Android\Android Studio\jbr\bin\net.dll
0x00007ff97c630000 - 0x00007ff97c757000 	C:\WINDOWS\SYSTEM32\WINHTTP.dll
0x00007ff980ce0000 - 0x00007ff980d4b000 	C:\WINDOWS\system32\mswsock.dll
0x00007ff979fb0000 - 0x00007ff979fc6000 	C:\Program Files\Android\Android Studio\jbr\bin\nio.dll
0x00007ff977e40000 - 0x00007ff977e50000 	C:\Program Files\Android\Android Studio\jbr\bin\verify.dll
0x00007ff91e140000 - 0x00007ff91e167000 	C:\Users\ADMIN\.gradle\native\1def1411415f61bf3af743bc5b6707747c0891f09f0c88961ee8f79bc544acac\windows-amd64\native-platform.dll
0x00007ff91c7a0000 - 0x00007ff91c818000 	C:\Users\ADMIN\.gradle\native\0.2.7\x86_64-windows-gnu\gradle-fileevents.dll
0x00007ff979f80000 - 0x00007ff979f89000 	C:\Program Files\Android\Android Studio\jbr\bin\management.dll
0x00007ff979f70000 - 0x00007ff979f7b000 	C:\Program Files\Android\Android Studio\jbr\bin\management_ext.dll
0x00007ff982f80000 - 0x00007ff982f88000 	C:\WINDOWS\System32\PSAPI.DLL
0x00007ff980230000 - 0x00007ff980263000 	C:\WINDOWS\SYSTEM32\IPHLPAPI.DLL
0x00007ff984e20000 - 0x00007ff984e2a000 	C:\WINDOWS\System32\NSI.dll
0x00007ff97a2d0000 - 0x00007ff97a2d9000 	C:\Program Files\Android\Android Studio\jbr\bin\extnet.dll
0x00007ff980fc0000 - 0x00007ff980fdb000 	C:\WINDOWS\SYSTEM32\CRYPTSP.dll
0x00007ff9806d0000 - 0x00007ff980709000 	C:\WINDOWS\system32\rsaenh.dll
0x00007ff980d90000 - 0x00007ff980dc2000 	C:\WINDOWS\SYSTEM32\USERENV.dll
0x00007ff9818d0000 - 0x00007ff9818fa000 	C:\WINDOWS\SYSTEM32\bcrypt.dll
0x00007ff980fe0000 - 0x00007ff980fec000 	C:\WINDOWS\SYSTEM32\CRYPTBASE.dll
0x00007ff93eb30000 - 0x00007ff93eb38000 	C:\WINDOWS\system32\wshunix.dll
0x00007ff980890000 - 0x00007ff9808c6000 	C:\WINDOWS\SYSTEM32\ntmarta.dll

JVMTI agents:
C:\Users\ADMIN\.gradle\wrapper\dists\gradle-8.13-bin\5xuhj0ry160q40clulazy9h7d\gradle-8.13\lib\agents\gradle-instrumentation-agent-8.13.jar path:C:\Program Files\Android\Android Studio\jbr\bin\instrument.dll, loaded, initialized, instrumentlib options:none

dbghelp: loaded successfully - version: 4.0.5 - missing functions: none
symbol engine: initialized successfully - sym options: 0x614 - pdb path: .;C:\Program Files\Android\Android Studio\jbr\bin;C:\WINDOWS\SYSTEM32;C:\WINDOWS\WinSxS\amd64_microsoft.windows.common-controls_6595b64144ccf1df_6.0.26100.8037_none_3e092faae333b53b;C:\Program Files\Android\Android Studio\jbr\bin\server;C:\Users\ADMIN\.gradle\native\1def1411415f61bf3af743bc5b6707747c0891f09f0c88961ee8f79bc544acac\windows-amd64;C:\Users\ADMIN\.gradle\native\0.2.7\x86_64-windows-gnu

VM Arguments:
jvm_args: --add-opens=java.base/java.lang=ALL-UNNAMED --add-opens=java.base/java.lang.invoke=ALL-UNNAMED --add-opens=java.base/java.util=ALL-UNNAMED --add-opens=java.prefs/java.util.prefs=ALL-UNNAMED --add-exports=jdk.compiler/com.sun.tools.javac.api=ALL-UNNAMED --add-exports=jdk.compiler/com.sun.tools.javac.util=ALL-UNNAMED --add-opens=java.base/java.util=ALL-UNNAMED --add-opens=java.prefs/java.util.prefs=ALL-UNNAMED --add-opens=java.base/java.nio.charset=ALL-UNNAMED --add-opens=java.base/java.net=ALL-UNNAMED --add-opens=java.base/java.util.concurrent.atomic=ALL-UNNAMED --add-opens=java.xml/javax.xml.namespace=ALL-UNNAMED -XX:MaxMetaspaceSize=1024m -Xmx4096m -Dfile.encoding=UTF-8 -Duser.country=US -Duser.language=en -Duser.variant -javaagent:C:\Users\ADMIN\.gradle\wrapper\dists\gradle-8.13-bin\5xuhj0ry160q40clulazy9h7d\gradle-8.13\lib\agents\gradle-instrumentation-agent-8.13.jar 
java_command: org.gradle.launcher.daemon.bootstrap.GradleDaemon 8.13
java_class_path (initial): C:\Users\ADMIN\.gradle\wrapper\dists\gradle-8.13-bin\5xuhj0ry160q40clulazy9h7d\gradle-8.13\lib\gradle-daemon-main-8.13.jar
Launcher Type: SUN_STANDARD

[Global flags]
     intx CICompilerCount                          = 12                                        {product} {ergonomic}
   size_t CompressedClassSpaceSize                 = 872415232                                 {product} {ergonomic}
     uint ConcGCThreads                            = 3                                         {product} {ergonomic}
     uint G1ConcRefinementThreads                  = 13                                        {product} {ergonomic}
   size_t G1HeapRegionSize                         = 2097152                                   {product} {ergonomic}
    uintx GCDrainStackTargetSize                   = 64                                        {product} {ergonomic}
   size_t InitialHeapSize                          = 264241152                                 {product} {ergonomic}
   size_t MarkStackSize                            = 4194304                                   {product} {ergonomic}
   size_t MaxHeapSize                              = 4294967296                                {product} {command line}
   size_t MaxMetaspaceSize                         = 1073741824                                {product} {command line}
   size_t MaxNewSize                               = 2575302656                                {product} {ergonomic}
   size_t MinHeapDeltaBytes                        = 2097152                                   {product} {ergonomic}
   size_t MinHeapSize                              = 8388608                                   {product} {ergonomic}
    uintx NonNMethodCodeHeapSize                   = 7602480                                {pd product} {ergonomic}
    uintx NonProfiledCodeHeapSize                  = 122027880                              {pd product} {ergonomic}
    uintx ProfiledCodeHeapSize                     = 122027880                              {pd product} {ergonomic}
    uintx ReservedCodeCacheSize                    = 251658240                              {pd product} {ergonomic}
     bool SegmentedCodeCache                       = true                                      {product} {ergonomic}
   size_t SoftMaxHeapSize                          = 4294967296                             {manageable} {ergonomic}
     bool UseCompressedOops                        = true                           {product lp64_product} {ergonomic}
     bool UseG1GC                                  = true                                      {product} {ergonomic}
     bool UseLargePagesIndividualAllocation        = false                                  {pd product} {ergonomic}

Logging:
Log output configuration:
 #0: stdout all=warning uptime,level,tags foldmultilines=false
 #1: stderr all=off uptime,level,tags foldmultilines=false

Release file:
JAVA_VERSION="21.0.9" 
MODULES="java.base java.compiler java.datatransfer java.xml java.prefs java.desktop java.instrument java.logging java.management java.security.sasl java.naming java.rmi java.management.rmi java.net.http java.scripting java.security.jgss java.transaction.xa java.sql java.sql.rowset java.xml.crypto java.se java.smartcardio jdk.accessibility jdk.internal.jvmstat jdk.attach jdk.charsets jdk.internal.opt jdk.zipfs jdk.compiler jdk.crypto.ec jdk.crypto.cryptoki jdk.dynalink jdk.hotspot.agent jdk.httpserver jdk.internal.ed jdk.internal.le jdk.internal.vm.ci jdk.jartool jdk.javadoc jdk.jcmd jdk.jdeps jdk.jdwp.agent jdk.jdi jdk.jfr jdk.jlink jdk.jsobject jdk.localedata jdk.management jdk.management.agent jdk.management.jfr jdk.naming.dns jdk.naming.rmi jdk.net jdk.sctp jdk.security.auth jdk.security.jgss jdk.unsupported jdk.unsupported.desktop jdk.xml.dom" 
IMPLEMENTOR="JetBrains s.r.o." 
JAVA_RUNTIME_VERSION="21.0.9+-14787801-b1163.94" 
LIBC="default" 
OS_ARCH="x86_64" 
OS_NAME="Windows" 
SOURCE=".:git:0c757ddc9f2f" 

Environment Variables:
JAVA_HOME=C:\Program Files\Java\jdk-21
PATH=D:\VMWare\bin\;D:\Python\Scripts\;D:\Python\;C:\Program Files\Common Files\Oracle\Java\javapath;C:\Program Files (x86)\Common Files\Oracle\Java\javapath;C:\WINDOWS\system32;C:\WINDOWS;C:\WINDOWS\System32\Wbem;C:\WINDOWS\System32\WindowsPowerShell\v1.0\;C:\WINDOWS\System32\OpenSSH\;C:\Program Files (x86)\Microsoft SQL Server\160\Tools\Binn\;C:\Program Files\Microsoft SQL Server\160\Tools\Binn\;C:\Program Files\Microsoft SQL Server\Client SDK\ODBC\170\Tools\Binn\;C:\Program Files\Microsoft SQL Server\160\DTS\Binn\;C:\Program Files (x86)\Microsoft SQL Server\160\DTS\Binn\;C:\Program Files\Azure Data Studio\bin;C:\Program Files\Git\cmd;C:\xampp\php;C:\ProgramData\ComposerSetup\bin;C:\Users\ADMIN\apache-maven-3.9.9\bin;C:\scrcpy-win64-v3.2;C:\Program Files\Java\jdk-17\bin\;C:\Program Files\Zulu\zulu-21\bin\;C:\Users\ADMIN\Downloads\ffmpeg-8.0-essentials_build\ffmpeg-8.0-essentials_build\bin;C:\Program Files\Microsoft SQL Server\170\Tools\Binn\;C:\Program Files\Microsoft SQL Server\130\DTS\Binn\;C:\Program Files\Microsoft SQL Server\140\DTS\Binn\;C:\Program Files\Microsoft SQL Server\150\DTS\Binn\;C:\Program Files\Microsoft SQL Server\170\DTS\Binn\;C:\Users\ADMIN\AppData\Local\Microsoft\WindowsApps;C:\Program Files\Azure Data Studio\bin;C:\Users\ADMIN\AppData\Roaming\Composer\vendor\bin;C:\Program Files\JetBrains\IntelliJ IDEA 2024.3.1.1\bin;;C:\Program Files\JetBrains\IntelliJ IDEA Community Edition 2024.3.1.1\bin;;C:\Users\ADMIN\Downloads\platform-tools;C:\Users\ADMIN\AppData\Local\Programs\Microsoft VS Code\bin;C:\Users\ADMIN\Downloads\ffmpeg-8.0-essentials_build\ffmpeg-8.0-essentials_build\bin;C:\Users\ADMIN\AppData\Local\Programs\Antigravity\bin
USERNAME=ADMIN
OS=Windows_NT
PROCESSOR_IDENTIFIER=Intel64 Family 6 Model 186 Stepping 2, GenuineIntel
TMP=C:\Users\ADMIN\AppData\Local\Temp
TEMP=C:\Users\ADMIN\AppData\Local\Temp




Periodic native trim disabled

JNI global refs:
JNI global refs: 37, weak refs: 1

JNI global refs memory usage: 835, weak refs: 833

Process memory usage:
Resident Set Size: 649692K (3% of 16393140K total physical memory with 1207996K free physical memory)

OOME stack traces (most recent first):
Classloader memory used:
Loader org.gradle.internal.classloader.VisitableURLClassLoader                         : 51633K
Loader org.gradle.internal.classloader.VisitableURLClassLoader$InstrumentingVisitableURLClassLoader: 31292K
Loader bootstrap                                                                       : 28898K
Loader org.gradle.initialization.MixInLegacyTypesClassLoader                           : 12871K
Loader org.gradle.internal.classloader.VisitableURLClassLoader                         : 1956K
Loader jdk.internal.loader.ClassLoaders$PlatformClassLoader                            : 525K
Loader jdk.internal.reflect.DelegatingClassLoader                                      : 487K
Loader jdk.internal.loader.ClassLoaders$AppClassLoader                                 : 235K
Loader org.gradle.groovy.scripts.internal.DefaultScriptCompilationHandler$ScriptClassLoader: 199K
Loader org.codehaus.groovy.runtime.callsite.CallSiteClassLoader                        : 53600B

Classes loaded by more than one classloader:
Class com.google.common.collect.Iterators$MergingIterator                             : loaded 3 times (x 81B)
Class com.google.common.collect.PeekingIterator                                       : loaded 3 times (x 70B)
Class com.google.common.base.Preconditions                                            : loaded 3 times (x 71B)
Class org.gradle.internal.IoActions                                                   : loaded 3 times (x 71B)
Class org.gradle.api.GradleException                                                  : loaded 3 times (x 82B)
Class org.gradle.api.Action                                                           : loaded 3 times (x 70B)
Class org.gradle.internal.Cast                                                        : loaded 3 times (x 71B)
Class com.google.common.collect.ImmutableList                                         : loaded 3 times (x 206B)
Class com.google.common.collect.Iterators$9                                           : loaded 3 times (x 81B)
Class com.google.common.collect.Lists                                                 : loaded 3 times (x 71B)
Class com.google.common.collect.ImmutableCollection                                   : loaded 3 times (x 125B)
Class com.google.common.collect.Iterators$5                                           : loaded 3 times (x 82B)
Class com.google.common.collect.Iterators$4                                           : loaded 3 times (x 82B)
Class com.google.common.collect.Iterators$1                                           : loaded 3 times (x 81B)
Class Program                                                                         : loaded 3 times (x 72B)
Class com.google.common.collect.Multimap                                              : loaded 3 times (x 70B)
Class com.google.common.collect.AbstractIndexedListIterator                           : loaded 3 times (x 96B)
Class com.google.common.collect.AbstractIterator                                      : loaded 3 times (x 82B)
Class com.google.common.collect.Lists$StringAsImmutableList                           : loaded 3 times (x 207B)
Class com.google.common.collect.Iterators                                             : loaded 3 times (x 71B)
Class com.google.common.collect.UnmodifiableIterator                                  : loaded 3 times (x 80B)
Class com.google.common.collect.Iterators$ArrayItr                                    : loaded 3 times (x 97B)
Class com.google.common.collect.UnmodifiableListIterator                              : loaded 3 times (x 95B)
Class org.gradle.internal.operations.MultipleBuildOperationFailures                   : loaded 2 times (x 95B)
Class com.google.common.base.Platform$JdkPatternCompiler                              : loaded 2 times (x 75B)
Class org.objectweb.asm.MethodTooLargeException                                       : loaded 2 times (x 83B)
Class [Lcom.google.common.cache.CacheBuilder$OneWeigher;                              : loaded 2 times (x 69B)
Class com.google.common.base.Suppliers                                                : loaded 2 times (x 71B)
Class com.intellij.util.containers.IntObjectHashMap$ArrayProducer                     : loaded 2 times (x 70B)
Class org.gradle.internal.classloader.DefaultClassLoaderFactory                       : loaded 2 times (x 82B)
Class kotlin.collections.AbstractList$Companion                                       : loaded 2 times (x 71B)
Class org.gradle.internal.classloader.ClassLoaderVisitor                              : loaded 2 times (x 76B)
Class [Lcom.google.common.collect.ImmutableMapEntry;                                  : loaded 2 times (x 69B)
Class org.jetbrains.plugins.gradle.tooling.serialization.internal.IdeaProjectSerializationService: loaded 2 times (x 77B)
Class ijInit1_ixcexy756e2zeioqcxe32g1h                                                : loaded 2 times (x 179B)
Class org.gradle.api.internal.classpath.EffectiveClassPath                            : loaded 2 times (x 90B)
Class com.google.common.collect.ImmutableRangeSet                                     : loaded 2 times (x 115B)
Class com.google.common.collect.ListMultimap                                          : loaded 2 times (x 70B)
Class com.google.common.collect.ImmutableEnumMap                                      : loaded 2 times (x 126B)
Class org.gradle.tooling.internal.gradle.DefaultProjectIdentifier                     : loaded 2 times (x 86B)
Class com.google.common.collect.Sets$1                                                : loaded 2 times (x 139B)
Class org.objectweb.asm.AnnotationVisitor                                             : loaded 2 times (x 78B)
Class com.intellij.gradle.toolingExtension.impl.model.buildScriptClasspathModel.GradleBuildScriptClasspathSerializationService$ReadContext: loaded 2 times (x 72B)
Class org.gradle.api.internal.DefaultClassPathProvider                                : loaded 2 times (x 76B)
Class com.google.common.collect.Sets$2                                                : loaded 2 times (x 139B)
Class [Lorg.gradle.api.internal.ClassPathProvider;                                    : loaded 2 times (x 69B)
Class org.gradle.api.internal.ClassPathProvider                                       : loaded 2 times (x 70B)
Class [Lorg.objectweb.asm.AnnotationVisitor;                                          : loaded 2 times (x 69B)
Class com.google.common.collect.Sets$3                                                : loaded 2 times (x 139B)
Class com.google.common.util.concurrent.AbstractFuture$SafeAtomicHelper               : loaded 2 times (x 79B)
Class com.google.common.cache.LocalCache$LocalLoadingCache                            : loaded 2 times (x 134B)
Class org.gradle.internal.service.UnknownServiceException                             : loaded 2 times (x 83B)
Class com.google.common.collect.Sets$4                                                : loaded 2 times (x 139B)
Class org.objectweb.asm.ModuleVisitor                                                 : loaded 2 times (x 81B)
Class com.google.common.cache.LocalCache$Strength$1                                   : loaded 2 times (x 81B)
Class org.jetbrains.kotlin.idea.gradleTooling.KotlinDslScriptAdditionalTask           : loaded 2 times (x 70B)
Class org.jetbrains.plugins.gradle.model.ClasspathEntryModel                          : loaded 2 times (x 70B)
Class sync_studio_tooling_8xa52f4cf297cvn5yrnpvepyd                                   : loaded 2 times (x 179B)
Class com.google.common.util.concurrent.SettableFuture                                : loaded 2 times (x 114B)
Class com.google.common.cache.LocalCache$Strength$2                                   : loaded 2 times (x 81B)
Class org.jetbrains.plugins.gradle.tooling.serialization.GradleExtensionsSerializationService: loaded 2 times (x 77B)
Class org.gradle.tooling.model.Dependency                                             : loaded 2 times (x 70B)
Class com.google.common.cache.LocalCache$Strength$3                                   : loaded 2 times (x 81B)
Class com.google.common.collect.MapDifference                                         : loaded 2 times (x 70B)
Class com.intellij.openapi.externalSystem.model.project.dependencies.ResolutionState  : loaded 2 times (x 79B)
Class kotlin.collections.CollectionsKt__CollectionsKt                                 : loaded 2 times (x 71B)
Class org.objectweb.asm.FieldWriter                                                   : loaded 2 times (x 78B)
Class com.google.common.cache.CacheBuilder$NullListener                               : loaded 2 times (x 82B)
Class org.gradle.internal.classpath.TransformedClassPath                              : loaded 2 times (x 96B)
Class org.gradle.internal.classloader.InstrumentingClassLoader                        : loaded 2 times (x 70B)
Class com.google.common.collect.ImmutableRangeSet$AsSet                               : loaded 2 times (x 300B)
Class com.google.common.cache.CacheLoader$FunctionToCacheLoader                       : loaded 2 times (x 75B)
Class org.objectweb.asm.ClassVisitor                                                  : loaded 2 times (x 88B)
Class com.google.common.collect.ImmutableCollection$Builder                           : loaded 2 times (x 76B)
Class kotlin.enums.EnumEntriesList                                                    : loaded 2 times (x 223B)
Class com.google.common.base.Joiner                                                   : loaded 2 times (x 79B)
Class com.google.common.base.MoreObjects                                              : loaded 2 times (x 71B)
Class kotlin.collections.CollectionsKt__IteratorsJVMKt                                : loaded 2 times (x 71B)
Class com.google.common.collect.Platform                                              : loaded 2 times (x 71B)
Class [Lorg.objectweb.asm.Type;                                                       : loaded 2 times (x 69B)
Class [Lorg.objectweb.asm.Symbol;                                                     : loaded 2 times (x 69B)
Class org.jetbrains.kotlin.idea.gradleTooling.KotlinSourceSetContainer                : loaded 2 times (x 70B)
Class org.jetbrains.plugins.gradle.model.IntelliJSettings                             : loaded 2 times (x 70B)
Class org.gradle.internal.service.ServiceLocator                                      : loaded 2 times (x 70B)
Class com.google.common.collect.HashBiMap$BiEntry                                     : loaded 2 times (x 83B)
Class com.google.common.base.Ascii                                                    : loaded 2 times (x 71B)
Class com.google.common.collect.SingletonImmutableBiMap                               : loaded 2 times (x 143B)
Class com.google.common.cache.LocalCache$1                                            : loaded 2 times (x 89B)
Class com.google.common.collect.Iterators$SingletonIterator                           : loaded 2 times (x 81B)
Class com.google.common.collect.AbstractMapEntry                                      : loaded 2 times (x 81B)
Class com.intellij.gradle.toolingExtension.util.GradleVersionUtil                     : loaded 2 times (x 71B)
Class org.gradle.tooling.model.UnsupportedMethodException                             : loaded 2 times (x 82B)
Class com.google.common.collect.Sets$ImprovedAbstractSet                              : loaded 2 times (x 135B)
Class com.google.common.collect.ImmutableList$Builder                                 : loaded 2 times (x 77B)
Class com.google.common.collect.AbstractMultimap                                      : loaded 2 times (x 123B)
Class com.google.common.cache.LocalCache$2                                            : loaded 2 times (x 142B)
Class kotlin.collections.CollectionsKt__MutableCollectionsKt                          : loaded 2 times (x 71B)
Class com.google.common.collect.ImmutableRangeSet$1                                   : loaded 2 times (x 210B)
Class com.google.common.util.concurrent.AbstractFuture$UnsafeAtomicHelper$1           : loaded 2 times (x 76B)
Class com.google.common.collect.RegularImmutableAsList                                : loaded 2 times (x 217B)
Class org.jetbrains.plugins.gradle.tooling.serialization.AnnotationProcessingModelSerializationService$WriteContext: loaded 2 times (x 72B)
Class com.google.common.collect.Range                                                 : loaded 2 times (x 87B)
Class com.google.common.util.concurrent.AbstractFuture$Trusted                        : loaded 2 times (x 70B)
Class org.gradle.tooling.internal.adapter.TargetTypeProvider                          : loaded 2 times (x 70B)
Class org.jetbrains.plugins.gradle.tooling.serialization.ProjectDependenciesSerializationService$WriteContext: loaded 2 times (x 72B)
Class org.jetbrains.plugins.gradle.tooling.serialization.ProjectDependenciesSerializationService: loaded 2 times (x 77B)
Class org.gradle.tooling.internal.adapter.CollectionMapper                            : loaded 2 times (x 73B)
Class org.jetbrains.plugins.gradle.model.GradleExtensions                             : loaded 2 times (x 70B)
Class com.google.common.util.concurrent.UncheckedExecutionException                   : loaded 2 times (x 82B)
Class gnu.trove.THash                                                                 : loaded 2 times (x 81B)
Class com.intellij.gradle.toolingExtension.impl.model.buildScriptClasspathModel.GradleBuildScriptClasspathSerializationService$WriteContext: loaded 2 times (x 72B)
Class org.gradle.tooling.internal.adapter.ProtocolToModelAdapter                      : loaded 2 times (x 80B)
Class org.gradle.internal.InternalTransformer                                         : loaded 2 times (x 70B)
Class com.google.common.collect.AbstractMapBasedMultimap$KeySet$1                     : loaded 2 times (x 82B)
Class org.objectweb.asm.ClassWriter                                                   : loaded 2 times (x 106B)
Class com.google.common.base.CharMatcher$And                                          : loaded 2 times (x 112B)
Class com.google.common.cache.CacheLoader$UnsupportedLoadingOperationException        : loaded 2 times (x 82B)
Class org.gradle.internal.time.DefaultTimer                                           : loaded 2 times (x 80B)
Class org.gradle.internal.classloader.ClasspathUtil$1                                 : loaded 2 times (x 76B)
Class com.google.common.base.Objects                                                  : loaded 2 times (x 71B)
Class org.objectweb.asm.FieldVisitor                                                  : loaded 2 times (x 77B)
Class com.google.common.collect.IndexedImmutableSet                                   : loaded 2 times (x 152B)
Class com.google.common.collect.ImmutableMap$1                                        : loaded 2 times (x 81B)
Class com.google.common.collect.BiMap                                                 : loaded 2 times (x 70B)
Class org.gradle.api.internal.classpath.DefaultModuleRegistry$DefaultModule           : loaded 2 times (x 86B)
Class com.google.common.primitives.Ints                                               : loaded 2 times (x 71B)
Class org.jetbrains.plugins.gradle.model.AnnotationProcessingModel                    : loaded 2 times (x 70B)
Class com.google.common.collect.ObjectArrays                                          : loaded 2 times (x 71B)
Class com.google.common.collect.Multiset                                              : loaded 2 times (x 70B)
Class com.google.common.collect.ArrayListMultimapGwtSerializationDependencies         : loaded 2 times (x 172B)
Class com.google.common.collect.ImmutableMap$MapViewOfValuesAsSingletonSets           : loaded 2 times (x 126B)
Class com.google.common.math.MathPreconditions                                        : loaded 2 times (x 71B)
Class org.jetbrains.plugins.gradle.model.ExternalTask                                 : loaded 2 times (x 70B)
Class org.gradle.internal.time.DefaultCountdownTimer                                  : loaded 2 times (x 88B)
Class com.google.common.collect.ImmutableMapEntrySet                                  : loaded 2 times (x 152B)
Class org.jetbrains.plugins.gradle.model.GradleTaskModel                              : loaded 2 times (x 70B)
Class org.jetbrains.plugins.gradle.tooling.util.ObjectCollector                       : loaded 2 times (x 72B)
Class org.gradle.tooling.internal.gradle.DefaultBuildIdentifier                       : loaded 2 times (x 79B)
Class org.gradle.api.internal.classpath.Module                                        : loaded 2 times (x 70B)
Class com.google.common.cache.Weigher                                                 : loaded 2 times (x 70B)
Class com.intellij.openapi.externalSystem.model.project.IExternalSystemSourceType     : loaded 2 times (x 70B)
Class org.gradle.api.internal.classpath.UnknownModuleException                        : loaded 2 times (x 82B)
Class com.google.common.base.Stopwatch                                                : loaded 2 times (x 72B)
Class com.google.common.cache.LocalCache$Strength                                     : loaded 2 times (x 81B)
Class com.google.common.cache.Cache                                                   : loaded 2 times (x 70B)
Class com.intellij.openapi.externalSystem.model.project.dependencies.ProjectDependencies: loaded 2 times (x 70B)
Class org.jetbrains.plugins.gradle.tooling.serialization.ProjectDependenciesSerializationService$ReadContext: loaded 2 times (x 72B)
Class com.google.common.util.concurrent.AbstractFuture$Cancellation                   : loaded 2 times (x 72B)
Class com.google.common.collect.ImmutableMap$Builder                                  : loaded 2 times (x 82B)
Class com.google.common.cache.RemovalListener                                         : loaded 2 times (x 70B)
Class org.jetbrains.plugins.gradle.tooling.serialization.RepositoriesModelSerializationService: loaded 2 times (x 82B)
Class org.gradle.tooling.internal.gradle.GradleProjectIdentity                        : loaded 2 times (x 70B)
Class org.gradle.api.internal.DefaultClassPathRegistry                                : loaded 2 times (x 76B)
Class com.google.common.primitives.IntsMethodsForWeb                                  : loaded 2 times (x 71B)
Class com.google.common.collect.RegularImmutableMap                                   : loaded 2 times (x 121B)
Class org.jetbrains.plugins.gradle.tooling.serialization.RepositoriesModelSerializationService$ReadContext: loaded 2 times (x 72B)
Class org.gradle.api.internal.ClassPathRegistry                                       : loaded 2 times (x 70B)
Class org.gradle.internal.classpath.DefaultClassPath$ImmutableUniqueList              : loaded 2 times (x 199B)
Class com.google.common.base.ExtraObjectsMethodsForWeb                                : loaded 2 times (x 71B)
Class com.intellij.gradle.toolingExtension.impl.model.projectModel.GradleExternalProjectSerializationService$WriteContext: loaded 2 times (x 73B)
Class com.google.common.cache.CacheBuilder                                            : loaded 2 times (x 72B)
Class com.google.common.collect.SingletonImmutableList                                : loaded 2 times (x 207B)
Class org.gradle.api.internal.classpath.ManifestUtil                                  : loaded 2 times (x 71B)
Class Settings_gradle$1                                                               : loaded 2 times (x 74B)
Class org.gradle.internal.classpath.ClassPath                                         : loaded 2 times (x 70B)
Class org.gradle.api.UncheckedIOException                                             : loaded 2 times (x 82B)
Class com.google.common.base.JdkPattern                                               : loaded 2 times (x 75B)
Class com.google.common.collect.ImmutableList$ReverseImmutableList                    : loaded 2 times (x 209B)
Class org.jetbrains.plugins.gradle.tooling.serialization.KotlinDslScriptsModelSerializationService: loaded 2 times (x 81B)
Class org.objectweb.asm.SymbolTable$Entry                                             : loaded 2 times (x 74B)
Class com.google.common.util.concurrent.AbstractFuture$AtomicHelper                   : loaded 2 times (x 78B)
Class org.jetbrains.kotlin.idea.gradleTooling.KotlinGradleModel                       : loaded 2 times (x 70B)
Class org.jetbrains.plugins.gradle.tooling.serialization.ExternalTestsSerializationService$WriteContext: loaded 2 times (x 72B)
Class org.objectweb.asm.Edge                                                          : loaded 2 times (x 72B)
Class com.google.common.base.Suppliers$SupplierOfInstance                             : loaded 2 times (x 79B)
Class org.jetbrains.plugins.gradle.tooling.util.IntObjectMap$ObjectFactory            : loaded 2 times (x 70B)
Class org.gradle.tooling.model.Model                                                  : loaded 2 times (x 70B)
Class com.google.common.cache.LocalCache$ComputingValueReference                      : loaded 2 times (x 96B)
Class com.google.common.collect.SingletonImmutableSet                                 : loaded 2 times (x 146B)
Class com.google.common.collect.ImmutableMap$IteratorBasedImmutableMap                : loaded 2 times (x 126B)
Class kotlin.UninitializedPropertyAccessException                                     : loaded 2 times (x 82B)
Class com.google.common.cache.LocalCache$Segment                                      : loaded 2 times (x 154B)
Class org.jetbrains.plugins.gradle.model.IntelliJProjectSettings                      : loaded 2 times (x 70B)
Class org.gradle.tooling.internal.adapter.ProtocolToModelAdapter$MethodInvocationCache: loaded 2 times (x 73B)
Class com.google.common.collect.SortedIterable                                        : loaded 2 times (x 70B)
Class com.google.common.collect.AbstractListMultimap                                  : loaded 2 times (x 172B)
Class [Lorg.objectweb.asm.SymbolTable$Entry;                                          : loaded 2 times (x 69B)
Class com.google.common.cache.CacheLoader                                             : loaded 2 times (x 74B)
Class com.google.common.collect.ImmutableList$1                                       : loaded 2 times (x 97B)
Class com.google.common.collect.ImmutableBiMap                                        : loaded 2 times (x 143B)
Class org.jetbrains.plugins.gradle.model.ExternalDependency                           : loaded 2 times (x 70B)
Class com.intellij.util.containers.IntObjectHashMap                                   : loaded 2 times (x 72B)
Class org.gradle.internal.installation.GradleInstallation$1                           : loaded 2 times (x 75B)
Class org.gradle.api.internal.classpath.ModuleRegistry                                : loaded 2 times (x 70B)
Class com.google.common.util.concurrent.internal.InternalFutureFailureAccess          : loaded 2 times (x 72B)
Class com.google.common.util.concurrent.ExecutionError                                : loaded 2 times (x 82B)
Class com.google.common.collect.ImmutableSet$JdkBackedSetBuilderImpl                  : loaded 2 times (x 76B)
Class org.jetbrains.plugins.gradle.model.VersionCatalogsModel                         : loaded 2 times (x 70B)
Class com.intellij.gradle.toolingExtension.impl.model.sourceSetDependencyModel.GradleSourceSetDependencySerialisationService$SourceSetDependencyModelReadContext: loaded 2 times (x 72B)
Class com.intellij.gradle.toolingExtension.impl.model.dependencyModel.DependencyReadContext: loaded 2 times (x 72B)
Class org.gradle.tooling.internal.adapter.ObjectGraphAdapter                          : loaded 2 times (x 70B)
Class com.google.common.collect.HashBiMap$Inverse                                     : loaded 2 times (x 142B)
Class com.google.common.util.concurrent.AbstractFuture$UnsafeAtomicHelper             : loaded 2 times (x 78B)
Class com.google.common.base.CharMatcher$ForPredicate                                 : loaded 2 times (x 112B)
Class com.google.common.cache.LocalCache$LocalManualCache$1                           : loaded 2 times (x 75B)
Class org.jetbrains.plugins.gradle.model.ExternalSourceSet                            : loaded 2 times (x 70B)
Class com.intellij.gradle.toolingExtension.impl.model.warmUp.GradleTaskWarmUpRequest  : loaded 2 times (x 70B)
Class com.google.common.base.CharMatcher$AnyOf                                        : loaded 2 times (x 112B)
Class com.google.common.collect.ImmutableEnumSet                                      : loaded 2 times (x 146B)
Class com.intellij.gradle.toolingExtension.impl.model.sourceSetArtifactIndex.GradleSourceSetArtifactBuildRequest: loaded 2 times (x 70B)
Class kotlin.collections.CollectionsKt__CollectionsJVMKt                              : loaded 2 times (x 71B)
Class org.gradle.api.internal.classpath.DefaultModuleRegistry                         : loaded 2 times (x 86B)
Class org.gradle.internal.classloader.ClassLoaderHierarchy                            : loaded 2 times (x 70B)
Class com.google.common.util.concurrent.ListenableFuture                              : loaded 2 times (x 70B)
Class com.google.common.cache.ReferenceEntry                                          : loaded 2 times (x 70B)
Class com.google.common.base.Converter                                                : loaded 2 times (x 90B)
Class com.google.common.collect.ImmutableSet$CachingAsList                            : loaded 2 times (x 148B)
Class org.jetbrains.plugins.gradle.tooling.serialization.internal.IdeaProjectSerializationService$WriteContext$1: loaded 2 times (x 83B)
Class org.jetbrains.plugins.gradle.model.ExternalProject                              : loaded 2 times (x 70B)
Class kotlin.collections.CollectionsKt__IteratorsKt                                   : loaded 2 times (x 71B)
Class build_3fxlyzhy5s3jp78mlf672qaxo                                                 : loaded 2 times (x 180B)
Class com.google.common.collect.AbstractMapBasedMultimap                              : loaded 2 times (x 139B)
Class com.google.common.util.concurrent.AbstractFuture                                : loaded 2 times (x 106B)
Class com.google.common.base.FunctionalEquivalence                                    : loaded 2 times (x 83B)
Class kotlin.collections.CollectionsKt__ReversedViewsKt                               : loaded 2 times (x 71B)
Class com.google.common.collect.ImmutableAsList                                       : loaded 2 times (x 209B)
Class org.jetbrains.plugins.gradle.tooling.serialization.internal.IdeaProjectSerializationService$WriteContext$2: loaded 2 times (x 83B)
Class org.objectweb.asm.RecordComponentVisitor                                        : loaded 2 times (x 77B)
Class com.google.common.cache.CacheLoader$SupplierToCacheLoader                       : loaded 2 times (x 75B)
Class org.jetbrains.plugins.gradle.tooling.serialization.AnnotationProcessingModelSerializationService$ReadContext: loaded 2 times (x 72B)
Class org.jetbrains.plugins.gradle.tooling.serialization.internal.IdeaProjectSerializationService$WriteContext$3: loaded 2 times (x 83B)
Class com.intellij.gradle.toolingExtension.impl.model.sourceSetModel.GradleSourceSetSerialisationService$Companion: loaded 2 times (x 71B)
Class com.google.common.collect.Maps$EntryTransformer                                 : loaded 2 times (x 70B)
Class org.jetbrains.plugins.gradle.tooling.serialization.internal.IdeaProjectSerializationService$WriteContext$4: loaded 2 times (x 83B)
Class com.intellij.gradle.toolingExtension.impl.model.sourceSetDependencyModel.GradleSourceSetDependencySerialisationService$Companion: loaded 2 times (x 71B)
Class org.gradle.internal.time.MonotonicClock                                         : loaded 2 times (x 77B)
Class org.gradle.internal.service.ServiceLookupException                              : loaded 2 times (x 82B)
Class com.google.common.collect.ImmutableSortedSet                                    : loaded 2 times (x 300B)
Class [Lcom.google.common.cache.LocalCache$EntryFactory;                              : loaded 2 times (x 69B)
Class com.intellij.gradle.toolingExtension.util.GradleVersionSpecificsUtil            : loaded 2 times (x 71B)
Class org.jetbrains.plugins.gradle.tooling.serialization.internal.IdeaProjectSerializationService$WriteContext$5: loaded 2 times (x 83B)
Class com.intellij.gradle.toolingExtension.impl.model.sourceSetDependencyModel.GradleSourceSetDependencySerialisationService$SourceSetDependencyModelWriteContext: loaded 2 times (x 72B)
Class org.gradle.internal.classloader.ClassLoaderFactory                              : loaded 2 times (x 70B)
Class com.google.common.base.CommonPattern                                            : loaded 2 times (x 74B)
Class com.google.common.base.CharMatcher$IsNot                                        : loaded 2 times (x 111B)
Class com.google.common.cache.LocalCache$LocalManualCache                             : loaded 2 times (x 99B)
Class org.jetbrains.plugins.gradle.tooling.serialization.internal.IdeaProjectSerializationService$WriteContext$6: loaded 2 times (x 83B)
Class org.jetbrains.plugins.gradle.tooling.util.IntObjectMap                          : loaded 2 times (x 73B)
Class org.gradle.internal.service.CachingServiceLocator                               : loaded 2 times (x 82B)
Class com.google.common.collect.AbstractMapBasedMultimap$KeySet                       : loaded 2 times (x 137B)
Class com.google.common.collect.RegularImmutableSortedSet                             : loaded 2 times (x 300B)
Class com.google.common.math.IntMath                                                  : loaded 2 times (x 71B)
Class org.jetbrains.plugins.gradle.model.RepositoryModels                             : loaded 2 times (x 70B)
Class org.jetbrains.plugins.gradle.tooling.serialization.internal.IdeaProjectSerializationService$WriteContext$7: loaded 2 times (x 83B)
Class [Lcom.google.common.collect.HashBiMap$BiEntry;                                  : loaded 2 times (x 69B)
Class org.objectweb.asm.commons.InstructionAdapter                                    : loaded 2 times (x 188B)
Class com.google.common.collect.ImmutableMapEntry                                     : loaded 2 times (x 85B)
Class org.jetbrains.plugins.gradle.tooling.serialization.internal.IdeaProjectSerializationService$WriteContext$8: loaded 2 times (x 83B)
Class gnu.trove.TObjectIntProcedure                                                   : loaded 2 times (x 70B)
Class org.gradle.internal.time.TimeSource                                             : loaded 2 times (x 70B)
Class org.gradle.tooling.model.kotlin.dsl.KotlinDslScriptsModel                       : loaded 2 times (x 70B)
Class com.google.common.base.Equivalence                                              : loaded 2 times (x 82B)
Class com.google.common.base.Function                                                 : loaded 2 times (x 70B)
Class com.google.common.collect.ImmutableMapEntry$NonTerminalImmutableMapEntry        : loaded 2 times (x 85B)
Class org.jetbrains.plugins.gradle.tooling.serialization.SerializationService         : loaded 2 times (x 70B)
Class org.gradle.tooling.internal.gradle.GradleBuildIdentity                          : loaded 2 times (x 70B)
Class kotlin.enums.EnumEntries                                                        : loaded 2 times (x 70B)
Class com.google.common.collect.IndexedImmutableSet$1                                 : loaded 2 times (x 213B)
Class com.google.common.cache.CacheBuilder$OneWeigher                                 : loaded 2 times (x 82B)
Class com.google.common.collect.RegularImmutableList                                  : loaded 2 times (x 213B)
Class org.jetbrains.plugins.gradle.tooling.serialization.internal.adapter.Supplier    : loaded 2 times (x 70B)
Class org.gradle.internal.exceptions.ResolutionProvider                               : loaded 2 times (x 70B)
Class org.gradle.tooling.model.ProjectIdentifier                                      : loaded 2 times (x 70B)
Class org.gradle.internal.classloader.ClasspathUtil                                   : loaded 2 times (x 71B)
Class org.jetbrains.kotlin.tooling.core.HasExtras                                     : loaded 2 times (x 70B)
Class com.google.common.base.Charsets                                                 : loaded 2 times (x 71B)
Class com.google.common.util.concurrent.Uninterruptibles                              : loaded 2 times (x 71B)
Class com.intellij.gradle.toolingExtension.impl.model.sourceSetModel.GradleSourceSetSerialisationService: loaded 2 times (x 77B)
Class com.google.common.collect.Maps                                                  : loaded 2 times (x 71B)
Class org.gradle.internal.time.TimeSource$1                                           : loaded 2 times (x 77B)
Class kotlin.jvm.internal.DefaultConstructorMarker                                    : loaded 2 times (x 71B)
Class org.gradle.api.specs.Spec                                                       : loaded 2 times (x 70B)
Class [Lcom.google.common.collect.ImmutableEntry;                                     : loaded 2 times (x 69B)
Class com.google.common.cache.LocalCache$LoadingValueReference                        : loaded 2 times (x 96B)
Class com.intellij.gradle.toolingExtension.impl.model.buildScriptClasspathModel.GradleBuildScriptClasspathSerializationService: loaded 2 times (x 77B)
Class com.google.common.base.Platform                                                 : loaded 2 times (x 71B)
Class org.jetbrains.plugins.gradle.model.FileCollectionDependency                     : loaded 2 times (x 70B)
Class com.intellij.gradle.toolingExtension.impl.model.utilDummyModel.DummyModel       : loaded 2 times (x 70B)
Class org.gradle.internal.time.Clock                                                  : loaded 2 times (x 70B)
Class [Lorg.objectweb.asm.AnnotationWriter;                                           : loaded 2 times (x 69B)
Class com.google.common.collect.Maps$8                                                : loaded 2 times (x 82B)
Class org.jetbrains.plugins.gradle.model.GradleSourceSetDependencyModel               : loaded 2 times (x 70B)
Class org.gradle.tooling.internal.adapter.TypeInspector                               : loaded 2 times (x 73B)
Class org.gradle.tooling.internal.adapter.ProtocolToModelAdapter$NoOpDecoration       : loaded 2 times (x 79B)
Class org.gradle.tooling.model.Element                                                : loaded 2 times (x 70B)
Class kotlin.collections.AbstractList                                                 : loaded 2 times (x 197B)
Class kotlin.collections.AbstractCollection                                           : loaded 2 times (x 117B)
Class com.google.common.collect.ImmutableRangeSet$Builder                             : loaded 2 times (x 77B)
Class org.jetbrains.kotlin.tooling.core.Extras                                        : loaded 2 times (x 70B)
Class com.google.common.collect.Sets$SetView                                          : loaded 2 times (x 138B)
Class com.google.common.cache.LocalCache$StrongValueReference                         : loaded 2 times (x 90B)
Class com.google.common.util.concurrent.AbstractFuture$SynchronizedHelper             : loaded 2 times (x 78B)
Class com.intellij.gradle.toolingExtension.impl.model.taskModel.GradleTaskSerialisationService: loaded 2 times (x 76B)
Class org.objectweb.asm.Type                                                          : loaded 2 times (x 72B)
Class org.jetbrains.plugins.gradle.tooling.util.IntObjectMap$1                        : loaded 2 times (x 77B)
Class org.gradle.internal.classloader.VisitableURLClassLoader$InstrumentingVisitableURLClassLoader: loaded 2 times (x 123B)
Class org.objectweb.asm.ByteVector                                                    : loaded 2 times (x 79B)
Class [Lcom.google.common.cache.CacheBuilder$NullListener;                            : loaded 2 times (x 69B)
Class com.google.common.math.IntMath$1                                                : loaded 2 times (x 71B)
Class org.gradle.internal.classloader.VisitableURLClassLoader$Spec                    : loaded 2 times (x 74B)
Class org.gradle.internal.classpath.DefaultClassPath                                  : loaded 2 times (x 90B)
Class org.objectweb.asm.Symbol                                                        : loaded 2 times (x 73B)
Class org.jetbrains.plugins.gradle.model.GradleBuildScriptClasspathModel              : loaded 2 times (x 70B)
Class org.gradle.util.internal.DefaultGradleVersion                                   : loaded 2 times (x 82B)
Class com.google.common.base.CharMatcher$Ascii                                        : loaded 2 times (x 112B)
Class com.google.common.base.CharMatcher$BitSetMatcher                                : loaded 2 times (x 112B)
Class com.google.common.collect.RegularImmutableMap$Values                            : loaded 2 times (x 207B)
Class com.google.common.collect.ImmutableSet                                          : loaded 2 times (x 145B)
Class org.gradle.internal.classloader.ClassLoaderSpec                                 : loaded 2 times (x 71B)
Class org.objectweb.asm.AnnotationWriter                                              : loaded 2 times (x 79B)
Class com.google.common.cache.CacheStats                                              : loaded 2 times (x 71B)
Class kotlin.collections.CollectionsKt___CollectionsJvmKt                             : loaded 2 times (x 71B)
Class org.objectweb.asm.RecordComponentWriter                                         : loaded 2 times (x 78B)
Class com.google.common.util.concurrent.AbstractFuture$Listener                       : loaded 2 times (x 72B)
Class com.google.common.base.CharMatcher$Or                                           : loaded 2 times (x 112B)
Class Settings_gradle$1$1                                                             : loaded 2 times (x 74B)
Class org.objectweb.asm.Attribute                                                     : loaded 2 times (x 77B)
Class com.google.common.base.Supplier                                                 : loaded 2 times (x 70B)
Class org.gradle.internal.classloader.VisitableURLClassLoader                         : loaded 2 times (x 117B)
Class com.google.common.util.concurrent.AbstractFuture$Waiter                         : loaded 2 times (x 72B)
Class Settings_gradle                                                                 : loaded 2 times (x 128B)
Class org.jetbrains.plugins.gradle.tooling.serialization.ExternalTestsSerializationService$ReadContext: loaded 2 times (x 72B)
Class com.google.common.base.CharMatcher$IsEither                                     : loaded 2 times (x 111B)
Class org.gradle.internal.classloader.FilteringClassLoader                            : loaded 2 times (x 105B)
Class org.gradle.tooling.model.idea.IdeaDependency                                    : loaded 2 times (x 70B)
Class com.google.common.collect.HashBiMap                                             : loaded 2 times (x 143B)
Class com.google.common.base.Strings                                                  : loaded 2 times (x 71B)
Class com.google.common.collect.Sets                                                  : loaded 2 times (x 71B)
Class org.objectweb.asm.Handler                                                       : loaded 2 times (x 72B)
Class com.google.common.base.CharMatcher$FastMatcher                                  : loaded 2 times (x 111B)
Class com.google.common.base.Ticker                                                   : loaded 2 times (x 72B)
Class [Lcom.google.common.cache.LocalCache$Segment;                                   : loaded 2 times (x 69B)
Class com.google.common.base.Predicate                                                : loaded 2 times (x 70B)
Class [Lcom.google.common.cache.LocalCache$Strength;                                  : loaded 2 times (x 69B)
Class com.google.common.cache.CacheBuilder$1                                          : loaded 2 times (x 85B)
Class com.google.common.collect.ImmutableMap                                          : loaded 2 times (x 120B)
Class org.jetbrains.plugins.gradle.tooling.serialization.internal.IdeaProjectSerializationService$WriteContext: loaded 2 times (x 72B)
Class com.intellij.gradle.toolingExtension.impl.model.sourceSetDependencyModel.GradleSourceSetDependencySerialisationService: loaded 2 times (x 77B)
Class org.jetbrains.plugins.gradle.model.GradleSourceSetModel                         : loaded 2 times (x 70B)
Class org.gradle.internal.classpath.DefaultClassPath$ImmutableUniqueList$Builder      : loaded 2 times (x 75B)
Class com.google.common.collect.AbstractRangeSet                                      : loaded 2 times (x 114B)
Class com.google.common.base.CharMatcher$NegatedFastMatcher                           : loaded 2 times (x 113B)
Class com.google.common.cache.LocalCache                                              : loaded 2 times (x 187B)
Class com.google.common.cache.CacheBuilder$2                                          : loaded 2 times (x 79B)
Class com.google.common.collect.ArrayListMultimap                                     : loaded 2 times (x 172B)
Class com.google.common.cache.CacheBuilder$3                                          : loaded 2 times (x 72B)
Class [Lcom.google.common.collect.AbstractMapEntry;                                   : loaded 2 times (x 69B)
Class com.google.common.collect.ImmutableEntry                                        : loaded 2 times (x 82B)
Class gnu.trove.TObjectHash                                                           : loaded 2 times (x 94B)
Class org.jetbrains.plugins.gradle.tooling.util.ObjectCollector$Processor             : loaded 2 times (x 70B)
Class kotlin.collections.CollectionsKt___CollectionsKt                                : loaded 2 times (x 71B)
Class kotlin.NotImplementedError                                                      : loaded 2 times (x 82B)
Class org.gradle.internal.exceptions.NonGradleCauseExceptionsHolder                   : loaded 2 times (x 70B)
Class org.gradle.tooling.model.idea.IdeaModuleDependency                              : loaded 2 times (x 70B)
Class org.gradle.tooling.internal.adapter.ViewBuilder                                 : loaded 2 times (x 70B)
Class com.google.common.collect.CollectPreconditions                                  : loaded 2 times (x 71B)
Class org.jetbrains.plugins.gradle.model.AnnotationProcessingConfig                   : loaded 2 times (x 70B)
Class gnu.trove.Equality                                                              : loaded 2 times (x 70B)
Class com.google.common.collect.SortedMapDifference                                   : loaded 2 times (x 70B)
Class com.google.common.cache.LocalCache$WriteThroughEntry                            : loaded 2 times (x 79B)
Class com.google.common.cache.LocalCache$HashIterator                                 : loaded 2 times (x 86B)
Class com.google.common.cache.LocalCache$EntryFactory                                 : loaded 2 times (x 83B)
Class gnu.trove.TObjectHashingStrategy                                                : loaded 2 times (x 70B)
Class org.gradle.tooling.internal.adapter.ProtocolToModelAdapter$ReflectionMethodInvoker: loaded 2 times (x 76B)
Class org.jetbrains.kotlin.tooling.core.HasMutableExtras                              : loaded 2 times (x 70B)
Class com.google.common.cache.LocalCache$AbstractReferenceEntry                       : loaded 2 times (x 107B)
Class kotlin.collections.CollectionsKt__MutableCollectionsJVMKt                       : loaded 2 times (x 71B)
Class org.jetbrains.plugins.gradle.tooling.serialization.internal.IdeaProjectSerializationService$ReadContext: loaded 2 times (x 72B)
Class kotlin.enums.EnumEntriesKt                                                      : loaded 2 times (x 71B)
Class com.google.common.collect.ImmutableRangeSet$ComplementRanges                    : loaded 2 times (x 207B)
Class org.objectweb.asm.SymbolTable                                                   : loaded 2 times (x 72B)
Class com.google.common.cache.CacheLoader$InvalidCacheLoadException                   : loaded 2 times (x 82B)
Class com.google.common.collect.ImmutableSet$RegularSetBuilderImpl                    : loaded 2 times (x 77B)
Class com.intellij.gradle.toolingExtension.model.repositoryModel.ProjectRepositoriesModel: loaded 2 times (x 70B)
Class org.jetbrains.plugins.gradle.model.GradleProperty                               : loaded 2 times (x 70B)
Class gnu.trove.TObjectCanonicalHashingStrategy                                       : loaded 2 times (x 78B)
Class org.gradle.internal.classloader.SystemClassLoaderSpec                           : loaded 2 times (x 71B)
Class com.google.common.cache.LocalCache$StrongEntry                                  : loaded 2 times (x 108B)
Class com.google.common.util.concurrent.AbstractFuture$TrustedFuture                  : loaded 2 times (x 114B)
Class com.google.common.cache.LoadingCache                                            : loaded 2 times (x 70B)
Class org.gradle.internal.exceptions.MultiCauseException                              : loaded 2 times (x 70B)
Class org.gradle.internal.time.CountdownTimer                                         : loaded 2 times (x 70B)
Class kotlin.jvm.internal.Intrinsics                                                  : loaded 2 times (x 71B)
Class org.objectweb.asm.MethodWriter                                                  : loaded 2 times (x 106B)
Class [Lcom.google.common.cache.Weigher;                                              : loaded 2 times (x 69B)
Class com.google.common.collect.RegularImmutableMap$BucketOverflowException           : loaded 2 times (x 82B)
Class com.intellij.gradle.toolingExtension.impl.model.projectModel.GradleExternalProjectSerializationService$ReadContext: loaded 2 times (x 73B)
Class com.intellij.gradle.toolingExtension.impl.model.dependencyModel.DependencyWriteContext: loaded 2 times (x 72B)
Class kotlin.collections.CollectionsKt__IterablesKt                                   : loaded 2 times (x 71B)
Class org.gradle.tooling.model.ProjectModel                                           : loaded 2 times (x 70B)
Class kotlin.KotlinNullPointerException                                               : loaded 2 times (x 83B)
Class com.google.common.collect.RegularImmutableBiMap                                 : loaded 2 times (x 149B)
Class com.google.common.base.CharMatcher$Negated                                      : loaded 2 times (x 113B)
Class com.google.common.base.CharMatcher$Is                                           : loaded 2 times (x 111B)
Class com.google.common.cache.LocalCache$ValueReference                               : loaded 2 times (x 70B)
Class org.jetbrains.plugins.gradle.model.tests.ExternalTestsModel                     : loaded 2 times (x 70B)
Class org.gradle.internal.exceptions.DefaultMultiCauseException                       : loaded 2 times (x 95B)
Class com.google.common.base.PatternCompiler                                          : loaded 2 times (x 70B)
Class com.google.common.util.concurrent.AbstractFuture$Failure                        : loaded 2 times (x 72B)
Class com.google.common.base.Equivalence$Equals                                       : loaded 2 times (x 82B)
Class com.google.common.collect.Hashing                                               : loaded 2 times (x 71B)
Class com.google.common.collect.RegularImmutableMap$KeySet                            : loaded 2 times (x 152B)
Class com.intellij.gradle.toolingExtension.impl.model.projectModel.GradleExternalProjectSerializationService: loaded 2 times (x 77B)
Class org.gradle.tooling.model.HierarchicalElement                                    : loaded 2 times (x 70B)
Class com.google.common.base.Joiner$1                                                 : loaded 2 times (x 80B)
Class org.objectweb.asm.Label                                                         : loaded 2 times (x 73B)
Class org.objectweb.asm.CurrentFrame                                                  : loaded 2 times (x 73B)
Class org.objectweb.asm.ClassTooLargeException                                        : loaded 2 times (x 83B)
Class com.google.common.base.CharMatcher                                              : loaded 2 times (x 111B)
Class com.google.common.base.Equivalence$Identity                                     : loaded 2 times (x 82B)
Class org.jetbrains.plugins.gradle.tooling.serialization.ExternalTestsSerializationService: loaded 2 times (x 77B)
Class org.gradle.internal.time.Time                                                   : loaded 2 times (x 71B)
Class com.google.common.collect.Maps$IteratorBasedAbstractMap                         : loaded 2 times (x 125B)
Class com.google.common.collect.RangeGwtSerializationDependencies                     : loaded 2 times (x 71B)
Class com.google.common.base.Joiner$2                                                 : loaded 2 times (x 79B)
Class org.objectweb.asm.Frame                                                         : loaded 2 times (x 73B)
Class org.objectweb.asm.MethodVisitor                                                 : loaded 2 times (x 105B)
Class com.google.common.base.CharMatcher$NamedFastMatcher                             : loaded 2 times (x 112B)
Class com.google.common.base.CharMatcher$1                                            : loaded 2 times (x 113B)
Class com.google.common.cache.LocalCache$EntryFactory$1                               : loaded 2 times (x 83B)
Class [Lcom.google.common.cache.RemovalListener;                                      : loaded 2 times (x 69B)
Class org.jetbrains.plugins.gradle.tooling.serialization.AnnotationProcessingModelSerializationService: loaded 2 times (x 77B)
Class build_3fxlyzhy5s3jp78mlf672qaxo$_run_closure1                                   : loaded 2 times (x 139B)
Class com.google.common.collect.RangeSet                                              : loaded 2 times (x 70B)
Class com.google.common.cache.LocalCache$EntryFactory$2                               : loaded 2 times (x 83B)
Class org.jetbrains.plugins.gradle.model.DependencyAccessorsModel                     : loaded 2 times (x 70B)
Class [Lcom.intellij.openapi.externalSystem.model.project.dependencies.ResolutionState;: loaded 2 times (x 69B)
Class gnu.trove.TObjectIntHashMap                                                     : loaded 2 times (x 109B)
Class org.gradle.api.internal.classpath.GlobalCacheRootsProvider                      : loaded 2 times (x 70B)
Class com.google.common.collect.CollectCollectors                                     : loaded 2 times (x 71B)
Class org.objectweb.asm.ModuleWriter                                                  : loaded 2 times (x 82B)
Class com.google.common.cache.LocalCache$EntryFactory$3                               : loaded 2 times (x 83B)
Class com.google.common.base.Ticker$1                                                 : loaded 2 times (x 72B)
Class com.google.common.collect.Maps$BiMapConverter                                   : loaded 2 times (x 90B)
Class com.google.common.collect.ImmutableMapEntrySet$RegularEntrySet                  : loaded 2 times (x 152B)
Class org.jetbrains.kotlin.idea.gradleTooling.KotlinMPPGradleModel                    : loaded 2 times (x 70B)
Class com.intellij.gradle.toolingExtension.impl.model.dependencyDownloadPolicyModel.GradleDependencyDownloadPolicy: loaded 2 times (x 70B)
Class org.gradle.tooling.model.BuildIdentifier                                        : loaded 2 times (x 70B)
Class kotlin.NoWhenBranchMatchedException                                             : loaded 2 times (x 82B)
Class com.google.common.base.CharMatcher$InRange                                      : loaded 2 times (x 111B)
Class com.google.common.cache.LocalCache$EntryFactory$4                               : loaded 2 times (x 83B)
Class com.google.common.collect.ImmutableSet$Builder                                  : loaded 2 times (x 85B)
Class org.jetbrains.kotlin.idea.gradleTooling.PrepareKotlinIdeImportTaskModel         : loaded 2 times (x 70B)
Class com.google.common.cache.LocalCache$EntryFactory$5                               : loaded 2 times (x 83B)
Class com.google.common.cache.LocalCache$EntryFactory$6                               : loaded 2 times (x 83B)
Class org.gradle.internal.time.Timer                                                  : loaded 2 times (x 70B)
Class kotlin.jvm.internal.markers.KMappedMarker                                       : loaded 2 times (x 70B)
Class org.gradle.internal.installation.CurrentGradleInstallationLocator               : loaded 2 times (x 71B)
Class com.google.common.collect.Maps$KeySet                                           : loaded 2 times (x 137B)
Class com.google.common.cache.LocalCache$EntryFactory$7                               : loaded 2 times (x 83B)
Class com.google.common.collect.ImmutableSet$EmptySetBuilderImpl                      : loaded 2 times (x 76B)
Class gnu.trove.TObjectHash$NULL                                                      : loaded 2 times (x 71B)
Class org.gradle.tooling.model.idea.IdeaProject                                       : loaded 2 times (x 70B)
Class org.gradle.tooling.model.DomainObjectSet                                        : loaded 2 times (x 70B)
Class org.gradle.internal.service.DefaultServiceLocator                               : loaded 2 times (x 83B)
Class com.google.common.cache.LocalCache$EntryFactory$8                               : loaded 2 times (x 83B)
Class com.google.common.collect.ImmutableSet$SetBuilderImpl                           : loaded 2 times (x 76B)
Class org.gradle.util.GradleVersion                                                   : loaded 2 times (x 81B)
Class org.gradle.internal.installation.CurrentGradleInstallation                      : loaded 2 times (x 73B)
Class com.google.common.cache.CacheLoader$1                                           : loaded 2 times (x 75B)
Class com.google.common.collect.ImmutableList$SubList                                 : loaded 2 times (x 209B)
Class org.jetbrains.plugins.gradle.javaModel.JavaGradleManifestModel                  : loaded 2 times (x 70B)
Class org.jetbrains.plugins.gradle.tooling.serialization.GradleExtensionsSerializationService$WriteContext: loaded 2 times (x 72B)
Class com.intellij.gradle.toolingExtension.impl.model.taskModel.GradleTaskSerialisationService$Companion: loaded 2 times (x 71B)
Class org.gradle.util.internal.GUtil                                                  : loaded 2 times (x 71B)
Class com.google.common.util.concurrent.AbstractFuture$SetFuture                      : loaded 2 times (x 75B)
Class com.google.common.cache.AbstractCache$StatsCounter                              : loaded 2 times (x 70B)
Class com.intellij.gradle.toolingExtension.impl.model.utilTurnOffDefaultTasksModel.TurnOffDefaultTasks: loaded 2 times (x 70B)
Class com.intellij.gradle.toolingExtension.impl.model.sourceSetModel.GradleSourceSetSerialisationService$SourceSetModelReadContext: loaded 2 times (x 72B)
Class kotlin.collections.CollectionsKt                                                : loaded 2 times (x 71B)
Class com.google.common.base.PairwiseEquivalence                                      : loaded 2 times (x 83B)
Class com.google.common.collect.RegularImmutableSet                                   : loaded 2 times (x 149B)
Class com.intellij.gradle.toolingExtension.impl.model.sourceSetModel.GradleSourceSetSerialisationService$SourceSetModelWriteContext: loaded 2 times (x 72B)
Class org.gradle.tooling.internal.adapter.ProtocolToModelAdapter$1                    : loaded 2 times (x 75B)
Class org.gradle.tooling.internal.adapter.ProtocolToModelAdapter$ViewDecoration       : loaded 2 times (x 70B)
Class org.gradle.internal.installation.GradleInstallation                             : loaded 2 times (x 75B)
Class com.google.common.collect.Iterables                                             : loaded 2 times (x 71B)
Class org.jetbrains.plugins.gradle.tooling.serialization.GradleExtensionsSerializationService$ReadContext: loaded 2 times (x 72B)
Class org.gradle.tooling.internal.adapter.MethodInvoker                               : loaded 2 times (x 70B)
Class org.jetbrains.plugins.gradle.tooling.serialization.RepositoriesModelSerializationService$WriteContext: loaded 2 times (x 72B)

---------------  S Y S T E M  ---------------

OS:
 Windows 11 , 64 bit Build 26100 (10.0.26100.7920)
OS uptime: 8 days 23:22 hours

CPU: total 16 (initial active 16) (8 cores per cpu, 2 threads per core) family 6 model 186 stepping 2 microcode 0x410e, cx8, cmov, fxsr, ht, mmx, 3dnowpref, sse, sse2, sse3, ssse3, sse4.1, sse4.2, popcnt, lzcnt, tsc, tscinvbit, avx, avx2, aes, erms, clmul, bmi1, bmi2, adx, sha, fma, vzeroupper, clflush, clflushopt, clwb, serialize, rdtscp, rdpid, fsrm, f16c, pku, cet_ibt, cet_ss
Processor Information for processor 0
  Max Mhz: 2600, Current Mhz: 2600, Mhz Limit: 2600
Processor Information for processor 1
  Max Mhz: 2600, Current Mhz: 2600, Mhz Limit: 2600
Processor Information for processor 2
  Max Mhz: 2600, Current Mhz: 2600, Mhz Limit: 2600
Processor Information for processor 3
  Max Mhz: 2600, Current Mhz: 2600, Mhz Limit: 2600
Processor Information for processor 4
  Max Mhz: 2600, Current Mhz: 2600, Mhz Limit: 2600
Processor Information for processor 5
  Max Mhz: 2600, Current Mhz: 2600, Mhz Limit: 2600
Processor Information for processor 6
  Max Mhz: 2600, Current Mhz: 2600, Mhz Limit: 2600
Processor Information for processor 7
  Max Mhz: 2600, Current Mhz: 1496, Mhz Limit: 2600
Processor Information for processor 8
  Max Mhz: 2600, Current Mhz: 1900, Mhz Limit: 1898
Processor Information for processor 9
  Max Mhz: 2600, Current Mhz: 1900, Mhz Limit: 1898
Processor Information for processor 10
  Max Mhz: 2600, Current Mhz: 1900, Mhz Limit: 1898
Processor Information for processor 11
  Max Mhz: 2600, Current Mhz: 1900, Mhz Limit: 1898
Processor Information for processor 12
  Max Mhz: 2600, Current Mhz: 1900, Mhz Limit: 1898
Processor Information for processor 13
  Max Mhz: 2600, Current Mhz: 1900, Mhz Limit: 1898
Processor Information for processor 14
  Max Mhz: 2600, Current Mhz: 1900, Mhz Limit: 1898
Processor Information for processor 15
  Max Mhz: 2600, Current Mhz: 1900, Mhz Limit: 1898

Memory: 4k page, system-wide physical 16008M (1166M free)
TotalPageFile size 20104M (AvailPageFile size 0M)
current process WorkingSet (physical memory assigned to process): 641M, peak: 658M
current process commit charge ("private bytes"): 1246M, peak: 1246M

vm_info: OpenJDK 64-Bit Server VM (21.0.9+-14787801-b1163.94) for windows-amd64 JRE (21.0.9+-14787801-b1163.94), built on 2026-01-27T21:15:44Z by "builder" with MS VC++ 16.10 / 16.11 (VS2019)

END.
