#
# There is insufficient memory for the Java Runtime Environment to continue.
# Native memory allocation (mmap) failed to map 190840832 bytes. Error detail: G1 virtual space
# Possible reasons:
#   The system is out of physical RAM or swap space
#   This process is running with CompressedOops enabled, and the Java Heap may be blocking the growth of the native heap
# Possible solutions:
#   Reduce memory load on the system
#   Increase physical memory or swap space
#   Check if swap backing store is full
#   Decrease Java heap size (-Xmx/-Xms)
#   Decrease number of Java threads
#   Decrease Java thread stack sizes (-Xss)
#   Set larger code cache with -XX:ReservedCodeCacheSize=
#   JVM is running with Zero Based Compressed Oops mode in which the Java heap is
#     placed in the first 32GB address space. The Java Heap base address is the
#     maximum limit for the native heap growth. Please use -XX:HeapBaseMinAddress
#     to set the Java Heap base and to place the Java Heap above 32GB virtual address.
# This output file may be truncated or incomplete.
#
#  Out of Memory Error (os_windows.cpp:3925), pid=9716, tid=1368
#
# JRE version: OpenJDK Runtime Environment (21.0.9) (build 21.0.9+-14787801-b1163.94)
# Java VM: OpenJDK 64-Bit Server VM (21.0.9+-14787801-b1163.94, mixed mode, tiered, compressed oops, compressed class ptrs, g1 gc, windows-amd64)
# No core dump will be written. Minidumps are not enabled by default on client versions of Windows
#

---------------  S U M M A R Y ------------

Command Line: --add-opens=java.base/java.lang=ALL-UNNAMED --add-opens=java.base/java.lang.invoke=ALL-UNNAMED --add-opens=java.base/java.util=ALL-UNNAMED --add-opens=java.prefs/java.util.prefs=ALL-UNNAMED --add-exports=jdk.compiler/com.sun.tools.javac.api=ALL-UNNAMED --add-exports=jdk.compiler/com.sun.tools.javac.util=ALL-UNNAMED --add-opens=java.base/java.util=ALL-UNNAMED --add-opens=java.prefs/java.util.prefs=ALL-UNNAMED --add-opens=java.base/java.nio.charset=ALL-UNNAMED --add-opens=java.base/java.net=ALL-UNNAMED --add-opens=java.base/java.util.concurrent.atomic=ALL-UNNAMED --add-opens=java.xml/javax.xml.namespace=ALL-UNNAMED -XX:MaxMetaspaceSize=1024m -Xmx4096m -Dfile.encoding=UTF-8 -Duser.country=US -Duser.language=en -Duser.variant -javaagent:C:\Users\ADMIN\.gradle\wrapper\dists\gradle-8.13-bin\5xuhj0ry160q40clulazy9h7d\gradle-8.13\lib\agents\gradle-instrumentation-agent-8.13.jar org.gradle.launcher.daemon.bootstrap.GradleDaemon 8.13

Host: 13th Gen Intel(R) Core(TM) i5-13500H, 16 cores, 15G,  Windows 11 , 64 bit Build 26100 (10.0.26100.7920)
Time: Mon Mar 23 21:21:44 2026 SE Asia Standard Time elapsed time: 15.612921 seconds (0d 0h 0m 15s)

---------------  T H R E A D  ---------------

Current thread (0x000002d34905bce0):  VMThread "VM Thread"          [id=1368, stack(0x000000d78f600000,0x000000d78f700000) (1024K)]

Stack: [0x000000d78f600000,0x000000d78f700000]
Native frames: (J=compiled Java code, j=interpreted, Vv=VM code, C=native code)
V  [jvm.dll+0x6d6c99]
V  [jvm.dll+0x866b83]
V  [jvm.dll+0x8691ae]
V  [jvm.dll+0x869893]
V  [jvm.dll+0x280776]
V  [jvm.dll+0x6d3555]
V  [jvm.dll+0x6c6bea]
V  [jvm.dll+0x3587fb]
V  [jvm.dll+0x360476]
V  [jvm.dll+0x3b2646]
V  [jvm.dll+0x3b2918]
V  [jvm.dll+0x32af0c]
V  [jvm.dll+0x32af97]
V  [jvm.dll+0x370e7c]
V  [jvm.dll+0x36f62e]
V  [jvm.dll+0x32a661]
V  [jvm.dll+0x36ed30]
V  [jvm.dll+0x86f618]
V  [jvm.dll+0x870994]
V  [jvm.dll+0x870ed0]
V  [jvm.dll+0x871163]
V  [jvm.dll+0x80f118]
V  [jvm.dll+0x6d54ed]
C  [ucrtbase.dll+0x37b0]
C  [KERNEL32.DLL+0x2e8d7]
C  [ntdll.dll+0x8c48c]

VM_Operation (0x000000d79f0fb1d0): G1CollectForAllocation, mode: safepoint, requested by thread 0x000002d3509bf5c0


---------------  P R O C E S S  ---------------

Threads class SMR info:
_java_thread_list=0x000002d351843250, length=251, elements={
0x000002d32861e5c0, 0x000002d349086220, 0x000002d3490af3a0, 0x000002d3490c53a0,
0x000002d3490d7e50, 0x000002d3490d84c0, 0x000002d3490d9a90, 0x000002d3490db060,
0x000002d3490dd4d0, 0x000002d3490e0af0, 0x000002d34916fd00, 0x000002d34927d4a0,
0x000002d34927db50, 0x000002d3494f0a70, 0x000002d34946cd10, 0x000002d34ab30050,
0x000002d34b583870, 0x000002d34bc369b0, 0x000002d34b964af0, 0x000002d34b966530,
0x000002d34b966bc0, 0x000002d34b965810, 0x000002d34b967250, 0x000002d34b964460,
0x000002d34b965180, 0x000002d34b9678e0, 0x000002d34bd54470, 0x000002d34bd55190,
0x000002d34bd55820, 0x000002d34bd54b00, 0x000002d34bd56bd0, 0x000002d34bd55eb0,
0x000002d34bd53de0, 0x000002d34bd57260, 0x000002d34faadc50, 0x000002d34fab1760,
0x000002d34faae2e0, 0x000002d34faae970, 0x000002d34fab0a40, 0x000002d34faafd20,
0x000002d34fab1df0, 0x000002d34faaf000, 0x000002d34fab2b10, 0x000002d34fab2480,
0x000002d34faaf690, 0x000002d34fab3830, 0x000002d34fab5270, 0x000002d34fab31a0,
0x000002d34fab3ec0, 0x000002d34fab4550, 0x000002d34fab4be0, 0x000002d34ebb16c0,
0x000002d34ebaf5f0, 0x000002d34ebb09a0, 0x000002d34ebb1d50, 0x000002d34ebafc80,
0x000002d34ebb23e0, 0x000002d34ebb0310, 0x000002d34ebaef60, 0x000002d34ebb3e20,
0x000002d34ebb2a70, 0x000002d34ebb3100, 0x000002d34ebb51d0, 0x000002d34ebb6580,
0x000002d34ebb3790, 0x000002d34ebb4b40, 0x000002d34ebb44b0, 0x000002d34ebb5860,
0x000002d34ebb5ef0, 0x000002d350338720, 0x000002d350338db0, 0x000002d35033a7f0,
0x000002d350339440, 0x000002d350338090, 0x000002d35033a160, 0x000002d35033e300,
0x000002d35033ae80, 0x000002d35033e990, 0x000002d350d607e0, 0x000002d350d60e70,
0x000002d350d5d9f0, 0x000002d350d5e080, 0x000002d350d5f430, 0x000002d350d5e710,
0x000002d350d5fac0, 0x000002d350d5eda0, 0x000002d350d60150, 0x000002d3503f7770,
0x000002d3503f70e0, 0x000002d3503f7e00, 0x000002d3503f56a0, 0x000002d3503f4980,
0x000002d3503f8490, 0x000002d3503f5010, 0x000002d3503f91b0, 0x000002d3503f5d30,
0x000002d3503f8b20, 0x000002d3503f9840, 0x000002d3503f63c0, 0x000002d3503f6a50,
0x000002d3503fb280, 0x000002d3503fa560, 0x000002d3503f9ed0, 0x000002d3503fbfa0,
0x000002d3503fabf0, 0x000002d34d78f4b0, 0x000002d34d78cd50, 0x000002d34d78c6c0,
0x000002d34d78d3e0, 0x000002d34d7901d0, 0x000002d34d78da70, 0x000002d34d790860,
0x000002d34d790ef0, 0x000002d34d78e790, 0x000002d34d78ee20, 0x000002d34d791580,
0x000002d34d78fb40, 0x000002d34d78e100, 0x000002d34d791c10, 0x000002d34a8de2c0,
0x000002d34a8dae40, 0x000002d34b0bece0, 0x000002d34a8dd5a0, 0x000002d34d793650,
0x000002d34a8dbb60, 0x000002d34a8dc1f0, 0x000002d349fec850, 0x000002d34a8e10b0,
0x000002d34a8e0390, 0x000002d34a8dfd00, 0x000002d34a8e0a20, 0x000002d34e8bbc20,
0x000002d34e8ba1e0, 0x000002d34e8b9b50, 0x000002d34e8be380, 0x000002d34e8bf730,
0x000002d34e8bd660, 0x000002d34e8bdcf0, 0x000002d34e8bf0a0, 0x000002d34e8bea10,
0x000002d35033c8c0, 0x000002d34d793ce0, 0x000002d3520a0310, 0x000002d35209d520,
0x000002d35209ce90, 0x000002d35209fc80, 0x000002d3520a51d0, 0x000002d3520a3100,
0x000002d3520a5860, 0x000002d3520a5ef0, 0x000002d3520a2a70, 0x000002d3520a6580,
0x000002d3520a6c10, 0x000002d3520a7fc0, 0x000002d3520a9a00, 0x000002d3520a8650,
0x000002d3520a8ce0, 0x000002d3520a72a0, 0x000002d3520a9370, 0x000002d3520aadb0,
0x000002d3520aa090, 0x000002d35209dbb0, 0x000002d3520a16c0, 0x000002d35209e240,
0x000002d3520a4b40, 0x000002d3520a1d50, 0x000002d3520a3790, 0x000002d3520a44b0,
0x000002d3520a23e0, 0x000002d3520a7930, 0x000002d3520ab440, 0x000002d3520abad0,
0x000002d3520ac160, 0x000002d34e8bcfd0, 0x000002d34a9664a0, 0x000002d34a965e10,
0x000002d34a9643d0, 0x000002d34a966b30, 0x000002d34a9671c0, 0x000002d34a967850,
0x000002d34a967ee0, 0x000002d34a964a60, 0x000002d34a968570, 0x000002d34a9650f0,
0x000002d34a96b360, 0x000002d34a969290, 0x000002d34a968c00, 0x000002d34a96c080,
0x000002d34a969920, 0x000002d34a96c710, 0x000002d34a96a640, 0x000002d350735290,
0x000002d350736700, 0x000002d34a96d430, 0x000002d34a96cda0, 0x000002d34a96acd0,
0x000002d34a969fb0, 0x000002d34a9708b0, 0x000002d34a96e7e0, 0x000002d34a96fb90,
0x000002d34a96ee70, 0x000002d34a96f500, 0x000002d34a96e150, 0x000002d34a970220,
0x000002d34a96dac0, 0x000002d34a970f40, 0x000002d34a9736a0, 0x000002d34a9715d0,
0x000002d34a971c60, 0x000002d34a9722f0, 0x000002d34a972980, 0x000002d34a973010,
0x000002d3509bbab0, 0x000002d3509bad90, 0x000002d3509bce60, 0x000002d3509bd4f0,
0x000002d3509ba070, 0x000002d3509bc7d0, 0x000002d3509bdb80, 0x000002d3509ba700,
0x000002d3509bc140, 0x000002d3509be210, 0x000002d3509be8a0, 0x000002d3509bb420,
0x000002d3509c4b10, 0x000002d3509c5ec0, 0x000002d3509c6550, 0x000002d3509c51a0,
0x000002d3509c6be0, 0x000002d3509c3760, 0x000002d3509c5830, 0x000002d3509c7270,
0x000002d3509c9340, 0x000002d3509c23b0, 0x000002d3509bf5c0, 0x000002d3509bfc50,
0x000002d3509c0970, 0x000002d3509c02e0, 0x000002d3509c1690, 0x000002d3509bef30,
0x000002d3509c3df0, 0x000002d3509c30d0, 0x000002d3509c2a40, 0x000002d3509c7900,
0x000002d3509c4480, 0x000002d3509c7f90, 0x000002d3509c8cb0, 0x000002d3509c8620,
0x000002d3520a1030, 0x000002d35767f310, 0x000002d357680780
}

Java Threads: ( => current thread )
  0x000002d32861e5c0 JavaThread "main"                              [_thread_blocked, id=12128, stack(0x000000d78ef00000,0x000000d78f000000) (1024K)]
  0x000002d349086220 JavaThread "Common-Cleaner"             daemon [_thread_blocked, id=21168, stack(0x000000d78f700000,0x000000d78f800000) (1024K)]
  0x000002d3490af3a0 JavaThread "Reference Handler"          daemon [_thread_blocked, id=11040, stack(0x000000d78f800000,0x000000d78f900000) (1024K)]
  0x000002d3490c53a0 JavaThread "Finalizer"                  daemon [_thread_blocked, id=10376, stack(0x000000d78f900000,0x000000d78fa00000) (1024K)]
  0x000002d3490d7e50 JavaThread "Signal Dispatcher"          daemon [_thread_blocked, id=11564, stack(0x000000d78fa00000,0x000000d78fb00000) (1024K)]
  0x000002d3490d84c0 JavaThread "Attach Listener"            daemon [_thread_blocked, id=20572, stack(0x000000d78fb00000,0x000000d78fc00000) (1024K)]
  0x000002d3490d9a90 JavaThread "Service Thread"             daemon [_thread_blocked, id=22888, stack(0x000000d78fc00000,0x000000d78fd00000) (1024K)]
  0x000002d3490db060 JavaThread "Monitor Deflation Thread"   daemon [_thread_blocked, id=7308, stack(0x000000d78fd00000,0x000000d78fe00000) (1024K)]
  0x000002d3490dd4d0 JavaThread "C2 CompilerThread0"         daemon [_thread_blocked, id=7264, stack(0x000000d78fe00000,0x000000d78ff00000) (1024K)]
  0x000002d3490e0af0 JavaThread "C1 CompilerThread0"         daemon [_thread_blocked, id=19500, stack(0x000000d78ff00000,0x000000d790000000) (1024K)]
  0x000002d34916fd00 JavaThread "C1 CompilerThread1"         daemon [_thread_blocked, id=23148, stack(0x000000d790000000,0x000000d790100000) (1024K)]
  0x000002d34927d4a0 JavaThread "C1 CompilerThread2"         daemon [_thread_blocked, id=15316, stack(0x000000d790100000,0x000000d790200000) (1024K)]
  0x000002d34927db50 JavaThread "C1 CompilerThread3"         daemon [_thread_blocked, id=24496, stack(0x000000d790200000,0x000000d790300000) (1024K)]
  0x000002d3494f0a70 JavaThread "Notification Thread"        daemon [_thread_blocked, id=16796, stack(0x000000d790300000,0x000000d790400000) (1024K)]
  0x000002d34946cd10 JavaThread "C2 CompilerThread1"         daemon [_thread_blocked, id=19548, stack(0x000000d790400000,0x000000d790500000) (1024K)]
  0x000002d34ab30050 JavaThread "Daemon health stats"               [_thread_blocked, id=21804, stack(0x000000d790c00000,0x000000d790d00000) (1024K)]
  0x000002d34b583870 JavaThread "Incoming local TCP Connector on port 65024"        [_thread_in_native, id=2896, stack(0x000000d790d00000,0x000000d790e00000) (1024K)]
  0x000002d34bc369b0 JavaThread "Daemon periodic checks"            [_thread_blocked, id=21548, stack(0x000000d790e00000,0x000000d790f00000) (1024K)]
  0x000002d34b964af0 JavaThread "Daemon"                            [_thread_blocked, id=11140, stack(0x000000d790f00000,0x000000d791000000) (1024K)]
  0x000002d34b966530 JavaThread "Handler for socket connection from /127.0.0.1:65024 to /127.0.0.1:65025"        [_thread_in_native, id=22524, stack(0x000000d791000000,0x000000d791100000) (1024K)]
  0x000002d34b966bc0 JavaThread "Cancel handler"                    [_thread_blocked, id=5116, stack(0x000000d791100000,0x000000d791200000) (1024K)]
  0x000002d34b965810 JavaThread "Daemon worker"                     [_thread_blocked, id=24188, stack(0x000000d791200000,0x000000d791300000) (1024K)]
  0x000002d34b967250 JavaThread "Asynchronous log dispatcher for DefaultDaemonConnection: socket connection from /127.0.0.1:65024 to /127.0.0.1:65025"        [_thread_blocked, id=17384, stack(0x000000d791300000,0x000000d791400000) (1024K)]
  0x000002d34b964460 JavaThread "Stdin handler"                     [_thread_blocked, id=4680, stack(0x000000d791400000,0x000000d791500000) (1024K)]
  0x000002d34b965180 JavaThread "Daemon client event forwarder"        [_thread_blocked, id=20100, stack(0x000000d791500000,0x000000d791600000) (1024K)]
  0x000002d34b9678e0 JavaThread "Cache worker for journal cache (C:\Users\ADMIN\.gradle\caches\journal-1)"        [_thread_blocked, id=21856, stack(0x000000d791f00000,0x000000d792000000) (1024K)]
  0x000002d34bd54470 JavaThread "File lock request listener"        [_thread_in_native, id=18776, stack(0x000000d792000000,0x000000d792100000) (1024K)]
  0x000002d34bd55190 JavaThread "Cache worker for file hash cache (C:\Users\ADMIN\.gradle\caches\8.13\fileHashes)"        [_thread_blocked, id=14552, stack(0x000000d792100000,0x000000d792200000) (1024K)]
  0x000002d34bd55820 JavaThread "Cache worker for file hash cache (D:\AndroidStudioProjects\DACN_1\FinFit\.gradle\8.13\fileHashes)"        [_thread_blocked, id=17512, stack(0x000000d792200000,0x000000d792300000) (1024K)]
  0x000002d34bd54b00 JavaThread "Cache worker for Build Output Cleanup Cache (D:\AndroidStudioProjects\DACN_1\FinFit\.gradle\buildOutputCleanup)"        [_thread_blocked, id=16664, stack(0x000000d792300000,0x000000d792400000) (1024K)]
  0x000002d34bd56bd0 JavaThread "File watcher server"        daemon [_thread_blocked, id=12100, stack(0x000000d792400000,0x000000d792500000) (1024K)]
  0x000002d34bd55eb0 JavaThread "File watcher consumer"      daemon [_thread_blocked, id=19812, stack(0x000000d792500000,0x000000d792600000) (1024K)]
  0x000002d34bd53de0 JavaThread "jar transforms"                    [_thread_blocked, id=7124, stack(0x000000d792600000,0x000000d792700000) (1024K)]
  0x000002d34bd57260 JavaThread "jar transforms Thread 2"           [_thread_blocked, id=4132, stack(0x000000d792700000,0x000000d792800000) (1024K)]
  0x000002d34faadc50 JavaThread "Cache worker for checksums cache (D:\AndroidStudioProjects\DACN_1\FinFit\.gradle\8.13\checksums)"        [_thread_blocked, id=15372, stack(0x000000d792900000,0x000000d792a00000) (1024K)]
  0x000002d34fab1760 JavaThread "Cache worker for file content cache (C:\Users\ADMIN\.gradle\caches\8.13\fileContent)"        [_thread_blocked, id=15736, stack(0x000000d792a00000,0x000000d792b00000) (1024K)]
  0x000002d34faae2e0 JavaThread "jar transforms Thread 3"           [_thread_blocked, id=10212, stack(0x000000d792b00000,0x000000d792c00000) (1024K)]
  0x000002d34faae970 JavaThread "Cache worker for cache directory md-supplier (C:\Users\ADMIN\.gradle\caches\8.13\md-supplier)"        [_thread_blocked, id=11184, stack(0x000000d792c00000,0x000000d792d00000) (1024K)]
  0x000002d34fab0a40 JavaThread "Cache worker for cache directory md-rule (C:\Users\ADMIN\.gradle\caches\8.13\md-rule)"        [_thread_blocked, id=18576, stack(0x000000d792d00000,0x000000d792e00000) (1024K)]
  0x000002d34faafd20 JavaThread "Unconstrained build operations"        [_thread_blocked, id=20972, stack(0x000000d792800000,0x000000d792900000) (1024K)]
  0x000002d34fab1df0 JavaThread "Unconstrained build operations Thread 2"        [_thread_blocked, id=8372, stack(0x000000d792e00000,0x000000d792f00000) (1024K)]
  0x000002d34faaf000 JavaThread "Unconstrained build operations Thread 3"        [_thread_blocked, id=10752, stack(0x000000d792f00000,0x000000d793000000) (1024K)]
  0x000002d34fab2b10 JavaThread "Unconstrained build operations Thread 4"        [_thread_blocked, id=22732, stack(0x000000d793000000,0x000000d793100000) (1024K)]
  0x000002d34fab2480 JavaThread "Unconstrained build operations Thread 5"        [_thread_blocked, id=13576, stack(0x000000d793100000,0x000000d793200000) (1024K)]
  0x000002d34faaf690 JavaThread "Unconstrained build operations Thread 6"        [_thread_blocked, id=10852, stack(0x000000d793200000,0x000000d793300000) (1024K)]
  0x000002d34fab3830 JavaThread "Unconstrained build operations Thread 7"        [_thread_blocked, id=4860, stack(0x000000d793300000,0x000000d793400000) (1024K)]
  0x000002d34fab5270 JavaThread "Unconstrained build operations Thread 8"        [_thread_blocked, id=1916, stack(0x000000d793400000,0x000000d793500000) (1024K)]
  0x000002d34fab31a0 JavaThread "Unconstrained build operations Thread 9"        [_thread_blocked, id=24088, stack(0x000000d793500000,0x000000d793600000) (1024K)]
  0x000002d34fab3ec0 JavaThread "Unconstrained build operations Thread 10"        [_thread_blocked, id=21448, stack(0x000000d793600000,0x000000d793700000) (1024K)]
  0x000002d34fab4550 JavaThread "Unconstrained build operations Thread 11"        [_thread_blocked, id=2520, stack(0x000000d793700000,0x000000d793800000) (1024K)]
  0x000002d34fab4be0 JavaThread "Unconstrained build operations Thread 12"        [_thread_blocked, id=20248, stack(0x000000d793800000,0x000000d793900000) (1024K)]
  0x000002d34ebb16c0 JavaThread "Unconstrained build operations Thread 13"        [_thread_blocked, id=19136, stack(0x000000d793900000,0x000000d793a00000) (1024K)]
  0x000002d34ebaf5f0 JavaThread "Unconstrained build operations Thread 14"        [_thread_blocked, id=5268, stack(0x000000d793a00000,0x000000d793b00000) (1024K)]
  0x000002d34ebb09a0 JavaThread "Unconstrained build operations Thread 15"        [_thread_blocked, id=3396, stack(0x000000d793b00000,0x000000d793c00000) (1024K)]
  0x000002d34ebb1d50 JavaThread "Unconstrained build operations Thread 16"        [_thread_blocked, id=8784, stack(0x000000d793c00000,0x000000d793d00000) (1024K)]
  0x000002d34ebafc80 JavaThread "Unconstrained build operations Thread 17"        [_thread_blocked, id=24416, stack(0x000000d793d00000,0x000000d793e00000) (1024K)]
  0x000002d34ebb23e0 JavaThread "Unconstrained build operations Thread 18"        [_thread_blocked, id=23484, stack(0x000000d793e00000,0x000000d793f00000) (1024K)]
  0x000002d34ebb0310 JavaThread "Unconstrained build operations Thread 19"        [_thread_blocked, id=21760, stack(0x000000d793f00000,0x000000d794000000) (1024K)]
  0x000002d34ebaef60 JavaThread "Unconstrained build operations Thread 20"        [_thread_blocked, id=15244, stack(0x000000d794000000,0x000000d794100000) (1024K)]
  0x000002d34ebb3e20 JavaThread "jar transforms Thread 4"           [_thread_blocked, id=21068, stack(0x000000d794100000,0x000000d794200000) (1024K)]
  0x000002d34ebb2a70 JavaThread "jar transforms Thread 5"           [_thread_blocked, id=2280, stack(0x000000d794200000,0x000000d794300000) (1024K)]
  0x000002d34ebb3100 JavaThread "Unconstrained build operations Thread 21"        [_thread_blocked, id=20424, stack(0x000000d794300000,0x000000d794400000) (1024K)]
  0x000002d34ebb51d0 JavaThread "Unconstrained build operations Thread 22"        [_thread_blocked, id=5224, stack(0x000000d794400000,0x000000d794500000) (1024K)]
  0x000002d34ebb6580 JavaThread "Unconstrained build operations Thread 23"        [_thread_blocked, id=3628, stack(0x000000d794500000,0x000000d794600000) (1024K)]
  0x000002d34ebb3790 JavaThread "Unconstrained build operations Thread 24"        [_thread_blocked, id=17020, stack(0x000000d794600000,0x000000d794700000) (1024K)]
  0x000002d34ebb4b40 JavaThread "Unconstrained build operations Thread 25"        [_thread_blocked, id=21852, stack(0x000000d794700000,0x000000d794800000) (1024K)]
  0x000002d34ebb44b0 JavaThread "Unconstrained build operations Thread 26"        [_thread_blocked, id=4968, stack(0x000000d794800000,0x000000d794900000) (1024K)]
  0x000002d34ebb5860 JavaThread "Unconstrained build operations Thread 27"        [_thread_blocked, id=19164, stack(0x000000d794900000,0x000000d794a00000) (1024K)]
  0x000002d34ebb5ef0 JavaThread "Unconstrained build operations Thread 28"        [_thread_blocked, id=8680, stack(0x000000d794a00000,0x000000d794b00000) (1024K)]
  0x000002d350338720 JavaThread "Unconstrained build operations Thread 29"        [_thread_blocked, id=1684, stack(0x000000d794b00000,0x000000d794c00000) (1024K)]
  0x000002d350338db0 JavaThread "Unconstrained build operations Thread 30"        [_thread_blocked, id=21332, stack(0x000000d794c00000,0x000000d794d00000) (1024K)]
  0x000002d35033a7f0 JavaThread "jar transforms Thread 6"           [_thread_blocked, id=10812, stack(0x000000d794d00000,0x000000d794e00000) (1024K)]
  0x000002d350339440 JavaThread "jar transforms Thread 7"           [_thread_blocked, id=10388, stack(0x000000d794e00000,0x000000d794f00000) (1024K)]
  0x000002d350338090 JavaThread "jar transforms Thread 8"           [_thread_blocked, id=12960, stack(0x000000d794f00000,0x000000d795000000) (1024K)]
  0x000002d35033a160 JavaThread "Unconstrained build operations Thread 31"        [_thread_blocked, id=2584, stack(0x000000d795000000,0x000000d795100000) (1024K)]
  0x000002d35033e300 JavaThread "Unconstrained build operations Thread 32"        [_thread_blocked, id=18044, stack(0x000000d795100000,0x000000d795200000) (1024K)]
  0x000002d35033ae80 JavaThread "Unconstrained build operations Thread 33"        [_thread_blocked, id=17760, stack(0x000000d795200000,0x000000d795300000) (1024K)]
  0x000002d35033e990 JavaThread "Unconstrained build operations Thread 34"        [_thread_blocked, id=2888, stack(0x000000d795300000,0x000000d795400000) (1024K)]
  0x000002d350d607e0 JavaThread "Unconstrained build operations Thread 35"        [_thread_blocked, id=3720, stack(0x000000d795400000,0x000000d795500000) (1024K)]
  0x000002d350d60e70 JavaThread "Unconstrained build operations Thread 36"        [_thread_blocked, id=14540, stack(0x000000d795500000,0x000000d795600000) (1024K)]
  0x000002d350d5d9f0 JavaThread "Unconstrained build operations Thread 37"        [_thread_blocked, id=10104, stack(0x000000d795600000,0x000000d795700000) (1024K)]
  0x000002d350d5e080 JavaThread "Unconstrained build operations Thread 38"        [_thread_blocked, id=17680, stack(0x000000d795700000,0x000000d795800000) (1024K)]
  0x000002d350d5f430 JavaThread "Unconstrained build operations Thread 39"        [_thread_blocked, id=8772, stack(0x000000d795800000,0x000000d795900000) (1024K)]
  0x000002d350d5e710 JavaThread "Unconstrained build operations Thread 40"        [_thread_blocked, id=15548, stack(0x000000d795900000,0x000000d795a00000) (1024K)]
  0x000002d350d5fac0 JavaThread "Unconstrained build operations Thread 41"        [_thread_blocked, id=16852, stack(0x000000d795a00000,0x000000d795b00000) (1024K)]
  0x000002d350d5eda0 JavaThread "Unconstrained build operations Thread 42"        [_thread_blocked, id=2112, stack(0x000000d795b00000,0x000000d795c00000) (1024K)]
  0x000002d350d60150 JavaThread "Unconstrained build operations Thread 43"        [_thread_blocked, id=9688, stack(0x000000d795c00000,0x000000d795d00000) (1024K)]
  0x000002d3503f7770 JavaThread "Unconstrained build operations Thread 44"        [_thread_blocked, id=19112, stack(0x000000d795d00000,0x000000d795e00000) (1024K)]
  0x000002d3503f70e0 JavaThread "Unconstrained build operations Thread 45"        [_thread_blocked, id=8856, stack(0x000000d795e00000,0x000000d795f00000) (1024K)]
  0x000002d3503f7e00 JavaThread "Unconstrained build operations Thread 46"        [_thread_blocked, id=9336, stack(0x000000d795f00000,0x000000d796000000) (1024K)]
  0x000002d3503f56a0 JavaThread "Unconstrained build operations Thread 47"        [_thread_blocked, id=16708, stack(0x000000d796000000,0x000000d796100000) (1024K)]
  0x000002d3503f4980 JavaThread "Unconstrained build operations Thread 48"        [_thread_blocked, id=15808, stack(0x000000d796100000,0x000000d796200000) (1024K)]
  0x000002d3503f8490 JavaThread "Unconstrained build operations Thread 49"        [_thread_blocked, id=7952, stack(0x000000d796200000,0x000000d796300000) (1024K)]
  0x000002d3503f5010 JavaThread "Unconstrained build operations Thread 50"        [_thread_blocked, id=19176, stack(0x000000d796300000,0x000000d796400000) (1024K)]
  0x000002d3503f91b0 JavaThread "Unconstrained build operations Thread 51"        [_thread_blocked, id=18884, stack(0x000000d796400000,0x000000d796500000) (1024K)]
  0x000002d3503f5d30 JavaThread "Unconstrained build operations Thread 52"        [_thread_blocked, id=20104, stack(0x000000d796500000,0x000000d796600000) (1024K)]
  0x000002d3503f8b20 JavaThread "Unconstrained build operations Thread 53"        [_thread_blocked, id=14972, stack(0x000000d796600000,0x000000d796700000) (1024K)]
  0x000002d3503f9840 JavaThread "Unconstrained build operations Thread 54"        [_thread_blocked, id=16540, stack(0x000000d796700000,0x000000d796800000) (1024K)]
  0x000002d3503f63c0 JavaThread "Unconstrained build operations Thread 55"        [_thread_blocked, id=12184, stack(0x000000d796800000,0x000000d796900000) (1024K)]
  0x000002d3503f6a50 JavaThread "Unconstrained build operations Thread 56"        [_thread_blocked, id=13608, stack(0x000000d796900000,0x000000d796a00000) (1024K)]
  0x000002d3503fb280 JavaThread "Unconstrained build operations Thread 57"        [_thread_blocked, id=4504, stack(0x000000d796a00000,0x000000d796b00000) (1024K)]
  0x000002d3503fa560 JavaThread "Unconstrained build operations Thread 58"        [_thread_blocked, id=17500, stack(0x000000d796b00000,0x000000d796c00000) (1024K)]
  0x000002d3503f9ed0 JavaThread "Unconstrained build operations Thread 59"        [_thread_blocked, id=22480, stack(0x000000d796c00000,0x000000d796d00000) (1024K)]
  0x000002d3503fbfa0 JavaThread "Unconstrained build operations Thread 60"        [_thread_blocked, id=22640, stack(0x000000d796d00000,0x000000d796e00000) (1024K)]
  0x000002d3503fabf0 JavaThread "Unconstrained build operations Thread 61"        [_thread_blocked, id=21220, stack(0x000000d796e00000,0x000000d796f00000) (1024K)]
  0x000002d34d78f4b0 JavaThread "Unconstrained build operations Thread 62"        [_thread_blocked, id=13976, stack(0x000000d796f00000,0x000000d797000000) (1024K)]
  0x000002d34d78cd50 JavaThread "Unconstrained build operations Thread 63"        [_thread_blocked, id=16912, stack(0x000000d797000000,0x000000d797100000) (1024K)]
  0x000002d34d78c6c0 JavaThread "Unconstrained build operations Thread 64"        [_thread_blocked, id=11288, stack(0x000000d797100000,0x000000d797200000) (1024K)]
  0x000002d34d78d3e0 JavaThread "Unconstrained build operations Thread 65"        [_thread_blocked, id=21992, stack(0x000000d797200000,0x000000d797300000) (1024K)]
  0x000002d34d7901d0 JavaThread "Unconstrained build operations Thread 66"        [_thread_blocked, id=19452, stack(0x000000d797300000,0x000000d797400000) (1024K)]
  0x000002d34d78da70 JavaThread "Unconstrained build operations Thread 67"        [_thread_blocked, id=1840, stack(0x000000d797400000,0x000000d797500000) (1024K)]
  0x000002d34d790860 JavaThread "Unconstrained build operations Thread 68"        [_thread_blocked, id=17792, stack(0x000000d797500000,0x000000d797600000) (1024K)]
  0x000002d34d790ef0 JavaThread "Unconstrained build operations Thread 69"        [_thread_blocked, id=23236, stack(0x000000d797600000,0x000000d797700000) (1024K)]
  0x000002d34d78e790 JavaThread "Unconstrained build operations Thread 70"        [_thread_blocked, id=10932, stack(0x000000d797700000,0x000000d797800000) (1024K)]
  0x000002d34d78ee20 JavaThread "Unconstrained build operations Thread 71"        [_thread_blocked, id=21900, stack(0x000000d797800000,0x000000d797900000) (1024K)]
  0x000002d34d791580 JavaThread "Unconstrained build operations Thread 72"        [_thread_blocked, id=7176, stack(0x000000d797900000,0x000000d797a00000) (1024K)]
  0x000002d34d78fb40 JavaThread "Unconstrained build operations Thread 73"        [_thread_blocked, id=20400, stack(0x000000d797a00000,0x000000d797b00000) (1024K)]
  0x000002d34d78e100 JavaThread "Unconstrained build operations Thread 74"        [_thread_blocked, id=1808, stack(0x000000d797b00000,0x000000d797c00000) (1024K)]
  0x000002d34d791c10 JavaThread "Unconstrained build operations Thread 75"        [_thread_blocked, id=11620, stack(0x000000d797c00000,0x000000d797d00000) (1024K)]
  0x000002d34a8de2c0 JavaThread "jar transforms Thread 9"           [_thread_blocked, id=13236, stack(0x000000d797f00000,0x000000d798000000) (1024K)]
  0x000002d34a8dae40 JavaThread "build event listener"              [_thread_blocked, id=18976, stack(0x000000d790500000,0x000000d790600000) (1024K)]
  0x000002d34b0bece0 JavaThread "C2 CompilerThread2"         daemon [_thread_blocked, id=9128, stack(0x000000d790b00000,0x000000d790c00000) (1024K)]
  0x000002d34a8dd5a0 JavaThread "Memory manager"                    [_thread_blocked, id=14868, stack(0x000000d797d00000,0x000000d797e00000) (1024K)]
  0x000002d34d793650 JavaThread "build event listener"              [_thread_blocked, id=18584, stack(0x000000d797e00000,0x000000d797f00000) (1024K)]
  0x000002d34a8dbb60 JavaThread "jar transforms Thread 10"          [_thread_blocked, id=17124, stack(0x000000d798000000,0x000000d798100000) (1024K)]
  0x000002d34a8dc1f0 JavaThread "Problems report writer"            [_thread_blocked, id=11416, stack(0x000000d798100000,0x000000d798200000) (1024K)]
  0x000002d349fec850 JavaThread "C2 CompilerThread3"         daemon [_thread_blocked, id=19696, stack(0x000000d798200000,0x000000d798300000) (1024K)]
  0x000002d34a8e10b0 JavaThread "pool-3-thread-1"                   [_thread_blocked, id=18540, stack(0x000000d798300000,0x000000d798400000) (1024K)]
  0x000002d34a8e0390 JavaThread "build event listener"              [_thread_blocked, id=12500, stack(0x000000d798400000,0x000000d798500000) (1024K)]
  0x000002d34a8dfd00 JavaThread "included builds"                   [_thread_blocked, id=6916, stack(0x000000d798500000,0x000000d798600000) (1024K)]
  0x000002d34a8e0a20 JavaThread "Execution worker"                  [_thread_blocked, id=16676, stack(0x000000d798600000,0x000000d798700000) (1024K)]
  0x000002d34e8bbc20 JavaThread "Execution worker Thread 2"         [_thread_blocked, id=9832, stack(0x000000d798700000,0x000000d798800000) (1024K)]
  0x000002d34e8ba1e0 JavaThread "Execution worker Thread 3"         [_thread_blocked, id=7216, stack(0x000000d798800000,0x000000d798900000) (1024K)]
  0x000002d34e8b9b50 JavaThread "Execution worker Thread 4"         [_thread_blocked, id=10256, stack(0x000000d798900000,0x000000d798a00000) (1024K)]
  0x000002d34e8be380 JavaThread "Execution worker Thread 5"         [_thread_blocked, id=18972, stack(0x000000d798a00000,0x000000d798b00000) (1024K)]
  0x000002d34e8bf730 JavaThread "Execution worker Thread 6"         [_thread_blocked, id=13116, stack(0x000000d798b00000,0x000000d798c00000) (1024K)]
  0x000002d34e8bd660 JavaThread "Execution worker Thread 7"         [_thread_blocked, id=8080, stack(0x000000d798c00000,0x000000d798d00000) (1024K)]
  0x000002d34e8bdcf0 JavaThread "Execution worker Thread 8"         [_thread_blocked, id=16868, stack(0x000000d798d00000,0x000000d798e00000) (1024K)]
  0x000002d34e8bf0a0 JavaThread "Execution worker Thread 9"         [_thread_blocked, id=14040, stack(0x000000d798e00000,0x000000d798f00000) (1024K)]
  0x000002d34e8bea10 JavaThread "Execution worker Thread 10"        [_thread_blocked, id=11936, stack(0x000000d798f00000,0x000000d799000000) (1024K)]
  0x000002d35033c8c0 JavaThread "Execution worker Thread 11"        [_thread_blocked, id=3828, stack(0x000000d799000000,0x000000d799100000) (1024K)]
  0x000002d34d793ce0 JavaThread "Execution worker Thread 12"        [_thread_blocked, id=6324, stack(0x000000d799100000,0x000000d799200000) (1024K)]
  0x000002d3520a0310 JavaThread "Execution worker Thread 13"        [_thread_blocked, id=17324, stack(0x000000d799200000,0x000000d799300000) (1024K)]
  0x000002d35209d520 JavaThread "Execution worker Thread 14"        [_thread_blocked, id=11996, stack(0x000000d799300000,0x000000d799400000) (1024K)]
  0x000002d35209ce90 JavaThread "Execution worker Thread 15"        [_thread_blocked, id=21616, stack(0x000000d799400000,0x000000d799500000) (1024K)]
  0x000002d35209fc80 JavaThread "Cache worker for execution history cache (D:\AndroidStudioProjects\DACN_1\FinFit\.gradle\8.13\executionHistory)"        [_thread_blocked, id=13440, stack(0x000000d799500000,0x000000d799600000) (1024K)]
  0x000002d3520a51d0 JavaThread "Unconstrained build operations Thread 76"        [_thread_blocked, id=15744, stack(0x000000d799600000,0x000000d799700000) (1024K)]
  0x000002d3520a3100 JavaThread "Unconstrained build operations Thread 77"        [_thread_blocked, id=12792, stack(0x000000d799700000,0x000000d799800000) (1024K)]
  0x000002d3520a5860 JavaThread "Unconstrained build operations Thread 78"        [_thread_blocked, id=10992, stack(0x000000d799800000,0x000000d799900000) (1024K)]
  0x000002d3520a5ef0 JavaThread "Unconstrained build operations Thread 79"        [_thread_blocked, id=23860, stack(0x000000d799900000,0x000000d799a00000) (1024K)]
  0x000002d3520a2a70 JavaThread "Unconstrained build operations Thread 80"        [_thread_blocked, id=20892, stack(0x000000d799a00000,0x000000d799b00000) (1024K)]
  0x000002d3520a6580 JavaThread "Unconstrained build operations Thread 81"        [_thread_blocked, id=21492, stack(0x000000d799b00000,0x000000d799c00000) (1024K)]
  0x000002d3520a6c10 JavaThread "Unconstrained build operations Thread 82"        [_thread_blocked, id=12648, stack(0x000000d799c00000,0x000000d799d00000) (1024K)]
  0x000002d3520a7fc0 JavaThread "Unconstrained build operations Thread 83"        [_thread_blocked, id=12472, stack(0x000000d799d00000,0x000000d799e00000) (1024K)]
  0x000002d3520a9a00 JavaThread "Unconstrained build operations Thread 84"        [_thread_blocked, id=2908, stack(0x000000d799e00000,0x000000d799f00000) (1024K)]
  0x000002d3520a8650 JavaThread "Unconstrained build operations Thread 85"        [_thread_blocked, id=16712, stack(0x000000d799f00000,0x000000d79a000000) (1024K)]
  0x000002d3520a8ce0 JavaThread "Unconstrained build operations Thread 86"        [_thread_blocked, id=13936, stack(0x000000d79a000000,0x000000d79a100000) (1024K)]
  0x000002d3520a72a0 JavaThread "Unconstrained build operations Thread 87"        [_thread_blocked, id=19976, stack(0x000000d79a100000,0x000000d79a200000) (1024K)]
  0x000002d3520a9370 JavaThread "Unconstrained build operations Thread 88"        [_thread_blocked, id=19552, stack(0x000000d79a200000,0x000000d79a300000) (1024K)]
  0x000002d3520aadb0 JavaThread "Unconstrained build operations Thread 89"        [_thread_blocked, id=21512, stack(0x000000d79a300000,0x000000d79a400000) (1024K)]
  0x000002d3520aa090 JavaThread "Unconstrained build operations Thread 90"        [_thread_blocked, id=7324, stack(0x000000d79a400000,0x000000d79a500000) (1024K)]
  0x000002d35209dbb0 JavaThread "Unconstrained build operations Thread 91"        [_thread_blocked, id=21420, stack(0x000000d79a500000,0x000000d79a600000) (1024K)]
  0x000002d3520a16c0 JavaThread "Unconstrained build operations Thread 92"        [_thread_blocked, id=4856, stack(0x000000d79a600000,0x000000d79a700000) (1024K)]
  0x000002d35209e240 JavaThread "Unconstrained build operations Thread 93"        [_thread_blocked, id=14796, stack(0x000000d79a700000,0x000000d79a800000) (1024K)]
  0x000002d3520a4b40 JavaThread "Unconstrained build operations Thread 94"        [_thread_blocked, id=14360, stack(0x000000d79a800000,0x000000d79a900000) (1024K)]
  0x000002d3520a1d50 JavaThread "Unconstrained build operations Thread 95"        [_thread_blocked, id=14084, stack(0x000000d79a900000,0x000000d79aa00000) (1024K)]
  0x000002d3520a3790 JavaThread "Unconstrained build operations Thread 96"        [_thread_blocked, id=12492, stack(0x000000d79aa00000,0x000000d79ab00000) (1024K)]
  0x000002d3520a44b0 JavaThread "Unconstrained build operations Thread 97"        [_thread_blocked, id=19016, stack(0x000000d79ab00000,0x000000d79ac00000) (1024K)]
  0x000002d3520a23e0 JavaThread "Unconstrained build operations Thread 98"        [_thread_blocked, id=19852, stack(0x000000d79ac00000,0x000000d79ad00000) (1024K)]
  0x000002d3520a7930 JavaThread "Unconstrained build operations Thread 99"        [_thread_blocked, id=14148, stack(0x000000d79ad00000,0x000000d79ae00000) (1024K)]
  0x000002d3520ab440 JavaThread "Unconstrained build operations Thread 100"        [_thread_blocked, id=21468, stack(0x000000d79ae00000,0x000000d79af00000) (1024K)]
  0x000002d3520abad0 JavaThread "Unconstrained build operations Thread 101"        [_thread_blocked, id=5884, stack(0x000000d79af00000,0x000000d79b000000) (1024K)]
  0x000002d3520ac160 JavaThread "Unconstrained build operations Thread 102"        [_thread_blocked, id=16800, stack(0x000000d79b000000,0x000000d79b100000) (1024K)]
  0x000002d34e8bcfd0 JavaThread "Unconstrained build operations Thread 103"        [_thread_blocked, id=6508, stack(0x000000d79b100000,0x000000d79b200000) (1024K)]
  0x000002d34a9664a0 JavaThread "Unconstrained build operations Thread 104"        [_thread_blocked, id=1868, stack(0x000000d79b200000,0x000000d79b300000) (1024K)]
  0x000002d34a965e10 JavaThread "Unconstrained build operations Thread 105"        [_thread_blocked, id=14272, stack(0x000000d79b300000,0x000000d79b400000) (1024K)]
  0x000002d34a9643d0 JavaThread "Unconstrained build operations Thread 106"        [_thread_blocked, id=24080, stack(0x000000d79b400000,0x000000d79b500000) (1024K)]
  0x000002d34a966b30 JavaThread "Unconstrained build operations Thread 107"        [_thread_blocked, id=9344, stack(0x000000d79b500000,0x000000d79b600000) (1024K)]
  0x000002d34a9671c0 JavaThread "Unconstrained build operations Thread 108"        [_thread_blocked, id=2412, stack(0x000000d79b600000,0x000000d79b700000) (1024K)]
  0x000002d34a967850 JavaThread "Unconstrained build operations Thread 109"        [_thread_blocked, id=6764, stack(0x000000d79b700000,0x000000d79b800000) (1024K)]
  0x000002d34a967ee0 JavaThread "Unconstrained build operations Thread 110"        [_thread_blocked, id=15952, stack(0x000000d79b800000,0x000000d79b900000) (1024K)]
  0x000002d34a964a60 JavaThread "Unconstrained build operations Thread 111"        [_thread_blocked, id=23132, stack(0x000000d79b900000,0x000000d79ba00000) (1024K)]
  0x000002d34a968570 JavaThread "Unconstrained build operations Thread 112"        [_thread_blocked, id=21028, stack(0x000000d79ba00000,0x000000d79bb00000) (1024K)]
  0x000002d34a9650f0 JavaThread "Unconstrained build operations Thread 113"        [_thread_blocked, id=4004, stack(0x000000d79bb00000,0x000000d79bc00000) (1024K)]
  0x000002d34a96b360 JavaThread "Unconstrained build operations Thread 114"        [_thread_blocked, id=23896, stack(0x000000d79bc00000,0x000000d79bd00000) (1024K)]
  0x000002d34a969290 JavaThread "Unconstrained build operations Thread 115"        [_thread_blocked, id=5840, stack(0x000000d79bd00000,0x000000d79be00000) (1024K)]
  0x000002d34a968c00 JavaThread "Unconstrained build operations Thread 116"        [_thread_blocked, id=18748, stack(0x000000d79be00000,0x000000d79bf00000) (1024K)]
  0x000002d34a96c080 JavaThread "Unconstrained build operations Thread 117"        [_thread_blocked, id=16128, stack(0x000000d79bf00000,0x000000d79c000000) (1024K)]
  0x000002d34a969920 JavaThread "Unconstrained build operations Thread 118"        [_thread_blocked, id=18316, stack(0x000000d79c000000,0x000000d79c100000) (1024K)]
  0x000002d34a96c710 JavaThread "Unconstrained build operations Thread 119"        [_thread_blocked, id=9264, stack(0x000000d79c100000,0x000000d79c200000) (1024K)]
  0x000002d34a96a640 JavaThread "Unconstrained build operations Thread 120"        [_thread_blocked, id=2020, stack(0x000000d79c200000,0x000000d79c300000) (1024K)]
  0x000002d350735290 JavaThread "C2 CompilerThread4"         daemon [_thread_blocked, id=14960, stack(0x000000d79c300000,0x000000d79c400000) (1024K)]
  0x000002d350736700 JavaThread "C2 CompilerThread5"         daemon [_thread_blocked, id=13196, stack(0x000000d79c400000,0x000000d79c500000) (1024K)]
  0x000002d34a96d430 JavaThread "Unconstrained build operations Thread 121"        [_thread_blocked, id=24428, stack(0x000000d79c500000,0x000000d79c600000) (1024K)]
  0x000002d34a96cda0 JavaThread "Unconstrained build operations Thread 122"        [_thread_blocked, id=7272, stack(0x000000d79c600000,0x000000d79c700000) (1024K)]
  0x000002d34a96acd0 JavaThread "Unconstrained build operations Thread 123"        [_thread_blocked, id=5340, stack(0x000000d79c700000,0x000000d79c800000) (1024K)]
  0x000002d34a969fb0 JavaThread "Unconstrained build operations Thread 124"        [_thread_blocked, id=4000, stack(0x000000d79c800000,0x000000d79c900000) (1024K)]
  0x000002d34a9708b0 JavaThread "Unconstrained build operations Thread 125"        [_thread_blocked, id=11700, stack(0x000000d79c900000,0x000000d79ca00000) (1024K)]
  0x000002d34a96e7e0 JavaThread "Unconstrained build operations Thread 126"        [_thread_blocked, id=17692, stack(0x000000d79ca00000,0x000000d79cb00000) (1024K)]
  0x000002d34a96fb90 JavaThread "Unconstrained build operations Thread 127"        [_thread_blocked, id=3080, stack(0x000000d79cb00000,0x000000d79cc00000) (1024K)]
  0x000002d34a96ee70 JavaThread "Unconstrained build operations Thread 128"        [_thread_blocked, id=8312, stack(0x000000d79cc00000,0x000000d79cd00000) (1024K)]
  0x000002d34a96f500 JavaThread "Unconstrained build operations Thread 129"        [_thread_blocked, id=20012, stack(0x000000d79cd00000,0x000000d79ce00000) (1024K)]
  0x000002d34a96e150 JavaThread "Unconstrained build operations Thread 130"        [_thread_blocked, id=11888, stack(0x000000d79ce00000,0x000000d79cf00000) (1024K)]
  0x000002d34a970220 JavaThread "Unconstrained build operations Thread 131"        [_thread_blocked, id=17472, stack(0x000000d79cf00000,0x000000d79d000000) (1024K)]
  0x000002d34a96dac0 JavaThread "Unconstrained build operations Thread 132"        [_thread_blocked, id=22744, stack(0x000000d79d000000,0x000000d79d100000) (1024K)]
  0x000002d34a970f40 JavaThread "Unconstrained build operations Thread 133"        [_thread_blocked, id=22780, stack(0x000000d79d100000,0x000000d79d200000) (1024K)]
  0x000002d34a9736a0 JavaThread "Unconstrained build operations Thread 134"        [_thread_blocked, id=9044, stack(0x000000d79d200000,0x000000d79d300000) (1024K)]
  0x000002d34a9715d0 JavaThread "Unconstrained build operations Thread 135"        [_thread_blocked, id=7316, stack(0x000000d79d300000,0x000000d79d400000) (1024K)]
  0x000002d34a971c60 JavaThread "Unconstrained build operations Thread 136"        [_thread_blocked, id=1932, stack(0x000000d79d400000,0x000000d79d500000) (1024K)]
  0x000002d34a9722f0 JavaThread "Unconstrained build operations Thread 137"        [_thread_blocked, id=12124, stack(0x000000d79d500000,0x000000d79d600000) (1024K)]
  0x000002d34a972980 JavaThread "Unconstrained build operations Thread 138"        [_thread_blocked, id=19408, stack(0x000000d79d600000,0x000000d79d700000) (1024K)]
  0x000002d34a973010 JavaThread "Unconstrained build operations Thread 139"        [_thread_blocked, id=21876, stack(0x000000d79d700000,0x000000d79d800000) (1024K)]
  0x000002d3509bbab0 JavaThread "Unconstrained build operations Thread 140"        [_thread_blocked, id=492, stack(0x000000d79d800000,0x000000d79d900000) (1024K)]
  0x000002d3509bad90 JavaThread "Unconstrained build operations Thread 141"        [_thread_blocked, id=5732, stack(0x000000d79d900000,0x000000d79da00000) (1024K)]
  0x000002d3509bce60 JavaThread "Unconstrained build operations Thread 142"        [_thread_blocked, id=22792, stack(0x000000d79da00000,0x000000d79db00000) (1024K)]
  0x000002d3509bd4f0 JavaThread "Unconstrained build operations Thread 143"        [_thread_blocked, id=23200, stack(0x000000d79db00000,0x000000d79dc00000) (1024K)]
  0x000002d3509ba070 JavaThread "Unconstrained build operations Thread 144"        [_thread_blocked, id=16996, stack(0x000000d79dc00000,0x000000d79dd00000) (1024K)]
  0x000002d3509bc7d0 JavaThread "Unconstrained build operations Thread 145"        [_thread_blocked, id=3140, stack(0x000000d79dd00000,0x000000d79de00000) (1024K)]
  0x000002d3509bdb80 JavaThread "Unconstrained build operations Thread 146"        [_thread_blocked, id=24252, stack(0x000000d79de00000,0x000000d79df00000) (1024K)]
  0x000002d3509ba700 JavaThread "Unconstrained build operations Thread 147"        [_thread_blocked, id=17004, stack(0x000000d79df00000,0x000000d79e000000) (1024K)]
  0x000002d3509bc140 JavaThread "Unconstrained build operations Thread 148"        [_thread_blocked, id=5428, stack(0x000000d79e000000,0x000000d79e100000) (1024K)]
  0x000002d3509be210 JavaThread "Unconstrained build operations Thread 149"        [_thread_blocked, id=19600, stack(0x000000d79e100000,0x000000d79e200000) (1024K)]
  0x000002d3509be8a0 JavaThread "Unconstrained build operations Thread 150"        [_thread_blocked, id=22972, stack(0x000000d79e200000,0x000000d79e300000) (1024K)]
  0x000002d3509bb420 JavaThread "Unconstrained build operations Thread 151"        [_thread_blocked, id=9196, stack(0x000000d79e300000,0x000000d79e400000) (1024K)]
  0x000002d3509c4b10 JavaThread "Unconstrained build operations Thread 152"        [_thread_blocked, id=10500, stack(0x000000d79e400000,0x000000d79e500000) (1024K)]
  0x000002d3509c5ec0 JavaThread "Unconstrained build operations Thread 153"        [_thread_blocked, id=7708, stack(0x000000d79e500000,0x000000d79e600000) (1024K)]
  0x000002d3509c6550 JavaThread "Unconstrained build operations Thread 154"        [_thread_blocked, id=21964, stack(0x000000d79e600000,0x000000d79e700000) (1024K)]
  0x000002d3509c51a0 JavaThread "Unconstrained build operations Thread 155"        [_thread_blocked, id=11932, stack(0x000000d79e700000,0x000000d79e800000) (1024K)]
  0x000002d3509c6be0 JavaThread "Unconstrained build operations Thread 156"        [_thread_blocked, id=16392, stack(0x000000d79e800000,0x000000d79e900000) (1024K)]
  0x000002d3509c3760 JavaThread "Unconstrained build operations Thread 157"        [_thread_blocked, id=6208, stack(0x000000d79e900000,0x000000d79ea00000) (1024K)]
  0x000002d3509c5830 JavaThread "Unconstrained build operations Thread 158"        [_thread_blocked, id=13140, stack(0x000000d79ea00000,0x000000d79eb00000) (1024K)]
  0x000002d3509c7270 JavaThread "Unconstrained build operations Thread 159"        [_thread_blocked, id=21788, stack(0x000000d79eb00000,0x000000d79ec00000) (1024K)]
  0x000002d3509c9340 JavaThread "Unconstrained build operations Thread 160"        [_thread_blocked, id=14400, stack(0x000000d79ee00000,0x000000d79ef00000) (1024K)]
  0x000002d3509c23b0 JavaThread "WorkerExecutor Queue"              [_thread_blocked, id=21464, stack(0x000000d79ef00000,0x000000d79f000000) (1024K)]
  0x000002d3509bf5c0 JavaThread "WorkerExecutor Queue Thread 2"        [_thread_blocked, id=24128, stack(0x000000d79f000000,0x000000d79f100000) (1024K)]
  0x000002d3509bfc50 JavaThread "WorkerExecutor Queue Thread 3"        [_thread_blocked, id=18704, stack(0x000000d79f100000,0x000000d79f200000) (1024K)]
  0x000002d3509c0970 JavaThread "WorkerExecutor Queue Thread 4"        [_thread_blocked, id=1408, stack(0x000000d79f200000,0x000000d79f300000) (1024K)]
  0x000002d3509c02e0 JavaThread "WorkerExecutor Queue Thread 5"        [_thread_blocked, id=9972, stack(0x000000d79f300000,0x000000d79f400000) (1024K)]
  0x000002d3509c1690 JavaThread "WorkerExecutor Queue Thread 6"        [_thread_blocked, id=9732, stack(0x000000d79f400000,0x000000d79f500000) (1024K)]
  0x000002d3509bef30 JavaThread "WorkerExecutor Queue Thread 7"        [_thread_blocked, id=21792, stack(0x000000d79f500000,0x000000d79f600000) (1024K)]
  0x000002d3509c3df0 JavaThread "WorkerExecutor Queue Thread 8"        [_thread_blocked, id=1152, stack(0x000000d79f600000,0x000000d79f700000) (1024K)]
  0x000002d3509c30d0 JavaThread "WorkerExecutor Queue Thread 9"        [_thread_blocked, id=1180, stack(0x000000d79f700000,0x000000d79f800000) (1024K)]
  0x000002d3509c2a40 JavaThread "WorkerExecutor Queue Thread 10"        [_thread_blocked, id=8836, stack(0x000000d79f800000,0x000000d79f900000) (1024K)]
  0x000002d3509c7900 JavaThread "WorkerExecutor Queue Thread 11"        [_thread_blocked, id=8640, stack(0x000000d79f900000,0x000000d79fa00000) (1024K)]
  0x000002d3509c4480 JavaThread "WorkerExecutor Queue Thread 12"        [_thread_blocked, id=12108, stack(0x000000d79fa00000,0x000000d79fb00000) (1024K)]
  0x000002d3509c7f90 JavaThread "WorkerExecutor Queue Thread 13"        [_thread_blocked, id=14468, stack(0x000000d79fb00000,0x000000d79fc00000) (1024K)]
  0x000002d3509c8cb0 JavaThread "WorkerExecutor Queue Thread 14"        [_thread_blocked, id=17568, stack(0x000000d79fc00000,0x000000d79fd00000) (1024K)]
  0x000002d3509c8620 JavaThread "WorkerExecutor Queue Thread 15"        [_thread_blocked, id=19816, stack(0x000000d79fd00000,0x000000d79fe00000) (1024K)]
  0x000002d3520a1030 JavaThread "WorkerExecutor Queue Thread 16"        [_thread_blocked, id=1172, stack(0x000000d79fe00000,0x000000d79ff00000) (1024K)]
  0x000002d35767f310 JavaThread "C2 CompilerThread6"         daemon [_thread_blocked, id=21308, stack(0x000000d79ff00000,0x000000d7a0000000) (1024K)]
  0x000002d357680780 JavaThread "C2 CompilerThread7"         daemon [_thread_blocked, id=20904, stack(0x000000d7a0000000,0x000000d7a0100000) (1024K)]
Total: 251

Other Threads:
=>0x000002d34905bce0 VMThread "VM Thread"                           [id=1368, stack(0x000000d78f600000,0x000000d78f700000) (1024K)]
  0x000002d34491a1e0 WatcherThread "VM Periodic Task Thread"        [id=22084, stack(0x000000d78f500000,0x000000d78f600000) (1024K)]
  0x000002d328687850 WorkerThread "GC Thread#0"                     [id=13460, stack(0x000000d78f000000,0x000000d78f100000) (1024K)]
  0x000002d3499e4870 WorkerThread "GC Thread#1"                     [id=12940, stack(0x000000d790600000,0x000000d790700000) (1024K)]
  0x000002d349bfe2c0 WorkerThread "GC Thread#2"                     [id=11168, stack(0x000000d790700000,0x000000d790800000) (1024K)]
  0x000002d349bfe660 WorkerThread "GC Thread#3"                     [id=9724, stack(0x000000d790800000,0x000000d790900000) (1024K)]
  0x000002d349c0a080 WorkerThread "GC Thread#4"                     [id=7528, stack(0x000000d790900000,0x000000d790a00000) (1024K)]
  0x000002d349c0d440 WorkerThread "GC Thread#5"                     [id=16580, stack(0x000000d790a00000,0x000000d790b00000) (1024K)]
  0x000002d34b7cec10 WorkerThread "GC Thread#6"                     [id=12772, stack(0x000000d791600000,0x000000d791700000) (1024K)]
  0x000002d34b7cf350 WorkerThread "GC Thread#7"                     [id=22016, stack(0x000000d791700000,0x000000d791800000) (1024K)]
  0x000002d34b7cefb0 WorkerThread "GC Thread#8"                     [id=18212, stack(0x000000d791800000,0x000000d791900000) (1024K)]
  0x000002d34b7ce870 WorkerThread "GC Thread#9"                     [id=19448, stack(0x000000d791900000,0x000000d791a00000) (1024K)]
  0x000002d34b7cfa90 WorkerThread "GC Thread#10"                    [id=23256, stack(0x000000d791a00000,0x000000d791b00000) (1024K)]
  0x000002d34b7ce130 WorkerThread "GC Thread#11"                    [id=18888, stack(0x000000d791b00000,0x000000d791c00000) (1024K)]
  0x000002d34b7ce4d0 WorkerThread "GC Thread#12"                    [id=2216, stack(0x000000d791c00000,0x000000d791d00000) (1024K)]
  0x000002d328698740 ConcurrentGCThread "G1 Main Marker"            [id=2668, stack(0x000000d78f100000,0x000000d78f200000) (1024K)]
  0x000002d328699960 WorkerThread "G1 Conc#0"                       [id=15752, stack(0x000000d78f200000,0x000000d78f300000) (1024K)]
  0x000002d34ba3bb00 WorkerThread "G1 Conc#1"                       [id=22400, stack(0x000000d791d00000,0x000000d791e00000) (1024K)]
  0x000002d34ba39a60 WorkerThread "G1 Conc#2"                       [id=16212, stack(0x000000d791e00000,0x000000d791f00000) (1024K)]
  0x000002d3286de820 ConcurrentGCThread "G1 Refine#0"               [id=1884, stack(0x000000d78f300000,0x000000d78f400000) (1024K)]
  0x000002d3447e84e0 ConcurrentGCThread "G1 Service"                [id=20492, stack(0x000000d78f400000,0x000000d78f500000) (1024K)]
Total: 21

Threads with active compile tasks:
C2 CompilerThread0  15627 21813       4       com.android.tools.r8.internal.di1::remove (1708 bytes)
C1 CompilerThread1  15627 22006       3       com.android.tools.r8.internal.rc::b (854 bytes)
C2 CompilerThread1  15627 21898 %     4       com.android.tools.r8.internal.l32::c @ 592 (803 bytes)
C2 CompilerThread2  15627 21854       4       com.android.tools.r8.ir.optimize.a1::a (278 bytes)
C2 CompilerThread3  15627 21703       4       com.android.tools.r8.internal.l32::c (1731 bytes)
C2 CompilerThread4  15627 21780 %     4       com.android.tools.r8.internal.nv2::a @ 368 (500 bytes)
C2 CompilerThread5  15627 20741 %     4       com.android.tools.r8.internal.l32::a @ 1747 (2024 bytes)
C2 CompilerThread6  15627 21652       4       com.android.tools.r8.internal.r31::b (911 bytes)
C2 CompilerThread7  15627 21691 %     4       com.android.tools.r8.internal.l32::a @ 1229 (3042 bytes)
Total: 9

VM state: at safepoint (normal execution)

VM Mutex/Monitor currently owned by a thread:  ([mutex/lock_event])
[0x00007ff8afb68690] Threads_lock - owner thread: 0x000002d34905bce0
[0x00007ff8afb68790] Heap_lock - owner thread: 0x000002d3509bf5c0

Heap address: 0x0000000700000000, size: 4096 MB, Compressed Oops mode: Zero based, Oop shift amount: 3

CDS archive(s) not mapped
Compressed class space mapped at: 0x0000000800000000-0x0000000834000000, reserved size: 872415232
Narrow klass base: 0x0000000800000000, Narrow klass shift: 0, Narrow klass range: 0x34000000

GC Precious Log:
 CardTable entry size: 512
 Card Set container configuration: InlinePtr #cards 4 size 8 Array Of Cards #cards 16 size 48 Howl #buckets 8 coarsen threshold 3686 Howl Bitmap #cards 512 size 80 coarsen threshold 460 Card regions per heap region 1 cards per card region 4096
 CPUs: 16 total, 16 available
 Memory: 16008M
 Large Page Support: Disabled
 NUMA Support: Disabled
 Compressed Oops: Enabled (Zero based)
 Heap Region Size: 2M
 Heap Min Capacity: 8M
 Heap Initial Capacity: 252M
 Heap Max Capacity: 4G
 Pre-touch: Disabled
 Parallel Workers: 13
 Concurrent Workers: 3
 Concurrent Refinement Workers: 13
 Periodic GC: Disabled

Heap:
 garbage-first heap   total 356352K, used 192249K [0x0000000700000000, 0x0000000800000000)
  region size 2048K, 3 young (6144K), 3 survivors (6144K)
 Metaspace       used 151568K, committed 153984K, reserved 1048576K
  class space    used 21896K, committed 23040K, reserved 851968K

Heap Regions: E=young(eden), S=young(survivor), O=old, HS=humongous(starts), HC=humongous(continues), CS=collection set, F=free, TAMS=top-at-mark-start, PB=parsable bottom
|   0|0x0000000700000000, 0x0000000700200000, 0x0000000700200000|100%|HS|  |TAMS 0x0000000700000000| PB 0x0000000700000000| Complete 
|   1|0x0000000700200000, 0x0000000700400000, 0x0000000700400000|100%|HC|  |TAMS 0x0000000700200000| PB 0x0000000700200000| Complete 
|   2|0x0000000700400000, 0x0000000700600000, 0x0000000700600000|100%| O|  |TAMS 0x0000000700400000| PB 0x0000000700400000| Untracked 
|   3|0x0000000700600000, 0x0000000700800000, 0x0000000700800000|100%| O|  |TAMS 0x0000000700600000| PB 0x0000000700600000| Untracked 
|   4|0x0000000700800000, 0x0000000700a00000, 0x0000000700a00000|100%| O|  |TAMS 0x0000000700800000| PB 0x0000000700800000| Untracked 
|   5|0x0000000700a00000, 0x0000000700c00000, 0x0000000700c00000|100%| O|  |TAMS 0x0000000700a00000| PB 0x0000000700a00000| Untracked 
|   6|0x0000000700c00000, 0x0000000700e00000, 0x0000000700e00000|100%| O|  |TAMS 0x0000000700c00000| PB 0x0000000700c00000| Untracked 
|   7|0x0000000700e00000, 0x0000000701000000, 0x0000000701000000|100%| O|  |TAMS 0x0000000700e00000| PB 0x0000000700e00000| Untracked 
|   8|0x0000000701000000, 0x0000000701200000, 0x0000000701200000|100%| O|  |TAMS 0x0000000701000000| PB 0x0000000701000000| Untracked 
|   9|0x0000000701200000, 0x0000000701400000, 0x0000000701400000|100%|HS|  |TAMS 0x0000000701200000| PB 0x0000000701200000| Complete 
|  10|0x0000000701400000, 0x0000000701600000, 0x0000000701600000|100%| O|  |TAMS 0x0000000701400000| PB 0x0000000701400000| Untracked 
|  11|0x0000000701600000, 0x0000000701800000, 0x0000000701800000|100%| O|  |TAMS 0x0000000701600000| PB 0x0000000701600000| Untracked 
|  12|0x0000000701800000, 0x0000000701a00000, 0x0000000701a00000|100%| O|  |TAMS 0x0000000701800000| PB 0x0000000701800000| Untracked 
|  13|0x0000000701a00000, 0x0000000701c00000, 0x0000000701c00000|100%| O|  |TAMS 0x0000000701a00000| PB 0x0000000701a00000| Untracked 
|  14|0x0000000701c00000, 0x0000000701e00000, 0x0000000701e00000|100%| O|  |TAMS 0x0000000701c00000| PB 0x0000000701c00000| Untracked 
|  15|0x0000000701e00000, 0x0000000702000000, 0x0000000702000000|100%| O|  |TAMS 0x0000000701e00000| PB 0x0000000701e00000| Untracked 
|  16|0x0000000702000000, 0x0000000702200000, 0x0000000702200000|100%| O|  |TAMS 0x0000000702000000| PB 0x0000000702000000| Untracked 
|  17|0x0000000702200000, 0x0000000702400000, 0x0000000702400000|100%| O|  |TAMS 0x0000000702200000| PB 0x0000000702200000| Untracked 
|  18|0x0000000702400000, 0x0000000702600000, 0x0000000702600000|100%| O|  |TAMS 0x0000000702400000| PB 0x0000000702400000| Untracked 
|  19|0x0000000702600000, 0x0000000702800000, 0x0000000702800000|100%| O|  |TAMS 0x0000000702600000| PB 0x0000000702600000| Untracked 
|  20|0x0000000702800000, 0x0000000702a00000, 0x0000000702a00000|100%| O|  |TAMS 0x0000000702800000| PB 0x0000000702800000| Untracked 
|  21|0x0000000702a00000, 0x0000000702c00000, 0x0000000702c00000|100%| O|  |TAMS 0x0000000702a00000| PB 0x0000000702a00000| Untracked 
|  22|0x0000000702c00000, 0x0000000702e00000, 0x0000000702e00000|100%| O|  |TAMS 0x0000000702c00000| PB 0x0000000702c00000| Untracked 
|  23|0x0000000702e00000, 0x0000000703000000, 0x0000000703000000|100%| O|  |TAMS 0x0000000702e00000| PB 0x0000000702e00000| Untracked 
|  24|0x0000000703000000, 0x0000000703200000, 0x0000000703200000|100%| O|  |TAMS 0x0000000703000000| PB 0x0000000703000000| Untracked 
|  25|0x0000000703200000, 0x0000000703400000, 0x0000000703400000|100%|HS|  |TAMS 0x0000000703200000| PB 0x0000000703200000| Complete 
|  26|0x0000000703400000, 0x0000000703600000, 0x0000000703600000|100%|HS|  |TAMS 0x0000000703400000| PB 0x0000000703400000| Complete 
|  27|0x0000000703600000, 0x0000000703800000, 0x0000000703800000|100%|HS|  |TAMS 0x0000000703600000| PB 0x0000000703600000| Complete 
|  28|0x0000000703800000, 0x0000000703a00000, 0x0000000703a00000|100%|HC|  |TAMS 0x0000000703800000| PB 0x0000000703800000| Complete 
|  29|0x0000000703a00000, 0x0000000703c00000, 0x0000000703c00000|100%| O|  |TAMS 0x0000000703a00000| PB 0x0000000703a00000| Untracked 
|  30|0x0000000703c00000, 0x0000000703e00000, 0x0000000703e00000|100%|HS|  |TAMS 0x0000000703c00000| PB 0x0000000703c00000| Complete 
|  31|0x0000000703e00000, 0x0000000704000000, 0x0000000704000000|100%|HC|  |TAMS 0x0000000703e00000| PB 0x0000000703e00000| Complete 
|  32|0x0000000704000000, 0x0000000704200000, 0x0000000704200000|100%| O|  |TAMS 0x0000000704000000| PB 0x0000000704000000| Untracked 
|  33|0x0000000704200000, 0x0000000704400000, 0x0000000704400000|100%| O|  |TAMS 0x0000000704200000| PB 0x0000000704200000| Untracked 
|  34|0x0000000704400000, 0x0000000704600000, 0x0000000704600000|100%| O|  |TAMS 0x0000000704400000| PB 0x0000000704400000| Untracked 
|  35|0x0000000704600000, 0x0000000704800000, 0x0000000704800000|100%| O|  |TAMS 0x0000000704600000| PB 0x0000000704600000| Untracked 
|  36|0x0000000704800000, 0x0000000704a00000, 0x0000000704a00000|100%| O|  |TAMS 0x0000000704800000| PB 0x0000000704800000| Untracked 
|  37|0x0000000704a00000, 0x0000000704c00000, 0x0000000704c00000|100%| O|  |TAMS 0x0000000704a00000| PB 0x0000000704a00000| Untracked 
|  38|0x0000000704c00000, 0x0000000704e00000, 0x0000000704e00000|100%| O|  |TAMS 0x0000000704c00000| PB 0x0000000704c00000| Untracked 
|  39|0x0000000704e00000, 0x0000000705000000, 0x0000000705000000|100%| O|  |TAMS 0x0000000704e00000| PB 0x0000000704e00000| Untracked 
|  40|0x0000000705000000, 0x0000000705200000, 0x0000000705200000|100%| O|  |TAMS 0x0000000705000000| PB 0x0000000705000000| Untracked 
|  41|0x0000000705200000, 0x0000000705400000, 0x0000000705400000|100%| O|  |TAMS 0x0000000705200000| PB 0x0000000705200000| Untracked 
|  42|0x0000000705400000, 0x0000000705600000, 0x0000000705600000|100%| O|  |TAMS 0x0000000705400000| PB 0x0000000705400000| Untracked 
|  43|0x0000000705600000, 0x0000000705800000, 0x0000000705800000|100%| O|  |TAMS 0x0000000705600000| PB 0x0000000705600000| Untracked 
|  44|0x0000000705800000, 0x0000000705a00000, 0x0000000705a00000|100%| O|  |TAMS 0x0000000705800000| PB 0x0000000705800000| Untracked 
|  45|0x0000000705a00000, 0x0000000705c00000, 0x0000000705c00000|100%| O|  |TAMS 0x0000000705a00000| PB 0x0000000705a00000| Untracked 
|  46|0x0000000705c00000, 0x0000000705e00000, 0x0000000705e00000|100%| O|  |TAMS 0x0000000705c00000| PB 0x0000000705c00000| Untracked 
|  47|0x0000000705e00000, 0x0000000706000000, 0x0000000706000000|100%| O|  |TAMS 0x0000000705e00000| PB 0x0000000705e00000| Untracked 
|  48|0x0000000706000000, 0x0000000706200000, 0x0000000706200000|100%| O|  |TAMS 0x0000000706000000| PB 0x0000000706000000| Untracked 
|  49|0x0000000706200000, 0x0000000706400000, 0x0000000706400000|100%| O|  |TAMS 0x0000000706200000| PB 0x0000000706200000| Untracked 
|  50|0x0000000706400000, 0x0000000706600000, 0x0000000706600000|100%| O|  |TAMS 0x0000000706400000| PB 0x0000000706400000| Untracked 
|  51|0x0000000706600000, 0x0000000706800000, 0x0000000706800000|100%| O|  |TAMS 0x0000000706600000| PB 0x0000000706600000| Untracked 
|  52|0x0000000706800000, 0x0000000706a00000, 0x0000000706a00000|100%| O|  |TAMS 0x0000000706800000| PB 0x0000000706800000| Untracked 
|  53|0x0000000706a00000, 0x0000000706c00000, 0x0000000706c00000|100%| O|  |TAMS 0x0000000706a00000| PB 0x0000000706a00000| Untracked 
|  54|0x0000000706c00000, 0x0000000706e00000, 0x0000000706e00000|100%| O|  |TAMS 0x0000000706c00000| PB 0x0000000706c00000| Untracked 
|  55|0x0000000706e00000, 0x0000000707000000, 0x0000000707000000|100%| O|  |TAMS 0x0000000706e00000| PB 0x0000000706e00000| Untracked 
|  56|0x0000000707000000, 0x0000000707200000, 0x0000000707200000|100%| O|  |TAMS 0x0000000707000000| PB 0x0000000707000000| Untracked 
|  57|0x0000000707200000, 0x0000000707400000, 0x0000000707400000|100%| O|  |TAMS 0x0000000707200000| PB 0x0000000707200000| Untracked 
|  58|0x0000000707400000, 0x0000000707600000, 0x0000000707600000|100%| O|  |TAMS 0x0000000707400000| PB 0x0000000707400000| Untracked 
|  59|0x0000000707600000, 0x0000000707800000, 0x0000000707800000|100%| O|  |TAMS 0x0000000707600000| PB 0x0000000707600000| Untracked 
|  60|0x0000000707800000, 0x0000000707a00000, 0x0000000707a00000|100%| O|  |TAMS 0x0000000707800000| PB 0x0000000707800000| Untracked 
|  61|0x0000000707a00000, 0x0000000707c00000, 0x0000000707c00000|100%| O|  |TAMS 0x0000000707a00000| PB 0x0000000707a00000| Untracked 
|  62|0x0000000707c00000, 0x0000000707e00000, 0x0000000707e00000|100%| O|  |TAMS 0x0000000707c00000| PB 0x0000000707c00000| Untracked 
|  63|0x0000000707e00000, 0x0000000708000000, 0x0000000708000000|100%| O|  |TAMS 0x0000000707e00000| PB 0x0000000707e00000| Untracked 
|  64|0x0000000708000000, 0x0000000708200000, 0x0000000708200000|100%| O|  |TAMS 0x0000000708000000| PB 0x0000000708000000| Untracked 
|  65|0x0000000708200000, 0x0000000708400000, 0x0000000708400000|100%| O|  |TAMS 0x0000000708200000| PB 0x0000000708200000| Untracked 
|  66|0x0000000708400000, 0x0000000708600000, 0x0000000708600000|100%| O|  |TAMS 0x0000000708400000| PB 0x0000000708400000| Untracked 
|  67|0x0000000708600000, 0x0000000708800000, 0x0000000708800000|100%| O|  |TAMS 0x0000000708600000| PB 0x0000000708600000| Untracked 
|  68|0x0000000708800000, 0x0000000708a00000, 0x0000000708a00000|100%| O|  |TAMS 0x0000000708800000| PB 0x0000000708800000| Untracked 
|  69|0x0000000708a00000, 0x0000000708c00000, 0x0000000708c00000|100%| O|  |TAMS 0x0000000708a00000| PB 0x0000000708a00000| Untracked 
|  70|0x0000000708c00000, 0x0000000708e00000, 0x0000000708e00000|100%| O|  |TAMS 0x0000000708c00000| PB 0x0000000708c00000| Untracked 
|  71|0x0000000708e00000, 0x0000000709000000, 0x0000000709000000|100%| O|  |TAMS 0x0000000708e00000| PB 0x0000000708e00000| Untracked 
|  72|0x0000000709000000, 0x0000000709200000, 0x0000000709200000|100%| O|  |TAMS 0x0000000709000000| PB 0x0000000709000000| Untracked 
|  73|0x0000000709200000, 0x0000000709400000, 0x0000000709400000|100%| O|  |TAMS 0x0000000709200000| PB 0x0000000709200000| Untracked 
|  74|0x0000000709400000, 0x0000000709400000, 0x0000000709600000|  0%| F|  |TAMS 0x0000000709400000| PB 0x0000000709400000| Untracked 
|  75|0x0000000709600000, 0x0000000709800000, 0x0000000709800000|100%| O|  |TAMS 0x0000000709600000| PB 0x0000000709600000| Untracked 
|  76|0x0000000709800000, 0x0000000709a00000, 0x0000000709a00000|100%| O|  |TAMS 0x0000000709800000| PB 0x0000000709800000| Untracked 
|  77|0x0000000709a00000, 0x0000000709c00000, 0x0000000709c00000|100%| O|  |TAMS 0x0000000709a00000| PB 0x0000000709a00000| Untracked 
|  78|0x0000000709c00000, 0x0000000709e00000, 0x0000000709e00000|100%| O|  |TAMS 0x0000000709c00000| PB 0x0000000709c00000| Untracked 
|  79|0x0000000709e00000, 0x000000070a000000, 0x000000070a000000|100%| O|  |TAMS 0x0000000709e00000| PB 0x0000000709e00000| Untracked 
|  80|0x000000070a000000, 0x000000070a200000, 0x000000070a200000|100%| O|  |TAMS 0x000000070a000000| PB 0x000000070a000000| Untracked 
|  81|0x000000070a200000, 0x000000070a259358, 0x000000070a400000| 17%| O|  |TAMS 0x000000070a200000| PB 0x000000070a200000| Untracked 
|  82|0x000000070a400000, 0x000000070a600000, 0x000000070a600000|100%| O|  |TAMS 0x000000070a400000| PB 0x000000070a400000| Untracked 
|  83|0x000000070a600000, 0x000000070a600000, 0x000000070a800000|  0%| F|  |TAMS 0x000000070a600000| PB 0x000000070a600000| Untracked 
|  84|0x000000070a800000, 0x000000070a800000, 0x000000070aa00000|  0%| F|  |TAMS 0x000000070a800000| PB 0x000000070a800000| Untracked 
|  85|0x000000070aa00000, 0x000000070aa00000, 0x000000070ac00000|  0%| F|  |TAMS 0x000000070aa00000| PB 0x000000070aa00000| Untracked 
|  86|0x000000070ac00000, 0x000000070ac00000, 0x000000070ae00000|  0%| F|  |TAMS 0x000000070ac00000| PB 0x000000070ac00000| Untracked 
|  87|0x000000070ae00000, 0x000000070ae00000, 0x000000070b000000|  0%| F|  |TAMS 0x000000070ae00000| PB 0x000000070ae00000| Untracked 
|  88|0x000000070b000000, 0x000000070b000000, 0x000000070b200000|  0%| F|  |TAMS 0x000000070b000000| PB 0x000000070b000000| Untracked 
|  89|0x000000070b200000, 0x000000070b200000, 0x000000070b400000|  0%| F|  |TAMS 0x000000070b200000| PB 0x000000070b200000| Untracked 
|  90|0x000000070b400000, 0x000000070b400000, 0x000000070b600000|  0%| F|  |TAMS 0x000000070b400000| PB 0x000000070b400000| Untracked 
|  91|0x000000070b600000, 0x000000070b765120, 0x000000070b800000| 69%| S|CS|TAMS 0x000000070b600000| PB 0x000000070b600000| Complete 
|  92|0x000000070b800000, 0x000000070b800000, 0x000000070ba00000|  0%| F|  |TAMS 0x000000070b800000| PB 0x000000070b800000| Untracked 
|  93|0x000000070ba00000, 0x000000070bc00000, 0x000000070bc00000|100%| O|  |TAMS 0x000000070ba00000| PB 0x000000070ba00000| Untracked 
|  94|0x000000070bc00000, 0x000000070be00000, 0x000000070be00000|100%| S|CS|TAMS 0x000000070bc00000| PB 0x000000070bc00000| Complete 
|  95|0x000000070be00000, 0x000000070c000000, 0x000000070c000000|100%| S|CS|TAMS 0x000000070be00000| PB 0x000000070be00000| Complete 
|  96|0x000000070c000000, 0x000000070c000000, 0x000000070c200000|  0%| F|  |TAMS 0x000000070c000000| PB 0x000000070c000000| Untracked 
|  97|0x000000070c200000, 0x000000070c200000, 0x000000070c400000|  0%| F|  |TAMS 0x000000070c200000| PB 0x000000070c200000| Untracked 
|  98|0x000000070c400000, 0x000000070c400000, 0x000000070c600000|  0%| F|  |TAMS 0x000000070c400000| PB 0x000000070c400000| Untracked 
|  99|0x000000070c600000, 0x000000070c600000, 0x000000070c800000|  0%| F|  |TAMS 0x000000070c600000| PB 0x000000070c600000| Untracked 
| 100|0x000000070c800000, 0x000000070c800000, 0x000000070ca00000|  0%| F|  |TAMS 0x000000070c800000| PB 0x000000070c800000| Untracked 
| 101|0x000000070ca00000, 0x000000070ca00000, 0x000000070cc00000|  0%| F|  |TAMS 0x000000070ca00000| PB 0x000000070ca00000| Untracked 
| 102|0x000000070cc00000, 0x000000070cc00000, 0x000000070ce00000|  0%| F|  |TAMS 0x000000070cc00000| PB 0x000000070cc00000| Untracked 
| 103|0x000000070ce00000, 0x000000070ce00000, 0x000000070d000000|  0%| F|  |TAMS 0x000000070ce00000| PB 0x000000070ce00000| Untracked 
| 104|0x000000070d000000, 0x000000070d000000, 0x000000070d200000|  0%| F|  |TAMS 0x000000070d000000| PB 0x000000070d000000| Untracked 
| 105|0x000000070d200000, 0x000000070d200000, 0x000000070d400000|  0%| F|  |TAMS 0x000000070d200000| PB 0x000000070d200000| Untracked 
| 106|0x000000070d400000, 0x000000070d400000, 0x000000070d600000|  0%| F|  |TAMS 0x000000070d400000| PB 0x000000070d400000| Untracked 
| 107|0x000000070d600000, 0x000000070d600000, 0x000000070d800000|  0%| F|  |TAMS 0x000000070d600000| PB 0x000000070d600000| Untracked 
| 108|0x000000070d800000, 0x000000070d800000, 0x000000070da00000|  0%| F|  |TAMS 0x000000070d800000| PB 0x000000070d800000| Untracked 
| 109|0x000000070da00000, 0x000000070da00000, 0x000000070dc00000|  0%| F|  |TAMS 0x000000070da00000| PB 0x000000070da00000| Untracked 
| 110|0x000000070dc00000, 0x000000070dc00000, 0x000000070de00000|  0%| F|  |TAMS 0x000000070dc00000| PB 0x000000070dc00000| Untracked 
| 111|0x000000070de00000, 0x000000070de00000, 0x000000070e000000|  0%| F|  |TAMS 0x000000070de00000| PB 0x000000070de00000| Untracked 
| 112|0x000000070e000000, 0x000000070e000000, 0x000000070e200000|  0%| F|  |TAMS 0x000000070e000000| PB 0x000000070e000000| Untracked 
| 113|0x000000070e200000, 0x000000070e200000, 0x000000070e400000|  0%| F|  |TAMS 0x000000070e200000| PB 0x000000070e200000| Untracked 
| 114|0x000000070e400000, 0x000000070e400000, 0x000000070e600000|  0%| F|  |TAMS 0x000000070e400000| PB 0x000000070e400000| Untracked 
| 115|0x000000070e600000, 0x000000070e600000, 0x000000070e800000|  0%| F|  |TAMS 0x000000070e600000| PB 0x000000070e600000| Untracked 
| 116|0x000000070e800000, 0x000000070e800000, 0x000000070ea00000|  0%| F|  |TAMS 0x000000070e800000| PB 0x000000070e800000| Untracked 
| 117|0x000000070ea00000, 0x000000070ea00000, 0x000000070ec00000|  0%| F|  |TAMS 0x000000070ea00000| PB 0x000000070ea00000| Untracked 
| 118|0x000000070ec00000, 0x000000070ec00000, 0x000000070ee00000|  0%| F|  |TAMS 0x000000070ec00000| PB 0x000000070ec00000| Untracked 
| 119|0x000000070ee00000, 0x000000070ee00000, 0x000000070f000000|  0%| F|  |TAMS 0x000000070ee00000| PB 0x000000070ee00000| Untracked 
| 120|0x000000070f000000, 0x000000070f000000, 0x000000070f200000|  0%| F|  |TAMS 0x000000070f000000| PB 0x000000070f000000| Untracked 
| 121|0x000000070f200000, 0x000000070f200000, 0x000000070f400000|  0%| F|  |TAMS 0x000000070f200000| PB 0x000000070f200000| Untracked 
| 122|0x000000070f400000, 0x000000070f400000, 0x000000070f600000|  0%| F|  |TAMS 0x000000070f400000| PB 0x000000070f400000| Untracked 
| 123|0x000000070f600000, 0x000000070f600000, 0x000000070f800000|  0%| F|  |TAMS 0x000000070f600000| PB 0x000000070f600000| Untracked 
| 124|0x000000070f800000, 0x000000070f800000, 0x000000070fa00000|  0%| F|  |TAMS 0x000000070f800000| PB 0x000000070f800000| Untracked 
| 125|0x000000070fa00000, 0x000000070fa00000, 0x000000070fc00000|  0%| F|  |TAMS 0x000000070fa00000| PB 0x000000070fa00000| Untracked 
| 126|0x000000070fc00000, 0x000000070fc00000, 0x000000070fe00000|  0%| F|  |TAMS 0x000000070fc00000| PB 0x000000070fc00000| Untracked 
| 127|0x000000070fe00000, 0x000000070fe00000, 0x0000000710000000|  0%| F|  |TAMS 0x000000070fe00000| PB 0x000000070fe00000| Untracked 
| 128|0x0000000710000000, 0x0000000710000000, 0x0000000710200000|  0%| F|  |TAMS 0x0000000710000000| PB 0x0000000710000000| Untracked 
| 129|0x0000000710200000, 0x0000000710200000, 0x0000000710400000|  0%| F|  |TAMS 0x0000000710200000| PB 0x0000000710200000| Untracked 
| 130|0x0000000710400000, 0x0000000710400000, 0x0000000710600000|  0%| F|  |TAMS 0x0000000710400000| PB 0x0000000710400000| Untracked 
| 131|0x0000000710600000, 0x0000000710600000, 0x0000000710800000|  0%| F|  |TAMS 0x0000000710600000| PB 0x0000000710600000| Untracked 
| 132|0x0000000710800000, 0x0000000710800000, 0x0000000710a00000|  0%| F|  |TAMS 0x0000000710800000| PB 0x0000000710800000| Untracked 
| 133|0x0000000710a00000, 0x0000000710a00000, 0x0000000710c00000|  0%| F|  |TAMS 0x0000000710a00000| PB 0x0000000710a00000| Untracked 
| 134|0x0000000710c00000, 0x0000000710c00000, 0x0000000710e00000|  0%| F|  |TAMS 0x0000000710c00000| PB 0x0000000710c00000| Untracked 
| 135|0x0000000710e00000, 0x0000000710e00000, 0x0000000711000000|  0%| F|  |TAMS 0x0000000710e00000| PB 0x0000000710e00000| Untracked 
| 136|0x0000000711000000, 0x0000000711000000, 0x0000000711200000|  0%| F|  |TAMS 0x0000000711000000| PB 0x0000000711000000| Untracked 
| 137|0x0000000711200000, 0x0000000711200000, 0x0000000711400000|  0%| F|  |TAMS 0x0000000711200000| PB 0x0000000711200000| Untracked 
| 138|0x0000000711400000, 0x0000000711400000, 0x0000000711600000|  0%| F|  |TAMS 0x0000000711400000| PB 0x0000000711400000| Untracked 
| 139|0x0000000711600000, 0x0000000711600000, 0x0000000711800000|  0%| F|  |TAMS 0x0000000711600000| PB 0x0000000711600000| Untracked 
| 140|0x0000000711800000, 0x0000000711800000, 0x0000000711a00000|  0%| F|  |TAMS 0x0000000711800000| PB 0x0000000711800000| Untracked 
| 141|0x0000000711a00000, 0x0000000711a00000, 0x0000000711c00000|  0%| F|  |TAMS 0x0000000711a00000| PB 0x0000000711a00000| Untracked 
| 142|0x0000000711c00000, 0x0000000711c00000, 0x0000000711e00000|  0%| F|  |TAMS 0x0000000711c00000| PB 0x0000000711c00000| Untracked 
| 143|0x0000000711e00000, 0x0000000711e00000, 0x0000000712000000|  0%| F|  |TAMS 0x0000000711e00000| PB 0x0000000711e00000| Untracked 
| 144|0x0000000712000000, 0x0000000712000000, 0x0000000712200000|  0%| F|  |TAMS 0x0000000712000000| PB 0x0000000712000000| Untracked 
| 145|0x0000000712200000, 0x0000000712200000, 0x0000000712400000|  0%| F|  |TAMS 0x0000000712200000| PB 0x0000000712200000| Untracked 
| 146|0x0000000712400000, 0x0000000712400000, 0x0000000712600000|  0%| F|  |TAMS 0x0000000712400000| PB 0x0000000712400000| Untracked 
| 147|0x0000000712600000, 0x0000000712600000, 0x0000000712800000|  0%| F|  |TAMS 0x0000000712600000| PB 0x0000000712600000| Untracked 
| 148|0x0000000712800000, 0x0000000712800000, 0x0000000712a00000|  0%| F|  |TAMS 0x0000000712800000| PB 0x0000000712800000| Untracked 
| 149|0x0000000712a00000, 0x0000000712a00000, 0x0000000712c00000|  0%| F|  |TAMS 0x0000000712a00000| PB 0x0000000712a00000| Untracked 
| 150|0x0000000712c00000, 0x0000000712c00000, 0x0000000712e00000|  0%| F|  |TAMS 0x0000000712c00000| PB 0x0000000712c00000| Untracked 
| 151|0x0000000712e00000, 0x0000000712e00000, 0x0000000713000000|  0%| F|  |TAMS 0x0000000712e00000| PB 0x0000000712e00000| Untracked 
| 152|0x0000000713000000, 0x0000000713000000, 0x0000000713200000|  0%| F|  |TAMS 0x0000000713000000| PB 0x0000000713000000| Untracked 
| 153|0x0000000713200000, 0x0000000713200000, 0x0000000713400000|  0%| F|  |TAMS 0x0000000713200000| PB 0x0000000713200000| Untracked 
| 154|0x0000000713400000, 0x0000000713400000, 0x0000000713600000|  0%| F|  |TAMS 0x0000000713400000| PB 0x0000000713400000| Untracked 
| 155|0x0000000713600000, 0x0000000713600000, 0x0000000713800000|  0%| F|  |TAMS 0x0000000713600000| PB 0x0000000713600000| Untracked 
| 156|0x0000000713800000, 0x0000000713800000, 0x0000000713a00000|  0%| F|  |TAMS 0x0000000713800000| PB 0x0000000713800000| Untracked 
| 157|0x0000000713a00000, 0x0000000713a00000, 0x0000000713c00000|  0%| F|  |TAMS 0x0000000713a00000| PB 0x0000000713a00000| Untracked 
| 158|0x0000000713c00000, 0x0000000713c00000, 0x0000000713e00000|  0%| F|  |TAMS 0x0000000713c00000| PB 0x0000000713c00000| Untracked 
| 159|0x0000000713e00000, 0x0000000713e00000, 0x0000000714000000|  0%| F|  |TAMS 0x0000000713e00000| PB 0x0000000713e00000| Untracked 
| 160|0x0000000714000000, 0x0000000714000000, 0x0000000714200000|  0%| F|  |TAMS 0x0000000714000000| PB 0x0000000714000000| Untracked 
|2035|0x00000007fe600000, 0x00000007fe800000, 0x00000007fe800000|100%| O|  |TAMS 0x00000007fe600000| PB 0x00000007fe600000| Untracked 
|2036|0x00000007fe800000, 0x00000007fea00000, 0x00000007fea00000|100%| O|  |TAMS 0x00000007fe800000| PB 0x00000007fe800000| Untracked 
|2037|0x00000007fea00000, 0x00000007fec00000, 0x00000007fec00000|100%| O|  |TAMS 0x00000007fea00000| PB 0x00000007fea00000| Untracked 
|2038|0x00000007fec00000, 0x00000007fec00000, 0x00000007fee00000|  0%| F|  |TAMS 0x00000007fec00000| PB 0x00000007fec00000| Untracked 
|2039|0x00000007fee00000, 0x00000007ff000000, 0x00000007ff000000|100%| O|  |TAMS 0x00000007fee00000| PB 0x00000007fee00000| Untracked 
|2040|0x00000007ff000000, 0x00000007ff000000, 0x00000007ff200000|  0%| F|  |TAMS 0x00000007ff000000| PB 0x00000007ff000000| Untracked 
|2041|0x00000007ff200000, 0x00000007ff400000, 0x00000007ff400000|100%| O|  |TAMS 0x00000007ff200000| PB 0x00000007ff200000| Untracked 
|2042|0x00000007ff400000, 0x00000007ff600000, 0x00000007ff600000|100%| O|  |TAMS 0x00000007ff400000| PB 0x00000007ff400000| Untracked 
|2043|0x00000007ff600000, 0x00000007ff600000, 0x00000007ff800000|  0%| F|  |TAMS 0x00000007ff600000| PB 0x00000007ff600000| Untracked 
|2044|0x00000007ff800000, 0x00000007ffa00000, 0x00000007ffa00000|100%| O|  |TAMS 0x00000007ff800000| PB 0x00000007ff800000| Untracked 
|2045|0x00000007ffa00000, 0x00000007ffc00000, 0x00000007ffc00000|100%| O|  |TAMS 0x00000007ffa00000| PB 0x00000007ffa00000| Untracked 
|2046|0x00000007ffc00000, 0x00000007ffc00000, 0x00000007ffe00000|  0%| F|  |TAMS 0x00000007ffc00000| PB 0x00000007ffc00000| Untracked 
|2047|0x00000007ffe00000, 0x0000000800000000, 0x0000000800000000|100%| O|  |TAMS 0x00000007ffe00000| PB 0x00000007ffe00000| Untracked 

Card table byte_map: [0x000002d33d5f0000,0x000002d33ddf0000] _byte_map_base: 0x000002d339df0000

Marking Bits: (CMBitMap*) 0x000002d328687e60
 Bits: [0x000002d33ddf0000, 0x000002d341df0000)

Polling page: 0x000002d328320000

Metaspace:

Usage:
  Non-class:    126.63 MB used.
      Class:     21.38 MB used.
       Both:    148.02 MB used.

Virtual space:
  Non-class space:      192.00 MB reserved,     127.88 MB ( 67%) committed,  3 nodes.
      Class space:      832.00 MB reserved,      22.50 MB (  3%) committed,  1 nodes.
             Both:        1.00 GB reserved,     150.38 MB ( 15%) committed. 

Chunk freelists:
   Non-Class:  15.74 MB
       Class:  9.57 MB
        Both:  25.30 MB

MaxMetaspaceSize: 1.00 GB
CompressedClassSpaceSize: 832.00 MB
Initial GC threshold: 21.00 MB
Current GC threshold: 250.56 MB
CDS: off
 - commit_granule_bytes: 65536.
 - commit_granule_words: 8192.
 - virtual_space_node_default_size: 8388608.
 - enlarge_chunks_in_place: 1.
 - use_allocation_guard: 0.


Internal statistics:

num_allocs_failed_limit: 9.
num_arena_births: 4652.
num_arena_deaths: 122.
num_vsnodes_births: 4.
num_vsnodes_deaths: 0.
num_space_committed: 2405.
num_space_uncommitted: 0.
num_chunks_returned_to_freelist: 185.
num_chunks_taken_from_freelist: 11071.
num_chunk_merges: 83.
num_chunk_splits: 7354.
num_chunks_enlarged: 4765.
num_inconsistent_stats: 0.

CodeHeap 'non-profiled nmethods': size=119168Kb used=12446Kb max_used=13142Kb free=106721Kb
 bounds [0x000002d3349e0000, 0x000002d3356d0000, 0x000002d33be40000]
CodeHeap 'profiled nmethods': size=119104Kb used=37085Kb max_used=37262Kb free=82018Kb
 bounds [0x000002d32ce40000, 0x000002d32f2d0000, 0x000002d334290000]
CodeHeap 'non-nmethods': size=7488Kb used=4478Kb max_used=4577Kb free=3009Kb
 bounds [0x000002d334290000, 0x000002d334720000, 0x000002d3349e0000]
CodeCache: size=245760Kb, used=54009Kb, max_used=54981Kb, free=191748Kb
 total_blobs=19414, nmethods=18356, adapters=956, full_count=0
Compilation: enabled, stopped_count=0, restarted_count=0

Compilation events (20 events):
Event: 14.535 Thread 0x000002d34927d4a0 nmethod 21999 0x000002d32dd80710 code [0x000002d32dd80920, 0x000002d32dd80dc0]
Event: 14.535 Thread 0x000002d34927db50 22000       3       com.android.tools.r8.internal.m7::a (37 bytes)
Event: 14.535 Thread 0x000002d3490e0af0 22002       2       com.android.tools.r8.internal.ri::z (42 bytes)
Event: 14.536 Thread 0x000002d34916fd00 22003       3       com.android.tools.r8.internal.fg::a (200 bytes)
Event: 14.536 Thread 0x000002d3490e0af0 nmethod 22002 0x000002d32e6e4f90 code [0x000002d32e6e5140, 0x000002d32e6e52d8]
Event: 14.536 Thread 0x000002d34927db50 nmethod 22000 0x000002d32e6e4810 code [0x000002d32e6e4a00, 0x000002d32e6e4de8]
Event: 14.537 Thread 0x000002d34b0bece0 nmethod 21432 0x000002d334be0810 code [0x000002d334be1280, 0x000002d334bea0e0]
Event: 14.538 Thread 0x000002d34916fd00 nmethod 22003 0x000002d32daf7590 code [0x000002d32daf7980, 0x000002d32daf9588]
Event: 14.538 Thread 0x000002d34b0bece0 21831       4       com.android.tools.r8.internal.sf1::contains (201 bytes)
Event: 14.539 Thread 0x000002d34916fd00 22004       3       com.android.tools.r8.internal.xt0::<init> (33 bytes)
Event: 14.539 Thread 0x000002d34916fd00 nmethod 22004 0x000002d32e6e4410 code [0x000002d32e6e45c0, 0x000002d32e6e4780]
Event: 14.539 Thread 0x000002d34916fd00 22005       2       com.android.tools.r8.internal.w84::b (134 bytes)
Event: 14.540 Thread 0x000002d34916fd00 nmethod 22005 0x000002d32daf6b90 code [0x000002d32daf6de0, 0x000002d32daf7390]
Event: 14.541 Thread 0x000002d34916fd00 22006       3       com.android.tools.r8.internal.rc::b (854 bytes)
Event: 14.542 Thread 0x000002d3490e0af0 22008       2       com.android.tools.r8.internal.qb3::add (122 bytes)
Event: 14.543 Thread 0x000002d3490e0af0 nmethod 22008 0x000002d32daf6210 code [0x000002d32daf6400, 0x000002d32daf6848]
Event: 14.543 Thread 0x000002d34927d4a0 22009       2       com.android.tools.r8.internal.jm::q (2 bytes)
Event: 14.543 Thread 0x000002d34927d4a0 nmethod 22009 0x000002d32dc51d10 code [0x000002d32dc51ea0, 0x000002d32dc51fa8]
Event: 14.544 Thread 0x000002d34b0bece0 nmethod 21831 0x000002d335272990 code [0x000002d335272b80, 0x000002d335273018]
Event: 14.544 Thread 0x000002d34b0bece0 21854       4       com.android.tools.r8.ir.optimize.a1::a (278 bytes)

GC Heap History (20 events):
Event: 11.404 GC heap after
{Heap after GC invocations=44 (full 0):
 garbage-first heap   total 268288K, used 146178K [0x0000000700000000, 0x0000000800000000)
  region size 2048K, 5 young (10240K), 5 survivors (10240K)
 Metaspace       used 125618K, committed 127872K, reserved 983040K
  class space    used 17388K, committed 18496K, reserved 851968K
}
Event: 11.617 GC heap before
{Heap before GC invocations=45 (full 0):
 garbage-first heap   total 268288K, used 238338K [0x0000000700000000, 0x0000000800000000)
  region size 2048K, 51 young (104448K), 5 survivors (10240K)
 Metaspace       used 125682K, committed 127936K, reserved 983040K
  class space    used 17397K, committed 18496K, reserved 851968K
}
Event: 11.622 GC heap after
{Heap after GC invocations=46 (full 0):
 garbage-first heap   total 268288K, used 149141K [0x0000000700000000, 0x0000000800000000)
  region size 2048K, 5 young (10240K), 5 survivors (10240K)
 Metaspace       used 125682K, committed 127936K, reserved 983040K
  class space    used 17397K, committed 18496K, reserved 851968K
}
Event: 11.955 GC heap before
{Heap before GC invocations=46 (full 0):
 garbage-first heap   total 268288K, used 243349K [0x0000000700000000, 0x0000000800000000)
  region size 2048K, 51 young (104448K), 5 survivors (10240K)
 Metaspace       used 126089K, committed 128320K, reserved 983040K
  class space    used 17444K, committed 18560K, reserved 851968K
}
Event: 11.961 GC heap after
{Heap after GC invocations=47 (full 0):
 garbage-first heap   total 268288K, used 150979K [0x0000000700000000, 0x0000000800000000)
  region size 2048K, 5 young (10240K), 5 survivors (10240K)
 Metaspace       used 126089K, committed 128320K, reserved 983040K
  class space    used 17444K, committed 18560K, reserved 851968K
}
Event: 12.455 GC heap before
{Heap before GC invocations=47 (full 0):
 garbage-first heap   total 268288K, used 243139K [0x0000000700000000, 0x0000000800000000)
  region size 2048K, 51 young (104448K), 5 survivors (10240K)
 Metaspace       used 127886K, committed 130176K, reserved 983040K
  class space    used 17738K, committed 18880K, reserved 851968K
}
Event: 12.463 GC heap after
{Heap after GC invocations=48 (full 0):
 garbage-first heap   total 268288K, used 155240K [0x0000000700000000, 0x0000000800000000)
  region size 2048K, 6 young (12288K), 6 survivors (12288K)
 Metaspace       used 127886K, committed 130176K, reserved 983040K
  class space    used 17738K, committed 18880K, reserved 851968K
}
Event: 12.875 GC heap before
{Heap before GC invocations=49 (full 0):
 garbage-first heap   total 268288K, used 241256K [0x0000000700000000, 0x0000000800000000)
  region size 2048K, 49 young (100352K), 6 survivors (12288K)
 Metaspace       used 132801K, committed 135104K, reserved 983040K
  class space    used 18597K, committed 19712K, reserved 851968K
}
Event: 12.881 GC heap after
{Heap after GC invocations=50 (full 0):
 garbage-first heap   total 268288K, used 162309K [0x0000000700000000, 0x0000000800000000)
  region size 2048K, 7 young (14336K), 7 survivors (14336K)
 Metaspace       used 132801K, committed 135104K, reserved 983040K
  class space    used 18597K, committed 19712K, reserved 851968K
}
Event: 13.252 GC heap before
{Heap before GC invocations=50 (full 0):
 garbage-first heap   total 268288K, used 244229K [0x0000000700000000, 0x0000000800000000)
  region size 2048K, 48 young (98304K), 7 survivors (14336K)
 Metaspace       used 139069K, committed 141376K, reserved 983040K
  class space    used 19686K, committed 20800K, reserved 851968K
}
Event: 13.262 GC heap after
{Heap after GC invocations=51 (full 0):
 garbage-first heap   total 356352K, used 171609K [0x0000000700000000, 0x0000000800000000)
  region size 2048K, 6 young (12288K), 6 survivors (12288K)
 Metaspace       used 139069K, committed 141376K, reserved 983040K
  class space    used 19686K, committed 20800K, reserved 851968K
}
Event: 13.644 GC heap before
{Heap before GC invocations=51 (full 0):
 garbage-first heap   total 356352K, used 317017K [0x0000000700000000, 0x0000000800000000)
  region size 2048K, 78 young (159744K), 6 survivors (12288K)
 Metaspace       used 147472K, committed 149824K, reserved 983040K
  class space    used 21345K, committed 22464K, reserved 851968K
}
Event: 13.656 GC heap after
{Heap after GC invocations=52 (full 0):
 garbage-first heap   total 356352K, used 189569K [0x0000000700000000, 0x0000000800000000)
  region size 2048K, 10 young (20480K), 10 survivors (20480K)
 Metaspace       used 147472K, committed 149824K, reserved 983040K
  class space    used 21345K, committed 22464K, reserved 851968K
}
Event: 13.919 GC heap before
{Heap before GC invocations=52 (full 0):
 garbage-first heap   total 356352K, used 316545K [0x0000000700000000, 0x0000000800000000)
  region size 2048K, 72 young (147456K), 10 survivors (20480K)
 Metaspace       used 150082K, committed 152448K, reserved 983040K
  class space    used 21656K, committed 22784K, reserved 851968K
}
Event: 13.927 GC heap after
{Heap after GC invocations=53 (full 0):
 garbage-first heap   total 356352K, used 193401K [0x0000000700000000, 0x0000000800000000)
  region size 2048K, 3 young (6144K), 3 survivors (6144K)
 Metaspace       used 150082K, committed 152448K, reserved 983040K
  class space    used 21656K, committed 22784K, reserved 851968K
}
Event: 14.084 GC heap before
{Heap before GC invocations=53 (full 0):
 garbage-first heap   total 356352K, used 320377K [0x0000000700000000, 0x0000000800000000)
  region size 2048K, 66 young (135168K), 3 survivors (6144K)
 Metaspace       used 151347K, committed 153664K, reserved 1048576K
  class space    used 21867K, committed 22976K, reserved 851968K
}
Event: 14.089 GC heap after
{Heap after GC invocations=54 (full 0):
 garbage-first heap   total 356352K, used 197269K [0x0000000700000000, 0x0000000800000000)
  region size 2048K, 5 young (10240K), 5 survivors (10240K)
 Metaspace       used 151347K, committed 153664K, reserved 1048576K
  class space    used 21867K, committed 22976K, reserved 851968K
}
Event: 14.347 GC heap before
{Heap before GC invocations=55 (full 0):
 garbage-first heap   total 356352K, used 324245K [0x0000000700000000, 0x0000000800000000)
  region size 2048K, 67 young (137216K), 5 survivors (10240K)
 Metaspace       used 151495K, committed 153920K, reserved 1048576K
  class space    used 21886K, committed 23040K, reserved 851968K
}
Event: 14.352 GC heap after
{Heap after GC invocations=56 (full 0):
 garbage-first heap   total 356352K, used 195703K [0x0000000700000000, 0x0000000800000000)
  region size 2048K, 4 young (8192K), 4 survivors (8192K)
 Metaspace       used 151495K, committed 153920K, reserved 1048576K
  class space    used 21886K, committed 23040K, reserved 851968K
}
Event: 14.544 GC heap before
{Heap before GC invocations=56 (full 0):
 garbage-first heap   total 356352K, used 326775K [0x0000000700000000, 0x0000000800000000)
  region size 2048K, 69 young (141312K), 4 survivors (8192K)
 Metaspace       used 151568K, committed 153984K, reserved 1048576K
  class space    used 21896K, committed 23040K, reserved 851968K
}

Dll operation events (3 events):
Event: 0.004 Loaded shared library C:\Program Files\Android\Android Studio\jbr\bin\java.dll
Event: 0.007 Loaded shared library C:\Program Files\Android\Android Studio\jbr\bin\zip.dll
Event: 0.386 Loaded shared library C:\Program Files\Android\Android Studio\jbr\bin\verify.dll

Deoptimization events (20 events):
Event: 14.479 Thread 0x000002d3509bef30 DEOPT PACKING pc=0x000002d32ecb6114 sp=0x000000d79f5fbaa0
Event: 14.479 Thread 0x000002d3509bef30 DEOPT UNPACKING pc=0x000002d3342e4bc2 sp=0x000000d79f5fb190 mode 0
Event: 14.480 Thread 0x000002d3509bef30 DEOPT PACKING pc=0x000002d32d981cf1 sp=0x000000d79f5fb910
Event: 14.480 Thread 0x000002d3509bef30 DEOPT UNPACKING pc=0x000002d3342e4bc2 sp=0x000000d79f5fae98 mode 0
Event: 14.485 Thread 0x000002d3509c3df0 DEOPT PACKING pc=0x000002d32ef7887f sp=0x000000d79f6fbaa0
Event: 14.485 Thread 0x000002d3509c3df0 DEOPT UNPACKING pc=0x000002d3342e4bc2 sp=0x000000d79f6fb000 mode 0
Event: 14.493 Thread 0x000002d3509c3df0 DEOPT PACKING pc=0x000002d32ef89427 sp=0x000000d79f6fc130
Event: 14.493 Thread 0x000002d3509c3df0 DEOPT UNPACKING pc=0x000002d3342e4bc2 sp=0x000000d79f6fb630 mode 0
Event: 14.504 Thread 0x000002d3509c23b0 DEOPT PACKING pc=0x000002d32efa056e sp=0x000000d79effb3d0
Event: 14.504 Thread 0x000002d3509c23b0 DEOPT UNPACKING pc=0x000002d3342e4bc2 sp=0x000000d79effa908 mode 0
Event: 14.527 Thread 0x000002d3509c23b0 DEOPT PACKING pc=0x000002d32d981d3d sp=0x000000d79effae50
Event: 14.527 Thread 0x000002d3509c23b0 DEOPT UNPACKING pc=0x000002d3342e4bc2 sp=0x000000d79effa3e8 mode 0
Event: 14.528 Thread 0x000002d3509c0970 DEOPT PACKING pc=0x000002d32ecb6114 sp=0x000000d79f2fbc10
Event: 14.528 Thread 0x000002d3509c0970 DEOPT UNPACKING pc=0x000002d3342e4bc2 sp=0x000000d79f2fb300 mode 0
Event: 14.543 Thread 0x000002d3509c1690 DEOPT PACKING pc=0x000002d32d981d3d sp=0x000000d79f4fb520
Event: 14.543 Thread 0x000002d3509c1690 DEOPT UNPACKING pc=0x000002d3342e4bc2 sp=0x000000d79f4faab8 mode 0
Event: 14.544 Thread 0x000002d3509c0970 DEOPT PACKING pc=0x000002d32ef7c3b1 sp=0x000000d79f2fb6a0
Event: 14.544 Thread 0x000002d3509c0970 DEOPT UNPACKING pc=0x000002d3342e4bc2 sp=0x000000d79f2fabb0 mode 0
Event: 14.544 Thread 0x000002d3509bf5c0 DEOPT PACKING pc=0x000002d32ecb6114 sp=0x000000d79f0fb670
Event: 14.544 Thread 0x000002d3509bf5c0 DEOPT UNPACKING pc=0x000002d3342e4bc2 sp=0x000000d79f0fad60 mode 0

Classes loaded (20 events):
Event: 13.537 Loading class java/util/stream/SliceOps$1$1
Event: 13.537 Loading class java/util/stream/SliceOps$1$1 done
Event: 13.710 Loading class java/util/concurrent/ConcurrentHashMap$TreeNode
Event: 13.710 Loading class java/util/concurrent/ConcurrentHashMap$TreeNode done
Event: 13.710 Loading class java/util/concurrent/ConcurrentHashMap$TreeBin
Event: 13.711 Loading class java/util/concurrent/ConcurrentHashMap$TreeBin done
Event: 14.002 Loading class java/nio/ShortBuffer
Event: 14.003 Loading class java/nio/ShortBuffer done
Event: 14.057 Loading class java/nio/ByteBufferAsShortBufferL
Event: 14.058 Loading class java/nio/ByteBufferAsShortBufferL done
Event: 14.082 Loading class java/util/zip/Adler32
Event: 14.082 Loading class java/util/zip/Adler32 done
Event: 14.094 Loading class java/util/zip/Deflater
Event: 14.094 Loading class java/util/zip/Deflater done
Event: 14.099 Loading class java/util/zip/Deflater$DeflaterZStreamRef
Event: 14.099 Loading class java/util/zip/Deflater$DeflaterZStreamRef done
Event: 14.104 Loading class java/util/zip/ZipOutputStream$XEntry
Event: 14.104 Loading class java/util/zip/ZipOutputStream$XEntry done
Event: 14.118 Loading class java/util/Vector$Itr
Event: 14.118 Loading class java/util/Vector$Itr done

Classes unloaded (20 events):
Event: 14.236 Thread 0x000002d34905bce0 Unloading class 0x0000000801444c00 'java/lang/invoke/LambdaForm$DMH+0x0000000801444c00'
Event: 14.236 Thread 0x000002d34905bce0 Unloading class 0x0000000801445000 'java/lang/invoke/LambdaForm$DMH+0x0000000801445000'
Event: 14.236 Thread 0x000002d34905bce0 Unloading class 0x0000000801444000 'java/lang/invoke/LambdaForm$DMH+0x0000000801444000'
Event: 14.236 Thread 0x000002d34905bce0 Unloading class 0x00000008013b3400 'java/lang/invoke/LambdaForm$DMH+0x00000008013b3400'
Event: 14.236 Thread 0x000002d34905bce0 Unloading class 0x00000008013b3000 'java/lang/invoke/LambdaForm$DMH+0x00000008013b3000'
Event: 14.236 Thread 0x000002d34905bce0 Unloading class 0x00000008013b2c00 'java/lang/invoke/LambdaForm$DMH+0x00000008013b2c00'
Event: 14.236 Thread 0x000002d34905bce0 Unloading class 0x00000008013b2800 'java/lang/invoke/LambdaForm$DMH+0x00000008013b2800'
Event: 14.236 Thread 0x000002d34905bce0 Unloading class 0x00000008013b2400 'java/lang/invoke/LambdaForm$DMH+0x00000008013b2400'
Event: 14.236 Thread 0x000002d34905bce0 Unloading class 0x00000008013b2000 'java/lang/invoke/LambdaForm$DMH+0x00000008013b2000'
Event: 14.236 Thread 0x000002d34905bce0 Unloading class 0x00000008013b1800 'java/lang/invoke/LambdaForm$DMH+0x00000008013b1800'
Event: 14.236 Thread 0x000002d34905bce0 Unloading class 0x00000008013b1c00 'java/lang/invoke/LambdaForm$DMH+0x00000008013b1c00'
Event: 14.236 Thread 0x000002d34905bce0 Unloading class 0x00000008013b1400 'java/lang/invoke/LambdaForm$DMH+0x00000008013b1400'
Event: 14.236 Thread 0x000002d34905bce0 Unloading class 0x00000008013b1000 'java/lang/invoke/LambdaForm$DMH+0x00000008013b1000'
Event: 14.236 Thread 0x000002d34905bce0 Unloading class 0x00000008013b0400 'java/lang/invoke/LambdaForm$DMH+0x00000008013b0400'
Event: 14.236 Thread 0x000002d34905bce0 Unloading class 0x00000008013b0800 'java/lang/invoke/LambdaForm$DMH+0x00000008013b0800'
Event: 14.236 Thread 0x000002d34905bce0 Unloading class 0x00000008013b0000 'java/lang/invoke/LambdaForm$DMH+0x00000008013b0000'
Event: 14.236 Thread 0x000002d34905bce0 Unloading class 0x0000000801310400 'java/lang/invoke/LambdaForm$DMH+0x0000000801310400'
Event: 14.236 Thread 0x000002d34905bce0 Unloading class 0x0000000801310c00 'java/lang/invoke/LambdaForm$DMH+0x0000000801310c00'
Event: 14.236 Thread 0x000002d34905bce0 Unloading class 0x0000000801311000 'java/lang/invoke/LambdaForm$DMH+0x0000000801311000'
Event: 14.236 Thread 0x000002d34905bce0 Unloading class 0x0000000801310800 'java/lang/invoke/LambdaForm$DMH+0x0000000801310800'

Classes redefined (0 events):
No events

Internal exceptions (20 events):
Event: 14.305 Thread 0x000002d3509c1690 Exception <a 'sun/nio/fs/WindowsException'{0x000000070eda9d70}> (0x000000070eda9d70) 
thrown [s\src\hotspot\share\prims\jni.cpp, line 537]
Event: 14.306 Thread 0x000002d3509c1690 Exception <a 'sun/nio/fs/WindowsException'{0x000000070edb0cd8}> (0x000000070edb0cd8) 
thrown [s\src\hotspot\share\prims\jni.cpp, line 537]
Event: 14.306 Thread 0x000002d3509c1690 Exception <a 'sun/nio/fs/WindowsException'{0x000000070edb86b8}> (0x000000070edb86b8) 
thrown [s\src\hotspot\share\prims\jni.cpp, line 537]
Event: 14.307 Thread 0x000002d3509c1690 Exception <a 'sun/nio/fs/WindowsException'{0x000000070edbf720}> (0x000000070edbf720) 
thrown [s\src\hotspot\share\prims\jni.cpp, line 537]
Event: 14.307 Thread 0x000002d3509c1690 Exception <a 'sun/nio/fs/WindowsException'{0x000000070eb49078}> (0x000000070eb49078) 
thrown [s\src\hotspot\share\prims\jni.cpp, line 537]
Event: 14.308 Thread 0x000002d3509c1690 Exception <a 'sun/nio/fs/WindowsException'{0x000000070eb500d0}> (0x000000070eb500d0) 
thrown [s\src\hotspot\share\prims\jni.cpp, line 537]
Event: 14.308 Thread 0x000002d3509c1690 Exception <a 'sun/nio/fs/WindowsException'{0x000000070eb570a0}> (0x000000070eb570a0) 
thrown [s\src\hotspot\share\prims\jni.cpp, line 537]
Event: 14.308 Thread 0x000002d3509c1690 Exception <a 'sun/nio/fs/WindowsException'{0x000000070eb5eb50}> (0x000000070eb5eb50) 
thrown [s\src\hotspot\share\prims\jni.cpp, line 537]
Event: 14.328 Thread 0x000002d3509c7f90 Exception <a 'sun/nio/fs/WindowsException'{0x000000070ee3d3a0}> (0x000000070ee3d3a0) 
thrown [s\src\hotspot\share\prims\jni.cpp, line 537]
Event: 14.329 Thread 0x000002d3509c7f90 Exception <a 'sun/nio/fs/WindowsException'{0x000000070df22db0}> (0x000000070df22db0) 
thrown [s\src\hotspot\share\prims\jni.cpp, line 537]
Event: 14.340 Thread 0x000002d3509c1690 Exception <a 'sun/nio/fs/WindowsException'{0x000000070dad94a0}> (0x000000070dad94a0) 
thrown [s\src\hotspot\share\prims\jni.cpp, line 537]
Event: 14.341 Thread 0x000002d3509c1690 Exception <a 'sun/nio/fs/WindowsException'{0x000000070dae0f50}> (0x000000070dae0f50) 
thrown [s\src\hotspot\share\prims\jni.cpp, line 537]
Event: 14.342 Thread 0x000002d3509c1690 Exception <a 'sun/nio/fs/WindowsException'{0x000000070dae7fe0}> (0x000000070dae7fe0) 
thrown [s\src\hotspot\share\prims\jni.cpp, line 537]
Event: 14.342 Thread 0x000002d3509c1690 Exception <a 'sun/nio/fs/WindowsException'{0x000000070daeef50}> (0x000000070daeef50) 
thrown [s\src\hotspot\share\prims\jni.cpp, line 537]
Event: 14.342 Thread 0x000002d3509c1690 Exception <a 'sun/nio/fs/WindowsException'{0x000000070d27faf8}> (0x000000070d27faf8) 
thrown [s\src\hotspot\share\prims\jni.cpp, line 537]
Event: 14.343 Thread 0x000002d3509c1690 Exception <a 'sun/nio/fs/WindowsException'{0x000000070d286b58}> (0x000000070d286b58) 
thrown [s\src\hotspot\share\prims\jni.cpp, line 537]
Event: 14.343 Thread 0x000002d3509c1690 Exception <a 'sun/nio/fs/WindowsException'{0x000000070d28e510}> (0x000000070d28e510) 
thrown [s\src\hotspot\share\prims\jni.cpp, line 537]
Event: 14.344 Thread 0x000002d3509c1690 Exception <a 'sun/nio/fs/WindowsException'{0x000000070d295568}> (0x000000070d295568) 
thrown [s\src\hotspot\share\prims\jni.cpp, line 537]
Event: 14.346 Thread 0x000002d3509c1690 Exception <a 'sun/nio/fs/WindowsException'{0x000000070d29c540}> (0x000000070d29c540) 
thrown [s\src\hotspot\share\prims\jni.cpp, line 537]
Event: 14.353 Thread 0x000002d3509c1690 Exception <a 'sun/nio/fs/WindowsException'{0x00000007ffc93418}> (0x00000007ffc93418) 
thrown [s\src\hotspot\share\prims\jni.cpp, line 537]

ZGC Phase Switch (0 events):
No events

VM Operations (20 events):
Event: 14.033 Executing VM operation: ICBufferFull done
Event: 14.083 Executing VM operation: G1CollectForAllocation (G1 Evacuation Pause)
Event: 14.089 Executing VM operation: G1CollectForAllocation (G1 Evacuation Pause) done
Event: 14.185 Executing VM operation: ICBufferFull
Event: 14.185 Executing VM operation: ICBufferFull done
Event: 14.217 Executing VM operation: G1PauseRemark
Event: 14.254 Executing VM operation: G1PauseRemark done
Event: 14.310 Executing VM operation: ICBufferFull
Event: 14.310 Executing VM operation: ICBufferFull done
Event: 14.312 Executing VM operation: ICBufferFull
Event: 14.313 Executing VM operation: ICBufferFull done
Event: 14.316 Executing VM operation: G1PauseCleanup
Event: 14.316 Executing VM operation: G1PauseCleanup done
Event: 14.347 Executing VM operation: G1CollectForAllocation (G1 Evacuation Pause)
Event: 14.352 Executing VM operation: G1CollectForAllocation (G1 Evacuation Pause) done
Event: 14.505 Executing VM operation: ICBufferFull
Event: 14.518 Executing VM operation: ICBufferFull done
Event: 14.529 Executing VM operation: HandshakeAllThreads (Deoptimize)
Event: 14.530 Executing VM operation: HandshakeAllThreads (Deoptimize) done
Event: 14.544 Executing VM operation: G1CollectForAllocation (G1 Evacuation Pause)

Memory protections (0 events):
No events

Nmethod flushes (20 events):
Event: 14.252 Thread 0x000002d34905bce0 flushing  nmethod 0x000002d32dba8f90
Event: 14.252 Thread 0x000002d34905bce0 flushing  nmethod 0x000002d32dcddc90
Event: 14.252 Thread 0x000002d34905bce0 flushing  nmethod 0x000002d32dcdf910
Event: 14.252 Thread 0x000002d34905bce0 flushing  nmethod 0x000002d32dd7c410
Event: 14.252 Thread 0x000002d34905bce0 flushing  nmethod 0x000002d32dd80710
Event: 14.252 Thread 0x000002d34905bce0 flushing  nmethod 0x000002d32dd80f10
Event: 14.252 Thread 0x000002d34905bce0 flushing  nmethod 0x000002d32de8ed90
Event: 14.252 Thread 0x000002d34905bce0 flushing  nmethod 0x000002d32de96010
Event: 14.252 Thread 0x000002d34905bce0 flushing  nmethod 0x000002d32e2f1e10
Event: 14.252 Thread 0x000002d34905bce0 flushing  nmethod 0x000002d32e3fe090
Event: 14.252 Thread 0x000002d34905bce0 flushing  nmethod 0x000002d32e637a90
Event: 14.252 Thread 0x000002d34905bce0 flushing  nmethod 0x000002d32e644110
Event: 14.252 Thread 0x000002d34905bce0 flushing  nmethod 0x000002d32e6a9690
Event: 14.252 Thread 0x000002d34905bce0 flushing  nmethod 0x000002d32de3bb90
Event: 14.252 Thread 0x000002d34905bce0 flushing  nmethod 0x000002d32e3bb910
Event: 14.252 Thread 0x000002d34905bce0 flushing  nmethod 0x000002d32e4b1410
Event: 14.252 Thread 0x000002d34905bce0 flushing  nmethod 0x000002d32e5acc90
Event: 14.252 Thread 0x000002d34905bce0 flushing  nmethod 0x000002d32e622390
Event: 14.252 Thread 0x000002d34905bce0 flushing  nmethod 0x000002d32e6ff390
Event: 14.252 Thread 0x000002d34905bce0 flushing  nmethod 0x000002d32e6ff990

Events (20 events):
Event: 11.540 Thread 0x000002d34e8bf730 Thread added: 0x000002d3509c7270
Event: 11.540 Thread 0x000002d34e8bf730 Thread added: 0x000002d3509c9340
Event: 12.371 Thread 0x000002d35209d520 Thread added: 0x000002d3509c23b0
Event: 12.371 Thread 0x000002d35209d520 Thread added: 0x000002d3509bf5c0
Event: 12.372 Thread 0x000002d35209d520 Thread added: 0x000002d3509bfc50
Event: 12.372 Thread 0x000002d35209d520 Thread added: 0x000002d3509c0970
Event: 12.372 Thread 0x000002d35209d520 Thread added: 0x000002d3509c02e0
Event: 12.373 Thread 0x000002d35209d520 Thread added: 0x000002d3509c1690
Event: 12.373 Thread 0x000002d35209d520 Thread added: 0x000002d3509bef30
Event: 12.373 Thread 0x000002d35209d520 Thread added: 0x000002d3509c3df0
Event: 12.380 Thread 0x000002d35209d520 Thread added: 0x000002d3509c30d0
Event: 12.381 Thread 0x000002d35209d520 Thread added: 0x000002d3509c2a40
Event: 12.381 Thread 0x000002d35209d520 Thread added: 0x000002d3509c7900
Event: 12.382 Thread 0x000002d35209d520 Thread added: 0x000002d3509c4480
Event: 12.383 Thread 0x000002d35209d520 Thread added: 0x000002d3509c7f90
Event: 12.383 Thread 0x000002d35209d520 Thread added: 0x000002d3509c8cb0
Event: 12.384 Thread 0x000002d35209d520 Thread added: 0x000002d3509c8620
Event: 12.384 Thread 0x000002d35209d520 Thread added: 0x000002d3520a1030
Event: 13.134 Thread 0x000002d3490e0af0 Thread added: 0x000002d35767f310
Event: 13.135 Thread 0x000002d3490e0af0 Thread added: 0x000002d357680780


Dynamic libraries:
0x00007ff75c330000 - 0x00007ff75c33a000 	C:\Program Files\Android\Android Studio\jbr\bin\java.exe
0x00007ff931a00000 - 0x00007ff931c67000 	C:\WINDOWS\SYSTEM32\ntdll.dll
0x00007ff930b30000 - 0x00007ff930bf9000 	C:\WINDOWS\System32\KERNEL32.DLL
0x00007ff92e4f0000 - 0x00007ff92e8e1000 	C:\WINDOWS\System32\KERNELBASE.dll
0x00007ff92ec40000 - 0x00007ff92ed8b000 	C:\WINDOWS\System32\ucrtbase.dll
0x00007ff8eb7c0000 - 0x00007ff8eb7d8000 	C:\Program Files\Android\Android Studio\jbr\bin\jli.dll
0x00007ff908740000 - 0x00007ff90875b000 	C:\Program Files\Android\Android Studio\jbr\bin\VCRUNTIME140.dll
0x00007ff931770000 - 0x00007ff931935000 	C:\WINDOWS\System32\USER32.dll
0x00007ff92ed90000 - 0x00007ff92edb7000 	C:\WINDOWS\System32\win32u.dll
0x00007ff917100000 - 0x00007ff917393000 	C:\WINDOWS\WinSxS\amd64_microsoft.windows.common-controls_6595b64144ccf1df_6.0.26100.8037_none_3e092faae333b53b\COMCTL32.dll
0x00007ff9306f0000 - 0x00007ff930799000 	C:\WINDOWS\System32\msvcrt.dll
0x00007ff930c00000 - 0x00007ff930c2b000 	C:\WINDOWS\System32\GDI32.dll
0x00007ff92eb10000 - 0x00007ff92ec3b000 	C:\WINDOWS\System32\gdi32full.dll
0x00007ff92e8f0000 - 0x00007ff92e993000 	C:\WINDOWS\System32\msvcp_win.dll
0x00007ff930f70000 - 0x00007ff930fa1000 	C:\WINDOWS\System32\IMM32.DLL
0x00007ff922190000 - 0x00007ff92219c000 	C:\Program Files\Android\Android Studio\jbr\bin\vcruntime140_1.dll
0x00007ff8e9730000 - 0x00007ff8e97bd000 	C:\Program Files\Android\Android Studio\jbr\bin\msvcp140.dll
0x00007ff8aefb0000 - 0x00007ff8afc46000 	C:\Program Files\Android\Android Studio\jbr\bin\server\jvm.dll
0x00007ff931530000 - 0x00007ff9315eb000 	C:\WINDOWS\System32\ADVAPI32.dll
0x00007ff92f8b0000 - 0x00007ff92f957000 	C:\WINDOWS\System32\sechost.dll
0x00007ff931610000 - 0x00007ff931728000 	C:\WINDOWS\System32\RPCRT4.dll
0x00007ff930670000 - 0x00007ff9306e4000 	C:\WINDOWS\System32\WS2_32.dll
0x00007ff92e140000 - 0x00007ff92e19e000 	C:\WINDOWS\SYSTEM32\POWRPROF.dll
0x00007ff9228c0000 - 0x00007ff9228f5000 	C:\WINDOWS\SYSTEM32\WINMM.dll
0x00007ff91b640000 - 0x00007ff91b64b000 	C:\WINDOWS\SYSTEM32\VERSION.dll
0x00007ff92e120000 - 0x00007ff92e134000 	C:\WINDOWS\SYSTEM32\UMPDC.dll
0x00007ff92d070000 - 0x00007ff92d08b000 	C:\WINDOWS\SYSTEM32\kernel.appcore.dll
0x00007ff918710000 - 0x00007ff91871a000 	C:\Program Files\Android\Android Studio\jbr\bin\jimage.dll
0x00007ff92c140000 - 0x00007ff92c382000 	C:\WINDOWS\SYSTEM32\DBGHELP.DLL
0x00007ff9307a0000 - 0x00007ff930b22000 	C:\WINDOWS\System32\combase.dll
0x00007ff930230000 - 0x00007ff930307000 	C:\WINDOWS\System32\OLEAUT32.dll
0x00007ff914950000 - 0x00007ff91498b000 	C:\WINDOWS\SYSTEM32\dbgcore.DLL
0x00007ff92f6f0000 - 0x00007ff92f795000 	C:\WINDOWS\System32\bcryptPrimitives.dll
0x00007ff92b200000 - 0x00007ff92b20e000 	C:\Program Files\Android\Android Studio\jbr\bin\instrument.dll
0x00007ff903590000 - 0x00007ff9035b0000 	C:\Program Files\Android\Android Studio\jbr\bin\java.dll
0x00007ff902960000 - 0x00007ff902978000 	C:\Program Files\Android\Android Studio\jbr\bin\zip.dll
0x00007ff92f960000 - 0x00007ff9300bf000 	C:\WINDOWS\System32\SHELL32.dll
0x00007ff92e9a0000 - 0x00007ff92eb0a000 	C:\WINDOWS\System32\wintypes.dll
0x00007ff92edc0000 - 0x00007ff92f624000 	C:\WINDOWS\System32\windows.storage.dll
0x00007ff930cd0000 - 0x00007ff930dc7000 	C:\WINDOWS\System32\SHCORE.dll
0x00007ff930310000 - 0x00007ff930377000 	C:\WINDOWS\System32\shlwapi.dll
0x00007ff92e200000 - 0x00007ff92e229000 	C:\WINDOWS\SYSTEM32\profapi.dll
0x00007ff911f00000 - 0x00007ff911f10000 	C:\Program Files\Android\Android Studio\jbr\bin\net.dll
0x00007ff928df0000 - 0x00007ff928f17000 	C:\WINDOWS\SYSTEM32\WINHTTP.dll
0x00007ff92d5e0000 - 0x00007ff92d64b000 	C:\WINDOWS\system32\mswsock.dll
0x00007ff902910000 - 0x00007ff902926000 	C:\Program Files\Android\Android Studio\jbr\bin\nio.dll
0x00007ff903240000 - 0x00007ff903250000 	C:\Program Files\Android\Android Studio\jbr\bin\verify.dll
0x00007ff908810000 - 0x00007ff908837000 	C:\Users\ADMIN\.gradle\native\1def1411415f61bf3af743bc5b6707747c0891f09f0c88961ee8f79bc544acac\windows-amd64\native-platform.dll
0x00007ff8e9680000 - 0x00007ff8e96f8000 	C:\Users\ADMIN\.gradle\native\0.2.7\x86_64-windows-gnu\gradle-fileevents.dll
0x00007ff90dca0000 - 0x00007ff90dca9000 	C:\Program Files\Android\Android Studio\jbr\bin\management.dll
0x00007ff907760000 - 0x00007ff90776b000 	C:\Program Files\Android\Android Studio\jbr\bin\management_ext.dll
0x00007ff931520000 - 0x00007ff931528000 	C:\WINDOWS\System32\PSAPI.DLL
0x00007ff92ca80000 - 0x00007ff92cab3000 	C:\WINDOWS\SYSTEM32\IPHLPAPI.DLL
0x00007ff931760000 - 0x00007ff93176a000 	C:\WINDOWS\System32\NSI.dll
0x00007ff90df40000 - 0x00007ff90df49000 	C:\Program Files\Android\Android Studio\jbr\bin\extnet.dll
0x00007ff92d8c0000 - 0x00007ff92d8db000 	C:\WINDOWS\SYSTEM32\CRYPTSP.dll
0x00007ff92cfd0000 - 0x00007ff92d009000 	C:\WINDOWS\system32\rsaenh.dll
0x00007ff92d690000 - 0x00007ff92d6c2000 	C:\WINDOWS\SYSTEM32\USERENV.dll
0x00007ff92e1d0000 - 0x00007ff92e1fa000 	C:\WINDOWS\SYSTEM32\bcrypt.dll
0x00007ff92d8e0000 - 0x00007ff92d8ec000 	C:\WINDOWS\SYSTEM32\CRYPTBASE.dll
0x00007ff914100000 - 0x00007ff914108000 	C:\WINDOWS\system32\wshunix.dll
0x00007ff90c870000 - 0x00007ff90c888000 	C:\WINDOWS\system32\napinsp.dll
0x00007ff92cac0000 - 0x00007ff92cbea000 	C:\WINDOWS\SYSTEM32\DNSAPI.dll
0x00007ff908910000 - 0x00007ff908922000 	C:\WINDOWS\System32\winrnr.dll
0x00007ff908840000 - 0x00007ff908862000 	C:\WINDOWS\system32\nlansp_c.dll
0x00007ff9087f0000 - 0x00007ff908806000 	C:\WINDOWS\system32\wshbth.dll
0x00007ff928520000 - 0x00007ff92852b000 	C:\Windows\System32\rasadhlp.dll
0x00007ff929d60000 - 0x00007ff929de6000 	C:\WINDOWS\System32\fwpuclnt.dll

JVMTI agents:
C:\Users\ADMIN\.gradle\wrapper\dists\gradle-8.13-bin\5xuhj0ry160q40clulazy9h7d\gradle-8.13\lib\agents\gradle-instrumentation-agent-8.13.jar path:C:\Program Files\Android\Android Studio\jbr\bin\instrument.dll, loaded, initialized, instrumentlib options:none

dbghelp: loaded successfully - version: 4.0.5 - missing functions: none
symbol engine: initialized successfully - sym options: 0x614 - pdb path: .;C:\Program Files\Android\Android Studio\jbr\bin;C:\WINDOWS\SYSTEM32;C:\WINDOWS\WinSxS\amd64_microsoft.windows.common-controls_6595b64144ccf1df_6.0.26100.8037_none_3e092faae333b53b;C:\Program Files\Android\Android Studio\jbr\bin\server;C:\Users\ADMIN\.gradle\native\1def1411415f61bf3af743bc5b6707747c0891f09f0c88961ee8f79bc544acac\windows-amd64;C:\Users\ADMIN\.gradle\native\0.2.7\x86_64-windows-gnu

VM Arguments:
jvm_args: --add-opens=java.base/java.lang=ALL-UNNAMED --add-opens=java.base/java.lang.invoke=ALL-UNNAMED --add-opens=java.base/java.util=ALL-UNNAMED --add-opens=java.prefs/java.util.prefs=ALL-UNNAMED --add-exports=jdk.compiler/com.sun.tools.javac.api=ALL-UNNAMED --add-exports=jdk.compiler/com.sun.tools.javac.util=ALL-UNNAMED --add-opens=java.base/java.util=ALL-UNNAMED --add-opens=java.prefs/java.util.prefs=ALL-UNNAMED --add-opens=java.base/java.nio.charset=ALL-UNNAMED --add-opens=java.base/java.net=ALL-UNNAMED --add-opens=java.base/java.util.concurrent.atomic=ALL-UNNAMED --add-opens=java.xml/javax.xml.namespace=ALL-UNNAMED -XX:MaxMetaspaceSize=1024m -Xmx4096m -Dfile.encoding=UTF-8 -Duser.country=US -Duser.language=en -Duser.variant -javaagent:C:\Users\ADMIN\.gradle\wrapper\dists\gradle-8.13-bin\5xuhj0ry160q40clulazy9h7d\gradle-8.13\lib\agents\gradle-instrumentation-agent-8.13.jar 
java_command: org.gradle.launcher.daemon.bootstrap.GradleDaemon 8.13
java_class_path (initial): C:\Users\ADMIN\.gradle\wrapper\dists\gradle-8.13-bin\5xuhj0ry160q40clulazy9h7d\gradle-8.13\lib\gradle-daemon-main-8.13.jar
Launcher Type: SUN_STANDARD

[Global flags]
     intx CICompilerCount                          = 12                                        {product} {ergonomic}
   size_t CompressedClassSpaceSize                 = 872415232                                 {product} {ergonomic}
     uint ConcGCThreads                            = 3                                         {product} {ergonomic}
     uint G1ConcRefinementThreads                  = 13                                        {product} {ergonomic}
   size_t G1HeapRegionSize                         = 2097152                                   {product} {ergonomic}
    uintx GCDrainStackTargetSize                   = 64                                        {product} {ergonomic}
   size_t InitialHeapSize                          = 264241152                                 {product} {ergonomic}
   size_t MarkStackSize                            = 4194304                                   {product} {ergonomic}
   size_t MaxHeapSize                              = 4294967296                                {product} {command line}
   size_t MaxMetaspaceSize                         = 1073741824                                {product} {command line}
   size_t MaxNewSize                               = 2575302656                                {product} {ergonomic}
   size_t MinHeapDeltaBytes                        = 2097152                                   {product} {ergonomic}
   size_t MinHeapSize                              = 8388608                                   {product} {ergonomic}
    uintx NonNMethodCodeHeapSize                   = 7602480                                {pd product} {ergonomic}
    uintx NonProfiledCodeHeapSize                  = 122027880                              {pd product} {ergonomic}
    uintx ProfiledCodeHeapSize                     = 122027880                              {pd product} {ergonomic}
    uintx ReservedCodeCacheSize                    = 251658240                              {pd product} {ergonomic}
     bool SegmentedCodeCache                       = true                                      {product} {ergonomic}
   size_t SoftMaxHeapSize                          = 4294967296                             {manageable} {ergonomic}
     bool UseCompressedOops                        = true                           {product lp64_product} {ergonomic}
     bool UseG1GC                                  = true                                      {product} {ergonomic}
     bool UseLargePagesIndividualAllocation        = false                                  {pd product} {ergonomic}

Logging:
Log output configuration:
 #0: stdout all=warning uptime,level,tags foldmultilines=false
 #1: stderr all=off uptime,level,tags foldmultilines=false

Release file:
JAVA_VERSION="21.0.9" 
MODULES="java.base java.compiler java.datatransfer java.xml java.prefs java.desktop java.instrument java.logging java.management java.security.sasl java.naming java.rmi java.management.rmi java.net.http java.scripting java.security.jgss java.transaction.xa java.sql java.sql.rowset java.xml.crypto java.se java.smartcardio jdk.accessibility jdk.internal.jvmstat jdk.attach jdk.charsets jdk.internal.opt jdk.zipfs jdk.compiler jdk.crypto.ec jdk.crypto.cryptoki jdk.dynalink jdk.hotspot.agent jdk.httpserver jdk.internal.ed jdk.internal.le jdk.internal.vm.ci jdk.jartool jdk.javadoc jdk.jcmd jdk.jdeps jdk.jdwp.agent jdk.jdi jdk.jfr jdk.jlink jdk.jsobject jdk.localedata jdk.management jdk.management.agent jdk.management.jfr jdk.naming.dns jdk.naming.rmi jdk.net jdk.sctp jdk.security.auth jdk.security.jgss jdk.unsupported jdk.unsupported.desktop jdk.xml.dom" 
IMPLEMENTOR="JetBrains s.r.o." 
JAVA_RUNTIME_VERSION="21.0.9+-14787801-b1163.94" 
LIBC="default" 
OS_ARCH="x86_64" 
OS_NAME="Windows" 
SOURCE=".:git:0c757ddc9f2f" 

Environment Variables:
JAVA_HOME=C:\Program Files\Java\jdk-21
PATH=D:\VMWare\bin\;D:\Python\Scripts\;D:\Python\;C:\Program Files\Common Files\Oracle\Java\javapath;C:\Program Files (x86)\Common Files\Oracle\Java\javapath;C:\WINDOWS\system32;C:\WINDOWS;C:\WINDOWS\System32\Wbem;C:\WINDOWS\System32\WindowsPowerShell\v1.0\;C:\WINDOWS\System32\OpenSSH\;C:\Program Files (x86)\Microsoft SQL Server\160\Tools\Binn\;C:\Program Files\Microsoft SQL Server\160\Tools\Binn\;C:\Program Files\Microsoft SQL Server\Client SDK\ODBC\170\Tools\Binn\;C:\Program Files\Microsoft SQL Server\160\DTS\Binn\;C:\Program Files (x86)\Microsoft SQL Server\160\DTS\Binn\;C:\Program Files\Azure Data Studio\bin;C:\Program Files\Git\cmd;C:\xampp\php;C:\ProgramData\ComposerSetup\bin;C:\Users\ADMIN\apache-maven-3.9.9\bin;C:\scrcpy-win64-v3.2;C:\Program Files\Java\jdk-17\bin\;C:\Program Files\Zulu\zulu-21\bin\;C:\Users\ADMIN\Downloads\ffmpeg-8.0-essentials_build\ffmpeg-8.0-essentials_build\bin;C:\Program Files\Microsoft SQL Server\170\Tools\Binn\;C:\Program Files\Microsoft SQL Server\130\DTS\Binn\;C:\Program Files\Microsoft SQL Server\140\DTS\Binn\;C:\Program Files\Microsoft SQL Server\150\DTS\Binn\;C:\Program Files\Microsoft SQL Server\170\DTS\Binn\;C:\Users\ADMIN\AppData\Local\Microsoft\WindowsApps;C:\Program Files\Azure Data Studio\bin;C:\Users\ADMIN\AppData\Roaming\Composer\vendor\bin;C:\Program Files\JetBrains\IntelliJ IDEA 2024.3.1.1\bin;;C:\Program Files\JetBrains\IntelliJ IDEA Community Edition 2024.3.1.1\bin;;C:\Users\ADMIN\Downloads\platform-tools;C:\Users\ADMIN\AppData\Local\Programs\Microsoft VS Code\bin;C:\Users\ADMIN\Downloads\ffmpeg-8.0-essentials_build\ffmpeg-8.0-essentials_build\bin;C:\Users\ADMIN\AppData\Local\Programs\Antigravity\bin
USERNAME=ADMIN
OS=Windows_NT
PROCESSOR_IDENTIFIER=Intel64 Family 6 Model 186 Stepping 2, GenuineIntel
TMP=C:\Users\ADMIN\AppData\Local\Temp
TEMP=C:\Users\ADMIN\AppData\Local\Temp




Periodic native trim disabled

JNI global refs:
JNI global refs: 44, weak refs: 146

JNI global refs memory usage: 835, weak refs: 2097

Process memory usage:
Resident Set Size: 840652K (5% of 16393140K total physical memory with 2149156K free physical memory)

OOME stack traces (most recent first):
Classloader memory used:
Loader org.gradle.internal.classloader.VisitableURLClassLoader$InstrumentingVisitableURLClassLoader: 59612K
Loader org.gradle.internal.classloader.VisitableURLClassLoader                         : 46363K
Loader bootstrap                                                                       : 30385K
Loader org.gradle.initialization.MixInLegacyTypesClassLoader                           : 13507K
Loader jdk.internal.loader.ClassLoaders$PlatformClassLoader                            : 523K
Loader jdk.internal.reflect.DelegatingClassLoader                                      : 468K
Loader org.gradle.groovy.scripts.internal.DefaultScriptCompilationHandler$ScriptClassLoader: 251K
Loader jdk.internal.loader.ClassLoaders$AppClassLoader                                 : 235K
Loader org.gradle.internal.classloader.VisitableURLClassLoader                         : 190K
Loader org.codehaus.groovy.runtime.callsite.CallSiteClassLoader                        : 31168B

Classes loaded by more than one classloader:
Class Program                                                                         : loaded 3 times (x 72B)
Class com.google.common.base.Equivalence$Identity                                     : loaded 2 times (x 82B)
Class com.google.common.collect.RegularImmutableMap$KeySet                            : loaded 2 times (x 152B)
Class org.gradle.internal.classloader.FilteringClassLoader                            : loaded 2 times (x 105B)
Class com.google.common.base.CharMatcher$IsEither                                     : loaded 2 times (x 111B)
Class org.gradle.internal.classloader.ClassLoaderHierarchy                            : loaded 2 times (x 70B)
Class com.google.common.collect.ImmutableEnumSet                                      : loaded 2 times (x 146B)
Class com.google.common.util.concurrent.ExecutionError                                : loaded 2 times (x 82B)
Class com.google.common.collect.ImmutableList$1                                       : loaded 2 times (x 97B)
Class org.gradle.api.internal.classpath.ManifestUtil                                  : loaded 2 times (x 71B)
Class com.google.common.io.ByteArrayDataOutput                                        : loaded 2 times (x 70B)
Class com.google.common.collect.RegularImmutableMap                                   : loaded 2 times (x 121B)
Class com.google.common.collect.ImmutableMap$MapViewOfValuesAsSingletonSets           : loaded 2 times (x 126B)
Class [Lorg.objectweb.asm.Symbol;                                                     : loaded 2 times (x 69B)
Class org.objectweb.asm.ClassVisitor                                                  : loaded 2 times (x 88B)
Class com.google.common.collect.UnmodifiableListIterator                              : loaded 2 times (x 95B)
Class com.google.common.base.Platform$JdkPatternCompiler                              : loaded 2 times (x 75B)
Class org.objectweb.asm.MethodTooLargeException                                       : loaded 2 times (x 83B)
Class [Lcom.google.common.cache.CacheBuilder$OneWeigher;                              : loaded 2 times (x 69B)
Class com.google.common.base.Suppliers                                                : loaded 2 times (x 71B)
Class org.gradle.internal.classloader.DefaultClassLoaderFactory                       : loaded 2 times (x 82B)
Class org.gradle.internal.classloader.ClassLoaderVisitor                              : loaded 2 times (x 76B)
Class [Lcom.google.common.collect.ImmutableMapEntry;                                  : loaded 2 times (x 69B)
Class org.gradle.api.internal.classpath.EffectiveClassPath                            : loaded 2 times (x 90B)
Class com.google.common.collect.ImmutableRangeSet                                     : loaded 2 times (x 115B)
Class com.google.common.collect.ListMultimap                                          : loaded 2 times (x 70B)
Class com.google.common.collect.ImmutableEnumMap                                      : loaded 2 times (x 126B)
Class com.google.common.collect.Sets$1                                                : loaded 2 times (x 139B)
Class org.objectweb.asm.AnnotationVisitor                                             : loaded 2 times (x 78B)
Class org.gradle.api.internal.DefaultClassPathProvider                                : loaded 2 times (x 76B)
Class com.google.common.collect.Sets$2                                                : loaded 2 times (x 139B)
Class [Lorg.gradle.api.internal.ClassPathProvider;                                    : loaded 2 times (x 69B)
Class org.gradle.api.internal.ClassPathProvider                                       : loaded 2 times (x 70B)
Class [Lorg.objectweb.asm.AnnotationVisitor;                                          : loaded 2 times (x 69B)
Class com.google.common.collect.Sets$3                                                : loaded 2 times (x 139B)
Class com.google.common.util.concurrent.AbstractFuture$SafeAtomicHelper               : loaded 2 times (x 79B)
Class com.google.common.cache.LocalCache$LocalLoadingCache                            : loaded 2 times (x 134B)
Class org.gradle.internal.service.UnknownServiceException                             : loaded 2 times (x 83B)
Class com.google.common.io.ByteArrayDataInput                                         : loaded 2 times (x 70B)
Class com.google.common.collect.Sets$4                                                : loaded 2 times (x 139B)
Class org.objectweb.asm.ModuleVisitor                                                 : loaded 2 times (x 81B)
Class com.google.common.cache.LocalCache$Strength$1                                   : loaded 2 times (x 81B)
Class com.google.common.util.concurrent.SettableFuture                                : loaded 2 times (x 114B)
Class com.google.common.cache.LocalCache$Strength$2                                   : loaded 2 times (x 81B)
Class com.google.common.io.ByteStreams                                                : loaded 2 times (x 71B)
Class com.google.common.cache.LocalCache$Strength$3                                   : loaded 2 times (x 81B)
Class com.google.common.collect.MapDifference                                         : loaded 2 times (x 70B)
Class org.objectweb.asm.FieldWriter                                                   : loaded 2 times (x 78B)
Class com.google.common.cache.CacheBuilder$NullListener                               : loaded 2 times (x 82B)
Class org.gradle.internal.classpath.TransformedClassPath                              : loaded 2 times (x 96B)
Class org.gradle.internal.classloader.InstrumentingClassLoader                        : loaded 2 times (x 70B)
Class com.google.common.collect.ImmutableRangeSet$AsSet                               : loaded 2 times (x 300B)
Class com.google.common.cache.CacheLoader$FunctionToCacheLoader                       : loaded 2 times (x 75B)
Class com.google.common.collect.Iterators$ArrayItr                                    : loaded 2 times (x 97B)
Class com.google.common.collect.ImmutableCollection$Builder                           : loaded 2 times (x 76B)
Class com.google.common.base.Joiner                                                   : loaded 2 times (x 79B)
Class com.google.common.base.MoreObjects                                              : loaded 2 times (x 71B)
Class com.google.common.collect.Platform                                              : loaded 2 times (x 71B)
Class [Lorg.objectweb.asm.Type;                                                       : loaded 2 times (x 69B)
Class com.google.common.collect.UnmodifiableIterator                                  : loaded 2 times (x 80B)
Class org.gradle.internal.service.ServiceLocator                                      : loaded 2 times (x 70B)
Class com.google.common.base.Ascii                                                    : loaded 2 times (x 71B)
Class com.google.common.collect.SingletonImmutableBiMap                               : loaded 2 times (x 143B)
Class com.google.common.cache.LocalCache$1                                            : loaded 2 times (x 89B)
Class com.google.common.collect.AbstractMapEntry                                      : loaded 2 times (x 81B)
Class ijJvmDebugger1_amxldhla0sgtknc2p75ob1gmp$_run_closure1$_closure2                : loaded 2 times (x 140B)
Class com.google.common.collect.Sets$ImprovedAbstractSet                              : loaded 2 times (x 135B)
Class com.google.common.collect.ImmutableList$Builder                                 : loaded 2 times (x 77B)
Class com.google.common.collect.AbstractMultimap                                      : loaded 2 times (x 123B)
Class com.google.common.cache.LocalCache$2                                            : loaded 2 times (x 142B)
Class com.google.common.collect.ImmutableRangeSet$1                                   : loaded 2 times (x 210B)
Class com.google.common.util.concurrent.AbstractFuture$UnsafeAtomicHelper$1           : loaded 2 times (x 76B)
Class com.google.common.collect.RegularImmutableAsList                                : loaded 2 times (x 217B)
Class com.google.common.collect.Range                                                 : loaded 2 times (x 87B)
Class com.google.common.util.concurrent.AbstractFuture$Trusted                        : loaded 2 times (x 70B)
Class com.google.common.collect.Iterators                                             : loaded 2 times (x 71B)
Class com.google.common.collect.Lists$StringAsImmutableList                           : loaded 2 times (x 207B)
Class com.google.common.util.concurrent.UncheckedExecutionException                   : loaded 2 times (x 82B)
Class org.gradle.internal.InternalTransformer                                         : loaded 2 times (x 70B)
Class com.google.common.collect.AbstractMapBasedMultimap$KeySet$1                     : loaded 2 times (x 82B)
Class org.objectweb.asm.ClassWriter                                                   : loaded 2 times (x 106B)
Class com.google.common.base.CharMatcher$And                                          : loaded 2 times (x 112B)
Class com.google.common.cache.CacheLoader$UnsupportedLoadingOperationException        : loaded 2 times (x 82B)
Class org.gradle.internal.classloader.ClasspathUtil$1                                 : loaded 2 times (x 76B)
Class com.google.common.base.Objects                                                  : loaded 2 times (x 71B)
Class org.objectweb.asm.FieldVisitor                                                  : loaded 2 times (x 77B)
Class com.google.common.collect.IndexedImmutableSet                                   : loaded 2 times (x 152B)
Class com.google.common.collect.ImmutableMap$1                                        : loaded 2 times (x 81B)
Class com.google.common.collect.BiMap                                                 : loaded 2 times (x 70B)
Class org.gradle.api.internal.classpath.DefaultModuleRegistry$DefaultModule           : loaded 2 times (x 86B)
Class com.google.common.primitives.Ints                                               : loaded 2 times (x 71B)
Class com.google.common.collect.AbstractIterator                                      : loaded 2 times (x 82B)
Class com.google.common.collect.ObjectArrays                                          : loaded 2 times (x 71B)
Class com.google.common.collect.Multiset                                              : loaded 2 times (x 70B)
Class com.google.common.collect.ArrayListMultimapGwtSerializationDependencies         : loaded 2 times (x 172B)
Class com.google.common.collect.AbstractIndexedListIterator                           : loaded 2 times (x 96B)
Class com.google.common.math.MathPreconditions                                        : loaded 2 times (x 71B)
Class com.google.common.collect.ImmutableMapEntrySet                                  : loaded 2 times (x 152B)
Class org.gradle.api.internal.classpath.Module                                        : loaded 2 times (x 70B)
Class com.google.common.cache.Weigher                                                 : loaded 2 times (x 70B)
Class org.gradle.api.internal.classpath.UnknownModuleException                        : loaded 2 times (x 82B)
Class com.google.common.base.Stopwatch                                                : loaded 2 times (x 72B)
Class com.google.common.cache.LocalCache$Strength                                     : loaded 2 times (x 81B)
Class com.google.common.cache.Cache                                                   : loaded 2 times (x 70B)
Class com.google.common.base.NullnessCasts                                            : loaded 2 times (x 71B)
Class com.google.common.util.concurrent.AbstractFuture$Cancellation                   : loaded 2 times (x 72B)
Class com.google.common.collect.ImmutableMap$Builder                                  : loaded 2 times (x 82B)
Class com.google.common.cache.RemovalListener                                         : loaded 2 times (x 70B)
Class org.gradle.api.internal.DefaultClassPathRegistry                                : loaded 2 times (x 76B)
Class com.google.common.primitives.IntsMethodsForWeb                                  : loaded 2 times (x 71B)
Class com.google.common.collect.Multimap                                              : loaded 2 times (x 70B)
Class org.gradle.api.internal.ClassPathRegistry                                       : loaded 2 times (x 70B)
Class org.gradle.internal.classpath.DefaultClassPath$ImmutableUniqueList              : loaded 2 times (x 199B)
Class com.google.common.base.ExtraObjectsMethodsForWeb                                : loaded 2 times (x 71B)
Class com.google.common.cache.CacheBuilder                                            : loaded 2 times (x 72B)
Class com.google.common.collect.SingletonImmutableList                                : loaded 2 times (x 207B)
Class com.google.common.base.PairwiseEquivalence                                      : loaded 2 times (x 83B)
Class Settings_gradle$1                                                               : loaded 2 times (x 74B)
Class ijKotlinCoroutineJvmDebugInit1_d5t7rhvdx4fr9ghubjyipk6vu$_run_closure1$_closure2: loaded 2 times (x 139B)
Class org.gradle.internal.classpath.ClassPath                                         : loaded 2 times (x 70B)
Class org.gradle.api.UncheckedIOException                                             : loaded 2 times (x 82B)
Class com.google.common.base.JdkPattern                                               : loaded 2 times (x 75B)
Class com.google.common.collect.ImmutableList$ReverseImmutableList                    : loaded 2 times (x 209B)
Class org.objectweb.asm.SymbolTable$Entry                                             : loaded 2 times (x 74B)
Class com.google.common.util.concurrent.AbstractFuture$AtomicHelper                   : loaded 2 times (x 78B)
Class org.objectweb.asm.Edge                                                          : loaded 2 times (x 72B)
Class com.google.common.base.Suppliers$SupplierOfInstance                             : loaded 2 times (x 79B)
Class com.google.common.collect.Iterators$1                                           : loaded 2 times (x 81B)
Class com.google.common.cache.LocalCache$ComputingValueReference                      : loaded 2 times (x 96B)
Class com.google.common.collect.SingletonImmutableSet                                 : loaded 2 times (x 146B)
Class com.google.common.collect.ImmutableMap$IteratorBasedImmutableMap                : loaded 2 times (x 126B)
Class com.google.common.cache.LocalCache$Segment                                      : loaded 2 times (x 154B)
Class com.google.common.collect.SortedIterable                                        : loaded 2 times (x 70B)
Class com.google.common.collect.AbstractListMultimap                                  : loaded 2 times (x 172B)
Class [Lorg.objectweb.asm.SymbolTable$Entry;                                          : loaded 2 times (x 69B)
Class com.google.common.cache.CacheLoader                                             : loaded 2 times (x 74B)
Class com.google.common.collect.Iterators$4                                           : loaded 2 times (x 82B)
Class com.google.common.collect.ImmutableBiMap                                        : loaded 2 times (x 143B)
Class org.gradle.internal.installation.GradleInstallation$1                           : loaded 2 times (x 75B)
Class org.gradle.api.internal.classpath.ModuleRegistry                                : loaded 2 times (x 70B)
Class com.google.common.util.concurrent.internal.InternalFutureFailureAccess          : loaded 2 times (x 72B)
Class com.google.common.collect.Iterators$5                                           : loaded 2 times (x 82B)
Class com.google.common.collect.ImmutableSet$JdkBackedSetBuilderImpl                  : loaded 2 times (x 76B)
Class com.google.common.util.concurrent.AbstractFuture$UnsafeAtomicHelper             : loaded 2 times (x 78B)
Class com.google.common.base.CharMatcher$ForPredicate                                 : loaded 2 times (x 112B)
Class com.google.common.cache.LocalCache$LocalManualCache$1                           : loaded 2 times (x 75B)
Class com.google.common.base.CharMatcher$AnyOf                                        : loaded 2 times (x 112B)
Class com.google.common.collect.ImmutableCollection                                   : loaded 2 times (x 125B)
Class ijKotlinCoroutineJvmDebugInit1_d5t7rhvdx4fr9ghubjyipk6vu                        : loaded 2 times (x 179B)
Class org.gradle.api.internal.classpath.DefaultModuleRegistry                         : loaded 2 times (x 86B)
Class com.google.common.collect.Lists                                                 : loaded 2 times (x 71B)
Class com.google.common.util.concurrent.ListenableFuture                              : loaded 2 times (x 70B)
Class com.google.common.cache.ReferenceEntry                                          : loaded 2 times (x 70B)
Class com.google.common.base.Converter                                                : loaded 2 times (x 90B)
Class com.google.common.collect.ImmutableSet$CachingAsList                            : loaded 2 times (x 148B)
Class build_3fxlyzhy5s3jp78mlf672qaxo                                                 : loaded 2 times (x 180B)
Class com.google.common.collect.AbstractMapBasedMultimap                              : loaded 2 times (x 139B)
Class com.google.common.util.concurrent.AbstractFuture                                : loaded 2 times (x 106B)
Class com.google.common.base.FunctionalEquivalence                                    : loaded 2 times (x 83B)
Class com.google.common.collect.Iterators$9                                           : loaded 2 times (x 81B)
Class com.google.common.collect.ImmutableAsList                                       : loaded 2 times (x 209B)
Class org.objectweb.asm.RecordComponentVisitor                                        : loaded 2 times (x 77B)
Class com.google.common.cache.CacheLoader$SupplierToCacheLoader                       : loaded 2 times (x 75B)
Class com.google.common.collect.Maps$EntryTransformer                                 : loaded 2 times (x 70B)
Class org.gradle.internal.service.ServiceLookupException                              : loaded 2 times (x 82B)
Class com.google.common.collect.ImmutableSortedSet                                    : loaded 2 times (x 300B)
Class [Lcom.google.common.cache.LocalCache$EntryFactory;                              : loaded 2 times (x 69B)
Class org.gradle.internal.classloader.ClassLoaderFactory                              : loaded 2 times (x 70B)
Class com.google.common.base.CommonPattern                                            : loaded 2 times (x 74B)
Class com.google.common.base.CharMatcher$IsNot                                        : loaded 2 times (x 111B)
Class com.google.common.cache.LocalCache$LocalManualCache                             : loaded 2 times (x 99B)
Class org.gradle.internal.service.CachingServiceLocator                               : loaded 2 times (x 82B)
Class com.google.common.collect.AbstractMapBasedMultimap$KeySet                       : loaded 2 times (x 137B)
Class com.google.common.collect.RegularImmutableSortedSet                             : loaded 2 times (x 300B)
Class com.google.common.math.IntMath                                                  : loaded 2 times (x 71B)
Class com.google.common.collect.ImmutableMapEntry                                     : loaded 2 times (x 85B)
Class com.google.common.base.Equivalence                                              : loaded 2 times (x 82B)
Class com.google.common.base.Function                                                 : loaded 2 times (x 70B)
Class com.google.common.collect.ImmutableMapEntry$NonTerminalImmutableMapEntry        : loaded 2 times (x 85B)
Class com.google.common.collect.IndexedImmutableSet$1                                 : loaded 2 times (x 213B)
Class com.google.common.cache.CacheBuilder$OneWeigher                                 : loaded 2 times (x 82B)
Class com.google.common.collect.RegularImmutableList                                  : loaded 2 times (x 213B)
Class org.gradle.internal.classloader.ClasspathUtil                                   : loaded 2 times (x 71B)
Class com.google.common.base.Charsets                                                 : loaded 2 times (x 71B)
Class com.google.common.util.concurrent.Uninterruptibles                              : loaded 2 times (x 71B)
Class com.google.common.collect.Maps                                                  : loaded 2 times (x 71B)
Class ijKotlinCoroutineJvmDebugInit1_d5t7rhvdx4fr9ghubjyipk6vu$_run_closure1          : loaded 2 times (x 139B)
Class org.gradle.api.specs.Spec                                                       : loaded 2 times (x 70B)
Class [Lcom.google.common.collect.ImmutableEntry;                                     : loaded 2 times (x 69B)
Class com.google.common.cache.LocalCache$LoadingValueReference                        : loaded 2 times (x 96B)
Class com.google.common.base.Platform                                                 : loaded 2 times (x 71B)
Class [Lorg.objectweb.asm.AnnotationWriter;                                           : loaded 2 times (x 69B)
Class com.google.common.collect.Maps$8                                                : loaded 2 times (x 82B)
Class com.google.common.collect.ImmutableRangeSet$Builder                             : loaded 2 times (x 77B)
Class com.google.common.collect.Sets$SetView                                          : loaded 2 times (x 138B)
Class com.google.common.cache.LocalCache$StrongValueReference                         : loaded 2 times (x 90B)
Class com.google.common.util.concurrent.AbstractFuture$SynchronizedHelper             : loaded 2 times (x 78B)
Class org.objectweb.asm.Type                                                          : loaded 2 times (x 72B)
Class org.gradle.internal.classloader.VisitableURLClassLoader$InstrumentingVisitableURLClassLoader: loaded 2 times (x 123B)
Class org.objectweb.asm.ByteVector                                                    : loaded 2 times (x 79B)
Class [Lcom.google.common.cache.CacheBuilder$NullListener;                            : loaded 2 times (x 69B)
Class com.google.common.math.IntMath$1                                                : loaded 2 times (x 71B)
Class org.gradle.internal.classloader.VisitableURLClassLoader$Spec                    : loaded 2 times (x 74B)
Class org.gradle.internal.classpath.DefaultClassPath                                  : loaded 2 times (x 90B)
Class org.objectweb.asm.Symbol                                                        : loaded 2 times (x 73B)
Class com.google.common.io.Closer                                                     : loaded 2 times (x 78B)
Class com.google.common.base.CharMatcher$Ascii                                        : loaded 2 times (x 112B)
Class com.google.common.base.CharMatcher$BitSetMatcher                                : loaded 2 times (x 112B)
Class com.google.common.collect.RegularImmutableMap$Values                            : loaded 2 times (x 207B)
Class com.google.common.collect.ImmutableSet                                          : loaded 2 times (x 145B)
Class org.gradle.internal.classloader.ClassLoaderSpec                                 : loaded 2 times (x 71B)
Class org.objectweb.asm.AnnotationWriter                                              : loaded 2 times (x 79B)
Class com.google.common.cache.CacheStats                                              : loaded 2 times (x 71B)
Class ijJvmDebugger1_amxldhla0sgtknc2p75ob1gmp                                        : loaded 2 times (x 179B)
Class com.google.common.io.Closer$Suppressor                                          : loaded 2 times (x 70B)
Class org.objectweb.asm.RecordComponentWriter                                         : loaded 2 times (x 78B)
Class com.google.common.util.concurrent.AbstractFuture$Listener                       : loaded 2 times (x 72B)
Class com.google.common.base.CharMatcher$Or                                           : loaded 2 times (x 112B)
Class Settings_gradle$1$1                                                             : loaded 2 times (x 74B)
Class org.objectweb.asm.Attribute                                                     : loaded 2 times (x 77B)
Class com.google.common.base.Supplier                                                 : loaded 2 times (x 70B)
Class org.gradle.internal.classloader.VisitableURLClassLoader                         : loaded 2 times (x 117B)
Class com.google.common.util.concurrent.AbstractFuture$Waiter                         : loaded 2 times (x 72B)
Class Settings_gradle                                                                 : loaded 2 times (x 128B)
Class org.gradle.internal.Cast                                                        : loaded 2 times (x 71B)
Class org.gradle.api.Action                                                           : loaded 2 times (x 70B)
Class com.google.common.base.Strings                                                  : loaded 2 times (x 71B)
Class com.google.common.collect.Sets                                                  : loaded 2 times (x 71B)
Class org.objectweb.asm.Handler                                                       : loaded 2 times (x 72B)
Class com.google.common.base.CharMatcher$FastMatcher                                  : loaded 2 times (x 111B)
Class com.google.common.base.Ticker                                                   : loaded 2 times (x 72B)
Class [Lcom.google.common.cache.LocalCache$Segment;                                   : loaded 2 times (x 69B)
Class com.google.common.base.Predicate                                                : loaded 2 times (x 70B)
Class [Lcom.google.common.cache.LocalCache$Strength;                                  : loaded 2 times (x 69B)
Class com.google.common.cache.CacheBuilder$1                                          : loaded 2 times (x 85B)
Class com.google.common.collect.ImmutableMap                                          : loaded 2 times (x 120B)
Class org.gradle.internal.classpath.DefaultClassPath$ImmutableUniqueList$Builder      : loaded 2 times (x 75B)
Class com.google.common.collect.AbstractRangeSet                                      : loaded 2 times (x 114B)
Class com.google.common.base.CharMatcher$NegatedFastMatcher                           : loaded 2 times (x 113B)
Class com.google.common.cache.LocalCache                                              : loaded 2 times (x 187B)
Class com.google.common.cache.CacheBuilder$2                                          : loaded 2 times (x 79B)
Class com.google.common.collect.ArrayListMultimap                                     : loaded 2 times (x 172B)
Class com.google.common.cache.CacheBuilder$3                                          : loaded 2 times (x 72B)
Class [Lcom.google.common.collect.AbstractMapEntry;                                   : loaded 2 times (x 69B)
Class com.google.common.collect.ImmutableEntry                                        : loaded 2 times (x 82B)
Class org.gradle.api.GradleException                                                  : loaded 2 times (x 82B)
Class com.google.common.base.Suppliers$MemoizingSupplier                              : loaded 2 times (x 79B)
Class com.google.common.collect.CollectPreconditions                                  : loaded 2 times (x 71B)
Class com.google.common.collect.SortedMapDifference                                   : loaded 2 times (x 70B)
Class ijJvmDebugger1_amxldhla0sgtknc2p75ob1gmp$_run_closure1                          : loaded 2 times (x 139B)
Class com.google.common.cache.LocalCache$EntryFactory                                 : loaded 2 times (x 83B)
Class com.google.common.cache.LocalCache$AbstractReferenceEntry                       : loaded 2 times (x 107B)
Class org.gradle.internal.IoActions                                                   : loaded 2 times (x 71B)
Class com.google.common.collect.ImmutableRangeSet$ComplementRanges                    : loaded 2 times (x 207B)
Class org.objectweb.asm.SymbolTable                                                   : loaded 2 times (x 72B)
Class com.google.common.cache.CacheLoader$InvalidCacheLoadException                   : loaded 2 times (x 82B)
Class com.google.common.collect.ImmutableSet$RegularSetBuilderImpl                    : loaded 2 times (x 77B)
Class org.gradle.internal.classloader.SystemClassLoaderSpec                           : loaded 2 times (x 71B)
Class com.google.common.cache.LocalCache$StrongEntry                                  : loaded 2 times (x 108B)
Class com.google.common.util.concurrent.AbstractFuture$TrustedFuture                  : loaded 2 times (x 114B)
Class com.google.common.cache.LoadingCache                                            : loaded 2 times (x 70B)
Class com.google.common.io.ByteStreams$LimitedInputStream                             : loaded 2 times (x 92B)
Class com.google.common.base.Suppliers$NonSerializableMemoizingSupplier               : loaded 2 times (x 79B)
Class org.objectweb.asm.MethodWriter                                                  : loaded 2 times (x 106B)
Class [Lcom.google.common.cache.Weigher;                                              : loaded 2 times (x 69B)
Class com.google.common.collect.RegularImmutableMap$BucketOverflowException           : loaded 2 times (x 82B)
Class com.google.common.collect.RegularImmutableBiMap                                 : loaded 2 times (x 149B)
Class com.google.common.base.CharMatcher$Negated                                      : loaded 2 times (x 113B)
Class com.google.common.base.CharMatcher$Is                                           : loaded 2 times (x 111B)
Class com.google.common.cache.LocalCache$ValueReference                               : loaded 2 times (x 70B)
Class com.google.common.hash.PrimitiveSink                                            : loaded 2 times (x 70B)
Class com.google.common.base.PatternCompiler                                          : loaded 2 times (x 70B)
Class com.google.common.util.concurrent.AbstractFuture$Failure                        : loaded 2 times (x 72B)
Class com.google.common.base.Equivalence$Equals                                       : loaded 2 times (x 82B)
Class com.google.common.collect.Hashing                                               : loaded 2 times (x 71B)
Class com.google.common.base.Preconditions                                            : loaded 2 times (x 71B)
Class com.google.common.base.Joiner$1                                                 : loaded 2 times (x 80B)
Class org.objectweb.asm.Label                                                         : loaded 2 times (x 73B)
Class org.objectweb.asm.CurrentFrame                                                  : loaded 2 times (x 73B)
Class org.objectweb.asm.ClassTooLargeException                                        : loaded 2 times (x 83B)
Class com.google.common.base.CharMatcher                                              : loaded 2 times (x 111B)
Class com.google.common.collect.PeekingIterator                                       : loaded 2 times (x 70B)
Class com.google.common.collect.Maps$IteratorBasedAbstractMap                         : loaded 2 times (x 125B)
Class com.google.common.collect.RangeGwtSerializationDependencies                     : loaded 2 times (x 71B)
Class com.google.common.base.Joiner$2                                                 : loaded 2 times (x 79B)
Class org.objectweb.asm.Frame                                                         : loaded 2 times (x 73B)
Class org.objectweb.asm.MethodVisitor                                                 : loaded 2 times (x 105B)
Class com.google.common.base.CharMatcher$NamedFastMatcher                             : loaded 2 times (x 112B)
Class com.google.common.base.CharMatcher$1                                            : loaded 2 times (x 113B)
Class com.google.common.cache.LocalCache$EntryFactory$1                               : loaded 2 times (x 83B)
Class [Lcom.google.common.cache.RemovalListener;                                      : loaded 2 times (x 69B)
Class build_3fxlyzhy5s3jp78mlf672qaxo$_run_closure1                                   : loaded 2 times (x 139B)
Class com.google.common.collect.RangeSet                                              : loaded 2 times (x 70B)
Class com.google.common.cache.LocalCache$EntryFactory$2                               : loaded 2 times (x 83B)
Class org.gradle.api.internal.classpath.GlobalCacheRootsProvider                      : loaded 2 times (x 70B)
Class com.google.common.collect.CollectCollectors                                     : loaded 2 times (x 71B)
Class org.objectweb.asm.ModuleWriter                                                  : loaded 2 times (x 82B)
Class com.google.common.cache.LocalCache$EntryFactory$3                               : loaded 2 times (x 83B)
Class com.google.common.base.Ticker$1                                                 : loaded 2 times (x 72B)
Class com.google.common.collect.Maps$BiMapConverter                                   : loaded 2 times (x 90B)
Class com.google.common.collect.ImmutableMapEntrySet$RegularEntrySet                  : loaded 2 times (x 152B)
Class com.google.common.base.CharMatcher$InRange                                      : loaded 2 times (x 111B)
Class com.google.common.cache.LocalCache$EntryFactory$4                               : loaded 2 times (x 83B)
Class com.google.common.collect.ImmutableSet$Builder                                  : loaded 2 times (x 85B)
Class com.google.common.io.ByteStreams$1                                              : loaded 2 times (x 85B)
Class com.google.common.cache.LocalCache$EntryFactory$5                               : loaded 2 times (x 83B)
Class com.google.common.cache.LocalCache$EntryFactory$6                               : loaded 2 times (x 83B)
Class org.gradle.internal.installation.CurrentGradleInstallationLocator               : loaded 2 times (x 71B)
Class com.google.common.collect.Maps$KeySet                                           : loaded 2 times (x 137B)
Class com.google.common.cache.LocalCache$EntryFactory$7                               : loaded 2 times (x 83B)
Class com.google.common.collect.ImmutableSet$EmptySetBuilderImpl                      : loaded 2 times (x 76B)
Class com.google.common.collect.ImmutableList                                         : loaded 2 times (x 206B)
Class org.gradle.internal.service.DefaultServiceLocator                               : loaded 2 times (x 83B)
Class com.google.common.cache.LocalCache$EntryFactory$8                               : loaded 2 times (x 83B)
Class com.google.common.collect.ImmutableSet$SetBuilderImpl                           : loaded 2 times (x 76B)
Class org.gradle.internal.installation.CurrentGradleInstallation                      : loaded 2 times (x 73B)
Class com.google.common.cache.CacheLoader$1                                           : loaded 2 times (x 75B)
Class com.google.common.collect.ForwardingObject                                      : loaded 2 times (x 72B)
Class com.google.common.collect.ImmutableList$SubList                                 : loaded 2 times (x 209B)
Class org.gradle.util.internal.GUtil                                                  : loaded 2 times (x 71B)
Class com.google.common.util.concurrent.AbstractFuture$SetFuture                      : loaded 2 times (x 75B)
Class com.google.common.cache.AbstractCache$StatsCounter                              : loaded 2 times (x 70B)
Class com.google.common.collect.Iterators$MergingIterator                             : loaded 2 times (x 81B)
Class com.google.common.collect.RegularImmutableSet                                   : loaded 2 times (x 149B)
Class org.gradle.internal.installation.GradleInstallation                             : loaded 2 times (x 75B)
Class com.google.common.collect.Iterables                                             : loaded 2 times (x 71B)

---------------  S Y S T E M  ---------------

OS:
 Windows 11 , 64 bit Build 26100 (10.0.26100.7920)
OS uptime: 5 days 6:51 hours

CPU: total 16 (initial active 16) (8 cores per cpu, 2 threads per core) family 6 model 186 stepping 2 microcode 0x410e, cx8, cmov, fxsr, ht, mmx, 3dnowpref, sse, sse2, sse3, ssse3, sse4.1, sse4.2, popcnt, lzcnt, tsc, tscinvbit, avx, avx2, aes, erms, clmul, bmi1, bmi2, adx, sha, fma, vzeroupper, clflush, clflushopt, clwb, serialize, rdtscp, rdpid, fsrm, f16c, pku, cet_ibt, cet_ss
Processor Information for processor 0
  Max Mhz: 2600, Current Mhz: 2600, Mhz Limit: 2600
Processor Information for processor 1
  Max Mhz: 2600, Current Mhz: 2600, Mhz Limit: 2600
Processor Information for processor 2
  Max Mhz: 2600, Current Mhz: 2600, Mhz Limit: 2600
Processor Information for processor 3
  Max Mhz: 2600, Current Mhz: 2600, Mhz Limit: 2600
Processor Information for processor 4
  Max Mhz: 2600, Current Mhz: 2600, Mhz Limit: 2600
Processor Information for processor 5
  Max Mhz: 2600, Current Mhz: 2600, Mhz Limit: 2600
Processor Information for processor 6
  Max Mhz: 2600, Current Mhz: 2600, Mhz Limit: 2600
Processor Information for processor 7
  Max Mhz: 2600, Current Mhz: 2600, Mhz Limit: 2600
Processor Information for processor 8
  Max Mhz: 2600, Current Mhz: 1900, Mhz Limit: 1898
Processor Information for processor 9
  Max Mhz: 2600, Current Mhz: 1500, Mhz Limit: 1898
Processor Information for processor 10
  Max Mhz: 2600, Current Mhz: 1900, Mhz Limit: 1898
Processor Information for processor 11
  Max Mhz: 2600, Current Mhz: 1500, Mhz Limit: 1898
Processor Information for processor 12
  Max Mhz: 2600, Current Mhz: 1500, Mhz Limit: 1898
Processor Information for processor 13
  Max Mhz: 2600, Current Mhz: 1500, Mhz Limit: 1898
Processor Information for processor 14
  Max Mhz: 2600, Current Mhz: 1500, Mhz Limit: 1898
Processor Information for processor 15
  Max Mhz: 2600, Current Mhz: 1500, Mhz Limit: 1898

Memory: 4k page, system-wide physical 16008M (2104M free)
TotalPageFile size 20104M (AvailPageFile size 126M)
current process WorkingSet (physical memory assigned to process): 823M, peak: 862M
current process commit charge ("private bytes"): 872M, peak: 1093M

vm_info: OpenJDK 64-Bit Server VM (21.0.9+-14787801-b1163.94) for windows-amd64 JRE (21.0.9+-14787801-b1163.94), built on 2026-01-27T21:15:44Z by "builder" with MS VC++ 16.10 / 16.11 (VS2019)

END.
