#
# There is insufficient memory for the Java Runtime Environment to continue.
# Native memory allocation (mmap) failed to map 142606336 bytes. Error detail: G1 virtual space
# Possible reasons:
#   The system is out of physical RAM or swap space
#   This process is running with CompressedOops enabled, and the Java Heap may be blocking the growth of the native heap
# Possible solutions:
#   Reduce memory load on the system
#   Increase physical memory or swap space
#   Check if swap backing store is full
#   Decrease Java heap size (-Xmx/-Xms)
#   Decrease number of Java threads
#   Decrease Java thread stack sizes (-Xss)
#   Set larger code cache with -XX:ReservedCodeCacheSize=
#   JVM is running with Zero Based Compressed Oops mode in which the Java heap is
#     placed in the first 32GB address space. The Java Heap base address is the
#     maximum limit for the native heap growth. Please use -XX:HeapBaseMinAddress
#     to set the Java Heap base and to place the Java Heap above 32GB virtual address.
# This output file may be truncated or incomplete.
#
#  Out of Memory Error (os_windows.cpp:3925), pid=24568, tid=6576
#
# JRE version: OpenJDK Runtime Environment (21.0.9) (build 21.0.9+-14787801-b1163.94)
# Java VM: OpenJDK 64-Bit Server VM (21.0.9+-14787801-b1163.94, mixed mode, tiered, compressed oops, compressed class ptrs, g1 gc, windows-amd64)
# No core dump will be written. Minidumps are not enabled by default on client versions of Windows
#

---------------  S U M M A R Y ------------

Command Line: --add-opens=java.base/java.lang=ALL-UNNAMED --add-opens=java.base/java.lang.invoke=ALL-UNNAMED --add-opens=java.base/java.util=ALL-UNNAMED --add-opens=java.prefs/java.util.prefs=ALL-UNNAMED --add-exports=jdk.compiler/com.sun.tools.javac.api=ALL-UNNAMED --add-exports=jdk.compiler/com.sun.tools.javac.util=ALL-UNNAMED --add-opens=java.base/java.util=ALL-UNNAMED --add-opens=java.prefs/java.util.prefs=ALL-UNNAMED --add-opens=java.base/java.nio.charset=ALL-UNNAMED --add-opens=java.base/java.net=ALL-UNNAMED --add-opens=java.base/java.util.concurrent.atomic=ALL-UNNAMED --add-opens=java.xml/javax.xml.namespace=ALL-UNNAMED -XX:MaxMetaspaceSize=1024m -Xmx4096m -Dfile.encoding=UTF-8 -Duser.country=US -Duser.language=en -Duser.variant -javaagent:C:\Users\ADMIN\.gradle\wrapper\dists\gradle-8.13-bin\5xuhj0ry160q40clulazy9h7d\gradle-8.13\lib\agents\gradle-instrumentation-agent-8.13.jar org.gradle.launcher.daemon.bootstrap.GradleDaemon 8.13

Host: 13th Gen Intel(R) Core(TM) i5-13500H, 16 cores, 15G,  Windows 11 , 64 bit Build 26100 (10.0.26100.7920)
Time: Mon Mar 23 21:23:29 2026 SE Asia Standard Time elapsed time: 19.658081 seconds (0d 0h 0m 19s)

---------------  T H R E A D  ---------------

Current thread (0x00000277841f7590):  VMThread "VM Thread"          [id=6576, stack(0x000000a814200000,0x000000a814300000) (1024K)]

Stack: [0x000000a814200000,0x000000a814300000]
Native frames: (J=compiled Java code, j=interpreted, Vv=VM code, C=native code)
V  [jvm.dll+0x6d6c99]
V  [jvm.dll+0x866b83]
V  [jvm.dll+0x8691ae]
V  [jvm.dll+0x869893]
V  [jvm.dll+0x280776]
V  [jvm.dll+0x6d3555]
V  [jvm.dll+0x6c6bea]
V  [jvm.dll+0x3587fb]
V  [jvm.dll+0x360476]
V  [jvm.dll+0x3b2646]
V  [jvm.dll+0x3b2918]
V  [jvm.dll+0x32af0c]
V  [jvm.dll+0x32af97]
V  [jvm.dll+0x370e7c]
V  [jvm.dll+0x36f62e]
V  [jvm.dll+0x32a661]
V  [jvm.dll+0x36ed30]
V  [jvm.dll+0x86f618]
V  [jvm.dll+0x870994]
V  [jvm.dll+0x870ed0]
V  [jvm.dll+0x871163]
V  [jvm.dll+0x80f118]
V  [jvm.dll+0x6d54ed]
C  [ucrtbase.dll+0x37b0]
C  [KERNEL32.DLL+0x2e8d7]
C  [ntdll.dll+0x8c48c]

VM_Operation (0x000000a8244fad60): G1CollectForAllocation, mode: safepoint, requested by thread 0x0000027791482fa0


---------------  P R O C E S S  ---------------

Threads class SMR info:
_java_thread_list=0x00000277840570e0, length=256, elements={
0x00000277e7dd86d0, 0x0000027789093290, 0x00000277890a5d70, 0x00000277890a6f50,
0x00000277890cb4f0, 0x00000277890cbf50, 0x00000277890978d0, 0x0000027789097f40,
0x00000277890b3ec0, 0x00000277890b89d0, 0x00000277891c75a0, 0x00000277894ee100,
0x000002778b4b8590, 0x000002778a9ece30, 0x000002778baca5f0, 0x000002778b93b030,
0x000002778b4c3930, 0x000002778b925e90, 0x000002778b89d390, 0x000002778b899f10,
0x000002778b89ac30, 0x000002778b89a5a0, 0x000002778b89b2c0, 0x000002778b89bfe0,
0x000002778b89c670, 0x000002778b89cd00, 0x000002778d0c31a0, 0x000002778d0c4550,
0x000002778d0c3830, 0x000002778d0c3ec0, 0x000002778d0c2480, 0x000002778d0c4be0,
0x000002778d0c5270, 0x000002778d0c8060, 0x000002778d0c8d80, 0x000002778d0c6cb0,
0x000002778d0c5900, 0x000002778d0c9410, 0x000002778d0c79d0, 0x000002778d0c6620,
0x000002778d0c7340, 0x000002778eb89b70, 0x000002778eb8c960, 0x000002778eb8a200,
0x000002778eb8b5b0, 0x000002778eb8af20, 0x000002778eb8a890, 0x000002778eb8c2d0,
0x000002778eb894e0, 0x000002778eb8ea30, 0x000002778eb8f0c0, 0x000002778eb8cff0,
0x000002778eb8e3a0, 0x000002778eb8dd10, 0x000002778eb8bc40, 0x000002778eb8f750,
0x000002778eb8fde0, 0x000002778eb90470, 0x000002778eb90b00, 0x000002778eb8d680,
0x000002778d6339e0, 0x000002778d631910, 0x000002778d633350, 0x000002778d631280,
0x000002778d632cc0, 0x000002778d635420, 0x000002778d634070, 0x000002778d631fa0,
0x000002778d632630, 0x000002778d6374f0, 0x000002778d636e60, 0x000002778d636140,
0x000002778d6367d0, 0x000002778d7bcde0, 0x000002778d7be190, 0x000002778d7be820,
0x000002778d7bfbd0, 0x000002778d7beeb0, 0x000002778d7c0260, 0x000002778d7bdb00,
0x000002778d7c08f0, 0x000002778d7bf540, 0x000002778d7bd470, 0x000002778d7c4400,
0x000002778d7c29c0, 0x000002778d7c1ca0, 0x000002778d7c3050, 0x000002778d7c1610,
0x000002778d7c0f80, 0x000002778d7c36e0, 0x000002778d7c2330, 0x000002778d7c3d70,
0x000002778d71efb0, 0x000002778d71cee0, 0x000002778d71d570, 0x000002778d7209f0,
0x000002778d71f640, 0x000002778d71dc00, 0x000002778d720360, 0x000002778d721710,
0x000002778d71e290, 0x000002778d71fcd0, 0x000002778d721da0, 0x000002778d722ac0,
0x000002778d724500, 0x000002778d722430, 0x000002778d723150, 0x000002778d7237e0,
0x000002778d723e70, 0x000002778d158d80, 0x000002778d157340, 0x000002778d15a130,
0x000002778d158060, 0x000002778d15a7c0, 0x000002778d1579d0, 0x000002778d159aa0,
0x000002778d159410, 0x000002778d1586f0, 0x000002778dc4f4a0, 0x000002778dc4c6b0,
0x000002778dc4e0f0, 0x000002778dc50850, 0x0000027790ca57d0, 0x0000027790ca3070,
0x00000277895ec500, 0x00000277895e9080, 0x00000277895e9710, 0x00000277895ed220,
0x00000277895ea430, 0x00000277895eaac0, 0x00000277895e9da0, 0x00000277895ed8b0,
0x00000277895edf40, 0x00000277895eb7e0, 0x00000277895ee5d0, 0x00000277895eb150,
0x00000277895ebe70, 0x00000277895ef2f0, 0x00000277895ef980, 0x00000277895f0010,
0x00000277895eec60, 0x000002778cac85f0, 0x000002778cac5800, 0x000002778cac78d0,
0x000002778cac7f60, 0x000002778cac5170, 0x000002778cac7240, 0x000002778cac8c80,
0x000002778cac9310, 0x000002778cac5e90, 0x000002778cac6520, 0x000002778cacad50,
0x000002778caca030, 0x000002778cac99a0, 0x000002778caca6c0, 0x000002778cacc790,
0x000002778cacb3e0, 0x000002778cacce20, 0x000002778cace1d0, 0x000002778cace860,
0x000002778cacdb40, 0x000002778caceef0, 0x000002778cacc100, 0x000002778cad1ce0,
0x000002778cad2370, 0x000002778cad2a00, 0x000002778cad3090, 0x000002778cad1650,
0x000002778cacfc10, 0x000002778cad3720, 0x000002778cad02a0, 0x000002778cad3db0,
0x000002778cad0930, 0x0000027790caa690, 0x0000027790ca85c0, 0x0000027790ca8c50,
0x0000027790ca92e0, 0x0000027790ca9970, 0x000002778dc4ee10, 0x000002778dc52920,
0x000002778dc53640, 0x000002778dc51570, 0x00000277895e89f0, 0x00000277969aa840,
0x00000277969ac280, 0x00000277969aaed0, 0x00000277969ac910, 0x00000277969aa1b0,
0x00000277969adcc0, 0x00000277969ae350, 0x00000277969ae9e0, 0x00000277969abbf0,
0x00000277969ab560, 0x00000277969af700, 0x00000277969b0420, 0x00000277969acfa0,
0x00000277969b17d0, 0x00000277969b0ab0, 0x00000277969af070, 0x00000277969b1140,
0x00000277969afd90, 0x0000027797a7c7a0, 0x0000027797a7db50, 0x0000027797a7ce30,
0x0000027797a7b3f0, 0x0000027797a7e1e0, 0x0000027797a7ba80, 0x0000027797a7d4c0,
0x0000027797a7e870, 0x0000027797a7ef00, 0x0000027797a7f590, 0x0000027797a7c110,
0x0000027797a830a0, 0x0000027797a7fc20, 0x0000027797a802b0, 0x0000027797a80940,
0x0000027797a81cf0, 0x0000027797a83dc0, 0x0000027797a80fd0, 0x0000027791481560,
0x0000027791480ed0, 0x000002779147e0e0, 0x000002779147fb20, 0x000002779147f490,
0x00000277914801b0, 0x000002779147e770, 0x0000027791482280, 0x0000027791481bf0,
0x0000027791480840, 0x0000027791489f30, 0x0000027791487140, 0x000002779148ac50,
0x000002779148b2e0, 0x000002778c5d5c00, 0x000002778c5d2c50, 0x000002778c5d7e10,
0x000002778c5d7740, 0x000002778c5d84e0, 0x000002778c5d4e60, 0x000002778c5d9280,
0x000002778c5d8bb0, 0x0000027791483cc0, 0x0000027791482fa0, 0x0000027791484350,
0x0000027791483630, 0x0000027791485700, 0x0000027791485d90, 0x0000027791482910,
0x0000027791486ab0, 0x0000027791487e60, 0x00000277914884f0, 0x0000027791488b80,
0x00000277914898a0, 0x000002779148b970, 0x000002779148c690, 0x000002779878b3e0
}

Java Threads: ( => current thread )
  0x00000277e7dd86d0 JavaThread "main"                              [_thread_blocked, id=23736, stack(0x000000a813b00000,0x000000a813c00000) (1024K)]
  0x0000027789093290 JavaThread "Common-Cleaner"             daemon [_thread_blocked, id=21140, stack(0x000000a814300000,0x000000a814400000) (1024K)]
  0x00000277890a5d70 JavaThread "Reference Handler"          daemon [_thread_blocked, id=10444, stack(0x000000a814400000,0x000000a814500000) (1024K)]
  0x00000277890a6f50 JavaThread "Finalizer"                  daemon [_thread_blocked, id=2316, stack(0x000000a814500000,0x000000a814600000) (1024K)]
  0x00000277890cb4f0 JavaThread "Signal Dispatcher"          daemon [_thread_blocked, id=13912, stack(0x000000a814600000,0x000000a814700000) (1024K)]
  0x00000277890cbf50 JavaThread "Attach Listener"            daemon [_thread_blocked, id=9024, stack(0x000000a814700000,0x000000a814800000) (1024K)]
  0x00000277890978d0 JavaThread "Service Thread"             daemon [_thread_blocked, id=12636, stack(0x000000a814800000,0x000000a814900000) (1024K)]
  0x0000027789097f40 JavaThread "Monitor Deflation Thread"   daemon [_thread_blocked, id=4744, stack(0x000000a814900000,0x000000a814a00000) (1024K)]
  0x00000277890b3ec0 JavaThread "C2 CompilerThread0"         daemon [_thread_blocked, id=17992, stack(0x000000a814a00000,0x000000a814b00000) (1024K)]
  0x00000277890b89d0 JavaThread "C1 CompilerThread0"         daemon [_thread_blocked, id=5756, stack(0x000000a814b00000,0x000000a814c00000) (1024K)]
  0x00000277891c75a0 JavaThread "C1 CompilerThread1"         daemon [_thread_blocked, id=11536, stack(0x000000a814c00000,0x000000a814d00000) (1024K)]
  0x00000277894ee100 JavaThread "Notification Thread"        daemon [_thread_blocked, id=17864, stack(0x000000a814f00000,0x000000a815000000) (1024K)]
  0x000002778b4b8590 JavaThread "Daemon health stats"               [_thread_blocked, id=20824, stack(0x000000a815800000,0x000000a815900000) (1024K)]
  0x000002778a9ece30 JavaThread "Incoming local TCP Connector on port 53248"        [_thread_in_native, id=23060, stack(0x000000a815900000,0x000000a815a00000) (1024K)]
  0x000002778baca5f0 JavaThread "Daemon periodic checks"            [_thread_blocked, id=2872, stack(0x000000a815a00000,0x000000a815b00000) (1024K)]
  0x000002778b93b030 JavaThread "Daemon"                            [_thread_blocked, id=17940, stack(0x000000a815b00000,0x000000a815c00000) (1024K)]
  0x000002778b4c3930 JavaThread "Handler for socket connection from /127.0.0.1:53248 to /127.0.0.1:53249"        [_thread_in_native, id=13084, stack(0x000000a815c00000,0x000000a815d00000) (1024K)]
  0x000002778b925e90 JavaThread "Cancel handler"                    [_thread_blocked, id=20420, stack(0x000000a815d00000,0x000000a815e00000) (1024K)]
  0x000002778b89d390 JavaThread "Daemon worker"                     [_thread_blocked, id=13360, stack(0x000000a815e00000,0x000000a815f00000) (1024K)]
  0x000002778b899f10 JavaThread "Asynchronous log dispatcher for DefaultDaemonConnection: socket connection from /127.0.0.1:53248 to /127.0.0.1:53249"        [_thread_blocked, id=9852, stack(0x000000a815f00000,0x000000a816000000) (1024K)]
  0x000002778b89ac30 JavaThread "Stdin handler"                     [_thread_blocked, id=17076, stack(0x000000a816000000,0x000000a816100000) (1024K)]
  0x000002778b89a5a0 JavaThread "Daemon client event forwarder"        [_thread_blocked, id=20580, stack(0x000000a816100000,0x000000a816200000) (1024K)]
  0x000002778b89b2c0 JavaThread "Cache worker for journal cache (C:\Users\ADMIN\.gradle\caches\journal-1)"        [_thread_blocked, id=8860, stack(0x000000a816b00000,0x000000a816c00000) (1024K)]
  0x000002778b89bfe0 JavaThread "File lock request listener"        [_thread_in_native, id=1372, stack(0x000000a816c00000,0x000000a816d00000) (1024K)]
  0x000002778b89c670 JavaThread "Cache worker for file hash cache (C:\Users\ADMIN\.gradle\caches\8.13\fileHashes)"        [_thread_blocked, id=9140, stack(0x000000a816d00000,0x000000a816e00000) (1024K)]
  0x000002778b89cd00 JavaThread "Cache worker for file hash cache (D:\AndroidStudioProjects\DACN_1\FinFit\.gradle\8.13\fileHashes)"        [_thread_blocked, id=7600, stack(0x000000a816e00000,0x000000a816f00000) (1024K)]
  0x000002778d0c31a0 JavaThread "Cache worker for Build Output Cleanup Cache (D:\AndroidStudioProjects\DACN_1\FinFit\.gradle\buildOutputCleanup)"        [_thread_blocked, id=4752, stack(0x000000a816f00000,0x000000a817000000) (1024K)]
  0x000002778d0c4550 JavaThread "File watcher server"        daemon [_thread_blocked, id=23660, stack(0x000000a817000000,0x000000a817100000) (1024K)]
  0x000002778d0c3830 JavaThread "File watcher consumer"      daemon [_thread_blocked, id=17100, stack(0x000000a817100000,0x000000a817200000) (1024K)]
  0x000002778d0c3ec0 JavaThread "jar transforms"                    [_thread_blocked, id=6252, stack(0x000000a817200000,0x000000a817300000) (1024K)]
  0x000002778d0c2480 JavaThread "jar transforms Thread 2"           [_thread_blocked, id=18384, stack(0x000000a817300000,0x000000a817400000) (1024K)]
  0x000002778d0c4be0 JavaThread "Cache worker for checksums cache (D:\AndroidStudioProjects\DACN_1\FinFit\.gradle\8.13\checksums)"        [_thread_blocked, id=2488, stack(0x000000a817500000,0x000000a817600000) (1024K)]
  0x000002778d0c5270 JavaThread "Cache worker for file content cache (C:\Users\ADMIN\.gradle\caches\8.13\fileContent)"        [_thread_blocked, id=9912, stack(0x000000a817600000,0x000000a817700000) (1024K)]
  0x000002778d0c8060 JavaThread "jar transforms Thread 3"           [_thread_blocked, id=20744, stack(0x000000a817700000,0x000000a817800000) (1024K)]
  0x000002778d0c8d80 JavaThread "jar transforms Thread 4"           [_thread_blocked, id=19536, stack(0x000000a817800000,0x000000a817900000) (1024K)]
  0x000002778d0c6cb0 JavaThread "jar transforms Thread 5"           [_thread_blocked, id=21608, stack(0x000000a817900000,0x000000a817a00000) (1024K)]
  0x000002778d0c5900 JavaThread "Cache worker for cache directory md-supplier (C:\Users\ADMIN\.gradle\caches\8.13\md-supplier)"        [_thread_blocked, id=21312, stack(0x000000a817a00000,0x000000a817b00000) (1024K)]
  0x000002778d0c9410 JavaThread "Cache worker for cache directory md-rule (C:\Users\ADMIN\.gradle\caches\8.13\md-rule)"        [_thread_blocked, id=13524, stack(0x000000a817b00000,0x000000a817c00000) (1024K)]
  0x000002778d0c79d0 JavaThread "Unconstrained build operations"        [_thread_blocked, id=12000, stack(0x000000a817c00000,0x000000a817d00000) (1024K)]
  0x000002778d0c6620 JavaThread "Unconstrained build operations Thread 2"        [_thread_blocked, id=22760, stack(0x000000a817d00000,0x000000a817e00000) (1024K)]
  0x000002778d0c7340 JavaThread "Unconstrained build operations Thread 3"        [_thread_blocked, id=16264, stack(0x000000a817e00000,0x000000a817f00000) (1024K)]
  0x000002778eb89b70 JavaThread "Unconstrained build operations Thread 4"        [_thread_blocked, id=9540, stack(0x000000a817f00000,0x000000a818000000) (1024K)]
  0x000002778eb8c960 JavaThread "Unconstrained build operations Thread 5"        [_thread_blocked, id=16440, stack(0x000000a818000000,0x000000a818100000) (1024K)]
  0x000002778eb8a200 JavaThread "Unconstrained build operations Thread 6"        [_thread_blocked, id=12376, stack(0x000000a818100000,0x000000a818200000) (1024K)]
  0x000002778eb8b5b0 JavaThread "Unconstrained build operations Thread 7"        [_thread_blocked, id=13392, stack(0x000000a818200000,0x000000a818300000) (1024K)]
  0x000002778eb8af20 JavaThread "Unconstrained build operations Thread 8"        [_thread_blocked, id=11868, stack(0x000000a818300000,0x000000a818400000) (1024K)]
  0x000002778eb8a890 JavaThread "Unconstrained build operations Thread 9"        [_thread_blocked, id=21556, stack(0x000000a818400000,0x000000a818500000) (1024K)]
  0x000002778eb8c2d0 JavaThread "Unconstrained build operations Thread 10"        [_thread_blocked, id=4164, stack(0x000000a818500000,0x000000a818600000) (1024K)]
  0x000002778eb894e0 JavaThread "Unconstrained build operations Thread 11"        [_thread_blocked, id=24044, stack(0x000000a818600000,0x000000a818700000) (1024K)]
  0x000002778eb8ea30 JavaThread "Unconstrained build operations Thread 12"        [_thread_blocked, id=21568, stack(0x000000a818700000,0x000000a818800000) (1024K)]
  0x000002778eb8f0c0 JavaThread "Unconstrained build operations Thread 13"        [_thread_blocked, id=23188, stack(0x000000a818800000,0x000000a818900000) (1024K)]
  0x000002778eb8cff0 JavaThread "Unconstrained build operations Thread 14"        [_thread_blocked, id=7564, stack(0x000000a818900000,0x000000a818a00000) (1024K)]
  0x000002778eb8e3a0 JavaThread "Unconstrained build operations Thread 15"        [_thread_blocked, id=6964, stack(0x000000a818a00000,0x000000a818b00000) (1024K)]
  0x000002778eb8dd10 JavaThread "Unconstrained build operations Thread 16"        [_thread_blocked, id=704, stack(0x000000a818b00000,0x000000a818c00000) (1024K)]
  0x000002778eb8bc40 JavaThread "Unconstrained build operations Thread 17"        [_thread_blocked, id=20832, stack(0x000000a818c00000,0x000000a818d00000) (1024K)]
  0x000002778eb8f750 JavaThread "Unconstrained build operations Thread 18"        [_thread_blocked, id=9520, stack(0x000000a818d00000,0x000000a818e00000) (1024K)]
  0x000002778eb8fde0 JavaThread "Unconstrained build operations Thread 19"        [_thread_blocked, id=15260, stack(0x000000a818e00000,0x000000a818f00000) (1024K)]
  0x000002778eb90470 JavaThread "Unconstrained build operations Thread 20"        [_thread_blocked, id=15552, stack(0x000000a818f00000,0x000000a819000000) (1024K)]
  0x000002778eb90b00 JavaThread "jar transforms Thread 6"           [_thread_blocked, id=24172, stack(0x000000a819000000,0x000000a819100000) (1024K)]
  0x000002778eb8d680 JavaThread "jar transforms Thread 7"           [_thread_blocked, id=13508, stack(0x000000a819100000,0x000000a819200000) (1024K)]
  0x000002778d6339e0 JavaThread "Unconstrained build operations Thread 21"        [_thread_blocked, id=21804, stack(0x000000a819200000,0x000000a819300000) (1024K)]
  0x000002778d631910 JavaThread "Unconstrained build operations Thread 22"        [_thread_blocked, id=18708, stack(0x000000a819300000,0x000000a819400000) (1024K)]
  0x000002778d633350 JavaThread "Unconstrained build operations Thread 23"        [_thread_blocked, id=14116, stack(0x000000a819400000,0x000000a819500000) (1024K)]
  0x000002778d631280 JavaThread "Unconstrained build operations Thread 24"        [_thread_blocked, id=18640, stack(0x000000a819500000,0x000000a819600000) (1024K)]
  0x000002778d632cc0 JavaThread "Unconstrained build operations Thread 25"        [_thread_blocked, id=13460, stack(0x000000a819600000,0x000000a819700000) (1024K)]
  0x000002778d635420 JavaThread "Unconstrained build operations Thread 26"        [_thread_blocked, id=2668, stack(0x000000a819700000,0x000000a819800000) (1024K)]
  0x000002778d634070 JavaThread "Unconstrained build operations Thread 27"        [_thread_blocked, id=15752, stack(0x000000a819800000,0x000000a819900000) (1024K)]
  0x000002778d631fa0 JavaThread "Unconstrained build operations Thread 28"        [_thread_blocked, id=1884, stack(0x000000a819900000,0x000000a819a00000) (1024K)]
  0x000002778d632630 JavaThread "Unconstrained build operations Thread 29"        [_thread_blocked, id=20492, stack(0x000000a819a00000,0x000000a819b00000) (1024K)]
  0x000002778d6374f0 JavaThread "Unconstrained build operations Thread 30"        [_thread_blocked, id=22084, stack(0x000000a819b00000,0x000000a819c00000) (1024K)]
  0x000002778d636e60 JavaThread "jar transforms Thread 8"           [_thread_blocked, id=11040, stack(0x000000a819c00000,0x000000a819d00000) (1024K)]
  0x000002778d636140 JavaThread "jar transforms Thread 9"           [_thread_blocked, id=21168, stack(0x000000a819d00000,0x000000a819e00000) (1024K)]
  0x000002778d6367d0 JavaThread "jar transforms Thread 10"          [_thread_blocked, id=10376, stack(0x000000a819e00000,0x000000a819f00000) (1024K)]
  0x000002778d7bcde0 JavaThread "Unconstrained build operations Thread 31"        [_thread_blocked, id=20572, stack(0x000000a815700000,0x000000a815800000) (1024K)]
  0x000002778d7be190 JavaThread "Unconstrained build operations Thread 32"        [_thread_blocked, id=22888, stack(0x000000a817400000,0x000000a817500000) (1024K)]
  0x000002778d7be820 JavaThread "Unconstrained build operations Thread 33"        [_thread_blocked, id=7308, stack(0x000000a819f00000,0x000000a81a000000) (1024K)]
  0x000002778d7bfbd0 JavaThread "Unconstrained build operations Thread 34"        [_thread_blocked, id=7264, stack(0x000000a81a000000,0x000000a81a100000) (1024K)]
  0x000002778d7beeb0 JavaThread "Unconstrained build operations Thread 35"        [_thread_blocked, id=19500, stack(0x000000a81a100000,0x000000a81a200000) (1024K)]
  0x000002778d7c0260 JavaThread "Unconstrained build operations Thread 36"        [_thread_blocked, id=23148, stack(0x000000a81a200000,0x000000a81a300000) (1024K)]
  0x000002778d7bdb00 JavaThread "Unconstrained build operations Thread 37"        [_thread_blocked, id=15316, stack(0x000000a81a300000,0x000000a81a400000) (1024K)]
  0x000002778d7c08f0 JavaThread "Unconstrained build operations Thread 38"        [_thread_blocked, id=24496, stack(0x000000a81a400000,0x000000a81a500000) (1024K)]
  0x000002778d7bf540 JavaThread "Unconstrained build operations Thread 39"        [_thread_blocked, id=11168, stack(0x000000a81a500000,0x000000a81a600000) (1024K)]
  0x000002778d7bd470 JavaThread "Unconstrained build operations Thread 40"        [_thread_blocked, id=16796, stack(0x000000a81a600000,0x000000a81a700000) (1024K)]
  0x000002778d7c4400 JavaThread "Unconstrained build operations Thread 41"        [_thread_blocked, id=19548, stack(0x000000a81a700000,0x000000a81a800000) (1024K)]
  0x000002778d7c29c0 JavaThread "Unconstrained build operations Thread 42"        [_thread_blocked, id=12940, stack(0x000000a81a800000,0x000000a81a900000) (1024K)]
  0x000002778d7c1ca0 JavaThread "Unconstrained build operations Thread 43"        [_thread_blocked, id=9724, stack(0x000000a81a900000,0x000000a81aa00000) (1024K)]
  0x000002778d7c3050 JavaThread "Unconstrained build operations Thread 44"        [_thread_blocked, id=7528, stack(0x000000a81aa00000,0x000000a81ab00000) (1024K)]
  0x000002778d7c1610 JavaThread "Unconstrained build operations Thread 45"        [_thread_blocked, id=16580, stack(0x000000a81ab00000,0x000000a81ac00000) (1024K)]
  0x000002778d7c0f80 JavaThread "Unconstrained build operations Thread 46"        [_thread_blocked, id=12128, stack(0x000000a81ac00000,0x000000a81ad00000) (1024K)]
  0x000002778d7c36e0 JavaThread "Unconstrained build operations Thread 47"        [_thread_blocked, id=2896, stack(0x000000a81ad00000,0x000000a81ae00000) (1024K)]
  0x000002778d7c2330 JavaThread "Unconstrained build operations Thread 48"        [_thread_blocked, id=11140, stack(0x000000a81ae00000,0x000000a81af00000) (1024K)]
  0x000002778d7c3d70 JavaThread "Unconstrained build operations Thread 49"        [_thread_blocked, id=21548, stack(0x000000a81af00000,0x000000a81b000000) (1024K)]
  0x000002778d71efb0 JavaThread "Unconstrained build operations Thread 50"        [_thread_blocked, id=22524, stack(0x000000a81b000000,0x000000a81b100000) (1024K)]
  0x000002778d71cee0 JavaThread "Unconstrained build operations Thread 51"        [_thread_blocked, id=5116, stack(0x000000a81b100000,0x000000a81b200000) (1024K)]
  0x000002778d71d570 JavaThread "Unconstrained build operations Thread 52"        [_thread_blocked, id=4680, stack(0x000000a81b200000,0x000000a81b300000) (1024K)]
  0x000002778d7209f0 JavaThread "Unconstrained build operations Thread 53"        [_thread_blocked, id=12772, stack(0x000000a81b300000,0x000000a81b400000) (1024K)]
  0x000002778d71f640 JavaThread "Unconstrained build operations Thread 54"        [_thread_blocked, id=22016, stack(0x000000a81b400000,0x000000a81b500000) (1024K)]
  0x000002778d71dc00 JavaThread "Unconstrained build operations Thread 55"        [_thread_blocked, id=18212, stack(0x000000a81b500000,0x000000a81b600000) (1024K)]
  0x000002778d720360 JavaThread "Unconstrained build operations Thread 56"        [_thread_blocked, id=19448, stack(0x000000a81b600000,0x000000a81b700000) (1024K)]
  0x000002778d721710 JavaThread "Unconstrained build operations Thread 57"        [_thread_blocked, id=23256, stack(0x000000a81b700000,0x000000a81b800000) (1024K)]
  0x000002778d71e290 JavaThread "Unconstrained build operations Thread 58"        [_thread_blocked, id=18888, stack(0x000000a81b800000,0x000000a81b900000) (1024K)]
  0x000002778d71fcd0 JavaThread "Unconstrained build operations Thread 59"        [_thread_blocked, id=2216, stack(0x000000a81b900000,0x000000a81ba00000) (1024K)]
  0x000002778d721da0 JavaThread "Unconstrained build operations Thread 60"        [_thread_blocked, id=22400, stack(0x000000a81ba00000,0x000000a81bb00000) (1024K)]
  0x000002778d722ac0 JavaThread "Unconstrained build operations Thread 61"        [_thread_blocked, id=16212, stack(0x000000a81bb00000,0x000000a81bc00000) (1024K)]
  0x000002778d724500 JavaThread "Unconstrained build operations Thread 62"        [_thread_blocked, id=21856, stack(0x000000a81bc00000,0x000000a81bd00000) (1024K)]
  0x000002778d722430 JavaThread "Unconstrained build operations Thread 63"        [_thread_blocked, id=18776, stack(0x000000a81bd00000,0x000000a81be00000) (1024K)]
  0x000002778d723150 JavaThread "Unconstrained build operations Thread 64"        [_thread_blocked, id=14552, stack(0x000000a81be00000,0x000000a81bf00000) (1024K)]
  0x000002778d7237e0 JavaThread "Unconstrained build operations Thread 65"        [_thread_blocked, id=17384, stack(0x000000a81bf00000,0x000000a81c000000) (1024K)]
  0x000002778d723e70 JavaThread "Unconstrained build operations Thread 66"        [_thread_blocked, id=17512, stack(0x000000a81c000000,0x000000a81c100000) (1024K)]
  0x000002778d158d80 JavaThread "Unconstrained build operations Thread 67"        [_thread_blocked, id=16664, stack(0x000000a81c100000,0x000000a81c200000) (1024K)]
  0x000002778d157340 JavaThread "Unconstrained build operations Thread 68"        [_thread_blocked, id=12100, stack(0x000000a81c200000,0x000000a81c300000) (1024K)]
  0x000002778d15a130 JavaThread "Unconstrained build operations Thread 69"        [_thread_blocked, id=19812, stack(0x000000a81c300000,0x000000a81c400000) (1024K)]
  0x000002778d158060 JavaThread "Unconstrained build operations Thread 70"        [_thread_blocked, id=7124, stack(0x000000a81c400000,0x000000a81c500000) (1024K)]
  0x000002778d15a7c0 JavaThread "Unconstrained build operations Thread 71"        [_thread_blocked, id=4132, stack(0x000000a81c500000,0x000000a81c600000) (1024K)]
  0x000002778d1579d0 JavaThread "Unconstrained build operations Thread 72"        [_thread_blocked, id=22816, stack(0x000000a81c600000,0x000000a81c700000) (1024K)]
  0x000002778d159aa0 JavaThread "Unconstrained build operations Thread 73"        [_thread_blocked, id=15372, stack(0x000000a81c700000,0x000000a81c800000) (1024K)]
  0x000002778d159410 JavaThread "Unconstrained build operations Thread 74"        [_thread_blocked, id=15736, stack(0x000000a81c800000,0x000000a81c900000) (1024K)]
  0x000002778d1586f0 JavaThread "Unconstrained build operations Thread 75"        [_thread_blocked, id=8680, stack(0x000000a81c900000,0x000000a81ca00000) (1024K)]
  0x000002778dc4f4a0 JavaThread "jar transforms Thread 11"          [_thread_blocked, id=8372, stack(0x000000a81cd00000,0x000000a81ce00000) (1024K)]
  0x000002778dc4c6b0 JavaThread "build event listener"              [_thread_blocked, id=21760, stack(0x000000a815000000,0x000000a815100000) (1024K)]
  0x000002778dc4e0f0 JavaThread "Memory manager"                    [_thread_blocked, id=22732, stack(0x000000a81ca00000,0x000000a81cb00000) (1024K)]
  0x000002778dc50850 JavaThread "build event listener"              [_thread_blocked, id=20248, stack(0x000000a81ce00000,0x000000a81cf00000) (1024K)]
  0x0000027790ca57d0 JavaThread "jar transforms Thread 12"          [_thread_blocked, id=19164, stack(0x000000a81cb00000,0x000000a81cc00000) (1024K)]
  0x0000027790ca3070 JavaThread "Problems report writer"            [_thread_blocked, id=2280, stack(0x000000a81cc00000,0x000000a81cd00000) (1024K)]
  0x00000277895ec500 JavaThread "pool-3-thread-1"                   [_thread_blocked, id=2112, stack(0x000000a81d000000,0x000000a81d100000) (1024K)]
  0x00000277895e9080 JavaThread "build event listener"              [_thread_blocked, id=9688, stack(0x000000a81d100000,0x000000a81d200000) (1024K)]
  0x00000277895e9710 JavaThread "included builds"                   [_thread_blocked, id=19112, stack(0x000000a81d200000,0x000000a81d300000) (1024K)]
  0x00000277895ed220 JavaThread "Execution worker"                  [_thread_blocked, id=8856, stack(0x000000a81d300000,0x000000a81d400000) (1024K)]
  0x00000277895ea430 JavaThread "Execution worker Thread 2"         [_thread_blocked, id=9336, stack(0x000000a81d400000,0x000000a81d500000) (1024K)]
  0x00000277895eaac0 JavaThread "Execution worker Thread 3"         [_thread_blocked, id=16708, stack(0x000000a81d500000,0x000000a81d600000) (1024K)]
  0x00000277895e9da0 JavaThread "Execution worker Thread 4"         [_thread_blocked, id=15808, stack(0x000000a81d600000,0x000000a81d700000) (1024K)]
  0x00000277895ed8b0 JavaThread "Execution worker Thread 5"         [_thread_blocked, id=18316, stack(0x000000a81d700000,0x000000a81d800000) (1024K)]
  0x00000277895edf40 JavaThread "Execution worker Thread 6"         [_thread_blocked, id=7952, stack(0x000000a81d800000,0x000000a81d900000) (1024K)]
  0x00000277895eb7e0 JavaThread "Execution worker Thread 7"         [_thread_blocked, id=18884, stack(0x000000a81d900000,0x000000a81da00000) (1024K)]
  0x00000277895ee5d0 JavaThread "Execution worker Thread 8"         [_thread_blocked, id=19176, stack(0x000000a81da00000,0x000000a81db00000) (1024K)]
  0x00000277895eb150 JavaThread "Execution worker Thread 9"         [_thread_blocked, id=16540, stack(0x000000a81db00000,0x000000a81dc00000) (1024K)]
  0x00000277895ebe70 JavaThread "Execution worker Thread 10"        [_thread_blocked, id=12184, stack(0x000000a81dc00000,0x000000a81dd00000) (1024K)]
  0x00000277895ef2f0 JavaThread "Execution worker Thread 11"        [_thread_blocked, id=20104, stack(0x000000a81dd00000,0x000000a81de00000) (1024K)]
  0x00000277895ef980 JavaThread "Execution worker Thread 12"        [_thread_blocked, id=14972, stack(0x000000a81de00000,0x000000a81df00000) (1024K)]
  0x00000277895f0010 JavaThread "Execution worker Thread 13"        [_thread_blocked, id=17500, stack(0x000000a81df00000,0x000000a81e000000) (1024K)]
  0x00000277895eec60 JavaThread "Execution worker Thread 14"        [_thread_blocked, id=22640, stack(0x000000a81e000000,0x000000a81e100000) (1024K)]
  0x000002778cac85f0 JavaThread "Execution worker Thread 15"        [_thread_blocked, id=4504, stack(0x000000a81e100000,0x000000a81e200000) (1024K)]
  0x000002778cac5800 JavaThread "Cache worker for execution history cache (D:\AndroidStudioProjects\DACN_1\FinFit\.gradle\8.13\executionHistory)"        [_thread_blocked, id=13608, stack(0x000000a81e200000,0x000000a81e300000) (1024K)]
  0x000002778cac78d0 JavaThread "Unconstrained build operations Thread 76"        [_thread_blocked, id=13236, stack(0x000000a81e300000,0x000000a81e400000) (1024K)]
  0x000002778cac7f60 JavaThread "Unconstrained build operations Thread 77"        [_thread_blocked, id=13976, stack(0x000000a81e400000,0x000000a81e500000) (1024K)]
  0x000002778cac5170 JavaThread "Unconstrained build operations Thread 78"        [_thread_blocked, id=2020, stack(0x000000a81e500000,0x000000a81e600000) (1024K)]
  0x000002778cac7240 JavaThread "Unconstrained build operations Thread 79"        [_thread_blocked, id=16912, stack(0x000000a81e600000,0x000000a81e700000) (1024K)]
  0x000002778cac8c80 JavaThread "Unconstrained build operations Thread 80"        [_thread_blocked, id=11288, stack(0x000000a81e700000,0x000000a81e800000) (1024K)]
  0x000002778cac9310 JavaThread "Unconstrained build operations Thread 81"        [_thread_blocked, id=21992, stack(0x000000a81e800000,0x000000a81e900000) (1024K)]
  0x000002778cac5e90 JavaThread "Unconstrained build operations Thread 82"        [_thread_blocked, id=19452, stack(0x000000a81e900000,0x000000a81ea00000) (1024K)]
  0x000002778cac6520 JavaThread "Unconstrained build operations Thread 83"        [_thread_blocked, id=1840, stack(0x000000a81ea00000,0x000000a81eb00000) (1024K)]
  0x000002778cacad50 JavaThread "Unconstrained build operations Thread 84"        [_thread_blocked, id=23236, stack(0x000000a81eb00000,0x000000a81ec00000) (1024K)]
  0x000002778caca030 JavaThread "Unconstrained build operations Thread 85"        [_thread_blocked, id=17792, stack(0x000000a81ec00000,0x000000a81ed00000) (1024K)]
  0x000002778cac99a0 JavaThread "Unconstrained build operations Thread 86"        [_thread_blocked, id=10932, stack(0x000000a81ed00000,0x000000a81ee00000) (1024K)]
  0x000002778caca6c0 JavaThread "Unconstrained build operations Thread 87"        [_thread_blocked, id=21900, stack(0x000000a81ee00000,0x000000a81ef00000) (1024K)]
  0x000002778cacc790 JavaThread "Unconstrained build operations Thread 88"        [_thread_blocked, id=7176, stack(0x000000a81ef00000,0x000000a81f000000) (1024K)]
  0x000002778cacb3e0 JavaThread "Unconstrained build operations Thread 89"        [_thread_blocked, id=20400, stack(0x000000a81f000000,0x000000a81f100000) (1024K)]
  0x000002778cacce20 JavaThread "Unconstrained build operations Thread 90"        [_thread_blocked, id=1808, stack(0x000000a81f100000,0x000000a81f200000) (1024K)]
  0x000002778cace1d0 JavaThread "Unconstrained build operations Thread 91"        [_thread_blocked, id=18584, stack(0x000000a81f400000,0x000000a81f500000) (1024K)]
  0x000002778cace860 JavaThread "Unconstrained build operations Thread 92"        [_thread_blocked, id=17124, stack(0x000000a81f500000,0x000000a81f600000) (1024K)]
  0x000002778cacdb40 JavaThread "Unconstrained build operations Thread 93"        [_thread_blocked, id=11416, stack(0x000000a81f600000,0x000000a81f700000) (1024K)]
  0x000002778caceef0 JavaThread "Unconstrained build operations Thread 94"        [_thread_blocked, id=19696, stack(0x000000a81f700000,0x000000a81f800000) (1024K)]
  0x000002778cacc100 JavaThread "Unconstrained build operations Thread 95"        [_thread_blocked, id=24188, stack(0x000000a81f800000,0x000000a81f900000) (1024K)]
  0x000002778cad1ce0 JavaThread "Unconstrained build operations Thread 96"        [_thread_blocked, id=18540, stack(0x000000a81f900000,0x000000a81fa00000) (1024K)]
  0x000002778cad2370 JavaThread "Unconstrained build operations Thread 97"        [_thread_blocked, id=12500, stack(0x000000a81fa00000,0x000000a81fb00000) (1024K)]
  0x000002778cad2a00 JavaThread "Unconstrained build operations Thread 98"        [_thread_blocked, id=6916, stack(0x000000a81fb00000,0x000000a81fc00000) (1024K)]
  0x000002778cad3090 JavaThread "Unconstrained build operations Thread 99"        [_thread_blocked, id=16676, stack(0x000000a81fc00000,0x000000a81fd00000) (1024K)]
  0x000002778cad1650 JavaThread "Unconstrained build operations Thread 100"        [_thread_blocked, id=9832, stack(0x000000a81fd00000,0x000000a81fe00000) (1024K)]
  0x000002778cacfc10 JavaThread "Unconstrained build operations Thread 101"        [_thread_blocked, id=7216, stack(0x000000a81fe00000,0x000000a81ff00000) (1024K)]
  0x000002778cad3720 JavaThread "Unconstrained build operations Thread 102"        [_thread_blocked, id=10256, stack(0x000000a81ff00000,0x000000a820000000) (1024K)]
  0x000002778cad02a0 JavaThread "Unconstrained build operations Thread 103"        [_thread_blocked, id=18972, stack(0x000000a820000000,0x000000a820100000) (1024K)]
  0x000002778cad3db0 JavaThread "Unconstrained build operations Thread 104"        [_thread_blocked, id=13116, stack(0x000000a820100000,0x000000a820200000) (1024K)]
  0x000002778cad0930 JavaThread "Unconstrained build operations Thread 105"        [_thread_blocked, id=8080, stack(0x000000a820200000,0x000000a820300000) (1024K)]
  0x0000027790caa690 JavaThread "Unconstrained build operations Thread 106"        [_thread_blocked, id=16868, stack(0x000000a820300000,0x000000a820400000) (1024K)]
  0x0000027790ca85c0 JavaThread "Unconstrained build operations Thread 107"        [_thread_blocked, id=14040, stack(0x000000a820400000,0x000000a820500000) (1024K)]
  0x0000027790ca8c50 JavaThread "Unconstrained build operations Thread 108"        [_thread_blocked, id=11936, stack(0x000000a820500000,0x000000a820600000) (1024K)]
  0x0000027790ca92e0 JavaThread "Unconstrained build operations Thread 109"        [_thread_blocked, id=3828, stack(0x000000a820600000,0x000000a820700000) (1024K)]
  0x0000027790ca9970 JavaThread "Unconstrained build operations Thread 110"        [_thread_blocked, id=6324, stack(0x000000a820700000,0x000000a820800000) (1024K)]
  0x000002778dc4ee10 JavaThread "Unconstrained build operations Thread 111"        [_thread_blocked, id=17324, stack(0x000000a820800000,0x000000a820900000) (1024K)]
  0x000002778dc52920 JavaThread "Unconstrained build operations Thread 112"        [_thread_blocked, id=11996, stack(0x000000a820900000,0x000000a820a00000) (1024K)]
  0x000002778dc53640 JavaThread "Unconstrained build operations Thread 113"        [_thread_blocked, id=21616, stack(0x000000a820a00000,0x000000a820b00000) (1024K)]
  0x000002778dc51570 JavaThread "Unconstrained build operations Thread 114"        [_thread_blocked, id=13440, stack(0x000000a820b00000,0x000000a820c00000) (1024K)]
  0x00000277895e89f0 JavaThread "Unconstrained build operations Thread 115"        [_thread_blocked, id=492, stack(0x000000a820c00000,0x000000a820d00000) (1024K)]
  0x00000277969aa840 JavaThread "Unconstrained build operations Thread 116"        [_thread_blocked, id=15744, stack(0x000000a820d00000,0x000000a820e00000) (1024K)]
  0x00000277969ac280 JavaThread "Unconstrained build operations Thread 117"        [_thread_blocked, id=12792, stack(0x000000a820e00000,0x000000a820f00000) (1024K)]
  0x00000277969aaed0 JavaThread "Unconstrained build operations Thread 118"        [_thread_blocked, id=10992, stack(0x000000a820f00000,0x000000a821000000) (1024K)]
  0x00000277969ac910 JavaThread "Unconstrained build operations Thread 119"        [_thread_blocked, id=23860, stack(0x000000a821000000,0x000000a821100000) (1024K)]
  0x00000277969aa1b0 JavaThread "Unconstrained build operations Thread 120"        [_thread_blocked, id=20892, stack(0x000000a821100000,0x000000a821200000) (1024K)]
  0x00000277969adcc0 JavaThread "Unconstrained build operations Thread 121"        [_thread_blocked, id=16712, stack(0x000000a821500000,0x000000a821600000) (1024K)]
  0x00000277969ae350 JavaThread "Unconstrained build operations Thread 122"        [_thread_blocked, id=13936, stack(0x000000a821600000,0x000000a821700000) (1024K)]
  0x00000277969ae9e0 JavaThread "Unconstrained build operations Thread 123"        [_thread_blocked, id=19976, stack(0x000000a821700000,0x000000a821800000) (1024K)]
  0x00000277969abbf0 JavaThread "Unconstrained build operations Thread 124"        [_thread_blocked, id=19552, stack(0x000000a821800000,0x000000a821900000) (1024K)]
  0x00000277969ab560 JavaThread "Unconstrained build operations Thread 125"        [_thread_blocked, id=21512, stack(0x000000a821900000,0x000000a821a00000) (1024K)]
  0x00000277969af700 JavaThread "Unconstrained build operations Thread 126"        [_thread_blocked, id=7324, stack(0x000000a821a00000,0x000000a821b00000) (1024K)]
  0x00000277969b0420 JavaThread "Unconstrained build operations Thread 127"        [_thread_blocked, id=9344, stack(0x000000a821b00000,0x000000a821c00000) (1024K)]
  0x00000277969acfa0 JavaThread "Unconstrained build operations Thread 128"        [_thread_blocked, id=8312, stack(0x000000a821c00000,0x000000a821d00000) (1024K)]
  0x00000277969b17d0 JavaThread "Unconstrained build operations Thread 129"        [_thread_blocked, id=24252, stack(0x000000a821d00000,0x000000a821e00000) (1024K)]
  0x00000277969b0ab0 JavaThread "Unconstrained build operations Thread 130"        [_thread_blocked, id=11932, stack(0x000000a821e00000,0x000000a821f00000) (1024K)]
  0x00000277969af070 JavaThread "Unconstrained build operations Thread 131"        [_thread_blocked, id=21788, stack(0x000000a821f00000,0x000000a822000000) (1024K)]
  0x00000277969b1140 JavaThread "Unconstrained build operations Thread 132"        [_thread_blocked, id=22972, stack(0x000000a822000000,0x000000a822100000) (1024K)]
  0x00000277969afd90 JavaThread "Unconstrained build operations Thread 133"        [_thread_blocked, id=19016, stack(0x000000a822100000,0x000000a822200000) (1024K)]
  0x0000027797a7c7a0 JavaThread "Unconstrained build operations Thread 134"        [_thread_blocked, id=5428, stack(0x000000a822200000,0x000000a822300000) (1024K)]
  0x0000027797a7db50 JavaThread "Unconstrained build operations Thread 135"        [_thread_blocked, id=7708, stack(0x000000a822300000,0x000000a822400000) (1024K)]
  0x0000027797a7ce30 JavaThread "Unconstrained build operations Thread 136"        [_thread_blocked, id=21028, stack(0x000000a822400000,0x000000a822500000) (1024K)]
  0x0000027797a7b3f0 JavaThread "Unconstrained build operations Thread 137"        [_thread_blocked, id=1180, stack(0x000000a822500000,0x000000a822600000) (1024K)]
  0x0000027797a7e1e0 JavaThread "Unconstrained build operations Thread 138"        [_thread_blocked, id=4856, stack(0x000000a822600000,0x000000a822700000) (1024K)]
  0x0000027797a7ba80 JavaThread "Unconstrained build operations Thread 139"        [_thread_blocked, id=6764, stack(0x000000a822700000,0x000000a822800000) (1024K)]
  0x0000027797a7d4c0 JavaThread "Unconstrained build operations Thread 140"        [_thread_blocked, id=23132, stack(0x000000a822800000,0x000000a822900000) (1024K)]
  0x0000027797a7e870 JavaThread "Unconstrained build operations Thread 141"        [_thread_blocked, id=17568, stack(0x000000a822900000,0x000000a822a00000) (1024K)]
  0x0000027797a7ef00 JavaThread "Unconstrained build operations Thread 142"        [_thread_blocked, id=21420, stack(0x000000a822a00000,0x000000a822b00000) (1024K)]
  0x0000027797a7f590 JavaThread "Unconstrained build operations Thread 143"        [_thread_blocked, id=14960, stack(0x000000a822b00000,0x000000a822c00000) (1024K)]
  0x0000027797a7c110 JavaThread "Unconstrained build operations Thread 144"        [_thread_blocked, id=7316, stack(0x000000a822c00000,0x000000a822d00000) (1024K)]
  0x0000027797a830a0 JavaThread "Unconstrained build operations Thread 145"        [_thread_blocked, id=4004, stack(0x000000a822d00000,0x000000a822e00000) (1024K)]
  0x0000027797a7fc20 JavaThread "Unconstrained build operations Thread 146"        [_thread_blocked, id=17004, stack(0x000000a822e00000,0x000000a822f00000) (1024K)]
  0x0000027797a802b0 JavaThread "Unconstrained build operations Thread 147"        [_thread_blocked, id=21964, stack(0x000000a822f00000,0x000000a823000000) (1024K)]
  0x0000027797a80940 JavaThread "Unconstrained build operations Thread 148"        [_thread_blocked, id=16996, stack(0x000000a823000000,0x000000a823100000) (1024K)]
  0x0000027797a81cf0 JavaThread "Unconstrained build operations Thread 149"        [_thread_blocked, id=24080, stack(0x000000a823100000,0x000000a823200000) (1024K)]
  0x0000027797a83dc0 JavaThread "Unconstrained build operations Thread 150"        [_thread_blocked, id=13196, stack(0x000000a823200000,0x000000a823300000) (1024K)]
  0x0000027797a80fd0 JavaThread "Unconstrained build operations Thread 151"        [_thread_blocked, id=15952, stack(0x000000a823300000,0x000000a823400000) (1024K)]
  0x0000027791481560 JavaThread "WorkerExecutor Queue"              [_thread_blocked, id=440, stack(0x000000a821200000,0x000000a821300000) (1024K)]
  0x0000027791480ed0 JavaThread "Unconstrained build operations Thread 152"        [_thread_blocked, id=6028, stack(0x000000a821300000,0x000000a821400000) (1024K)]
  0x000002779147e0e0 JavaThread "Unconstrained build operations Thread 153"        [_thread_blocked, id=13408, stack(0x000000a821400000,0x000000a821500000) (1024K)]
  0x000002779147fb20 JavaThread "Unconstrained build operations Thread 154"        [_thread_blocked, id=19072, stack(0x000000a823400000,0x000000a823500000) (1024K)]
  0x000002779147f490 JavaThread "Unconstrained build operations Thread 155"        [_thread_blocked, id=7624, stack(0x000000a823500000,0x000000a823600000) (1024K)]
  0x00000277914801b0 JavaThread "Unconstrained build operations Thread 156"        [_thread_blocked, id=11144, stack(0x000000a823600000,0x000000a823700000) (1024K)]
  0x000002779147e770 JavaThread "Unconstrained build operations Thread 157"        [_thread_blocked, id=8304, stack(0x000000a823700000,0x000000a823800000) (1024K)]
  0x0000027791482280 JavaThread "Unconstrained build operations Thread 158"        [_thread_blocked, id=17128, stack(0x000000a823a00000,0x000000a823b00000) (1024K)]
  0x0000027791481bf0 JavaThread "Unconstrained build operations Thread 159"        [_thread_blocked, id=16752, stack(0x000000a823b00000,0x000000a823c00000) (1024K)]
  0x0000027791480840 JavaThread "Unconstrained build operations Thread 160"        [_thread_blocked, id=17908, stack(0x000000a823c00000,0x000000a823d00000) (1024K)]
  0x0000027791489f30 JavaThread "WorkerExecutor Queue Thread 2"        [_thread_blocked, id=24236, stack(0x000000a823d00000,0x000000a823e00000) (1024K)]
  0x0000027791487140 JavaThread "pool-4-thread-1"                   [_thread_blocked, id=8284, stack(0x000000a823e00000,0x000000a823f00000) (1024K)]
  0x000002779148ac50 JavaThread "stderr"                            [_thread_in_native, id=1872, stack(0x000000a823f00000,0x000000a824000000) (1024K)]
  0x000002779148b2e0 JavaThread "stdout"                            [_thread_in_native, id=15108, stack(0x000000a824000000,0x000000a824100000) (1024K)]
  0x000002778c5d5c00 JavaThread "C1 CompilerThread2"         daemon [_thread_blocked, id=22796, stack(0x000000a814d00000,0x000000a814e00000) (1024K)]
  0x000002778c5d2c50 JavaThread "C1 CompilerThread3"         daemon [_thread_blocked, id=20192, stack(0x000000a814e00000,0x000000a814f00000) (1024K)]
  0x000002778c5d7e10 JavaThread "C2 CompilerThread1"         daemon [_thread_blocked, id=20260, stack(0x000000a815100000,0x000000a815200000) (1024K)]
  0x000002778c5d7740 JavaThread "C2 CompilerThread2"         daemon [_thread_blocked, id=13268, stack(0x000000a81cf00000,0x000000a81d000000) (1024K)]
  0x000002778c5d84e0 JavaThread "C2 CompilerThread3"         daemon [_thread_blocked, id=15888, stack(0x000000a81f200000,0x000000a81f300000) (1024K)]
  0x000002778c5d4e60 JavaThread "C2 CompilerThread4"         daemon [_thread_blocked, id=3584, stack(0x000000a81f300000,0x000000a81f400000) (1024K)]
  0x000002778c5d9280 JavaThread "C2 CompilerThread5"         daemon [_thread_blocked, id=12832, stack(0x000000a824100000,0x000000a824200000) (1024K)]
  0x000002778c5d8bb0 JavaThread "C2 CompilerThread6"         daemon [_thread_blocked, id=11920, stack(0x000000a824200000,0x000000a824300000) (1024K)]
  0x0000027791483cc0 JavaThread "WorkerExecutor Queue Thread 3"        [_thread_blocked, id=16568, stack(0x000000a824300000,0x000000a824400000) (1024K)]
  0x0000027791482fa0 JavaThread "WorkerExecutor Queue Thread 4"        [_thread_blocked, id=15856, stack(0x000000a824400000,0x000000a824500000) (1024K)]
  0x0000027791484350 JavaThread "WorkerExecutor Queue Thread 5"        [_thread_blocked, id=21412, stack(0x000000a824500000,0x000000a824600000) (1024K)]
  0x0000027791483630 JavaThread "WorkerExecutor Queue Thread 6"        [_thread_blocked, id=13716, stack(0x000000a824600000,0x000000a824700000) (1024K)]
  0x0000027791485700 JavaThread "WorkerExecutor Queue Thread 7"        [_thread_blocked, id=11796, stack(0x000000a824700000,0x000000a824800000) (1024K)]
  0x0000027791485d90 JavaThread "WorkerExecutor Queue Thread 8"        [_thread_blocked, id=9204, stack(0x000000a824800000,0x000000a824900000) (1024K)]
  0x0000027791482910 JavaThread "WorkerExecutor Queue Thread 9"        [_thread_blocked, id=15400, stack(0x000000a824900000,0x000000a824a00000) (1024K)]
  0x0000027791486ab0 JavaThread "WorkerExecutor Queue Thread 10"        [_thread_blocked, id=10224, stack(0x000000a824a00000,0x000000a824b00000) (1024K)]
  0x0000027791487e60 JavaThread "WorkerExecutor Queue Thread 11"        [_thread_blocked, id=14884, stack(0x000000a824b00000,0x000000a824c00000) (1024K)]
  0x00000277914884f0 JavaThread "WorkerExecutor Queue Thread 12"        [_thread_blocked, id=1904, stack(0x000000a824c00000,0x000000a824d00000) (1024K)]
  0x0000027791488b80 JavaThread "WorkerExecutor Queue Thread 13"        [_thread_blocked, id=21328, stack(0x000000a824d00000,0x000000a824e00000) (1024K)]
  0x00000277914898a0 JavaThread "WorkerExecutor Queue Thread 14"        [_thread_blocked, id=9844, stack(0x000000a824e00000,0x000000a824f00000) (1024K)]
  0x000002779148b970 JavaThread "WorkerExecutor Queue Thread 16"        [_thread_blocked, id=8780, stack(0x000000a825000000,0x000000a825100000) (1024K)]
  0x000002779148c690 JavaThread "WorkerExecutor Queue Thread 17"        [_thread_blocked, id=1880, stack(0x000000a825100000,0x000000a825200000) (1024K)]
  0x000002779878b3e0 JavaThread "C2 CompilerThread7"         daemon [_thread_blocked, id=23500, stack(0x000000a825200000,0x000000a825300000) (1024K)]
Total: 256

Other Threads:
=>0x00000277841f7590 VMThread "VM Thread"                           [id=6576, stack(0x000000a814200000,0x000000a814300000) (1024K)]
  0x00000277841b5340 WatcherThread "VM Periodic Task Thread"        [id=20820, stack(0x000000a814100000,0x000000a814200000) (1024K)]
  0x00000277ea2a65f0 WorkerThread "GC Thread#0"                     [id=13428, stack(0x000000a813c00000,0x000000a813d00000) (1024K)]
  0x00000277896f4700 WorkerThread "GC Thread#1"                     [id=15968, stack(0x000000a815200000,0x000000a815300000) (1024K)]
  0x00000277896f4aa0 WorkerThread "GC Thread#2"                     [id=6284, stack(0x000000a815300000,0x000000a815400000) (1024K)]
  0x00000277896f4e40 WorkerThread "GC Thread#3"                     [id=11664, stack(0x000000a815400000,0x000000a815500000) (1024K)]
  0x00000277896f55e0 WorkerThread "GC Thread#4"                     [id=952, stack(0x000000a815500000,0x000000a815600000) (1024K)]
  0x00000277896f5980 WorkerThread "GC Thread#5"                     [id=21960, stack(0x000000a815600000,0x000000a815700000) (1024K)]
  0x000002778b1483c0 WorkerThread "GC Thread#6"                     [id=6552, stack(0x000000a816200000,0x000000a816300000) (1024K)]
  0x000002778b149240 WorkerThread "GC Thread#7"                     [id=20284, stack(0x000000a816300000,0x000000a816400000) (1024K)]
  0x000002778b148760 WorkerThread "GC Thread#8"                     [id=20720, stack(0x000000a816400000,0x000000a816500000) (1024K)]
  0x000002778b148b00 WorkerThread "GC Thread#9"                     [id=19864, stack(0x000000a816500000,0x000000a816600000) (1024K)]
  0x000002778b148ea0 WorkerThread "GC Thread#10"                    [id=1940, stack(0x000000a816600000,0x000000a816700000) (1024K)]
  0x000002778b1478e0 WorkerThread "GC Thread#11"                    [id=10392, stack(0x000000a816700000,0x000000a816800000) (1024K)]
  0x000002778b147c80 WorkerThread "GC Thread#12"                    [id=13032, stack(0x000000a816800000,0x000000a816900000) (1024K)]
  0x00000277ea2b75d0 ConcurrentGCThread "G1 Main Marker"            [id=1420, stack(0x000000a813d00000,0x000000a813e00000) (1024K)]
  0x00000277ea2b80d0 WorkerThread "G1 Conc#0"                       [id=14480, stack(0x000000a813e00000,0x000000a813f00000) (1024K)]
  0x000002778b148020 WorkerThread "G1 Conc#1"                       [id=11276, stack(0x000000a816900000,0x000000a816a00000) (1024K)]
  0x000002778b88ddd0 WorkerThread "G1 Conc#2"                       [id=4036, stack(0x000000a816a00000,0x000000a816b00000) (1024K)]
  0x0000027784087050 ConcurrentGCThread "G1 Refine#0"               [id=14496, stack(0x000000a813f00000,0x000000a814000000) (1024K)]
  0x0000027784087870 ConcurrentGCThread "G1 Service"                [id=2740, stack(0x000000a814000000,0x000000a814100000) (1024K)]
Total: 21

Threads with active compile tasks:
C2 CompilerThread0  19675 22237       4       com.android.tools.r8.internal.fn::a (183 bytes)
C1 CompilerThread3  19675 22309       2       com.android.tools.r8.internal.gt::a (4509 bytes)
C2 CompilerThread1  19675 22271       4       com.android.tools.r8.internal.rc::a (229 bytes)
C2 CompilerThread2  19675 21198       4       com.android.tools.r8.internal.l32::c (803 bytes)
C2 CompilerThread3  19675 22131       4       com.android.tools.r8.internal.di1::remove (1708 bytes)
C2 CompilerThread4  19675 20728       4       com.android.tools.r8.internal.nv2::a (500 bytes)
C2 CompilerThread5  19675 22199 %     4       com.android.tools.r8.internal.l32::a @ 1496 (2024 bytes)
C2 CompilerThread6  19675 21350 %     4       com.android.tools.r8.internal.l32::a @ 1229 (3042 bytes)
C2 CompilerThread7  19675 22097       4       com.android.tools.r8.ir.optimize.z::a (563 bytes)
Total: 9

VM state: at safepoint (normal execution)

VM Mutex/Monitor currently owned by a thread:  ([mutex/lock_event])
[0x00007ff8afb68690] Threads_lock - owner thread: 0x00000277841f7590
[0x00007ff8afb68790] Heap_lock - owner thread: 0x0000027791482fa0

Heap address: 0x0000000700000000, size: 4096 MB, Compressed Oops mode: Zero based, Oop shift amount: 3

CDS archive(s) not mapped
Compressed class space mapped at: 0x0000000800000000-0x0000000834000000, reserved size: 872415232
Narrow klass base: 0x0000000800000000, Narrow klass shift: 0, Narrow klass range: 0x34000000

GC Precious Log:
 CardTable entry size: 512
 Card Set container configuration: InlinePtr #cards 4 size 8 Array Of Cards #cards 16 size 48 Howl #buckets 8 coarsen threshold 3686 Howl Bitmap #cards 512 size 80 coarsen threshold 460 Card regions per heap region 1 cards per card region 4096
 CPUs: 16 total, 16 available
 Memory: 16008M
 Large Page Support: Disabled
 NUMA Support: Disabled
 Compressed Oops: Enabled (Zero based)
 Heap Region Size: 2M
 Heap Min Capacity: 8M
 Heap Initial Capacity: 252M
 Heap Max Capacity: 4G
 Pre-touch: Disabled
 Parallel Workers: 13
 Concurrent Workers: 3
 Concurrent Refinement Workers: 13
 Periodic GC: Disabled

Heap:
 garbage-first heap   total 342016K, used 203422K [0x0000000700000000, 0x0000000800000000)
  region size 2048K, 2 young (4096K), 2 survivors (4096K)
 Metaspace       used 154380K, committed 156800K, reserved 1048576K
  class space    used 22083K, committed 23232K, reserved 851968K

Heap Regions: E=young(eden), S=young(survivor), O=old, HS=humongous(starts), HC=humongous(continues), CS=collection set, F=free, TAMS=top-at-mark-start, PB=parsable bottom
|   0|0x0000000700000000, 0x0000000700200000, 0x0000000700200000|100%|HS|  |TAMS 0x0000000700200000| PB 0x0000000700000000| Complete 
|   1|0x0000000700200000, 0x0000000700400000, 0x0000000700400000|100%|HC|  |TAMS 0x0000000700400000| PB 0x0000000700200000| Complete 
|   2|0x0000000700400000, 0x0000000700600000, 0x0000000700600000|100%| O|  |TAMS 0x0000000700600000| PB 0x0000000700400000| Untracked 
|   3|0x0000000700600000, 0x0000000700800000, 0x0000000700800000|100%| O|  |TAMS 0x0000000700800000| PB 0x0000000700600000| Untracked 
|   4|0x0000000700800000, 0x0000000700a00000, 0x0000000700a00000|100%| O|  |TAMS 0x0000000700a00000| PB 0x0000000700800000| Untracked 
|   5|0x0000000700a00000, 0x0000000700c00000, 0x0000000700c00000|100%| O|  |TAMS 0x0000000700c00000| PB 0x0000000700a00000| Untracked 
|   6|0x0000000700c00000, 0x0000000700e00000, 0x0000000700e00000|100%| O|  |TAMS 0x0000000700e00000| PB 0x0000000700c00000| Updating 
|   7|0x0000000700e00000, 0x0000000701000000, 0x0000000701000000|100%| O|  |TAMS 0x0000000701000000| PB 0x0000000700e00000| Updating 
|   8|0x0000000701000000, 0x0000000701200000, 0x0000000701200000|100%| O|  |TAMS 0x0000000701200000| PB 0x0000000701000000| Untracked 
|   9|0x0000000701200000, 0x0000000701400000, 0x0000000701400000|100%|HS|  |TAMS 0x0000000701400000| PB 0x0000000701200000| Complete 
|  10|0x0000000701400000, 0x0000000701600000, 0x0000000701600000|100%| O|  |TAMS 0x0000000701600000| PB 0x0000000701400000| Untracked 
|  11|0x0000000701600000, 0x0000000701800000, 0x0000000701800000|100%| O|  |TAMS 0x0000000701800000| PB 0x0000000701600000| Untracked 
|  12|0x0000000701800000, 0x0000000701a00000, 0x0000000701a00000|100%|HS|  |TAMS 0x0000000701a00000| PB 0x0000000701800000| Complete 
|  13|0x0000000701a00000, 0x0000000701c00000, 0x0000000701c00000|100%| O|  |TAMS 0x0000000701c00000| PB 0x0000000701a00000| Untracked 
|  14|0x0000000701c00000, 0x0000000701e00000, 0x0000000701e00000|100%| O|  |TAMS 0x0000000701e00000| PB 0x0000000701c00000| Updating 
|  15|0x0000000701e00000, 0x0000000702000000, 0x0000000702000000|100%| O|  |TAMS 0x0000000702000000| PB 0x0000000701e00000| Untracked 
|  16|0x0000000702000000, 0x0000000702200000, 0x0000000702200000|100%| O|  |TAMS 0x0000000702200000| PB 0x0000000702000000| Updating 
|  17|0x0000000702200000, 0x0000000702400000, 0x0000000702400000|100%| O|  |TAMS 0x0000000702400000| PB 0x0000000702200000| Untracked 
|  18|0x0000000702400000, 0x0000000702600000, 0x0000000702600000|100%| O|  |TAMS 0x0000000702600000| PB 0x0000000702400000| Untracked 
|  19|0x0000000702600000, 0x0000000702800000, 0x0000000702800000|100%| O|  |TAMS 0x0000000702800000| PB 0x0000000702600000| Untracked 
|  20|0x0000000702800000, 0x0000000702a00000, 0x0000000702a00000|100%| O|  |TAMS 0x0000000702a00000| PB 0x0000000702800000| Untracked 
|  21|0x0000000702a00000, 0x0000000702c00000, 0x0000000702c00000|100%| O|  |TAMS 0x0000000702c00000| PB 0x0000000702a00000| Untracked 
|  22|0x0000000702c00000, 0x0000000702e00000, 0x0000000702e00000|100%| O|  |TAMS 0x0000000702e00000| PB 0x0000000702c00000| Untracked 
|  23|0x0000000702e00000, 0x0000000703000000, 0x0000000703000000|100%| O|  |TAMS 0x0000000703000000| PB 0x0000000702e00000| Untracked 
|  24|0x0000000703000000, 0x0000000703200000, 0x0000000703200000|100%| O|  |TAMS 0x0000000703200000| PB 0x0000000703200000| Untracked 
|  25|0x0000000703200000, 0x0000000703400000, 0x0000000703400000|100%|HS|  |TAMS 0x0000000703400000| PB 0x0000000703200000| Complete 
|  26|0x0000000703400000, 0x0000000703600000, 0x0000000703600000|100%|HS|  |TAMS 0x0000000703600000| PB 0x0000000703400000| Complete 
|  27|0x0000000703600000, 0x0000000703800000, 0x0000000703800000|100%|HC|  |TAMS 0x0000000703800000| PB 0x0000000703600000| Complete 
|  28|0x0000000703800000, 0x0000000703a00000, 0x0000000703a00000|100%| O|  |TAMS 0x0000000703a00000| PB 0x0000000703800000| Updating 
|  29|0x0000000703a00000, 0x0000000703c00000, 0x0000000703c00000|100%| O|  |TAMS 0x0000000703c00000| PB 0x0000000703a00000| Untracked 
|  30|0x0000000703c00000, 0x0000000703e00000, 0x0000000703e00000|100%| O|  |TAMS 0x0000000703e00000| PB 0x0000000703c00000| Untracked 
|  31|0x0000000703e00000, 0x0000000704000000, 0x0000000704000000|100%| O|  |TAMS 0x0000000704000000| PB 0x0000000704000000| Untracked 
|  32|0x0000000704000000, 0x0000000704200000, 0x0000000704200000|100%| O|  |TAMS 0x0000000704200000| PB 0x0000000704200000| Untracked 
|  33|0x0000000704200000, 0x0000000704400000, 0x0000000704400000|100%| O|  |TAMS 0x0000000704400000| PB 0x0000000704400000| Untracked 
|  34|0x0000000704400000, 0x0000000704600000, 0x0000000704600000|100%| O|  |TAMS 0x0000000704400000| PB 0x0000000704400000| Untracked 
|  35|0x0000000704600000, 0x0000000704800000, 0x0000000704800000|100%| O|  |TAMS 0x0000000704600000| PB 0x0000000704600000| Untracked 
|  36|0x0000000704800000, 0x0000000704a00000, 0x0000000704a00000|100%| O|  |TAMS 0x0000000704a00000| PB 0x0000000704a00000| Untracked 
|  37|0x0000000704a00000, 0x0000000704c00000, 0x0000000704c00000|100%|HS|  |TAMS 0x0000000704c00000| PB 0x0000000704a00000| Complete 
|  38|0x0000000704c00000, 0x0000000704e00000, 0x0000000704e00000|100%|HC|  |TAMS 0x0000000704e00000| PB 0x0000000704c00000| Complete 
|  39|0x0000000704e00000, 0x0000000705000000, 0x0000000705000000|100%| O|  |TAMS 0x0000000705000000| PB 0x0000000705000000| Untracked 
|  40|0x0000000705000000, 0x0000000705200000, 0x0000000705200000|100%| O|  |TAMS 0x0000000705200000| PB 0x0000000705200000| Untracked 
|  41|0x0000000705200000, 0x0000000705400000, 0x0000000705400000|100%| O|  |TAMS 0x0000000705400000| PB 0x0000000705400000| Untracked 
|  42|0x0000000705400000, 0x0000000705600000, 0x0000000705600000|100%| O|  |TAMS 0x0000000705600000| PB 0x0000000705600000| Updating 
|  43|0x0000000705600000, 0x0000000705800000, 0x0000000705800000|100%| O|  |TAMS 0x0000000705800000| PB 0x0000000705800000| Updating 
|  44|0x0000000705800000, 0x0000000705a00000, 0x0000000705a00000|100%| O|  |TAMS 0x0000000705a00000| PB 0x0000000705a00000| Untracked 
|  45|0x0000000705a00000, 0x0000000705c00000, 0x0000000705c00000|100%| O|  |TAMS 0x0000000705c00000| PB 0x0000000705c00000| Untracked 
|  46|0x0000000705c00000, 0x0000000705e00000, 0x0000000705e00000|100%| O|  |TAMS 0x0000000705e00000| PB 0x0000000705e00000| Untracked 
|  47|0x0000000705e00000, 0x0000000706000000, 0x0000000706000000|100%| O|  |TAMS 0x0000000706000000| PB 0x0000000706000000| Untracked 
|  48|0x0000000706000000, 0x0000000706200000, 0x0000000706200000|100%| O|  |TAMS 0x0000000706200000| PB 0x0000000706200000| Untracked 
|  49|0x0000000706200000, 0x0000000706400000, 0x0000000706400000|100%| O|  |TAMS 0x0000000706400000| PB 0x0000000706400000| Untracked 
|  50|0x0000000706400000, 0x0000000706600000, 0x0000000706600000|100%| O|  |TAMS 0x0000000706600000| PB 0x0000000706600000| Untracked 
|  51|0x0000000706600000, 0x0000000706800000, 0x0000000706800000|100%| O|  |TAMS 0x0000000706800000| PB 0x0000000706800000| Untracked 
|  52|0x0000000706800000, 0x0000000706a00000, 0x0000000706a00000|100%| O|  |TAMS 0x0000000706a00000| PB 0x0000000706a00000| Updating 
|  53|0x0000000706a00000, 0x0000000706c00000, 0x0000000706c00000|100%| O|  |TAMS 0x0000000706c00000| PB 0x0000000706c00000| Untracked 
|  54|0x0000000706c00000, 0x0000000706e00000, 0x0000000706e00000|100%| O|  |TAMS 0x0000000706e00000| PB 0x0000000706e00000| Untracked 
|  55|0x0000000706e00000, 0x0000000707000000, 0x0000000707000000|100%| O|  |TAMS 0x0000000707000000| PB 0x0000000707000000| Untracked 
|  56|0x0000000707000000, 0x0000000707200000, 0x0000000707200000|100%| O|  |TAMS 0x0000000707200000| PB 0x0000000707200000| Untracked 
|  57|0x0000000707200000, 0x0000000707400000, 0x0000000707400000|100%| O|  |TAMS 0x0000000707400000| PB 0x0000000707400000| Untracked 
|  58|0x0000000707400000, 0x0000000707600000, 0x0000000707600000|100%| O|  |TAMS 0x0000000707600000| PB 0x0000000707600000| Untracked 
|  59|0x0000000707600000, 0x0000000707800000, 0x0000000707800000|100%| O|  |TAMS 0x0000000707800000| PB 0x0000000707800000| Updating 
|  60|0x0000000707800000, 0x0000000707a00000, 0x0000000707a00000|100%| O|  |TAMS 0x0000000707a00000| PB 0x0000000707a00000| Untracked 
|  61|0x0000000707a00000, 0x0000000707c00000, 0x0000000707c00000|100%| O|  |TAMS 0x0000000707c00000| PB 0x0000000707c00000| Untracked 
|  62|0x0000000707c00000, 0x0000000707e00000, 0x0000000707e00000|100%| O|  |TAMS 0x0000000707e00000| PB 0x0000000707e00000| Untracked 
|  63|0x0000000707e00000, 0x0000000708000000, 0x0000000708000000|100%| O|  |TAMS 0x0000000708000000| PB 0x0000000708000000| Untracked 
|  64|0x0000000708000000, 0x0000000708200000, 0x0000000708200000|100%| O|  |TAMS 0x0000000708200000| PB 0x0000000708200000| Updating 
|  65|0x0000000708200000, 0x0000000708400000, 0x0000000708400000|100%| O|  |TAMS 0x0000000708400000| PB 0x0000000708400000| Untracked 
|  66|0x0000000708400000, 0x0000000708600000, 0x0000000708600000|100%| O|  |TAMS 0x0000000708600000| PB 0x0000000708600000| Untracked 
|  67|0x0000000708600000, 0x0000000708800000, 0x0000000708800000|100%| O|  |TAMS 0x0000000708800000| PB 0x0000000708800000| Untracked 
|  68|0x0000000708800000, 0x0000000708a00000, 0x0000000708a00000|100%| O|  |TAMS 0x0000000708a00000| PB 0x0000000708a00000| Updating 
|  69|0x0000000708a00000, 0x0000000708c00000, 0x0000000708c00000|100%| O|  |TAMS 0x0000000708c00000| PB 0x0000000708c00000| Untracked 
|  70|0x0000000708c00000, 0x0000000708e00000, 0x0000000708e00000|100%| O|  |TAMS 0x0000000708e00000| PB 0x0000000708e00000| Untracked 
|  71|0x0000000708e00000, 0x0000000709000000, 0x0000000709000000|100%| O|  |TAMS 0x0000000709000000| PB 0x0000000709000000| Untracked 
|  72|0x0000000709000000, 0x0000000709200000, 0x0000000709200000|100%| O|  |TAMS 0x0000000709200000| PB 0x0000000709200000| Untracked 
|  73|0x0000000709200000, 0x0000000709400000, 0x0000000709400000|100%| O|  |TAMS 0x0000000709400000| PB 0x0000000709400000| Untracked 
|  74|0x0000000709400000, 0x0000000709600000, 0x0000000709600000|100%| O|  |TAMS 0x0000000709600000| PB 0x0000000709600000| Untracked 
|  75|0x0000000709600000, 0x0000000709800000, 0x0000000709800000|100%| O|  |TAMS 0x0000000709800000| PB 0x0000000709800000| Untracked 
|  76|0x0000000709800000, 0x0000000709a00000, 0x0000000709a00000|100%| O|  |TAMS 0x0000000709a00000| PB 0x0000000709a00000| Untracked 
|  77|0x0000000709a00000, 0x0000000709c00000, 0x0000000709c00000|100%| O|  |TAMS 0x0000000709c00000| PB 0x0000000709c00000| Untracked 
|  78|0x0000000709c00000, 0x0000000709e00000, 0x0000000709e00000|100%| O|  |TAMS 0x0000000709e00000| PB 0x0000000709e00000| Untracked 
|  79|0x0000000709e00000, 0x000000070a000000, 0x000000070a000000|100%| O|  |TAMS 0x000000070a000000| PB 0x000000070a000000| Updating 
|  80|0x000000070a000000, 0x000000070a200000, 0x000000070a200000|100%| O|  |TAMS 0x000000070a200000| PB 0x000000070a200000| Untracked 
|  81|0x000000070a200000, 0x000000070a400000, 0x000000070a400000|100%| O|  |TAMS 0x000000070a400000| PB 0x000000070a400000| Untracked 
|  82|0x000000070a400000, 0x000000070a600000, 0x000000070a600000|100%| O|  |TAMS 0x000000070a600000| PB 0x000000070a600000| Updating 
|  83|0x000000070a600000, 0x000000070a800000, 0x000000070a800000|100%| O|  |TAMS 0x000000070a800000| PB 0x000000070a800000| Updating 
|  84|0x000000070a800000, 0x000000070aa00000, 0x000000070aa00000|100%| O|  |TAMS 0x000000070a8d2fe0| PB 0x000000070a8d2fe0| Updating 
|  85|0x000000070aa00000, 0x000000070ac00000, 0x000000070ac00000|100%| O|  |TAMS 0x000000070ac00000| PB 0x000000070ac00000| Untracked 
|  86|0x000000070ac00000, 0x000000070ae00000, 0x000000070ae00000|100%| O|  |TAMS 0x000000070ac00000| PB 0x000000070ac00000| Untracked 
|  87|0x000000070ae00000, 0x000000070afdb8a8, 0x000000070b000000| 92%| O|  |TAMS 0x000000070ae00000| PB 0x000000070ae00000| Untracked 
|  88|0x000000070b000000, 0x000000070b000000, 0x000000070b200000|  0%| F|  |TAMS 0x000000070b000000| PB 0x000000070b000000| Untracked 
|  89|0x000000070b200000, 0x000000070b200000, 0x000000070b400000|  0%| F|  |TAMS 0x000000070b200000| PB 0x000000070b200000| Untracked 
|  90|0x000000070b400000, 0x000000070b400000, 0x000000070b600000|  0%| F|  |TAMS 0x000000070b400000| PB 0x000000070b400000| Untracked 
|  91|0x000000070b600000, 0x000000070b600000, 0x000000070b800000|  0%| F|  |TAMS 0x000000070b600000| PB 0x000000070b600000| Untracked 
|  92|0x000000070b800000, 0x000000070b800000, 0x000000070ba00000|  0%| F|  |TAMS 0x000000070b800000| PB 0x000000070b800000| Untracked 
|  93|0x000000070ba00000, 0x000000070ba00000, 0x000000070bc00000|  0%| F|  |TAMS 0x000000070ba00000| PB 0x000000070ba00000| Untracked 
|  94|0x000000070bc00000, 0x000000070bc00000, 0x000000070be00000|  0%| F|  |TAMS 0x000000070bc00000| PB 0x000000070bc00000| Untracked 
|  95|0x000000070be00000, 0x000000070be00000, 0x000000070c000000|  0%| F|  |TAMS 0x000000070be00000| PB 0x000000070be00000| Untracked 
|  96|0x000000070c000000, 0x000000070c000000, 0x000000070c200000|  0%| F|  |TAMS 0x000000070c000000| PB 0x000000070c000000| Untracked 
|  97|0x000000070c200000, 0x000000070c200000, 0x000000070c400000|  0%| F|  |TAMS 0x000000070c200000| PB 0x000000070c200000| Untracked 
|  98|0x000000070c400000, 0x000000070c400000, 0x000000070c600000|  0%| F|  |TAMS 0x000000070c400000| PB 0x000000070c400000| Untracked 
|  99|0x000000070c600000, 0x000000070c600000, 0x000000070c800000|  0%| F|  |TAMS 0x000000070c600000| PB 0x000000070c600000| Untracked 
| 100|0x000000070c800000, 0x000000070c800000, 0x000000070ca00000|  0%| F|  |TAMS 0x000000070c800000| PB 0x000000070c800000| Untracked 
| 101|0x000000070ca00000, 0x000000070ca00000, 0x000000070cc00000|  0%| F|  |TAMS 0x000000070ca00000| PB 0x000000070ca00000| Untracked 
| 102|0x000000070cc00000, 0x000000070cc00000, 0x000000070ce00000|  0%| F|  |TAMS 0x000000070cc00000| PB 0x000000070cc00000| Untracked 
| 103|0x000000070ce00000, 0x000000070ce00000, 0x000000070d000000|  0%| F|  |TAMS 0x000000070ce00000| PB 0x000000070ce00000| Untracked 
| 104|0x000000070d000000, 0x000000070d000000, 0x000000070d200000|  0%| F|  |TAMS 0x000000070d000000| PB 0x000000070d000000| Untracked 
| 105|0x000000070d200000, 0x000000070d200000, 0x000000070d400000|  0%| F|  |TAMS 0x000000070d200000| PB 0x000000070d200000| Untracked 
| 106|0x000000070d400000, 0x000000070d400000, 0x000000070d600000|  0%| F|  |TAMS 0x000000070d400000| PB 0x000000070d400000| Untracked 
| 107|0x000000070d600000, 0x000000070d600000, 0x000000070d800000|  0%| F|  |TAMS 0x000000070d600000| PB 0x000000070d600000| Untracked 
| 108|0x000000070d800000, 0x000000070d800000, 0x000000070da00000|  0%| F|  |TAMS 0x000000070d800000| PB 0x000000070d800000| Untracked 
| 109|0x000000070da00000, 0x000000070da00000, 0x000000070dc00000|  0%| F|  |TAMS 0x000000070da00000| PB 0x000000070da00000| Untracked 
| 110|0x000000070dc00000, 0x000000070dc00000, 0x000000070de00000|  0%| F|  |TAMS 0x000000070dc00000| PB 0x000000070dc00000| Untracked 
| 111|0x000000070de00000, 0x000000070decbfe8, 0x000000070e000000| 39%| S|CS|TAMS 0x000000070de00000| PB 0x000000070de00000| Complete 
| 112|0x000000070e000000, 0x000000070e200000, 0x000000070e200000|100%| S|CS|TAMS 0x000000070e000000| PB 0x000000070e000000| Complete 
| 113|0x000000070e200000, 0x000000070e200000, 0x000000070e400000|  0%| F|  |TAMS 0x000000070e200000| PB 0x000000070e200000| Untracked 
| 114|0x000000070e400000, 0x000000070e400000, 0x000000070e600000|  0%| F|  |TAMS 0x000000070e400000| PB 0x000000070e400000| Untracked 
| 115|0x000000070e600000, 0x000000070e600000, 0x000000070e800000|  0%| F|  |TAMS 0x000000070e600000| PB 0x000000070e600000| Untracked 
| 116|0x000000070e800000, 0x000000070e800000, 0x000000070ea00000|  0%| F|  |TAMS 0x000000070e800000| PB 0x000000070e800000| Untracked 
| 117|0x000000070ea00000, 0x000000070ea00000, 0x000000070ec00000|  0%| F|  |TAMS 0x000000070ea00000| PB 0x000000070ea00000| Untracked 
| 118|0x000000070ec00000, 0x000000070ec00000, 0x000000070ee00000|  0%| F|  |TAMS 0x000000070ec00000| PB 0x000000070ec00000| Untracked 
| 119|0x000000070ee00000, 0x000000070ee00000, 0x000000070f000000|  0%| F|  |TAMS 0x000000070ee00000| PB 0x000000070ee00000| Untracked 
| 120|0x000000070f000000, 0x000000070f000000, 0x000000070f200000|  0%| F|  |TAMS 0x000000070f000000| PB 0x000000070f000000| Untracked 
| 121|0x000000070f200000, 0x000000070f200000, 0x000000070f400000|  0%| F|  |TAMS 0x000000070f200000| PB 0x000000070f200000| Untracked 
| 122|0x000000070f400000, 0x000000070f400000, 0x000000070f600000|  0%| F|  |TAMS 0x000000070f400000| PB 0x000000070f400000| Untracked 
| 123|0x000000070f600000, 0x000000070f600000, 0x000000070f800000|  0%| F|  |TAMS 0x000000070f600000| PB 0x000000070f600000| Untracked 
| 124|0x000000070f800000, 0x000000070f800000, 0x000000070fa00000|  0%| F|  |TAMS 0x000000070f800000| PB 0x000000070f800000| Untracked 
| 125|0x000000070fa00000, 0x000000070fa00000, 0x000000070fc00000|  0%| F|  |TAMS 0x000000070fa00000| PB 0x000000070fa00000| Untracked 
| 126|0x000000070fc00000, 0x000000070fc00000, 0x000000070fe00000|  0%| F|  |TAMS 0x000000070fc00000| PB 0x000000070fc00000| Untracked 
| 127|0x000000070fe00000, 0x000000070fe00000, 0x0000000710000000|  0%| F|  |TAMS 0x000000070fe00000| PB 0x000000070fe00000| Untracked 
| 128|0x0000000710000000, 0x0000000710000000, 0x0000000710200000|  0%| F|  |TAMS 0x0000000710000000| PB 0x0000000710000000| Untracked 
| 129|0x0000000710200000, 0x0000000710200000, 0x0000000710400000|  0%| F|  |TAMS 0x0000000710200000| PB 0x0000000710200000| Untracked 
| 130|0x0000000710400000, 0x0000000710400000, 0x0000000710600000|  0%| F|  |TAMS 0x0000000710400000| PB 0x0000000710400000| Untracked 
| 131|0x0000000710600000, 0x0000000710600000, 0x0000000710800000|  0%| F|  |TAMS 0x0000000710600000| PB 0x0000000710600000| Untracked 
| 132|0x0000000710800000, 0x0000000710800000, 0x0000000710a00000|  0%| F|  |TAMS 0x0000000710800000| PB 0x0000000710800000| Untracked 
| 133|0x0000000710a00000, 0x0000000710a00000, 0x0000000710c00000|  0%| F|  |TAMS 0x0000000710a00000| PB 0x0000000710a00000| Untracked 
| 134|0x0000000710c00000, 0x0000000710c00000, 0x0000000710e00000|  0%| F|  |TAMS 0x0000000710c00000| PB 0x0000000710c00000| Untracked 
| 135|0x0000000710e00000, 0x0000000710e00000, 0x0000000711000000|  0%| F|  |TAMS 0x0000000710e00000| PB 0x0000000710e00000| Untracked 
| 136|0x0000000711000000, 0x0000000711000000, 0x0000000711200000|  0%| F|  |TAMS 0x0000000711000000| PB 0x0000000711000000| Untracked 
| 137|0x0000000711200000, 0x0000000711200000, 0x0000000711400000|  0%| F|  |TAMS 0x0000000711200000| PB 0x0000000711200000| Untracked 
| 138|0x0000000711400000, 0x0000000711400000, 0x0000000711600000|  0%| F|  |TAMS 0x0000000711400000| PB 0x0000000711400000| Untracked 
| 139|0x0000000711600000, 0x0000000711600000, 0x0000000711800000|  0%| F|  |TAMS 0x0000000711600000| PB 0x0000000711600000| Untracked 
| 140|0x0000000711800000, 0x0000000711800000, 0x0000000711a00000|  0%| F|  |TAMS 0x0000000711800000| PB 0x0000000711800000| Untracked 
| 141|0x0000000711a00000, 0x0000000711a00000, 0x0000000711c00000|  0%| F|  |TAMS 0x0000000711a00000| PB 0x0000000711a00000| Untracked 
| 142|0x0000000711c00000, 0x0000000711c00000, 0x0000000711e00000|  0%| F|  |TAMS 0x0000000711c00000| PB 0x0000000711c00000| Untracked 
| 143|0x0000000711e00000, 0x0000000711e00000, 0x0000000712000000|  0%| F|  |TAMS 0x0000000711e00000| PB 0x0000000711e00000| Untracked 
| 144|0x0000000712000000, 0x0000000712000000, 0x0000000712200000|  0%| F|  |TAMS 0x0000000712000000| PB 0x0000000712000000| Untracked 
| 145|0x0000000712200000, 0x0000000712200000, 0x0000000712400000|  0%| F|  |TAMS 0x0000000712200000| PB 0x0000000712200000| Untracked 
| 146|0x0000000712400000, 0x0000000712400000, 0x0000000712600000|  0%| F|  |TAMS 0x0000000712400000| PB 0x0000000712400000| Untracked 
| 147|0x0000000712600000, 0x0000000712600000, 0x0000000712800000|  0%| F|  |TAMS 0x0000000712600000| PB 0x0000000712600000| Untracked 
| 148|0x0000000712800000, 0x0000000712800000, 0x0000000712a00000|  0%| F|  |TAMS 0x0000000712800000| PB 0x0000000712800000| Untracked 
| 149|0x0000000712a00000, 0x0000000712a00000, 0x0000000712c00000|  0%| F|  |TAMS 0x0000000712a00000| PB 0x0000000712a00000| Untracked 
| 150|0x0000000712c00000, 0x0000000712c00000, 0x0000000712e00000|  0%| F|  |TAMS 0x0000000712c00000| PB 0x0000000712c00000| Untracked 
| 151|0x0000000712e00000, 0x0000000712e00000, 0x0000000713000000|  0%| F|  |TAMS 0x0000000712e00000| PB 0x0000000712e00000| Untracked 
| 152|0x0000000713000000, 0x0000000713000000, 0x0000000713200000|  0%| F|  |TAMS 0x0000000713000000| PB 0x0000000713000000| Untracked 
| 153|0x0000000713200000, 0x0000000713200000, 0x0000000713400000|  0%| F|  |TAMS 0x0000000713200000| PB 0x0000000713200000| Untracked 
| 154|0x0000000713400000, 0x0000000713400000, 0x0000000713600000|  0%| F|  |TAMS 0x0000000713400000| PB 0x0000000713400000| Untracked 
| 155|0x0000000713600000, 0x0000000713600000, 0x0000000713800000|  0%| F|  |TAMS 0x0000000713600000| PB 0x0000000713600000| Untracked 
|2037|0x00000007fea00000, 0x00000007fec00000, 0x00000007fec00000|100%| O|  |TAMS 0x00000007fec00000| PB 0x00000007fea00000| Updating 
|2038|0x00000007fec00000, 0x00000007fec00000, 0x00000007fee00000|  0%| F|  |TAMS 0x00000007fec00000| PB 0x00000007fec00000| Untracked 
|2039|0x00000007fee00000, 0x00000007ff000000, 0x00000007ff000000|100%| O|  |TAMS 0x00000007ff000000| PB 0x00000007fee00000| Untracked 
|2040|0x00000007ff000000, 0x00000007ff200000, 0x00000007ff200000|100%| O|  |TAMS 0x00000007ff200000| PB 0x00000007ff000000| Untracked 
|2041|0x00000007ff200000, 0x00000007ff400000, 0x00000007ff400000|100%| O|  |TAMS 0x00000007ff400000| PB 0x00000007ff200000| Updating 
|2042|0x00000007ff400000, 0x00000007ff600000, 0x00000007ff600000|100%| O|  |TAMS 0x00000007ff600000| PB 0x00000007ff400000| Untracked 
|2043|0x00000007ff600000, 0x00000007ff800000, 0x00000007ff800000|100%| O|  |TAMS 0x00000007ff800000| PB 0x00000007ff600000| Updating 
|2044|0x00000007ff800000, 0x00000007ffa00000, 0x00000007ffa00000|100%| O|  |TAMS 0x00000007ffa00000| PB 0x00000007ff800000| Untracked 
|2045|0x00000007ffa00000, 0x00000007ffc00000, 0x00000007ffc00000|100%| O|  |TAMS 0x00000007ffc00000| PB 0x00000007ffa00000| Untracked 
|2046|0x00000007ffc00000, 0x00000007ffe00000, 0x00000007ffe00000|100%| O|  |TAMS 0x00000007ffe00000| PB 0x00000007ffc00000| Untracked 
|2047|0x00000007ffe00000, 0x0000000800000000, 0x0000000800000000|100%| O|  |TAMS 0x0000000800000000| PB 0x00000007ffe00000| Untracked 

Card table byte_map: [0x00000277fd420000,0x00000277fdc20000] _byte_map_base: 0x00000277f9c20000

Marking Bits: (CMBitMap*) 0x00000277ea2a6cf0
 Bits: [0x0000027780000000, 0x0000027784000000)

Polling page: 0x00000277e81c0000

Metaspace:

Usage:
  Non-class:    129.20 MB used.
      Class:     21.57 MB used.
       Both:    150.76 MB used.

Virtual space:
  Non-class space:      192.00 MB reserved,     130.44 MB ( 68%) committed,  3 nodes.
      Class space:      832.00 MB reserved,      22.69 MB (  3%) committed,  1 nodes.
             Both:        1.00 GB reserved,     153.12 MB ( 15%) committed. 

Chunk freelists:
   Non-Class:  13.17 MB
       Class:  9.29 MB
        Both:  22.46 MB

MaxMetaspaceSize: 1.00 GB
CompressedClassSpaceSize: 832.00 MB
Initial GC threshold: 21.00 MB
Current GC threshold: 255.25 MB
CDS: off
 - commit_granule_bytes: 65536.
 - commit_granule_words: 8192.
 - virtual_space_node_default_size: 8388608.
 - enlarge_chunks_in_place: 1.
 - use_allocation_guard: 0.


Internal statistics:

num_allocs_failed_limit: 9.
num_arena_births: 4654.
num_arena_deaths: 110.
num_vsnodes_births: 4.
num_vsnodes_deaths: 0.
num_space_committed: 2449.
num_space_uncommitted: 0.
num_chunks_returned_to_freelist: 170.
num_chunks_taken_from_freelist: 11223.
num_chunk_merges: 80.
num_chunk_splits: 7448.
num_chunks_enlarged: 4828.
num_inconsistent_stats: 0.

CodeHeap 'non-profiled nmethods': size=119168Kb used=12895Kb max_used=13567Kb free=106273Kb
 bounds [0x00000277f4f40000, 0x00000277f5c80000, 0x00000277fc3a0000]
CodeHeap 'profiled nmethods': size=119104Kb used=37165Kb max_used=38474Kb free=81938Kb
 bounds [0x00000277ed3a0000, 0x00000277ef940000, 0x00000277f47f0000]
CodeHeap 'non-nmethods': size=7488Kb used=4486Kb max_used=4571Kb free=3001Kb
 bounds [0x00000277f47f0000, 0x00000277f4c70000, 0x00000277f4f40000]
CodeCache: size=245760Kb, used=54546Kb, max_used=56612Kb, free=191212Kb
 total_blobs=19514, nmethods=18451, adapters=963, full_count=0
Compilation: enabled, stopped_count=0, restarted_count=0

Compilation events (20 events):
Event: 18.556 Thread 0x00000277891c75a0 22341       2       com.android.tools.r8.dex.k$$Lambda/0x000000080156e2b8::accept (12 bytes)
Event: 18.556 Thread 0x00000277890b89d0 nmethod 22338 0x00000277edc87c90 code [0x00000277edc87e60, 0x00000277edc881a8]
Event: 18.556 Thread 0x00000277890b89d0 22343       2       com.android.tools.r8.internal.xf::<init> (5 bytes)
Event: 18.556 Thread 0x00000277891c75a0 nmethod 22341 0x00000277ee264d90 code [0x00000277ee264f40, 0x00000277ee2650b0]
Event: 18.556 Thread 0x00000277890b89d0 nmethod 22343 0x00000277ee3c4610 code [0x00000277ee3c47a0, 0x00000277ee3c48a8]
Event: 18.556 Thread 0x00000277891c75a0 22342       2       com.android.tools.r8.dex.k::a (131 bytes)
Event: 18.556 Thread 0x00000277890b89d0 22345       2       com.android.tools.r8.internal.ln1::a (44 bytes)
Event: 18.557 Thread 0x00000277890b89d0 nmethod 22345 0x00000277ed3f5390 code [0x00000277ed3f5560, 0x00000277ed3f57d8]
Event: 18.557 Thread 0x00000277890b89d0 22346       2       com.android.tools.r8.internal.d1::next (30 bytes)
Event: 18.557 Thread 0x00000277890b89d0 nmethod 22346 0x00000277ed906a10 code [0x00000277ed906be0, 0x00000277ed906e20]
Event: 18.557 Thread 0x00000277890b89d0 22347       2       com.android.tools.r8.graph.k7$$Lambda/0x000000080156e000::apply (14 bytes)
Event: 18.557 Thread 0x00000277890b89d0 nmethod 22347 0x00000277ee943e10 code [0x00000277ee943fc0, 0x00000277ee944138]
Event: 18.557 Thread 0x00000277890b89d0 22344       1       com.android.tools.r8.internal.xf::a (6 bytes)
Event: 18.557 Thread 0x00000277890b89d0 nmethod 22344 0x00000277f518f410 code [0x00000277f518f5a0, 0x00000277f518f6b8]
Event: 18.557 Thread 0x00000277891c75a0 nmethod 22342 0x00000277edae6410 code [0x00000277edae6640, 0x00000277edae6cb8]
Event: 18.557 Thread 0x00000277890b89d0 22349       2       com.android.tools.r8.internal.su3::<init> (100 bytes)
Event: 18.558 Thread 0x000002778c5d5c00 nmethod 22332 0x00000277ef1da090 code [0x00000277ef1da500, 0x00000277ef1dbb38]
Event: 18.558 Thread 0x000002778c5d5c00 22350       2       java.util.stream.SliceOps$1$1::cancellationRequested (27 bytes)
Event: 18.559 Thread 0x00000277890b89d0 nmethod 22349 0x00000277ee3f8710 code [0x00000277ee3f8980, 0x00000277ee3f9bd8]
Event: 18.559 Thread 0x000002778c5d5c00 nmethod 22350 0x00000277eec14310 code [0x00000277eec144c0, 0x00000277eec14628]

GC Heap History (20 events):
Event: 13.326 GC heap after
{Heap after GC invocations=41 (full 0):
 garbage-first heap   total 258048K, used 149785K [0x0000000700000000, 0x0000000800000000)
  region size 2048K, 5 young (10240K), 5 survivors (10240K)
 Metaspace       used 125796K, committed 128128K, reserved 983040K
  class space    used 17404K, committed 18560K, reserved 851968K
}
Event: 13.968 GC heap before
{Heap before GC invocations=42 (full 0):
 garbage-first heap   total 258048K, used 231705K [0x0000000700000000, 0x0000000800000000)
  region size 2048K, 46 young (94208K), 5 survivors (10240K)
 Metaspace       used 128909K, committed 131136K, reserved 983040K
  class space    used 17777K, committed 18880K, reserved 851968K
}
Event: 13.974 GC heap after
{Heap after GC invocations=43 (full 0):
 garbage-first heap   total 258048K, used 153759K [0x0000000700000000, 0x0000000800000000)
  region size 2048K, 5 young (10240K), 5 survivors (10240K)
 Metaspace       used 128909K, committed 131136K, reserved 983040K
  class space    used 17777K, committed 18880K, reserved 851968K
}
Event: 14.127 GC heap before
{Heap before GC invocations=43 (full 0):
 garbage-first heap   total 258048K, used 231583K [0x0000000700000000, 0x0000000800000000)
  region size 2048K, 44 young (90112K), 5 survivors (10240K)
 Metaspace       used 128993K, committed 131264K, reserved 983040K
  class space    used 17787K, committed 18944K, reserved 851968K
}
Event: 14.135 GC heap after
{Heap after GC invocations=44 (full 0):
 garbage-first heap   total 258048K, used 155005K [0x0000000700000000, 0x0000000800000000)
  region size 2048K, 3 young (6144K), 3 survivors (6144K)
 Metaspace       used 128993K, committed 131264K, reserved 983040K
  class space    used 17787K, committed 18944K, reserved 851968K
}
Event: 14.283 GC heap before
{Heap before GC invocations=44 (full 0):
 garbage-first heap   total 258048K, used 234877K [0x0000000700000000, 0x0000000800000000)
  region size 2048K, 43 young (88064K), 3 survivors (6144K)
 Metaspace       used 129018K, committed 131264K, reserved 983040K
  class space    used 17787K, committed 18944K, reserved 851968K
}
Event: 14.288 GC heap after
{Heap after GC invocations=45 (full 0):
 garbage-first heap   total 313344K, used 156755K [0x0000000700000000, 0x0000000800000000)
  region size 2048K, 4 young (8192K), 4 survivors (8192K)
 Metaspace       used 129018K, committed 131264K, reserved 983040K
  class space    used 17787K, committed 18944K, reserved 851968K
}
Event: 15.876 GC heap before
{Heap before GC invocations=46 (full 0):
 garbage-first heap   total 313344K, used 283731K [0x0000000700000000, 0x0000000800000000)
  region size 2048K, 67 young (137216K), 4 survivors (8192K)
 Metaspace       used 130541K, committed 132864K, reserved 983040K
  class space    used 17975K, committed 19136K, reserved 851968K
}
Event: 15.882 GC heap after
{Heap after GC invocations=47 (full 0):
 garbage-first heap   total 313344K, used 162359K [0x0000000700000000, 0x0000000800000000)
  region size 2048K, 7 young (14336K), 7 survivors (14336K)
 Metaspace       used 130541K, committed 132864K, reserved 983040K
  class space    used 17975K, committed 19136K, reserved 851968K
}
Event: 16.588 GC heap before
{Heap before GC invocations=47 (full 0):
 garbage-first heap   total 313344K, used 285239K [0x0000000700000000, 0x0000000800000000)
  region size 2048K, 68 young (139264K), 7 survivors (14336K)
 Metaspace       used 132449K, committed 134784K, reserved 983040K
  class space    used 18240K, committed 19392K, reserved 851968K
}
Event: 16.598 GC heap after
{Heap after GC invocations=48 (full 0):
 garbage-first heap   total 313344K, used 165513K [0x0000000700000000, 0x0000000800000000)
  region size 2048K, 7 young (14336K), 7 survivors (14336K)
 Metaspace       used 132449K, committed 134784K, reserved 983040K
  class space    used 18240K, committed 19392K, reserved 851968K
}
Event: 17.192 GC heap before
{Heap before GC invocations=48 (full 0):
 garbage-first heap   total 313344K, used 284297K [0x0000000700000000, 0x0000000800000000)
  region size 2048K, 66 young (135168K), 7 survivors (14336K)
 Metaspace       used 139027K, committed 141312K, reserved 983040K
  class space    used 19408K, committed 20544K, reserved 851968K
}
Event: 17.203 GC heap after
{Heap after GC invocations=49 (full 0):
 garbage-first heap   total 313344K, used 177485K [0x0000000700000000, 0x0000000800000000)
  region size 2048K, 9 young (18432K), 9 survivors (18432K)
 Metaspace       used 139027K, committed 141312K, reserved 983040K
  class space    used 19408K, committed 20544K, reserved 851968K
}
Event: 17.683 GC heap before
{Heap before GC invocations=50 (full 0):
 garbage-first heap   total 313344K, used 281933K [0x0000000700000000, 0x0000000800000000)
  region size 2048K, 61 young (124928K), 9 survivors (18432K)
 Metaspace       used 146250K, committed 148608K, reserved 983040K
  class space    used 20896K, committed 22080K, reserved 851968K
}
Event: 17.697 GC heap after
{Heap after GC invocations=51 (full 0):
 garbage-first heap   total 319488K, used 193065K [0x0000000700000000, 0x0000000800000000)
  region size 2048K, 8 young (16384K), 8 survivors (16384K)
 Metaspace       used 146250K, committed 148608K, reserved 983040K
  class space    used 20896K, committed 22080K, reserved 851968K
}
Event: 18.075 GC heap before
{Heap before GC invocations=51 (full 0):
 garbage-first heap   total 319488K, used 285225K [0x0000000700000000, 0x0000000800000000)
  region size 2048K, 54 young (110592K), 8 survivors (16384K)
 Metaspace       used 151962K, committed 154304K, reserved 1048576K
  class space    used 21834K, committed 22976K, reserved 851968K
}
Event: 18.087 GC heap after
{Heap after GC invocations=52 (full 0):
 garbage-first heap   total 319488K, used 201767K [0x0000000700000000, 0x0000000800000000)
  region size 2048K, 6 young (12288K), 6 survivors (12288K)
 Metaspace       used 151962K, committed 154304K, reserved 1048576K
  class space    used 21834K, committed 22976K, reserved 851968K
}
Event: 18.341 GC heap before
{Heap before GC invocations=52 (full 0):
 garbage-first heap   total 319488K, used 285735K [0x0000000700000000, 0x0000000800000000)
  region size 2048K, 48 young (98304K), 6 survivors (12288K)
 Metaspace       used 153790K, committed 156160K, reserved 1048576K
  class space    used 22038K, committed 23168K, reserved 851968K
}
Event: 18.346 GC heap after
{Heap after GC invocations=53 (full 0):
 garbage-first heap   total 319488K, used 202917K [0x0000000700000000, 0x0000000800000000)
  region size 2048K, 2 young (4096K), 2 survivors (4096K)
 Metaspace       used 153790K, committed 156160K, reserved 1048576K
  class space    used 22038K, committed 23168K, reserved 851968K
}
Event: 18.559 GC heap before
{Heap before GC invocations=53 (full 0):
 garbage-first heap   total 342016K, used 293029K [0x0000000700000000, 0x0000000800000000)
  region size 2048K, 46 young (94208K), 2 survivors (4096K)
 Metaspace       used 154380K, committed 156800K, reserved 1048576K
  class space    used 22083K, committed 23232K, reserved 851968K
}

Dll operation events (3 events):
Event: 0.005 Loaded shared library C:\Program Files\Android\Android Studio\jbr\bin\java.dll
Event: 0.008 Loaded shared library C:\Program Files\Android\Android Studio\jbr\bin\zip.dll
Event: 0.491 Loaded shared library C:\Program Files\Android\Android Studio\jbr\bin\verify.dll

Deoptimization events (20 events):
Event: 18.525 Thread 0x0000027791485d90 Uncommon trap: trap_request=0xffffff45 fr.pc=0x00000277f5c13c2c relative=0x000000000000014c
Event: 18.527 Thread 0x0000027791485d90 Uncommon trap: reason=unstable_if action=reinterpret pc=0x00000277f5c13c2c method=com.android.tools.r8.internal.l32.d(I)I @ 73 c2
Event: 18.527 Thread 0x0000027791485d90 DEOPT PACKING pc=0x00000277f5c13c2c sp=0x000000a8248fc080
Event: 18.527 Thread 0x0000027791485d90 DEOPT UNPACKING pc=0x00000277f4844422 sp=0x000000a8248fbf30 mode 2
Event: 18.527 Thread 0x0000027791485d90 Uncommon trap: trap_request=0xffffff45 fr.pc=0x00000277f5c1218c relative=0x00000000000000ec
Event: 18.527 Thread 0x0000027791485d90 Uncommon trap: reason=unstable_if action=reinterpret pc=0x00000277f5c1218c method=com.android.tools.r8.internal.l32.d(I)I @ 73 c2
Event: 18.527 Thread 0x0000027791485d90 DEOPT PACKING pc=0x00000277f5c1218c sp=0x000000a8248fbff0
Event: 18.527 Thread 0x0000027791485d90 DEOPT UNPACKING pc=0x00000277f4844422 sp=0x000000a8248fbf20 mode 2
Event: 18.527 Thread 0x0000027791485d90 Uncommon trap: trap_request=0xffffff45 fr.pc=0x00000277f5c10434 relative=0x0000000000000094
Event: 18.527 Thread 0x0000027791485d90 Uncommon trap: reason=unstable_if action=reinterpret pc=0x00000277f5c10434 method=com.android.tools.r8.internal.l32.d(I)I @ 73 c2
Event: 18.527 Thread 0x0000027791485d90 DEOPT PACKING pc=0x00000277f5c10434 sp=0x000000a8248fbf90
Event: 18.527 Thread 0x0000027791485d90 DEOPT UNPACKING pc=0x00000277f4844422 sp=0x000000a8248fbf28 mode 2
Event: 18.533 Thread 0x0000027791485d90 Uncommon trap: trap_request=0xffffff45 fr.pc=0x00000277f5044ef8 relative=0x0000000000002b38
Event: 18.533 Thread 0x0000027791485d90 Uncommon trap: reason=unstable_if action=reinterpret pc=0x00000277f5044ef8 method=com.android.tools.r8.internal.l32.d(I)I @ 73 c2
Event: 18.533 Thread 0x0000027791485d90 DEOPT PACKING pc=0x00000277f5044ef8 sp=0x000000a8248fc540
Event: 18.533 Thread 0x0000027791485d90 DEOPT UNPACKING pc=0x00000277f4844422 sp=0x000000a8248fc3d0 mode 2
Event: 18.538 Thread 0x0000027791484350 DEOPT PACKING pc=0x00000277ef1496fb sp=0x000000a8245fbe10
Event: 18.538 Thread 0x0000027791484350 DEOPT UNPACKING pc=0x00000277f4844bc2 sp=0x000000a8245fb310 mode 0
Event: 18.556 Thread 0x0000027791485700 DEOPT PACKING pc=0x00000277ef7acd35 sp=0x000000a8247fc490
Event: 18.556 Thread 0x0000027791485700 DEOPT UNPACKING pc=0x00000277f4844bc2 sp=0x000000a8247fb958 mode 0

Classes loaded (20 events):
Event: 17.754 Loading class java/util/IdentityHashMap$ValueIterator
Event: 17.755 Loading class java/util/IdentityHashMap$ValueIterator done
Event: 17.879 Loading class java/util/IdentityHashMap$EntrySpliterator
Event: 17.879 Loading class java/util/IdentityHashMap$IdentityHashMapSpliterator
Event: 17.879 Loading class java/util/IdentityHashMap$IdentityHashMapSpliterator done
Event: 17.879 Loading class java/util/IdentityHashMap$EntrySpliterator done
Event: 17.906 Loading class java/util/SortedSet$1
Event: 17.906 Loading class java/util/SortedSet$1 done
Event: 17.917 Loading class java/util/stream/SliceOps
Event: 17.917 Loading class java/util/stream/SliceOps done
Event: 17.917 Loading class java/util/stream/SliceOps$1
Event: 17.917 Loading class java/util/stream/SliceOps$1 done
Event: 17.922 Loading class java/util/stream/SliceOps$1$1
Event: 17.922 Loading class java/util/stream/SliceOps$1$1 done
Event: 17.923 Loading class java/util/PriorityQueue
Event: 17.924 Loading class java/util/PriorityQueue done
Event: 18.120 Loading class java/util/concurrent/ConcurrentHashMap$TreeNode
Event: 18.121 Loading class java/util/concurrent/ConcurrentHashMap$TreeNode done
Event: 18.121 Loading class java/util/concurrent/ConcurrentHashMap$TreeBin
Event: 18.121 Loading class java/util/concurrent/ConcurrentHashMap$TreeBin done

Classes unloaded (20 events):
Event: 18.497 Thread 0x00000277841f7590 Unloading class 0x00000008014e3c00 'java/lang/invoke/LambdaForm$DMH+0x00000008014e3c00'
Event: 18.497 Thread 0x00000277841f7590 Unloading class 0x00000008014e3400 'java/lang/invoke/LambdaForm$DMH+0x00000008014e3400'
Event: 18.497 Thread 0x00000277841f7590 Unloading class 0x00000008014e0000 'java/lang/invoke/LambdaForm$DMH+0x00000008014e0000'
Event: 18.497 Thread 0x00000277841f7590 Unloading class 0x00000008014e0400 'java/lang/invoke/LambdaForm$DMH+0x00000008014e0400'
Event: 18.497 Thread 0x00000277841f7590 Unloading class 0x00000008014e3800 'java/lang/invoke/LambdaForm$DMH+0x00000008014e3800'
Event: 18.497 Thread 0x00000277841f7590 Unloading class 0x000000080144ac00 'java/lang/invoke/LambdaForm$DMH+0x000000080144ac00'
Event: 18.497 Thread 0x00000277841f7590 Unloading class 0x000000080144a800 'java/lang/invoke/LambdaForm$DMH+0x000000080144a800'
Event: 18.497 Thread 0x00000277841f7590 Unloading class 0x000000080144a400 'java/lang/invoke/LambdaForm$DMH+0x000000080144a400'
Event: 18.497 Thread 0x00000277841f7590 Unloading class 0x000000080144a000 'java/lang/invoke/LambdaForm$DMH+0x000000080144a000'
Event: 18.497 Thread 0x00000277841f7590 Unloading class 0x0000000801448400 'java/lang/invoke/LambdaForm$DMH+0x0000000801448400'
Event: 18.497 Thread 0x00000277841f7590 Unloading class 0x0000000801448800 'java/lang/invoke/LambdaForm$DMH+0x0000000801448800'
Event: 18.497 Thread 0x00000277841f7590 Unloading class 0x0000000801449400 'java/lang/invoke/LambdaForm$DMH+0x0000000801449400'
Event: 18.497 Thread 0x00000277841f7590 Unloading class 0x0000000801448c00 'java/lang/invoke/LambdaForm$DMH+0x0000000801448c00'
Event: 18.497 Thread 0x00000277841f7590 Unloading class 0x0000000801449c00 'java/lang/invoke/LambdaForm$DMH+0x0000000801449c00'
Event: 18.497 Thread 0x00000277841f7590 Unloading class 0x0000000801449800 'java/lang/invoke/LambdaForm$DMH+0x0000000801449800'
Event: 18.497 Thread 0x00000277841f7590 Unloading class 0x0000000801449000 'java/lang/invoke/LambdaForm$DMH+0x0000000801449000'
Event: 18.497 Thread 0x00000277841f7590 Unloading class 0x00000008013a0400 'java/lang/invoke/LambdaForm$DMH+0x00000008013a0400'
Event: 18.497 Thread 0x00000277841f7590 Unloading class 0x00000008013a0000 'java/lang/invoke/LambdaForm$DMH+0x00000008013a0000'
Event: 18.497 Thread 0x00000277841f7590 Unloading class 0x00000008013a0800 'java/lang/invoke/LambdaForm$DMH+0x00000008013a0800'
Event: 18.497 Thread 0x00000277841f7590 Unloading class 0x00000008013a1000 'java/lang/invoke/LambdaForm$DMH+0x00000008013a1000'

Classes redefined (0 events):
No events

Internal exceptions (20 events):
Event: 18.478 Thread 0x000002779148c690 Exception <a 'sun/nio/fs/WindowsException'{0x000000070ee4c488}> (0x000000070ee4c488) 
thrown [s\src\hotspot\share\prims\jni.cpp, line 537]
Event: 18.479 Thread 0x000002779148c690 Exception <a 'sun/nio/fs/WindowsException'{0x000000070ee52c68}> (0x000000070ee52c68) 
thrown [s\src\hotspot\share\prims\jni.cpp, line 537]
Event: 18.480 Thread 0x000002779148c690 Exception <a 'sun/nio/fs/WindowsException'{0x000000070eeb9c20}> (0x000000070eeb9c20) 
thrown [s\src\hotspot\share\prims\jni.cpp, line 537]
Event: 18.480 Thread 0x000002779148c690 Exception <a 'sun/nio/fs/WindowsException'{0x000000070ef37b58}> (0x000000070ef37b58) 
thrown [s\src\hotspot\share\prims\jni.cpp, line 537]
Event: 18.482 Thread 0x000002779148c690 Exception <a 'sun/nio/fs/WindowsException'{0x000000070ef3d0d8}> (0x000000070ef3d0d8) 
thrown [s\src\hotspot\share\prims\jni.cpp, line 537]
Event: 18.483 Thread 0x000002779148c690 Exception <a 'sun/nio/fs/WindowsException'{0x000000070ef43270}> (0x000000070ef43270) 
thrown [s\src\hotspot\share\prims\jni.cpp, line 537]
Event: 18.485 Thread 0x000002779148c690 Exception <a 'sun/nio/fs/WindowsException'{0x000000070ec21098}> (0x000000070ec21098) 
thrown [s\src\hotspot\share\prims\jni.cpp, line 537]
Event: 18.486 Thread 0x000002779148c690 Exception <a 'sun/nio/fs/WindowsException'{0x000000070ec274b8}> (0x000000070ec274b8) 
thrown [s\src\hotspot\share\prims\jni.cpp, line 537]
Event: 18.487 Thread 0x000002779148c690 Exception <a 'sun/nio/fs/WindowsException'{0x000000070ec66440}> (0x000000070ec66440) 
thrown [s\src\hotspot\share\prims\jni.cpp, line 537]
Event: 18.492 Thread 0x0000027791482fa0 Exception <a 'sun/nio/fs/WindowsException'{0x000000070eca4910}> (0x000000070eca4910) 
thrown [s\src\hotspot\share\prims\jni.cpp, line 537]
Event: 18.516 Thread 0x000002779148c690 Exception <a 'sun/nio/fs/WindowsException'{0x000000070ec6cb68}> (0x000000070ec6cb68) 
thrown [s\src\hotspot\share\prims\jni.cpp, line 537]
Event: 18.518 Thread 0x000002779148c690 Exception <a 'sun/nio/fs/WindowsException'{0x000000070ec72740}> (0x000000070ec72740) 
thrown [s\src\hotspot\share\prims\jni.cpp, line 537]
Event: 18.519 Thread 0x000002779148c690 Exception <a 'sun/nio/fs/WindowsException'{0x00000007134226c8}> (0x00000007134226c8) 
thrown [s\src\hotspot\share\prims\jni.cpp, line 537]
Event: 18.525 Thread 0x000002779148c690 Exception <a 'sun/nio/fs/WindowsException'{0x0000000713428fa8}> (0x0000000713428fa8) 
thrown [s\src\hotspot\share\prims\jni.cpp, line 537]
Event: 18.528 Thread 0x000002779148c690 Exception <a 'sun/nio/fs/WindowsException'{0x0000000712d3f6a8}> (0x0000000712d3f6a8) 
thrown [s\src\hotspot\share\prims\jni.cpp, line 537]
Event: 18.529 Thread 0x000002779148c690 Exception <a 'sun/nio/fs/WindowsException'{0x0000000712d46440}> (0x0000000712d46440) 
thrown [s\src\hotspot\share\prims\jni.cpp, line 537]
Event: 18.538 Thread 0x000002779148c690 Exception <a 'sun/nio/fs/WindowsException'{0x0000000712d4cab8}> (0x0000000712d4cab8) 
thrown [s\src\hotspot\share\prims\jni.cpp, line 537]
Event: 18.549 Thread 0x000002779148c690 Exception <a 'sun/nio/fs/WindowsException'{0x00000007127f1138}> (0x00000007127f1138) 
thrown [s\src\hotspot\share\prims\jni.cpp, line 537]
Event: 18.552 Thread 0x000002779148c690 Exception <a 'sun/nio/fs/WindowsException'{0x00000007127f7158}> (0x00000007127f7158) 
thrown [s\src\hotspot\share\prims\jni.cpp, line 537]
Event: 18.554 Thread 0x000002779148c690 Exception <a 'sun/nio/fs/WindowsException'{0x000000070e425bb8}> (0x000000070e425bb8) 
thrown [s\src\hotspot\share\prims\jni.cpp, line 537]

ZGC Phase Switch (0 events):
No events

VM Operations (20 events):
Event: 18.247 Executing VM operation: ICBufferFull done
Event: 18.249 Executing VM operation: ICBufferFull
Event: 18.249 Executing VM operation: ICBufferFull done
Event: 18.273 Executing VM operation: HandshakeAllThreads (Deoptimize)
Event: 18.280 Executing VM operation: HandshakeAllThreads (Deoptimize) done
Event: 18.288 Executing VM operation: HandshakeAllThreads (Deoptimize)
Event: 18.302 Executing VM operation: HandshakeAllThreads (Deoptimize) done
Event: 18.318 Executing VM operation: ICBufferFull
Event: 18.318 Executing VM operation: ICBufferFull done
Event: 18.318 Executing VM operation: ICBufferFull
Event: 18.318 Executing VM operation: ICBufferFull done
Event: 18.319 Executing VM operation: ICBufferFull
Event: 18.319 Executing VM operation: ICBufferFull done
Event: 18.341 Executing VM operation: G1CollectForAllocation (G1 Evacuation Pause)
Event: 18.346 Executing VM operation: G1CollectForAllocation (G1 Evacuation Pause) done
Event: 18.420 Executing VM operation: ICBufferFull
Event: 18.421 Executing VM operation: ICBufferFull done
Event: 18.496 Executing VM operation: G1PauseRemark
Event: 18.513 Executing VM operation: G1PauseRemark done
Event: 18.558 Executing VM operation: G1CollectForAllocation (G1 Evacuation Pause)

Memory protections (0 events):
No events

Nmethod flushes (20 events):
Event: 18.511 Thread 0x00000277841f7590 flushing  nmethod 0x00000277ee278d10
Event: 18.511 Thread 0x00000277841f7590 flushing  nmethod 0x00000277ee2efe10
Event: 18.511 Thread 0x00000277841f7590 flushing  nmethod 0x00000277ee2f1690
Event: 18.511 Thread 0x00000277841f7590 flushing  nmethod 0x00000277ee2f1b10
Event: 18.511 Thread 0x00000277841f7590 flushing  nmethod 0x00000277ee40be10
Event: 18.511 Thread 0x00000277841f7590 flushing  nmethod 0x00000277ee5e1590
Event: 18.511 Thread 0x00000277841f7590 flushing  nmethod 0x00000277ee5e2990
Event: 18.511 Thread 0x00000277841f7590 flushing  nmethod 0x00000277ee720c10
Event: 18.511 Thread 0x00000277841f7590 flushing  nmethod 0x00000277eec4ac90
Event: 18.511 Thread 0x00000277841f7590 flushing  nmethod 0x00000277eec51e90
Event: 18.511 Thread 0x00000277841f7590 flushing  nmethod 0x00000277eed8ed10
Event: 18.511 Thread 0x00000277841f7590 flushing  nmethod 0x00000277ef01bd10
Event: 18.511 Thread 0x00000277841f7590 flushing  nmethod 0x00000277ef0b2710
Event: 18.511 Thread 0x00000277841f7590 flushing  nmethod 0x00000277ef0b3910
Event: 18.511 Thread 0x00000277841f7590 flushing  nmethod 0x00000277ef0b4090
Event: 18.511 Thread 0x00000277841f7590 flushing  nmethod 0x00000277ef0b4610
Event: 18.511 Thread 0x00000277841f7590 flushing  nmethod 0x00000277ef0b6010
Event: 18.511 Thread 0x00000277841f7590 flushing  nmethod 0x00000277ef0b6990
Event: 18.511 Thread 0x00000277841f7590 flushing  nmethod 0x00000277ef158390
Event: 18.511 Thread 0x00000277841f7590 flushing  nmethod 0x00000277ef15af90

Events (20 events):
Event: 16.005 Thread 0x00000277891c75a0 Thread added: 0x000002778c5d4e60
Event: 16.014 Thread 0x000002778c5d4e60 Thread added: 0x000002778c5d9280
Event: 16.014 Thread 0x000002778c5d4e60 Thread added: 0x000002778c5d8bb0
Event: 16.492 Thread 0x00000277895ef2f0 Thread added: 0x0000027791483cc0
Event: 16.493 Thread 0x00000277895ef2f0 Thread added: 0x0000027791482fa0
Event: 16.494 Thread 0x00000277895ef2f0 Thread added: 0x0000027791484350
Event: 16.494 Thread 0x00000277895ef2f0 Thread added: 0x0000027791483630
Event: 16.495 Thread 0x00000277895ef2f0 Thread added: 0x0000027791485700
Event: 16.495 Thread 0x00000277895ef2f0 Thread added: 0x0000027791485d90
Event: 16.496 Thread 0x00000277895ef2f0 Thread added: 0x0000027791482910
Event: 16.496 Thread 0x00000277895ef2f0 Thread added: 0x0000027791486ab0
Event: 16.502 Thread 0x00000277895ef2f0 Thread added: 0x0000027791487e60
Event: 16.503 Thread 0x00000277895ef2f0 Thread added: 0x00000277914884f0
Event: 16.504 Thread 0x00000277895ef2f0 Thread added: 0x0000027791488b80
Event: 16.505 Thread 0x00000277895ef2f0 Thread added: 0x00000277914898a0
Event: 16.506 Thread 0x00000277895ef2f0 Thread added: 0x0000027791486420
Event: 16.506 Thread 0x00000277895ef2f0 Thread added: 0x000002779148b970
Event: 16.507 Thread 0x00000277895ef2f0 Thread added: 0x000002779148c690
Event: 17.739 Thread 0x00000277891c75a0 Thread added: 0x000002779878b3e0
Event: 18.517 Thread 0x0000027791486420 Thread exited: 0x0000027791486420


Dynamic libraries:
0x00007ff75c330000 - 0x00007ff75c33a000 	C:\Program Files\Android\Android Studio\jbr\bin\java.exe
0x00007ff931a00000 - 0x00007ff931c67000 	C:\WINDOWS\SYSTEM32\ntdll.dll
0x00007ff930b30000 - 0x00007ff930bf9000 	C:\WINDOWS\System32\KERNEL32.DLL
0x00007ff92e4f0000 - 0x00007ff92e8e1000 	C:\WINDOWS\System32\KERNELBASE.dll
0x00007ff92ec40000 - 0x00007ff92ed8b000 	C:\WINDOWS\System32\ucrtbase.dll
0x00007ff8eb7c0000 - 0x00007ff8eb7d8000 	C:\Program Files\Android\Android Studio\jbr\bin\jli.dll
0x00007ff908740000 - 0x00007ff90875b000 	C:\Program Files\Android\Android Studio\jbr\bin\VCRUNTIME140.dll
0x00007ff931770000 - 0x00007ff931935000 	C:\WINDOWS\System32\USER32.dll
0x00007ff917100000 - 0x00007ff917393000 	C:\WINDOWS\WinSxS\amd64_microsoft.windows.common-controls_6595b64144ccf1df_6.0.26100.8037_none_3e092faae333b53b\COMCTL32.dll
0x00007ff92ed90000 - 0x00007ff92edb7000 	C:\WINDOWS\System32\win32u.dll
0x00007ff9306f0000 - 0x00007ff930799000 	C:\WINDOWS\System32\msvcrt.dll
0x00007ff930c00000 - 0x00007ff930c2b000 	C:\WINDOWS\System32\GDI32.dll
0x00007ff92eb10000 - 0x00007ff92ec3b000 	C:\WINDOWS\System32\gdi32full.dll
0x00007ff92e8f0000 - 0x00007ff92e993000 	C:\WINDOWS\System32\msvcp_win.dll
0x00007ff930f70000 - 0x00007ff930fa1000 	C:\WINDOWS\System32\IMM32.DLL
0x00007ff922190000 - 0x00007ff92219c000 	C:\Program Files\Android\Android Studio\jbr\bin\vcruntime140_1.dll
0x00007ff8e9730000 - 0x00007ff8e97bd000 	C:\Program Files\Android\Android Studio\jbr\bin\msvcp140.dll
0x00007ff8aefb0000 - 0x00007ff8afc46000 	C:\Program Files\Android\Android Studio\jbr\bin\server\jvm.dll
0x00007ff931530000 - 0x00007ff9315eb000 	C:\WINDOWS\System32\ADVAPI32.dll
0x00007ff92f8b0000 - 0x00007ff92f957000 	C:\WINDOWS\System32\sechost.dll
0x00007ff931610000 - 0x00007ff931728000 	C:\WINDOWS\System32\RPCRT4.dll
0x00007ff930670000 - 0x00007ff9306e4000 	C:\WINDOWS\System32\WS2_32.dll
0x00007ff92e140000 - 0x00007ff92e19e000 	C:\WINDOWS\SYSTEM32\POWRPROF.dll
0x00007ff91b640000 - 0x00007ff91b64b000 	C:\WINDOWS\SYSTEM32\VERSION.dll
0x00007ff9228c0000 - 0x00007ff9228f5000 	C:\WINDOWS\SYSTEM32\WINMM.dll
0x00007ff92e120000 - 0x00007ff92e134000 	C:\WINDOWS\SYSTEM32\UMPDC.dll
0x00007ff92d070000 - 0x00007ff92d08b000 	C:\WINDOWS\SYSTEM32\kernel.appcore.dll
0x00007ff918710000 - 0x00007ff91871a000 	C:\Program Files\Android\Android Studio\jbr\bin\jimage.dll
0x00007ff92c140000 - 0x00007ff92c382000 	C:\WINDOWS\SYSTEM32\DBGHELP.DLL
0x00007ff9307a0000 - 0x00007ff930b22000 	C:\WINDOWS\System32\combase.dll
0x00007ff930230000 - 0x00007ff930307000 	C:\WINDOWS\System32\OLEAUT32.dll
0x00007ff914950000 - 0x00007ff91498b000 	C:\WINDOWS\SYSTEM32\dbgcore.DLL
0x00007ff92f6f0000 - 0x00007ff92f795000 	C:\WINDOWS\System32\bcryptPrimitives.dll
0x00007ff91ca10000 - 0x00007ff91ca1e000 	C:\Program Files\Android\Android Studio\jbr\bin\instrument.dll
0x00007ff903590000 - 0x00007ff9035b0000 	C:\Program Files\Android\Android Studio\jbr\bin\java.dll
0x00007ff902960000 - 0x00007ff902978000 	C:\Program Files\Android\Android Studio\jbr\bin\zip.dll
0x00007ff92f960000 - 0x00007ff9300bf000 	C:\WINDOWS\System32\SHELL32.dll
0x00007ff92e9a0000 - 0x00007ff92eb0a000 	C:\WINDOWS\System32\wintypes.dll
0x00007ff92edc0000 - 0x00007ff92f624000 	C:\WINDOWS\System32\windows.storage.dll
0x00007ff930cd0000 - 0x00007ff930dc7000 	C:\WINDOWS\System32\SHCORE.dll
0x00007ff930310000 - 0x00007ff930377000 	C:\WINDOWS\System32\shlwapi.dll
0x00007ff92e200000 - 0x00007ff92e229000 	C:\WINDOWS\SYSTEM32\profapi.dll
0x00007ff911f00000 - 0x00007ff911f10000 	C:\Program Files\Android\Android Studio\jbr\bin\net.dll
0x00007ff928df0000 - 0x00007ff928f17000 	C:\WINDOWS\SYSTEM32\WINHTTP.dll
0x00007ff92d5e0000 - 0x00007ff92d64b000 	C:\WINDOWS\system32\mswsock.dll
0x00007ff902910000 - 0x00007ff902926000 	C:\Program Files\Android\Android Studio\jbr\bin\nio.dll
0x00007ff903240000 - 0x00007ff903250000 	C:\Program Files\Android\Android Studio\jbr\bin\verify.dll
0x00007ff908810000 - 0x00007ff908837000 	C:\Users\ADMIN\.gradle\native\1def1411415f61bf3af743bc5b6707747c0891f09f0c88961ee8f79bc544acac\windows-amd64\native-platform.dll
0x00007ff8e9680000 - 0x00007ff8e96f8000 	C:\Users\ADMIN\.gradle\native\0.2.7\x86_64-windows-gnu\gradle-fileevents.dll
0x00007ff90dca0000 - 0x00007ff90dca9000 	C:\Program Files\Android\Android Studio\jbr\bin\management.dll
0x00007ff907760000 - 0x00007ff90776b000 	C:\Program Files\Android\Android Studio\jbr\bin\management_ext.dll
0x00007ff931520000 - 0x00007ff931528000 	C:\WINDOWS\System32\PSAPI.DLL
0x00007ff92ca80000 - 0x00007ff92cab3000 	C:\WINDOWS\SYSTEM32\IPHLPAPI.DLL
0x00007ff931760000 - 0x00007ff93176a000 	C:\WINDOWS\System32\NSI.dll
0x00007ff90df40000 - 0x00007ff90df49000 	C:\Program Files\Android\Android Studio\jbr\bin\extnet.dll
0x00007ff92d8c0000 - 0x00007ff92d8db000 	C:\WINDOWS\SYSTEM32\CRYPTSP.dll
0x00007ff92cfd0000 - 0x00007ff92d009000 	C:\WINDOWS\system32\rsaenh.dll
0x00007ff92d690000 - 0x00007ff92d6c2000 	C:\WINDOWS\SYSTEM32\USERENV.dll
0x00007ff92e1d0000 - 0x00007ff92e1fa000 	C:\WINDOWS\SYSTEM32\bcrypt.dll
0x00007ff92d8e0000 - 0x00007ff92d8ec000 	C:\WINDOWS\SYSTEM32\CRYPTBASE.dll
0x00007ff914100000 - 0x00007ff914108000 	C:\WINDOWS\system32\wshunix.dll
0x00007ff90c870000 - 0x00007ff90c888000 	C:\WINDOWS\system32\napinsp.dll
0x00007ff92cac0000 - 0x00007ff92cbea000 	C:\WINDOWS\SYSTEM32\DNSAPI.dll
0x00007ff908910000 - 0x00007ff908922000 	C:\WINDOWS\System32\winrnr.dll
0x00007ff908840000 - 0x00007ff908862000 	C:\WINDOWS\system32\nlansp_c.dll
0x00007ff9087f0000 - 0x00007ff908806000 	C:\WINDOWS\system32\wshbth.dll
0x00007ff928520000 - 0x00007ff92852b000 	C:\Windows\System32\rasadhlp.dll
0x00007ff929d60000 - 0x00007ff929de6000 	C:\WINDOWS\System32\fwpuclnt.dll

JVMTI agents:
C:\Users\ADMIN\.gradle\wrapper\dists\gradle-8.13-bin\5xuhj0ry160q40clulazy9h7d\gradle-8.13\lib\agents\gradle-instrumentation-agent-8.13.jar path:C:\Program Files\Android\Android Studio\jbr\bin\instrument.dll, loaded, initialized, instrumentlib options:none

dbghelp: loaded successfully - version: 4.0.5 - missing functions: none
symbol engine: initialized successfully - sym options: 0x614 - pdb path: .;C:\Program Files\Android\Android Studio\jbr\bin;C:\WINDOWS\SYSTEM32;C:\WINDOWS\WinSxS\amd64_microsoft.windows.common-controls_6595b64144ccf1df_6.0.26100.8037_none_3e092faae333b53b;C:\Program Files\Android\Android Studio\jbr\bin\server;C:\Users\ADMIN\.gradle\native\1def1411415f61bf3af743bc5b6707747c0891f09f0c88961ee8f79bc544acac\windows-amd64;C:\Users\ADMIN\.gradle\native\0.2.7\x86_64-windows-gnu

VM Arguments:
jvm_args: --add-opens=java.base/java.lang=ALL-UNNAMED --add-opens=java.base/java.lang.invoke=ALL-UNNAMED --add-opens=java.base/java.util=ALL-UNNAMED --add-opens=java.prefs/java.util.prefs=ALL-UNNAMED --add-exports=jdk.compiler/com.sun.tools.javac.api=ALL-UNNAMED --add-exports=jdk.compiler/com.sun.tools.javac.util=ALL-UNNAMED --add-opens=java.base/java.util=ALL-UNNAMED --add-opens=java.prefs/java.util.prefs=ALL-UNNAMED --add-opens=java.base/java.nio.charset=ALL-UNNAMED --add-opens=java.base/java.net=ALL-UNNAMED --add-opens=java.base/java.util.concurrent.atomic=ALL-UNNAMED --add-opens=java.xml/javax.xml.namespace=ALL-UNNAMED -XX:MaxMetaspaceSize=1024m -Xmx4096m -Dfile.encoding=UTF-8 -Duser.country=US -Duser.language=en -Duser.variant -javaagent:C:\Users\ADMIN\.gradle\wrapper\dists\gradle-8.13-bin\5xuhj0ry160q40clulazy9h7d\gradle-8.13\lib\agents\gradle-instrumentation-agent-8.13.jar 
java_command: org.gradle.launcher.daemon.bootstrap.GradleDaemon 8.13
java_class_path (initial): C:\Users\ADMIN\.gradle\wrapper\dists\gradle-8.13-bin\5xuhj0ry160q40clulazy9h7d\gradle-8.13\lib\gradle-daemon-main-8.13.jar
Launcher Type: SUN_STANDARD

[Global flags]
     intx CICompilerCount                          = 12                                        {product} {ergonomic}
   size_t CompressedClassSpaceSize                 = 872415232                                 {product} {ergonomic}
     uint ConcGCThreads                            = 3                                         {product} {ergonomic}
     uint G1ConcRefinementThreads                  = 13                                        {product} {ergonomic}
   size_t G1HeapRegionSize                         = 2097152                                   {product} {ergonomic}
    uintx GCDrainStackTargetSize                   = 64                                        {product} {ergonomic}
   size_t InitialHeapSize                          = 264241152                                 {product} {ergonomic}
   size_t MarkStackSize                            = 4194304                                   {product} {ergonomic}
   size_t MaxHeapSize                              = 4294967296                                {product} {command line}
   size_t MaxMetaspaceSize                         = 1073741824                                {product} {command line}
   size_t MaxNewSize                               = 2575302656                                {product} {ergonomic}
   size_t MinHeapDeltaBytes                        = 2097152                                   {product} {ergonomic}
   size_t MinHeapSize                              = 8388608                                   {product} {ergonomic}
    uintx NonNMethodCodeHeapSize                   = 7602480                                {pd product} {ergonomic}
    uintx NonProfiledCodeHeapSize                  = 122027880                              {pd product} {ergonomic}
    uintx ProfiledCodeHeapSize                     = 122027880                              {pd product} {ergonomic}
    uintx ReservedCodeCacheSize                    = 251658240                              {pd product} {ergonomic}
     bool SegmentedCodeCache                       = true                                      {product} {ergonomic}
   size_t SoftMaxHeapSize                          = 4294967296                             {manageable} {ergonomic}
     bool UseCompressedOops                        = true                           {product lp64_product} {ergonomic}
     bool UseG1GC                                  = true                                      {product} {ergonomic}
     bool UseLargePagesIndividualAllocation        = false                                  {pd product} {ergonomic}

Logging:
Log output configuration:
 #0: stdout all=warning uptime,level,tags foldmultilines=false
 #1: stderr all=off uptime,level,tags foldmultilines=false

Release file:
JAVA_VERSION="21.0.9" 
MODULES="java.base java.compiler java.datatransfer java.xml java.prefs java.desktop java.instrument java.logging java.management java.security.sasl java.naming java.rmi java.management.rmi java.net.http java.scripting java.security.jgss java.transaction.xa java.sql java.sql.rowset java.xml.crypto java.se java.smartcardio jdk.accessibility jdk.internal.jvmstat jdk.attach jdk.charsets jdk.internal.opt jdk.zipfs jdk.compiler jdk.crypto.ec jdk.crypto.cryptoki jdk.dynalink jdk.hotspot.agent jdk.httpserver jdk.internal.ed jdk.internal.le jdk.internal.vm.ci jdk.jartool jdk.javadoc jdk.jcmd jdk.jdeps jdk.jdwp.agent jdk.jdi jdk.jfr jdk.jlink jdk.jsobject jdk.localedata jdk.management jdk.management.agent jdk.management.jfr jdk.naming.dns jdk.naming.rmi jdk.net jdk.sctp jdk.security.auth jdk.security.jgss jdk.unsupported jdk.unsupported.desktop jdk.xml.dom" 
IMPLEMENTOR="JetBrains s.r.o." 
JAVA_RUNTIME_VERSION="21.0.9+-14787801-b1163.94" 
LIBC="default" 
OS_ARCH="x86_64" 
OS_NAME="Windows" 
SOURCE=".:git:0c757ddc9f2f" 

Environment Variables:
JAVA_HOME=C:\Program Files\Java\jdk-21
PATH=D:\VMWare\bin\;D:\Python\Scripts\;D:\Python\;C:\Program Files\Common Files\Oracle\Java\javapath;C:\Program Files (x86)\Common Files\Oracle\Java\javapath;C:\WINDOWS\system32;C:\WINDOWS;C:\WINDOWS\System32\Wbem;C:\WINDOWS\System32\WindowsPowerShell\v1.0\;C:\WINDOWS\System32\OpenSSH\;C:\Program Files (x86)\Microsoft SQL Server\160\Tools\Binn\;C:\Program Files\Microsoft SQL Server\160\Tools\Binn\;C:\Program Files\Microsoft SQL Server\Client SDK\ODBC\170\Tools\Binn\;C:\Program Files\Microsoft SQL Server\160\DTS\Binn\;C:\Program Files (x86)\Microsoft SQL Server\160\DTS\Binn\;C:\Program Files\Azure Data Studio\bin;C:\Program Files\Git\cmd;C:\xampp\php;C:\ProgramData\ComposerSetup\bin;C:\Users\ADMIN\apache-maven-3.9.9\bin;C:\scrcpy-win64-v3.2;C:\Program Files\Java\jdk-17\bin\;C:\Program Files\Zulu\zulu-21\bin\;C:\Users\ADMIN\Downloads\ffmpeg-8.0-essentials_build\ffmpeg-8.0-essentials_build\bin;C:\Program Files\Microsoft SQL Server\170\Tools\Binn\;C:\Program Files\Microsoft SQL Server\130\DTS\Binn\;C:\Program Files\Microsoft SQL Server\140\DTS\Binn\;C:\Program Files\Microsoft SQL Server\150\DTS\Binn\;C:\Program Files\Microsoft SQL Server\170\DTS\Binn\;C:\Users\ADMIN\AppData\Local\Microsoft\WindowsApps;C:\Program Files\Azure Data Studio\bin;C:\Users\ADMIN\AppData\Roaming\Composer\vendor\bin;C:\Program Files\JetBrains\IntelliJ IDEA 2024.3.1.1\bin;;C:\Program Files\JetBrains\IntelliJ IDEA Community Edition 2024.3.1.1\bin;;C:\Users\ADMIN\Downloads\platform-tools;C:\Users\ADMIN\AppData\Local\Programs\Microsoft VS Code\bin;C:\Users\ADMIN\Downloads\ffmpeg-8.0-essentials_build\ffmpeg-8.0-essentials_build\bin;C:\Users\ADMIN\AppData\Local\Programs\Antigravity\bin
USERNAME=ADMIN
OS=Windows_NT
PROCESSOR_IDENTIFIER=Intel64 Family 6 Model 186 Stepping 2, GenuineIntel
TMP=C:\Users\ADMIN\AppData\Local\Temp
TEMP=C:\Users\ADMIN\AppData\Local\Temp




Periodic native trim disabled

JNI global refs:
JNI global refs: 44, weak refs: 65

JNI global refs memory usage: 835, weak refs: 1465

Process memory usage:
Resident Set Size: 829792K (5% of 16393140K total physical memory with 2391920K free physical memory)

OOME stack traces (most recent first):
Classloader memory used:
Loader org.gradle.internal.classloader.VisitableURLClassLoader$InstrumentingVisitableURLClassLoader: 61041K
Loader org.gradle.internal.classloader.VisitableURLClassLoader                         : 46845K
Loader bootstrap                                                                       : 31179K
Loader org.gradle.initialization.MixInLegacyTypesClassLoader                           : 13500K
Loader jdk.internal.loader.ClassLoaders$PlatformClassLoader                            : 539K
Loader jdk.internal.reflect.DelegatingClassLoader                                      : 511K
Loader org.gradle.groovy.scripts.internal.DefaultScriptCompilationHandler$ScriptClassLoader: 289K
Loader jdk.internal.loader.ClassLoaders$AppClassLoader                                 : 237K
Loader org.gradle.internal.classloader.VisitableURLClassLoader                         : 191K
Loader org.codehaus.groovy.runtime.callsite.CallSiteClassLoader                        : 44520B

Classes loaded by more than one classloader:
Class Program                                                                         : loaded 3 times (x 72B)
Class com.google.common.base.PairwiseEquivalence                                      : loaded 2 times (x 83B)
Class com.google.common.base.Equivalence$Identity                                     : loaded 2 times (x 82B)
Class com.google.common.collect.RegularImmutableMap$KeySet                            : loaded 2 times (x 152B)
Class org.gradle.internal.classloader.FilteringClassLoader                            : loaded 2 times (x 105B)
Class [Lcom.google.common.collect.MapMakerInternalMap$Segment;                        : loaded 2 times (x 69B)
Class com.google.common.io.FileWriteMode                                              : loaded 2 times (x 79B)
Class [Lcom.google.common.base.AbstractIterator$State;                                : loaded 2 times (x 69B)
Class com.google.common.base.CharMatcher$IsEither                                     : loaded 2 times (x 111B)
Class org.gradle.internal.classloader.ClassLoaderHierarchy                            : loaded 2 times (x 70B)
Class com.google.common.collect.AbstractMapBasedMultimap$WrappedCollection            : loaded 2 times (x 124B)
Class com.google.common.collect.ImmutableEnumSet                                      : loaded 2 times (x 146B)
Class com.google.common.util.concurrent.ExecutionError                                : loaded 2 times (x 82B)
Class com.google.common.collect.ImmutableList$1                                       : loaded 2 times (x 97B)
Class org.gradle.api.internal.classpath.ManifestUtil                                  : loaded 2 times (x 71B)
Class com.google.common.io.ByteArrayDataOutput                                        : loaded 2 times (x 70B)
Class com.google.common.collect.RegularImmutableMap                                   : loaded 2 times (x 121B)
Class com.google.common.collect.ImmutableMap$MapViewOfValuesAsSingletonSets           : loaded 2 times (x 126B)
Class [Lorg.objectweb.asm.Symbol;                                                     : loaded 2 times (x 69B)
Class org.objectweb.asm.ClassVisitor                                                  : loaded 2 times (x 88B)
Class com.google.common.collect.UnmodifiableListIterator                              : loaded 2 times (x 95B)
Class com.google.common.collect.MapMakerInternalMap$StrongKeyDummyValueEntry$LinkedStrongKeyDummyValueEntry: loaded 2 times (x 82B)
Class com.google.common.collect.MapMakerInternalMap$Strength                          : loaded 2 times (x 80B)
Class com.google.common.base.Platform$JdkPatternCompiler                              : loaded 2 times (x 75B)
Class org.objectweb.asm.MethodTooLargeException                                       : loaded 2 times (x 83B)
Class [Lcom.google.common.cache.CacheBuilder$OneWeigher;                              : loaded 2 times (x 69B)
Class com.google.common.base.Suppliers                                                : loaded 2 times (x 71B)
Class org.gradle.internal.classloader.DefaultClassLoaderFactory                       : loaded 2 times (x 82B)
Class [Lcom.google.common.collect.AbstractIterator$State;                             : loaded 2 times (x 69B)
Class com.google.common.base.CharMatcher$None                                         : loaded 2 times (x 112B)
Class org.gradle.internal.classloader.ClassLoaderVisitor                              : loaded 2 times (x 76B)
Class [Lcom.google.common.collect.ImmutableMapEntry;                                  : loaded 2 times (x 69B)
Class org.gradle.api.internal.classpath.EffectiveClassPath                            : loaded 2 times (x 90B)
Class com.google.common.collect.ImmutableRangeSet                                     : loaded 2 times (x 115B)
Class com.google.common.collect.ListMultimap                                          : loaded 2 times (x 70B)
Class com.google.common.collect.ImmutableEnumMap                                      : loaded 2 times (x 126B)
Class com.google.common.base.Splitter                                                 : loaded 2 times (x 72B)
Class com.google.common.collect.Sets$1                                                : loaded 2 times (x 139B)
Class org.objectweb.asm.AnnotationVisitor                                             : loaded 2 times (x 78B)
Class org.gradle.api.internal.DefaultClassPathProvider                                : loaded 2 times (x 76B)
Class com.google.common.collect.MapMakerInternalMap$Strength$1                        : loaded 2 times (x 80B)
Class com.google.common.collect.Maps$ViewCachingAbstractMap                           : loaded 2 times (x 125B)
Class com.google.common.collect.Sets$2                                                : loaded 2 times (x 139B)
Class [Lorg.gradle.api.internal.ClassPathProvider;                                    : loaded 2 times (x 69B)
Class org.gradle.api.internal.ClassPathProvider                                       : loaded 2 times (x 70B)
Class com.google.common.collect.MapMakerInternalMap$Strength$2                        : loaded 2 times (x 80B)
Class com.google.common.base.AbstractIterator$State                                   : loaded 2 times (x 79B)
Class [Lorg.objectweb.asm.AnnotationVisitor;                                          : loaded 2 times (x 69B)
Class com.google.common.collect.Sets$3                                                : loaded 2 times (x 139B)
Class com.google.common.util.concurrent.AbstractFuture$SafeAtomicHelper               : loaded 2 times (x 79B)
Class com.google.common.cache.LocalCache$LocalLoadingCache                            : loaded 2 times (x 134B)
Class org.gradle.internal.service.UnknownServiceException                             : loaded 2 times (x 83B)
Class com.google.common.io.ByteArrayDataInput                                         : loaded 2 times (x 70B)
Class com.google.common.collect.MapMakerInternalMap$StrongValueEntry                  : loaded 2 times (x 70B)
Class com.google.common.collect.Sets$4                                                : loaded 2 times (x 139B)
Class org.objectweb.asm.ModuleVisitor                                                 : loaded 2 times (x 81B)
Class com.google.common.cache.LocalCache$Strength$1                                   : loaded 2 times (x 81B)
Class com.google.common.util.concurrent.SettableFuture                                : loaded 2 times (x 114B)
Class com.google.common.cache.LocalCache$Strength$2                                   : loaded 2 times (x 81B)
Class com.google.common.io.ByteStreams                                                : loaded 2 times (x 71B)
Class com.google.common.collect.Interners$InternerImpl                                : loaded 2 times (x 75B)
Class com.google.common.collect.Interner                                              : loaded 2 times (x 70B)
Class com.google.common.base.Splitter$1                                               : loaded 2 times (x 77B)
Class com.google.common.cache.LocalCache$Strength$3                                   : loaded 2 times (x 81B)
Class com.google.common.collect.MapDifference                                         : loaded 2 times (x 70B)
Class com.google.common.collect.MapMaker$Dummy                                        : loaded 2 times (x 79B)
Class org.objectweb.asm.FieldWriter                                                   : loaded 2 times (x 78B)
Class com.google.common.cache.CacheBuilder$NullListener                               : loaded 2 times (x 82B)
Class org.gradle.internal.classpath.TransformedClassPath                              : loaded 2 times (x 96B)
Class org.gradle.internal.classloader.InstrumentingClassLoader                        : loaded 2 times (x 70B)
Class com.google.common.collect.ImmutableListMultimap                                 : loaded 2 times (x 176B)
Class com.google.common.collect.ImmutableRangeSet$AsSet                               : loaded 2 times (x 300B)
Class com.google.common.cache.CacheLoader$FunctionToCacheLoader                       : loaded 2 times (x 75B)
Class com.google.common.collect.Iterators$ArrayItr                                    : loaded 2 times (x 97B)
Class com.google.common.collect.ImmutableCollection$Builder                           : loaded 2 times (x 76B)
Class com.google.common.collect.EmptyImmutableListMultimap                            : loaded 2 times (x 176B)
Class com.google.common.collect.BaseImmutableMultimap                                 : loaded 2 times (x 123B)
Class com.google.common.base.Joiner                                                   : loaded 2 times (x 79B)
Class com.google.common.base.MoreObjects                                              : loaded 2 times (x 71B)
Class com.google.common.collect.Platform                                              : loaded 2 times (x 71B)
Class [Lorg.objectweb.asm.Type;                                                       : loaded 2 times (x 69B)
Class com.google.common.collect.UnmodifiableIterator                                  : loaded 2 times (x 80B)
Class org.gradle.internal.service.ServiceLocator                                      : loaded 2 times (x 70B)
Class com.google.common.base.Ascii                                                    : loaded 2 times (x 71B)
Class com.google.common.cache.LocalCache$1                                            : loaded 2 times (x 89B)
Class com.google.common.collect.SingletonImmutableBiMap                               : loaded 2 times (x 143B)
Class com.google.common.collect.AbstractMapEntry                                      : loaded 2 times (x 81B)
Class ijJvmDebugger1_amxldhla0sgtknc2p75ob1gmp$_run_closure1$_closure2                : loaded 2 times (x 140B)
Class com.google.common.collect.MapMakerInternalMap$AbstractStrongKeyEntry            : loaded 2 times (x 80B)
Class com.google.common.collect.Sets$ImprovedAbstractSet                              : loaded 2 times (x 135B)
Class com.google.common.collect.ImmutableList$Builder                                 : loaded 2 times (x 77B)
Class com.google.common.collect.AbstractMultimap                                      : loaded 2 times (x 123B)
Class com.google.common.cache.LocalCache$2                                            : loaded 2 times (x 142B)
Class com.google.common.collect.ImmutableRangeSet$1                                   : loaded 2 times (x 210B)
Class com.google.common.util.concurrent.AbstractFuture$UnsafeAtomicHelper$1           : loaded 2 times (x 76B)
Class com.google.common.collect.RegularImmutableAsList                                : loaded 2 times (x 217B)
Class com.google.common.base.Optional                                                 : loaded 2 times (x 80B)
Class com.google.common.collect.Range                                                 : loaded 2 times (x 87B)
Class com.google.common.util.concurrent.AbstractFuture$Trusted                        : loaded 2 times (x 70B)
Class com.google.common.collect.Iterators                                             : loaded 2 times (x 71B)
Class com.google.common.io.ByteSink$AsCharSink                                        : loaded 2 times (x 80B)
Class com.google.common.collect.Lists$StringAsImmutableList                           : loaded 2 times (x 207B)
Class com.google.common.util.concurrent.UncheckedExecutionException                   : loaded 2 times (x 82B)
Class org.gradle.internal.InternalTransformer                                         : loaded 2 times (x 70B)
Class com.google.common.collect.AbstractMapBasedMultimap$KeySet$1                     : loaded 2 times (x 82B)
Class org.objectweb.asm.ClassWriter                                                   : loaded 2 times (x 106B)
Class com.google.common.base.CharMatcher$And                                          : loaded 2 times (x 112B)
Class com.google.common.cache.CacheLoader$UnsupportedLoadingOperationException        : loaded 2 times (x 82B)
Class org.gradle.internal.classloader.ClasspathUtil$1                                 : loaded 2 times (x 76B)
Class com.google.common.collect.FluentIterable$1                                      : loaded 2 times (x 81B)
Class com.google.common.base.Objects                                                  : loaded 2 times (x 71B)
Class org.objectweb.asm.FieldVisitor                                                  : loaded 2 times (x 77B)
Class com.google.common.collect.IndexedImmutableSet                                   : loaded 2 times (x 152B)
Class com.google.common.collect.ImmutableMap$1                                        : loaded 2 times (x 81B)
Class com.google.common.collect.BiMap                                                 : loaded 2 times (x 70B)
Class org.gradle.api.internal.classpath.DefaultModuleRegistry$DefaultModule           : loaded 2 times (x 86B)
Class com.google.common.base.Absent                                                   : loaded 2 times (x 80B)
Class com.google.common.collect.FluentIterable$2                                      : loaded 2 times (x 81B)
Class com.google.common.primitives.Ints                                               : loaded 2 times (x 71B)
Class com.google.common.collect.AbstractIterator                                      : loaded 2 times (x 82B)
Class com.google.common.collect.FluentIterable$3                                      : loaded 2 times (x 81B)
Class com.google.common.collect.ObjectArrays                                          : loaded 2 times (x 71B)
Class com.google.common.collect.Multiset                                              : loaded 2 times (x 70B)
Class com.google.common.collect.ArrayListMultimapGwtSerializationDependencies         : loaded 2 times (x 172B)
Class com.google.common.collect.AbstractIndexedListIterator                           : loaded 2 times (x 96B)
Class com.google.common.math.MathPreconditions                                        : loaded 2 times (x 71B)
Class com.google.common.collect.ImmutableMapEntrySet                                  : loaded 2 times (x 152B)
Class org.gradle.api.internal.classpath.Module                                        : loaded 2 times (x 70B)
Class com.google.common.cache.Weigher                                                 : loaded 2 times (x 70B)
Class org.gradle.api.internal.classpath.UnknownModuleException                        : loaded 2 times (x 82B)
Class com.google.common.base.Stopwatch                                                : loaded 2 times (x 72B)
Class com.google.common.cache.LocalCache$Strength                                     : loaded 2 times (x 81B)
Class com.google.common.cache.Cache                                                   : loaded 2 times (x 70B)
Class com.google.common.io.Files$2                                                    : loaded 2 times (x 76B)
Class com.google.common.io.AppendableWriter                                           : loaded 2 times (x 100B)
Class com.google.common.base.NullnessCasts                                            : loaded 2 times (x 71B)
Class com.google.common.util.concurrent.AbstractFuture$Cancellation                   : loaded 2 times (x 72B)
Class com.google.common.collect.ImmutableMap$Builder                                  : loaded 2 times (x 82B)
Class com.google.common.base.Present                                                  : loaded 2 times (x 81B)
Class com.google.common.cache.RemovalListener                                         : loaded 2 times (x 70B)
Class org.gradle.api.internal.DefaultClassPathRegistry                                : loaded 2 times (x 76B)
Class com.google.common.collect.ImmutableMultimap$Keys                                : loaded 2 times (x 166B)
Class com.google.common.primitives.IntsMethodsForWeb                                  : loaded 2 times (x 71B)
Class com.google.common.collect.Multimap                                              : loaded 2 times (x 70B)
Class org.gradle.api.internal.ClassPathRegistry                                       : loaded 2 times (x 70B)
Class org.gradle.internal.classpath.DefaultClassPath$ImmutableUniqueList              : loaded 2 times (x 199B)
Class com.google.common.collect.NullnessCasts                                         : loaded 2 times (x 71B)
Class com.google.common.collect.MapMakerInternalMap$Segment                           : loaded 2 times (x 142B)
Class com.google.common.base.ExtraObjectsMethodsForWeb                                : loaded 2 times (x 71B)
Class com.google.common.io.ByteSink                                                   : loaded 2 times (x 76B)
Class com.google.common.cache.CacheBuilder                                            : loaded 2 times (x 72B)
Class com.google.common.collect.SingletonImmutableList                                : loaded 2 times (x 207B)
Class com.google.common.io.LineReader                                                 : loaded 2 times (x 72B)
Class Settings_gradle$1                                                               : loaded 2 times (x 74B)
Class ijKotlinCoroutineJvmDebugInit1_d5t7rhvdx4fr9ghubjyipk6vu$_run_closure1$_closure2: loaded 2 times (x 139B)
Class org.gradle.internal.classpath.ClassPath                                         : loaded 2 times (x 70B)
Class org.gradle.api.UncheckedIOException                                             : loaded 2 times (x 82B)
Class com.google.common.collect.Interners$InternerBuilder                             : loaded 2 times (x 76B)
Class com.google.common.io.Files$FileByteSource                                       : loaded 2 times (x 85B)
Class com.google.common.base.JdkPattern                                               : loaded 2 times (x 75B)
Class com.google.common.collect.ImmutableList$ReverseImmutableList                    : loaded 2 times (x 209B)
Class com.google.common.io.CharStreams$NullWriter                                     : loaded 2 times (x 99B)
Class org.objectweb.asm.SymbolTable$Entry                                             : loaded 2 times (x 74B)
Class com.google.common.util.concurrent.AbstractFuture$AtomicHelper                   : loaded 2 times (x 78B)
Class org.gradle.internal.Factory                                                     : loaded 2 times (x 70B)
Class org.objectweb.asm.Edge                                                          : loaded 2 times (x 72B)
Class com.google.common.base.Suppliers$SupplierOfInstance                             : loaded 2 times (x 79B)
Class com.google.common.collect.Iterators$1                                           : loaded 2 times (x 81B)
Class com.google.common.cache.LocalCache$ComputingValueReference                      : loaded 2 times (x 96B)
Class com.google.common.collect.SingletonImmutableSet                                 : loaded 2 times (x 146B)
Class com.google.common.collect.ImmutableMap$IteratorBasedImmutableMap                : loaded 2 times (x 126B)
Class com.google.common.cache.LocalCache$Segment                                      : loaded 2 times (x 154B)
Class com.google.common.collect.SortedIterable                                        : loaded 2 times (x 70B)
Class com.google.common.collect.AbstractListMultimap                                  : loaded 2 times (x 172B)
Class [Lorg.objectweb.asm.SymbolTable$Entry;                                          : loaded 2 times (x 69B)
Class com.google.common.cache.CacheLoader                                             : loaded 2 times (x 74B)
Class com.google.common.collect.Iterators$4                                           : loaded 2 times (x 82B)
Class com.google.common.collect.ImmutableBiMap                                        : loaded 2 times (x 143B)
Class org.gradle.internal.installation.GradleInstallation$1                           : loaded 2 times (x 75B)
Class org.gradle.api.internal.classpath.ModuleRegistry                                : loaded 2 times (x 70B)
Class com.google.common.base.Splitter$SplittingIterator                               : loaded 2 times (x 84B)
Class com.google.common.util.concurrent.internal.InternalFutureFailureAccess          : loaded 2 times (x 72B)
Class com.google.common.collect.Iterators$5                                           : loaded 2 times (x 82B)
Class com.google.common.collect.ImmutableSet$JdkBackedSetBuilderImpl                  : loaded 2 times (x 76B)
Class com.google.common.collect.ImmutableMultimap$Values                              : loaded 2 times (x 126B)
Class com.google.common.util.concurrent.AbstractFuture$UnsafeAtomicHelper             : loaded 2 times (x 78B)
Class com.google.common.base.CharMatcher$ForPredicate                                 : loaded 2 times (x 112B)
Class com.google.common.cache.LocalCache$LocalManualCache$1                           : loaded 2 times (x 75B)
Class com.google.common.base.CharMatcher$AnyOf                                        : loaded 2 times (x 112B)
Class com.google.common.collect.ImmutableCollection                                   : loaded 2 times (x 125B)
Class ijKotlinCoroutineJvmDebugInit1_d5t7rhvdx4fr9ghubjyipk6vu                        : loaded 2 times (x 179B)
Class org.gradle.api.internal.classpath.DefaultModuleRegistry                         : loaded 2 times (x 86B)
Class com.google.common.collect.Lists                                                 : loaded 2 times (x 71B)
Class com.google.common.util.concurrent.ListenableFuture                              : loaded 2 times (x 70B)
Class com.google.common.cache.ReferenceEntry                                          : loaded 2 times (x 70B)
Class com.google.common.base.Converter                                                : loaded 2 times (x 90B)
Class com.google.common.collect.ImmutableSet$CachingAsList                            : loaded 2 times (x 148B)
Class build_3fxlyzhy5s3jp78mlf672qaxo                                                 : loaded 2 times (x 180B)
Class com.google.common.collect.AbstractMapBasedMultimap                              : loaded 2 times (x 139B)
Class com.google.common.util.concurrent.AbstractFuture                                : loaded 2 times (x 106B)
Class com.google.common.base.FunctionalEquivalence                                    : loaded 2 times (x 83B)
Class com.google.common.collect.Iterators$9                                           : loaded 2 times (x 81B)
Class com.google.common.collect.ImmutableAsList                                       : loaded 2 times (x 209B)
Class com.google.common.io.CharStreams                                                : loaded 2 times (x 71B)
Class com.google.common.collect.ImmutableMultiset                                     : loaded 2 times (x 163B)
Class org.objectweb.asm.RecordComponentVisitor                                        : loaded 2 times (x 77B)
Class com.google.common.cache.CacheLoader$SupplierToCacheLoader                       : loaded 2 times (x 75B)
Class com.google.common.collect.Maps$EntryTransformer                                 : loaded 2 times (x 70B)
Class org.gradle.internal.service.ServiceLookupException                              : loaded 2 times (x 82B)
Class com.google.common.collect.ImmutableSortedSet                                    : loaded 2 times (x 300B)
Class [Lcom.google.common.cache.LocalCache$EntryFactory;                              : loaded 2 times (x 69B)
Class org.gradle.internal.classloader.ClassLoaderFactory                              : loaded 2 times (x 70B)
Class com.google.common.base.CommonPattern                                            : loaded 2 times (x 74B)
Class com.google.common.base.CharMatcher$IsNot                                        : loaded 2 times (x 111B)
Class com.google.common.cache.LocalCache$LocalManualCache                             : loaded 2 times (x 99B)
Class org.gradle.internal.service.CachingServiceLocator                               : loaded 2 times (x 82B)
Class com.google.common.collect.AbstractMapBasedMultimap$KeySet                       : loaded 2 times (x 137B)
Class com.google.common.collect.RegularImmutableSortedSet                             : loaded 2 times (x 300B)
Class com.google.common.math.IntMath                                                  : loaded 2 times (x 71B)
Class com.google.common.collect.MapMakerInternalMap$InternalEntry                     : loaded 2 times (x 70B)
Class com.google.common.collect.ImmutableMapEntry                                     : loaded 2 times (x 85B)
Class com.google.common.collect.ImmutableMultimap                                     : loaded 2 times (x 147B)
Class com.google.common.base.Equivalence                                              : loaded 2 times (x 82B)
Class com.google.common.base.Function                                                 : loaded 2 times (x 70B)
Class com.google.common.collect.ImmutableMapEntry$NonTerminalImmutableMapEntry        : loaded 2 times (x 85B)
Class com.google.common.collect.IndexedImmutableSet$1                                 : loaded 2 times (x 213B)
Class com.google.common.cache.CacheBuilder$OneWeigher                                 : loaded 2 times (x 82B)
Class com.google.common.collect.RegularImmutableList                                  : loaded 2 times (x 213B)
Class org.gradle.internal.classloader.ClasspathUtil                                   : loaded 2 times (x 71B)
Class com.google.common.base.Charsets                                                 : loaded 2 times (x 71B)
Class com.google.common.util.concurrent.Uninterruptibles                              : loaded 2 times (x 71B)
Class com.google.common.collect.Maps                                                  : loaded 2 times (x 71B)
Class ijKotlinCoroutineJvmDebugInit1_d5t7rhvdx4fr9ghubjyipk6vu$_run_closure1          : loaded 2 times (x 139B)
Class org.gradle.api.specs.Spec                                                       : loaded 2 times (x 70B)
Class com.google.common.collect.MapMaker                                              : loaded 2 times (x 72B)
Class [Lcom.google.common.collect.ImmutableEntry;                                     : loaded 2 times (x 69B)
Class com.google.common.cache.LocalCache$LoadingValueReference                        : loaded 2 times (x 96B)
Class com.google.common.collect.MapMakerInternalMap$StrongKeyDummyValueEntry          : loaded 2 times (x 82B)
Class com.google.common.io.LineReader$1                                               : loaded 2 times (x 75B)
Class com.google.common.collect.CollectSpliterators                                   : loaded 2 times (x 71B)
Class com.google.common.collect.AbstractMapBasedMultimap$AsMap                        : loaded 2 times (x 128B)
Class com.google.common.base.Platform                                                 : loaded 2 times (x 71B)
Class com.google.common.collect.AbstractMapBasedMultimap$WrappedList                  : loaded 2 times (x 205B)
Class [Lorg.objectweb.asm.AnnotationWriter;                                           : loaded 2 times (x 69B)
Class com.google.common.collect.Maps$8                                                : loaded 2 times (x 82B)
Class com.google.common.collect.ImmutableRangeSet$Builder                             : loaded 2 times (x 77B)
Class com.google.common.collect.Sets$SetView                                          : loaded 2 times (x 138B)
Class com.google.common.cache.LocalCache$StrongValueReference                         : loaded 2 times (x 90B)
Class com.google.common.util.concurrent.AbstractFuture$SynchronizedHelper             : loaded 2 times (x 78B)
Class com.google.common.graph.SuccessorsFunction                                      : loaded 2 times (x 70B)
Class org.objectweb.asm.Type                                                          : loaded 2 times (x 72B)
Class org.gradle.internal.classloader.VisitableURLClassLoader$InstrumentingVisitableURLClassLoader: loaded 2 times (x 123B)
Class com.google.common.collect.MapMakerInternalMap$StrongKeyDummyValueEntry$Helper   : loaded 2 times (x 79B)
Class com.google.common.io.Files$FileByteSink                                         : loaded 2 times (x 77B)
Class org.objectweb.asm.ByteVector                                                    : loaded 2 times (x 79B)
Class [Lcom.google.common.cache.CacheBuilder$NullListener;                            : loaded 2 times (x 69B)
Class com.google.common.math.IntMath$1                                                : loaded 2 times (x 71B)
Class org.gradle.internal.classloader.VisitableURLClassLoader$Spec                    : loaded 2 times (x 74B)
Class org.gradle.internal.classpath.DefaultClassPath                                  : loaded 2 times (x 90B)
Class com.google.common.base.AbstractIterator                                         : loaded 2 times (x 80B)
Class org.objectweb.asm.Symbol                                                        : loaded 2 times (x 73B)
Class com.google.common.io.Closer                                                     : loaded 2 times (x 78B)
Class com.google.common.io.Java8Compatibility                                         : loaded 2 times (x 71B)
Class com.google.common.base.CharMatcher$Ascii                                        : loaded 2 times (x 112B)
Class com.google.common.base.CharMatcher$BitSetMatcher                                : loaded 2 times (x 112B)
Class com.google.common.collect.ImmutableSet                                          : loaded 2 times (x 145B)
Class com.google.common.collect.RegularImmutableMap$Values                            : loaded 2 times (x 207B)
Class org.gradle.internal.classloader.ClassLoaderSpec                                 : loaded 2 times (x 71B)
Class org.objectweb.asm.AnnotationWriter                                              : loaded 2 times (x 79B)
Class com.google.common.cache.CacheStats                                              : loaded 2 times (x 71B)
Class ijJvmDebugger1_amxldhla0sgtknc2p75ob1gmp                                        : loaded 2 times (x 179B)
Class com.google.common.collect.Interners                                             : loaded 2 times (x 71B)
Class com.google.common.io.Closer$Suppressor                                          : loaded 2 times (x 70B)
Class com.google.common.io.LineProcessor                                              : loaded 2 times (x 70B)
Class com.google.common.collect.ImmutableMultisetGwtSerializationDependencies         : loaded 2 times (x 125B)
Class org.objectweb.asm.RecordComponentWriter                                         : loaded 2 times (x 78B)
Class com.google.common.util.concurrent.AbstractFuture$Listener                       : loaded 2 times (x 72B)
Class com.google.common.base.CharMatcher$Or                                           : loaded 2 times (x 112B)
Class Settings_gradle$1$1                                                             : loaded 2 times (x 74B)
Class org.objectweb.asm.Attribute                                                     : loaded 2 times (x 77B)
Class com.google.common.base.Supplier                                                 : loaded 2 times (x 70B)
Class org.gradle.internal.classloader.VisitableURLClassLoader                         : loaded 2 times (x 117B)
Class com.google.common.collect.ImmutableList$SerializedForm                          : loaded 2 times (x 73B)
Class com.google.common.util.concurrent.AbstractFuture$Waiter                         : loaded 2 times (x 72B)
Class Settings_gradle                                                                 : loaded 2 times (x 128B)
Class org.gradle.internal.Cast                                                        : loaded 2 times (x 71B)
Class org.gradle.api.Action                                                           : loaded 2 times (x 70B)
Class com.google.common.collect.MapMakerInternalMap                                   : loaded 2 times (x 161B)
Class com.google.common.base.Strings                                                  : loaded 2 times (x 71B)
Class com.google.common.collect.Sets                                                  : loaded 2 times (x 71B)
Class org.objectweb.asm.Handler                                                       : loaded 2 times (x 72B)
Class com.google.common.base.CharMatcher$FastMatcher                                  : loaded 2 times (x 111B)
Class com.google.common.base.Ticker                                                   : loaded 2 times (x 72B)
Class [Lcom.google.common.cache.LocalCache$Segment;                                   : loaded 2 times (x 69B)
Class com.google.common.base.Predicate                                                : loaded 2 times (x 70B)
Class [Lcom.google.common.cache.LocalCache$Strength;                                  : loaded 2 times (x 69B)
Class com.google.common.cache.CacheBuilder$1                                          : loaded 2 times (x 85B)
Class com.google.common.collect.ImmutableMap                                          : loaded 2 times (x 120B)
Class org.gradle.internal.classpath.DefaultClassPath$ImmutableUniqueList$Builder      : loaded 2 times (x 75B)
Class com.google.common.collect.MapMakerInternalMap$WeakValueReference                : loaded 2 times (x 70B)
Class com.google.common.collect.AbstractRangeSet                                      : loaded 2 times (x 114B)
Class com.google.common.base.CharMatcher$NegatedFastMatcher                           : loaded 2 times (x 113B)
Class com.google.common.cache.LocalCache                                              : loaded 2 times (x 187B)
Class com.google.common.cache.CacheBuilder$2                                          : loaded 2 times (x 79B)
Class com.google.common.collect.ArrayListMultimap                                     : loaded 2 times (x 172B)
Class com.google.common.cache.CacheBuilder$3                                          : loaded 2 times (x 72B)
Class [Lcom.google.common.collect.AbstractMapEntry;                                   : loaded 2 times (x 69B)
Class com.google.common.collect.ImmutableEntry                                        : loaded 2 times (x 82B)
Class org.gradle.api.GradleException                                                  : loaded 2 times (x 82B)
Class com.google.common.base.Suppliers$MemoizingSupplier                              : loaded 2 times (x 79B)
Class com.google.common.collect.CollectPreconditions                                  : loaded 2 times (x 71B)
Class [Lcom.google.common.collect.MapMakerInternalMap$Strength;                       : loaded 2 times (x 69B)
Class [Lcom.google.common.io.FileWriteMode;                                           : loaded 2 times (x 69B)
Class com.google.common.collect.SortedMapDifference                                   : loaded 2 times (x 70B)
Class ijJvmDebugger1_amxldhla0sgtknc2p75ob1gmp$_run_closure1                          : loaded 2 times (x 139B)
Class com.google.common.collect.MapMakerInternalMap$StrongKeyDummyValueSegment        : loaded 2 times (x 142B)
Class com.google.common.collect.Iterables$4                                           : loaded 2 times (x 81B)
Class com.google.common.io.Files                                                      : loaded 2 times (x 71B)
Class com.google.common.cache.LocalCache$EntryFactory                                 : loaded 2 times (x 83B)
Class [Lcom.google.common.collect.MapMaker$Dummy;                                     : loaded 2 times (x 69B)
Class com.google.common.base.CharMatcher$Whitespace                                   : loaded 2 times (x 112B)
Class com.google.common.base.Splitter$1$1                                             : loaded 2 times (x 86B)
Class com.google.common.cache.LocalCache$AbstractReferenceEntry                       : loaded 2 times (x 107B)
Class org.gradle.internal.IoActions                                                   : loaded 2 times (x 71B)
Class com.google.common.collect.ImmutableMapKeySet                                    : loaded 2 times (x 152B)
Class com.google.common.collect.ImmutableRangeSet$ComplementRanges                    : loaded 2 times (x 207B)
Class org.objectweb.asm.SymbolTable                                                   : loaded 2 times (x 72B)
Class com.google.common.cache.CacheLoader$InvalidCacheLoadException                   : loaded 2 times (x 82B)
Class com.google.common.collect.ImmutableSet$RegularSetBuilderImpl                    : loaded 2 times (x 77B)
Class org.gradle.internal.classloader.SystemClassLoaderSpec                           : loaded 2 times (x 71B)
Class com.google.common.collect.FluentIterable                                        : loaded 2 times (x 81B)
Class com.google.common.cache.LocalCache$StrongEntry                                  : loaded 2 times (x 108B)
Class com.google.common.util.concurrent.AbstractFuture$TrustedFuture                  : loaded 2 times (x 114B)
Class com.google.common.cache.LoadingCache                                            : loaded 2 times (x 70B)
Class com.google.common.io.ByteStreams$LimitedInputStream                             : loaded 2 times (x 92B)
Class com.google.common.base.Suppliers$NonSerializableMemoizingSupplier               : loaded 2 times (x 79B)
Class org.objectweb.asm.MethodWriter                                                  : loaded 2 times (x 106B)
Class [Lcom.google.common.cache.Weigher;                                              : loaded 2 times (x 69B)
Class com.google.common.collect.RegularImmutableMap$BucketOverflowException           : loaded 2 times (x 82B)
Class com.google.common.collect.ImmutableMultimap$1                                   : loaded 2 times (x 82B)
Class com.google.common.collect.AbstractMapBasedMultimap$RandomAccessWrappedList      : loaded 2 times (x 205B)
Class com.google.common.collect.AbstractIterator$State                                : loaded 2 times (x 79B)
Class com.google.common.collect.ImmutableMultimap$2                                   : loaded 2 times (x 81B)
Class com.google.common.base.CharMatcher$Negated                                      : loaded 2 times (x 113B)
Class com.google.common.base.CharMatcher$Is                                           : loaded 2 times (x 111B)
Class com.google.common.cache.LocalCache$ValueReference                               : loaded 2 times (x 70B)
Class com.google.common.collect.RegularImmutableBiMap                                 : loaded 2 times (x 149B)
Class com.google.common.hash.PrimitiveSink                                            : loaded 2 times (x 70B)
Class com.google.common.base.PatternCompiler                                          : loaded 2 times (x 70B)
Class com.google.common.util.concurrent.AbstractFuture$Failure                        : loaded 2 times (x 72B)
Class com.google.common.base.Equivalence$Equals                                       : loaded 2 times (x 82B)
Class com.google.common.collect.Hashing                                               : loaded 2 times (x 71B)
Class com.google.common.base.Preconditions                                            : loaded 2 times (x 71B)
Class com.google.common.io.CharSink                                                   : loaded 2 times (x 79B)
Class com.google.common.base.Joiner$1                                                 : loaded 2 times (x 80B)
Class org.objectweb.asm.Label                                                         : loaded 2 times (x 73B)
Class org.objectweb.asm.CurrentFrame                                                  : loaded 2 times (x 73B)
Class org.objectweb.asm.ClassTooLargeException                                        : loaded 2 times (x 83B)
Class com.google.common.base.CharMatcher                                              : loaded 2 times (x 111B)
Class com.google.common.collect.PeekingIterator                                       : loaded 2 times (x 70B)
Class com.google.common.collect.Table                                                 : loaded 2 times (x 70B)
Class com.google.common.collect.MapMakerInternalMap$InternalEntryHelper               : loaded 2 times (x 70B)
Class com.google.common.collect.Maps$IteratorBasedAbstractMap                         : loaded 2 times (x 125B)
Class com.google.common.collect.RangeGwtSerializationDependencies                     : loaded 2 times (x 71B)
Class com.google.common.base.Joiner$2                                                 : loaded 2 times (x 79B)
Class org.objectweb.asm.Frame                                                         : loaded 2 times (x 73B)
Class org.objectweb.asm.MethodVisitor                                                 : loaded 2 times (x 105B)
Class com.google.common.base.CharMatcher$1                                            : loaded 2 times (x 113B)
Class com.google.common.base.CharMatcher$NamedFastMatcher                             : loaded 2 times (x 112B)
Class com.google.common.cache.LocalCache$EntryFactory$1                               : loaded 2 times (x 83B)
Class [Lcom.google.common.cache.RemovalListener;                                      : loaded 2 times (x 69B)
Class build_3fxlyzhy5s3jp78mlf672qaxo$_run_closure1                                   : loaded 2 times (x 139B)
Class com.google.common.collect.RangeSet                                              : loaded 2 times (x 70B)
Class com.google.common.cache.LocalCache$EntryFactory$2                               : loaded 2 times (x 83B)
Class org.gradle.api.internal.classpath.GlobalCacheRootsProvider                      : loaded 2 times (x 70B)
Class com.google.common.collect.CollectCollectors                                     : loaded 2 times (x 71B)
Class org.objectweb.asm.ModuleWriter                                                  : loaded 2 times (x 82B)
Class com.google.common.cache.LocalCache$EntryFactory$3                               : loaded 2 times (x 83B)
Class com.google.common.base.Ticker$1                                                 : loaded 2 times (x 72B)
Class com.google.common.collect.Maps$BiMapConverter                                   : loaded 2 times (x 90B)
Class com.google.common.collect.ImmutableMapEntrySet$RegularEntrySet                  : loaded 2 times (x 152B)
Class com.google.common.collect.CollectSpliterators$1                                 : loaded 2 times (x 90B)
Class com.google.common.base.CharMatcher$InRange                                      : loaded 2 times (x 111B)
Class com.google.common.cache.LocalCache$EntryFactory$4                               : loaded 2 times (x 83B)
Class com.google.common.collect.ImmutableSet$Builder                                  : loaded 2 times (x 85B)
Class com.google.common.io.ByteStreams$1                                              : loaded 2 times (x 85B)
Class com.google.common.cache.LocalCache$EntryFactory$5                               : loaded 2 times (x 83B)
Class com.google.common.cache.LocalCache$EntryFactory$6                               : loaded 2 times (x 83B)
Class org.gradle.internal.installation.CurrentGradleInstallationLocator               : loaded 2 times (x 71B)
Class com.google.common.collect.ImmutableMultimap$Builder                             : loaded 2 times (x 86B)
Class com.google.common.collect.Maps$KeySet                                           : loaded 2 times (x 137B)
Class com.google.common.cache.LocalCache$EntryFactory$7                               : loaded 2 times (x 83B)
Class com.google.common.collect.ImmutableSet$EmptySetBuilderImpl                      : loaded 2 times (x 76B)
Class com.google.common.collect.ImmutableList                                         : loaded 2 times (x 206B)
Class org.gradle.internal.service.DefaultServiceLocator                               : loaded 2 times (x 83B)
Class com.google.common.collect.ImmutableMultimap$EntryCollection                     : loaded 2 times (x 128B)
Class com.google.common.collect.Maps$EntrySet                                         : loaded 2 times (x 136B)
Class com.google.common.cache.LocalCache$EntryFactory$8                               : loaded 2 times (x 83B)
Class com.google.common.collect.ImmutableSet$SetBuilderImpl                           : loaded 2 times (x 76B)
Class org.gradle.internal.installation.CurrentGradleInstallation                      : loaded 2 times (x 73B)
Class com.google.common.cache.CacheLoader$1                                           : loaded 2 times (x 75B)
Class com.google.common.collect.ForwardingObject                                      : loaded 2 times (x 72B)
Class com.google.common.collect.ImmutableList$SubList                                 : loaded 2 times (x 209B)
Class org.gradle.util.internal.GUtil                                                  : loaded 2 times (x 71B)
Class com.google.common.io.ByteSource                                                 : loaded 2 times (x 84B)
Class com.google.common.util.concurrent.AbstractFuture$SetFuture                      : loaded 2 times (x 75B)
Class com.google.common.cache.AbstractCache$StatsCounter                              : loaded 2 times (x 70B)
Class com.google.common.collect.MapMakerInternalMap$1                                 : loaded 2 times (x 83B)
Class com.google.common.io.LineBuffer                                                 : loaded 2 times (x 75B)
Class com.google.common.collect.Iterators$MergingIterator                             : loaded 2 times (x 81B)
Class com.google.common.collect.RegularImmutableSet                                   : loaded 2 times (x 149B)
Class org.gradle.internal.installation.GradleInstallation                             : loaded 2 times (x 75B)
Class com.google.common.base.Splitter$Strategy                                        : loaded 2 times (x 70B)
Class com.google.common.collect.Iterables                                             : loaded 2 times (x 71B)

---------------  S Y S T E M  ---------------

OS:
 Windows 11 , 64 bit Build 26100 (10.0.26100.7920)
OS uptime: 5 days 6:52 hours

CPU: total 16 (initial active 16) (8 cores per cpu, 2 threads per core) family 6 model 186 stepping 2 microcode 0x410e, cx8, cmov, fxsr, ht, mmx, 3dnowpref, sse, sse2, sse3, ssse3, sse4.1, sse4.2, popcnt, lzcnt, tsc, tscinvbit, avx, avx2, aes, erms, clmul, bmi1, bmi2, adx, sha, fma, vzeroupper, clflush, clflushopt, clwb, serialize, rdtscp, rdpid, fsrm, f16c, pku, cet_ibt, cet_ss
Processor Information for processor 0
  Max Mhz: 2600, Current Mhz: 2600, Mhz Limit: 2600
Processor Information for processor 1
  Max Mhz: 2600, Current Mhz: 2600, Mhz Limit: 2600
Processor Information for processor 2
  Max Mhz: 2600, Current Mhz: 2600, Mhz Limit: 2600
Processor Information for processor 3
  Max Mhz: 2600, Current Mhz: 2600, Mhz Limit: 2600
Processor Information for processor 4
  Max Mhz: 2600, Current Mhz: 2600, Mhz Limit: 2600
Processor Information for processor 5
  Max Mhz: 2600, Current Mhz: 2600, Mhz Limit: 2600
Processor Information for processor 6
  Max Mhz: 2600, Current Mhz: 2600, Mhz Limit: 2600
Processor Information for processor 7
  Max Mhz: 2600, Current Mhz: 2600, Mhz Limit: 2600
Processor Information for processor 8
  Max Mhz: 2600, Current Mhz: 1500, Mhz Limit: 1898
Processor Information for processor 9
  Max Mhz: 2600, Current Mhz: 1500, Mhz Limit: 1898
Processor Information for processor 10
  Max Mhz: 2600, Current Mhz: 1900, Mhz Limit: 1898
Processor Information for processor 11
  Max Mhz: 2600, Current Mhz: 1500, Mhz Limit: 1898
Processor Information for processor 12
  Max Mhz: 2600, Current Mhz: 1500, Mhz Limit: 1898
Processor Information for processor 13
  Max Mhz: 2600, Current Mhz: 1500, Mhz Limit: 1898
Processor Information for processor 14
  Max Mhz: 2600, Current Mhz: 1500, Mhz Limit: 1898
Processor Information for processor 15
  Max Mhz: 2600, Current Mhz: 1500, Mhz Limit: 1898

Memory: 4k page, system-wide physical 16008M (2345M free)
TotalPageFile size 20104M (AvailPageFile size 151M)
current process WorkingSet (physical memory assigned to process): 810M, peak: 812M
current process commit charge ("private bytes"): 859M, peak: 1000M

vm_info: OpenJDK 64-Bit Server VM (21.0.9+-14787801-b1163.94) for windows-amd64 JRE (21.0.9+-14787801-b1163.94), built on 2026-01-27T21:15:44Z by "builder" with MS VC++ 16.10 / 16.11 (VS2019)

END.
