#
# There is insufficient memory for the Java Runtime Environment to continue.
# Native memory allocation (mmap) failed to map 532676608 bytes. Error detail: G1 virtual space
# Possible reasons:
#   The system is out of physical RAM or swap space
#   This process is running with CompressedOops enabled, and the Java Heap may be blocking the growth of the native heap
# Possible solutions:
#   Reduce memory load on the system
#   Increase physical memory or swap space
#   Check if swap backing store is full
#   Decrease Java heap size (-Xmx/-Xms)
#   Decrease number of Java threads
#   Decrease Java thread stack sizes (-Xss)
#   Set larger code cache with -XX:ReservedCodeCacheSize=
#   JVM is running with Zero Based Compressed Oops mode in which the Java heap is
#     placed in the first 32GB address space. The Java Heap base address is the
#     maximum limit for the native heap growth. Please use -XX:HeapBaseMinAddress
#     to set the Java Heap base and to place the Java Heap above 32GB virtual address.
# This output file may be truncated or incomplete.
#
#  Out of Memory Error (os_windows.cpp:3925), pid=18848, tid=17936
#
# JRE version: OpenJDK Runtime Environment (21.0.9) (build 21.0.9+-14787801-b1163.94)
# Java VM: OpenJDK 64-Bit Server VM (21.0.9+-14787801-b1163.94, mixed mode, tiered, compressed oops, compressed class ptrs, g1 gc, windows-amd64)
# No core dump will be written. Minidumps are not enabled by default on client versions of Windows
#

---------------  S U M M A R Y ------------

Command Line: --add-opens=java.base/java.lang=ALL-UNNAMED --add-opens=java.base/java.lang.invoke=ALL-UNNAMED --add-opens=java.base/java.util=ALL-UNNAMED --add-opens=java.prefs/java.util.prefs=ALL-UNNAMED --add-exports=jdk.compiler/com.sun.tools.javac.api=ALL-UNNAMED --add-exports=jdk.compiler/com.sun.tools.javac.util=ALL-UNNAMED --add-opens=java.base/java.util=ALL-UNNAMED --add-opens=java.prefs/java.util.prefs=ALL-UNNAMED --add-opens=java.base/java.nio.charset=ALL-UNNAMED --add-opens=java.base/java.net=ALL-UNNAMED --add-opens=java.base/java.util.concurrent.atomic=ALL-UNNAMED --add-opens=java.xml/javax.xml.namespace=ALL-UNNAMED -XX:MaxMetaspaceSize=1024m -Xmx4096m -Dfile.encoding=UTF-8 -Duser.country=US -Duser.language=en -Duser.variant -javaagent:C:\Users\ADMIN\.gradle\wrapper\dists\gradle-8.13-bin\5xuhj0ry160q40clulazy9h7d\gradle-8.13\lib\agents\gradle-instrumentation-agent-8.13.jar org.gradle.launcher.daemon.bootstrap.GradleDaemon 8.13

Host: 13th Gen Intel(R) Core(TM) i5-13500H, 16 cores, 15G,  Windows 11 , 64 bit Build 26100 (10.0.26100.7920)
Time: Tue Apr  7 19:50:37 2026 SE Asia Standard Time elapsed time: 24.440708 seconds (0d 0h 0m 24s)

---------------  T H R E A D  ---------------

Current thread (0x00000243647ffc60):  VMThread "VM Thread"          [id=17936, stack(0x000000e51ab00000,0x000000e51ac00000) (1024K)]

Stack: [0x000000e51ab00000,0x000000e51ac00000]
Native frames: (J=compiled Java code, j=interpreted, Vv=VM code, C=native code)
V  [jvm.dll+0x6d6c99]
V  [jvm.dll+0x866b83]
V  [jvm.dll+0x8691ae]
V  [jvm.dll+0x869893]
V  [jvm.dll+0x280776]
V  [jvm.dll+0x6d3555]
V  [jvm.dll+0x6c6bea]
V  [jvm.dll+0x3587fb]
V  [jvm.dll+0x360476]
V  [jvm.dll+0x3b2646]
V  [jvm.dll+0x3b2918]
V  [jvm.dll+0x32af0c]
V  [jvm.dll+0x32af97]
V  [jvm.dll+0x370e7c]
V  [jvm.dll+0x36f62e]
V  [jvm.dll+0x32a661]
V  [jvm.dll+0x36ed30]
V  [jvm.dll+0x86f618]
V  [jvm.dll+0x870994]
V  [jvm.dll+0x870ed0]
V  [jvm.dll+0x871163]
V  [jvm.dll+0x80f118]
V  [jvm.dll+0x6d54ed]
C  [ucrtbase.dll+0x37b0]
C  [KERNEL32.DLL+0x2e8d7]
C  [ntdll.dll+0x8c48c]

VM_Operation (0x000000e521bf8360): G1CollectForAllocation, mode: safepoint, requested by thread 0x00000243708ede90


---------------  P R O C E S S  ---------------

Threads class SMR info:
_java_thread_list=0x0000024369f8b890, length=233, elements={
0x00000243478284d0, 0x000002436484c9f0, 0x0000024364865ae0, 0x0000024364866540,
0x000002436487f930, 0x0000024364880390, 0x0000024364880df0, 0x0000024364881850,
0x00000243648835f0, 0x00000243648961e0, 0x0000024364a045d0, 0x0000024364a53510,
0x000002436900bd70, 0x000002436b5ebfa0, 0x000002436ac9ad00, 0x000002436b268150,
0x000002436ab1d760, 0x000002436b729630, 0x000002436b739c30, 0x000002436b61a330,
0x000002436baeb570, 0x000002436baea1c0, 0x000002436bae8780, 0x000002436bae80f0,
0x000002436bae8e10, 0x000002436baeaee0, 0x000002436bae9b30, 0x000002436baea850,
0x000002436bd97220, 0x000002436bd95e70, 0x000002436bd96b90, 0x000002436bd978b0,
0x000002436bd95150, 0x000002436bd9a6a0, 0x000002436bd97f40, 0x000002436bd9a010,
0x000002436bd9c0e0, 0x000002436bd99980, 0x000002436f45c010, 0x000002436f45ee00,
0x000002436f45c6a0, 0x000002436f45f490, 0x000002436f45fb20, 0x000002436f45e0e0,
0x000002436f4601b0, 0x000002436f45cd30, 0x000002436f45e770, 0x000002436f460840,
0x000002436f45d3c0, 0x000002436f460ed0, 0x000002436f45da50, 0x000002436f461560,
0x000002436f462910, 0x000002436f461bf0, 0x000002436f462fa0, 0x000002436f462280,
0x000002436f463630, 0x000002436bbdb530, 0x000002436a78a290, 0x000002436a788850,
0x000002436a789570, 0x000002436a78afb0, 0x000002436a788ee0, 0x000002436a789c00,
0x000002436a78dda0, 0x000002436a78d080, 0x000002436a78d710, 0x000002436a78b640,
0x000002436a78a920, 0x000002436a78e430, 0x000002436a78bcd0, 0x000002436a78eac0,
0x000002436a78f150, 0x000002436c2a0190, 0x000002436c2a28f0, 0x000002436c2a0820,
0x000002436c2a3ca0, 0x000002436c2a3610, 0x000002436c2a4330, 0x000002436c2a2f80,
0x000002436c2a49c0, 0x000002436c2a1540, 0x000002436c2a5d70, 0x000002436c2a5050,
0x000002436c2a56e0, 0x000002436c2a6400, 0x000002436c2a6a90, 0x000002436c2a7120,
0x000002436c2a77b0, 0x00000243708ecae0, 0x00000243708e9660, 0x00000243708ed170,
0x00000243708e9cf0, 0x00000243708ed800, 0x00000243708ea380, 0x00000243708ede90,
0x00000243708eb0a0, 0x00000243708ebdc0, 0x00000243708ec450, 0x00000243708eb730,
0x00000243708eaa10, 0x00000243708ef8d0, 0x00000243708f0c80, 0x00000243708eff60,
0x00000243708ee520, 0x00000243708ef240, 0x0000024370bbecc0, 0x0000024370bbe630,
0x0000024370bbd910, 0x0000024370bc1420, 0x0000024370bc0d90, 0x0000024370bc0700,
0x0000024370bbdfa0, 0x0000024370bc1ab0, 0x0000024370bc2140, 0x0000024370bc27d0,
0x0000024370bbf350, 0x0000024370bc2e60, 0x0000024370bc0070, 0x000002436a487ff0,
0x000002436a4837c0, 0x000002436a485890, 0x000002436a489a30, 0x0000024370bbf9e0,
0x000002436fa421c0, 0x000002436fa3f3d0, 0x000002436fa42ee0, 0x000002436fa3fa60,
0x000002436fa43570, 0x000002436fa400f0, 0x000002436fa469f0, 0x000002436fa43c00,
0x000002436fa44920, 0x000002436fa47080, 0x000002436fa44fb0, 0x000002436fa45640,
0x000002436fa45cd0, 0x000002436fa47710, 0x000002436fa46360, 0x000002436fa44290,
0x000002436fa497e0, 0x000002436fa49e70, 0x000002436fa4e6a0, 0x000002437146cb40,
0x000002437146d860, 0x000002436a483e50, 0x0000024370bc4f30, 0x000002436c2a2260,
0x000002437258d760, 0x000002437258ddf0, 0x000002437258e480, 0x000002437258eb10,
0x000002437258f1a0, 0x000002437258ca40, 0x000002437258d0d0, 0x000002437258bd20,
0x000002437258f830, 0x000002437258c3b0, 0x0000024372591900, 0x0000024372590550,
0x000002437258fec0, 0x0000024372595410, 0x0000024372594d80, 0x00000243725946f0,
0x0000024372591f90, 0x0000024372595aa0, 0x0000024372592620, 0x0000024372592cb0,
0x0000024372596130, 0x0000024372593340, 0x00000243725967c0, 0x0000024372596e50,
0x00000243725939d0, 0x0000024372594060, 0x00000243725995b0, 0x0000024372599c40,
0x0000024372598890, 0x000002437259a2d0, 0x0000024372598f20, 0x000002437259a960,
0x000002437259aff0, 0x0000024372598200, 0x0000024372597b70, 0x000002436fa4a500,
0x000002436fa48ac0, 0x000002436fa48430, 0x000002436fa4ab90, 0x000002436fa4b220,
0x000002436fa47da0, 0x000002436fa4bf40, 0x000002436fa4c5d0, 0x000002436fa4e010,
0x000002436fa4cc60, 0x000002436fa4d980, 0x000002436fa4d2f0, 0x00000243714689a0,
0x0000024371469030, 0x0000024371467c80, 0x00000243714675f0, 0x000002437146a3e0,
0x0000024371469d50, 0x000002437146aa70, 0x000002437146b790, 0x0000024372440df0,
0x0000024372440760, 0x000002437243e000, 0x00000243724400d0, 0x000002437243e690,
0x0000024372441480, 0x000002437243f3b0, 0x00000243724421a0, 0x0000024372441b10,
0x000002437243ed20, 0x000002437243fa40, 0x0000024372444f90, 0x0000024372445620,
0x0000024372443550, 0x0000024372444900, 0x0000024372443be0, 0x00000243789b07c0,
0x00000243789ad340, 0x00000243789b3c40, 0x00000243789b2200, 0x00000243789b2890,
0x00000243789b42d0, 0x00000243789b2f20, 0x00000243789b35b0, 0x00000243789b0e50,
0x00000243789b1b70, 0x00000243725ff270, 0x00000243725feba0, 0x00000243726028f0,
0x0000024372602fc0
}

Java Threads: ( => current thread )
  0x00000243478284d0 JavaThread "main"                              [_thread_blocked, id=6272, stack(0x000000e51a400000,0x000000e51a500000) (1024K)]
  0x000002436484c9f0 JavaThread "Common-Cleaner"             daemon [_thread_blocked, id=23468, stack(0x000000e51ac00000,0x000000e51ad00000) (1024K)]
  0x0000024364865ae0 JavaThread "Reference Handler"          daemon [_thread_blocked, id=21600, stack(0x000000e51ad00000,0x000000e51ae00000) (1024K)]
  0x0000024364866540 JavaThread "Finalizer"                  daemon [_thread_blocked, id=5296, stack(0x000000e51ae00000,0x000000e51af00000) (1024K)]
  0x000002436487f930 JavaThread "Signal Dispatcher"          daemon [_thread_blocked, id=23576, stack(0x000000e51af00000,0x000000e51b000000) (1024K)]
  0x0000024364880390 JavaThread "Attach Listener"            daemon [_thread_blocked, id=10964, stack(0x000000e51b000000,0x000000e51b100000) (1024K)]
  0x0000024364880df0 JavaThread "Service Thread"             daemon [_thread_blocked, id=13488, stack(0x000000e51b100000,0x000000e51b200000) (1024K)]
  0x0000024364881850 JavaThread "Monitor Deflation Thread"   daemon [_thread_blocked, id=2420, stack(0x000000e51b200000,0x000000e51b300000) (1024K)]
  0x00000243648835f0 JavaThread "C2 CompilerThread0"         daemon [_thread_blocked, id=2584, stack(0x000000e51b300000,0x000000e51b400000) (1024K)]
  0x00000243648961e0 JavaThread "C1 CompilerThread0"         daemon [_thread_blocked, id=20920, stack(0x000000e51b400000,0x000000e51b500000) (1024K)]
  0x0000024364a045d0 JavaThread "C1 CompilerThread1"         daemon [_thread_blocked, id=6656, stack(0x000000e51b500000,0x000000e51b600000) (1024K)]
  0x0000024364a53510 JavaThread "C1 CompilerThread2"         daemon [_thread_blocked, id=24424, stack(0x000000e51b600000,0x000000e51b700000) (1024K)]
  0x000002436900bd70 JavaThread "Notification Thread"        daemon [_thread_blocked, id=27184, stack(0x000000e51b800000,0x000000e51b900000) (1024K)]
  0x000002436b5ebfa0 JavaThread "Daemon health stats"               [_thread_blocked, id=18644, stack(0x000000e51bf00000,0x000000e51c000000) (1024K)]
  0x000002436ac9ad00 JavaThread "Incoming local TCP Connector on port 60089"        [_thread_in_native, id=19568, stack(0x000000e51c000000,0x000000e51c100000) (1024K)]
  0x000002436b268150 JavaThread "Daemon periodic checks"            [_thread_blocked, id=22504, stack(0x000000e51c100000,0x000000e51c200000) (1024K)]
  0x000002436ab1d760 JavaThread "Daemon"                            [_thread_blocked, id=21300, stack(0x000000e51c200000,0x000000e51c300000) (1024K)]
  0x000002436b729630 JavaThread "Handler for socket connection from /127.0.0.1:60089 to /127.0.0.1:60090"        [_thread_in_native, id=18708, stack(0x000000e51c300000,0x000000e51c400000) (1024K)]
  0x000002436b739c30 JavaThread "Cancel handler"                    [_thread_blocked, id=6952, stack(0x000000e51c400000,0x000000e51c500000) (1024K)]
  0x000002436b61a330 JavaThread "Daemon worker"                     [_thread_blocked, id=13500, stack(0x000000e51c500000,0x000000e51c600000) (1024K)]
  0x000002436baeb570 JavaThread "Asynchronous log dispatcher for DefaultDaemonConnection: socket connection from /127.0.0.1:60089 to /127.0.0.1:60090"        [_thread_blocked, id=18416, stack(0x000000e51c600000,0x000000e51c700000) (1024K)]
  0x000002436baea1c0 JavaThread "Stdin handler"                     [_thread_blocked, id=26732, stack(0x000000e51c700000,0x000000e51c800000) (1024K)]
  0x000002436bae8780 JavaThread "Daemon client event forwarder"        [_thread_blocked, id=25172, stack(0x000000e51c800000,0x000000e51c900000) (1024K)]
  0x000002436bae80f0 JavaThread "Cache worker for journal cache (C:\Users\ADMIN\.gradle\caches\journal-1)"        [_thread_blocked, id=10684, stack(0x000000e51d200000,0x000000e51d300000) (1024K)]
  0x000002436bae8e10 JavaThread "File lock request listener"        [_thread_in_native, id=5292, stack(0x000000e51d300000,0x000000e51d400000) (1024K)]
  0x000002436baeaee0 JavaThread "Cache worker for file hash cache (C:\Users\ADMIN\.gradle\caches\8.13\fileHashes)"        [_thread_blocked, id=21692, stack(0x000000e51d400000,0x000000e51d500000) (1024K)]
  0x000002436bae9b30 JavaThread "Cache worker for file hash cache (D:\AndroidStudioProjects\DACN_1\FinFit\.gradle\8.13\fileHashes)"        [_thread_blocked, id=1764, stack(0x000000e51d600000,0x000000e51d700000) (1024K)]
  0x000002436baea850 JavaThread "Cache worker for Build Output Cleanup Cache (D:\AndroidStudioProjects\DACN_1\FinFit\.gradle\buildOutputCleanup)"        [_thread_blocked, id=2968, stack(0x000000e51d700000,0x000000e51d800000) (1024K)]
  0x000002436bd97220 JavaThread "File watcher server"        daemon [_thread_blocked, id=5308, stack(0x000000e51d800000,0x000000e51d900000) (1024K)]
  0x000002436bd95e70 JavaThread "File watcher consumer"      daemon [_thread_blocked, id=4984, stack(0x000000e51d900000,0x000000e51da00000) (1024K)]
  0x000002436bd96b90 JavaThread "jar transforms"                    [_thread_blocked, id=12800, stack(0x000000e51db00000,0x000000e51dc00000) (1024K)]
  0x000002436bd978b0 JavaThread "jar transforms Thread 2"           [_thread_blocked, id=21020, stack(0x000000e51dc00000,0x000000e51dd00000) (1024K)]
  0x000002436bd95150 JavaThread "Cache worker for checksums cache (D:\AndroidStudioProjects\DACN_1\FinFit\.gradle\8.13\checksums)"        [_thread_blocked, id=24292, stack(0x000000e51dd00000,0x000000e51de00000) (1024K)]
  0x000002436bd9a6a0 JavaThread "Cache worker for file content cache (C:\Users\ADMIN\.gradle\caches\8.13\fileContent)"        [_thread_blocked, id=24316, stack(0x000000e51de00000,0x000000e51df00000) (1024K)]
  0x000002436bd97f40 JavaThread "jar transforms Thread 3"           [_thread_blocked, id=19340, stack(0x000000e51df00000,0x000000e51e000000) (1024K)]
  0x000002436bd9a010 JavaThread "Cache worker for cache directory md-supplier (C:\Users\ADMIN\.gradle\caches\8.13\md-supplier)"        [_thread_blocked, id=2200, stack(0x000000e51e000000,0x000000e51e100000) (1024K)]
  0x000002436bd9c0e0 JavaThread "Cache worker for cache directory md-rule (C:\Users\ADMIN\.gradle\caches\8.13\md-rule)"        [_thread_blocked, id=3488, stack(0x000000e51e100000,0x000000e51e200000) (1024K)]
  0x000002436bd99980 JavaThread "Unconstrained build operations"        [_thread_blocked, id=5852, stack(0x000000e51e200000,0x000000e51e300000) (1024K)]
  0x000002436f45c010 JavaThread "Unconstrained build operations Thread 2"        [_thread_blocked, id=11052, stack(0x000000e51e300000,0x000000e51e400000) (1024K)]
  0x000002436f45ee00 JavaThread "Unconstrained build operations Thread 3"        [_thread_blocked, id=2484, stack(0x000000e51e400000,0x000000e51e500000) (1024K)]
  0x000002436f45c6a0 JavaThread "Unconstrained build operations Thread 4"        [_thread_blocked, id=25636, stack(0x000000e51e500000,0x000000e51e600000) (1024K)]
  0x000002436f45f490 JavaThread "Unconstrained build operations Thread 5"        [_thread_blocked, id=16640, stack(0x000000e51e600000,0x000000e51e700000) (1024K)]
  0x000002436f45fb20 JavaThread "Unconstrained build operations Thread 6"        [_thread_blocked, id=8336, stack(0x000000e51e700000,0x000000e51e800000) (1024K)]
  0x000002436f45e0e0 JavaThread "Unconstrained build operations Thread 7"        [_thread_blocked, id=27348, stack(0x000000e51e800000,0x000000e51e900000) (1024K)]
  0x000002436f4601b0 JavaThread "Unconstrained build operations Thread 8"        [_thread_blocked, id=25464, stack(0x000000e51e900000,0x000000e51ea00000) (1024K)]
  0x000002436f45cd30 JavaThread "Unconstrained build operations Thread 9"        [_thread_blocked, id=14412, stack(0x000000e51ea00000,0x000000e51eb00000) (1024K)]
  0x000002436f45e770 JavaThread "Unconstrained build operations Thread 10"        [_thread_blocked, id=25396, stack(0x000000e51eb00000,0x000000e51ec00000) (1024K)]
  0x000002436f460840 JavaThread "Unconstrained build operations Thread 11"        [_thread_blocked, id=424, stack(0x000000e51ec00000,0x000000e51ed00000) (1024K)]
  0x000002436f45d3c0 JavaThread "Unconstrained build operations Thread 12"        [_thread_blocked, id=24608, stack(0x000000e51ed00000,0x000000e51ee00000) (1024K)]
  0x000002436f460ed0 JavaThread "Unconstrained build operations Thread 13"        [_thread_blocked, id=1908, stack(0x000000e51ee00000,0x000000e51ef00000) (1024K)]
  0x000002436f45da50 JavaThread "Unconstrained build operations Thread 14"        [_thread_blocked, id=22964, stack(0x000000e51ef00000,0x000000e51f000000) (1024K)]
  0x000002436f461560 JavaThread "Unconstrained build operations Thread 15"        [_thread_blocked, id=17264, stack(0x000000e51f000000,0x000000e51f100000) (1024K)]
  0x000002436f462910 JavaThread "Unconstrained build operations Thread 16"        [_thread_blocked, id=27224, stack(0x000000e51f100000,0x000000e51f200000) (1024K)]
  0x000002436f461bf0 JavaThread "Unconstrained build operations Thread 17"        [_thread_blocked, id=8512, stack(0x000000e51f200000,0x000000e51f300000) (1024K)]
  0x000002436f462fa0 JavaThread "Unconstrained build operations Thread 18"        [_thread_blocked, id=20716, stack(0x000000e51f300000,0x000000e51f400000) (1024K)]
  0x000002436f462280 JavaThread "Unconstrained build operations Thread 19"        [_thread_blocked, id=12764, stack(0x000000e51f400000,0x000000e51f500000) (1024K)]
  0x000002436f463630 JavaThread "Unconstrained build operations Thread 20"        [_thread_blocked, id=5876, stack(0x000000e51f500000,0x000000e51f600000) (1024K)]
  0x000002436bbdb530 JavaThread "C2 CompilerThread1"         daemon [_thread_blocked, id=12200, stack(0x000000e51b900000,0x000000e51ba00000) (1024K)]
  0x000002436a78a290 JavaThread "jar transforms Thread 4"           [_thread_blocked, id=24052, stack(0x000000e51da00000,0x000000e51db00000) (1024K)]
  0x000002436a788850 JavaThread "jar transforms Thread 5"           [_thread_blocked, id=25948, stack(0x000000e51f700000,0x000000e51f800000) (1024K)]
  0x000002436a789570 JavaThread "Unconstrained build operations Thread 21"        [_thread_blocked, id=11520, stack(0x000000e51f800000,0x000000e51f900000) (1024K)]
  0x000002436a78afb0 JavaThread "Unconstrained build operations Thread 22"        [_thread_blocked, id=20624, stack(0x000000e51f900000,0x000000e51fa00000) (1024K)]
  0x000002436a788ee0 JavaThread "Unconstrained build operations Thread 23"        [_thread_blocked, id=19756, stack(0x000000e51fa00000,0x000000e51fb00000) (1024K)]
  0x000002436a789c00 JavaThread "Unconstrained build operations Thread 24"        [_thread_blocked, id=21616, stack(0x000000e51fb00000,0x000000e51fc00000) (1024K)]
  0x000002436a78dda0 JavaThread "Unconstrained build operations Thread 25"        [_thread_blocked, id=13344, stack(0x000000e51fc00000,0x000000e51fd00000) (1024K)]
  0x000002436a78d080 JavaThread "Unconstrained build operations Thread 26"        [_thread_blocked, id=13848, stack(0x000000e51fd00000,0x000000e51fe00000) (1024K)]
  0x000002436a78d710 JavaThread "Unconstrained build operations Thread 27"        [_thread_blocked, id=26204, stack(0x000000e51fe00000,0x000000e51ff00000) (1024K)]
  0x000002436a78b640 JavaThread "Unconstrained build operations Thread 28"        [_thread_blocked, id=24392, stack(0x000000e51ff00000,0x000000e520000000) (1024K)]
  0x000002436a78a920 JavaThread "Unconstrained build operations Thread 29"        [_thread_blocked, id=21872, stack(0x000000e520000000,0x000000e520100000) (1024K)]
  0x000002436a78e430 JavaThread "Unconstrained build operations Thread 30"        [_thread_blocked, id=7600, stack(0x000000e520100000,0x000000e520200000) (1024K)]
  0x000002436a78bcd0 JavaThread "jar transforms Thread 6"           [_thread_blocked, id=15808, stack(0x000000e520200000,0x000000e520300000) (1024K)]
  0x000002436a78eac0 JavaThread "jar transforms Thread 7"           [_thread_blocked, id=19200, stack(0x000000e520300000,0x000000e520400000) (1024K)]
  0x000002436a78f150 JavaThread "jar transforms Thread 8"           [_thread_blocked, id=7012, stack(0x000000e520400000,0x000000e520500000) (1024K)]
  0x000002436c2a0190 JavaThread "Unconstrained build operations Thread 31"        [_thread_blocked, id=9500, stack(0x000000e520500000,0x000000e520600000) (1024K)]
  0x000002436c2a28f0 JavaThread "Unconstrained build operations Thread 32"        [_thread_blocked, id=22164, stack(0x000000e520600000,0x000000e520700000) (1024K)]
  0x000002436c2a0820 JavaThread "Unconstrained build operations Thread 33"        [_thread_blocked, id=27152, stack(0x000000e520700000,0x000000e520800000) (1024K)]
  0x000002436c2a3ca0 JavaThread "Unconstrained build operations Thread 34"        [_thread_blocked, id=26324, stack(0x000000e520800000,0x000000e520900000) (1024K)]
  0x000002436c2a3610 JavaThread "Unconstrained build operations Thread 35"        [_thread_blocked, id=17800, stack(0x000000e520900000,0x000000e520a00000) (1024K)]
  0x000002436c2a4330 JavaThread "Unconstrained build operations Thread 36"        [_thread_blocked, id=7700, stack(0x000000e520a00000,0x000000e520b00000) (1024K)]
  0x000002436c2a2f80 JavaThread "Unconstrained build operations Thread 37"        [_thread_blocked, id=2444, stack(0x000000e520b00000,0x000000e520c00000) (1024K)]
  0x000002436c2a49c0 JavaThread "Unconstrained build operations Thread 38"        [_thread_blocked, id=17908, stack(0x000000e520c00000,0x000000e520d00000) (1024K)]
  0x000002436c2a1540 JavaThread "Unconstrained build operations Thread 39"        [_thread_blocked, id=15420, stack(0x000000e520d00000,0x000000e520e00000) (1024K)]
  0x000002436c2a5d70 JavaThread "Unconstrained build operations Thread 40"        [_thread_blocked, id=13864, stack(0x000000e520e00000,0x000000e520f00000) (1024K)]
  0x000002436c2a5050 JavaThread "Unconstrained build operations Thread 41"        [_thread_blocked, id=25296, stack(0x000000e520f00000,0x000000e521000000) (1024K)]
  0x000002436c2a56e0 JavaThread "Unconstrained build operations Thread 42"        [_thread_blocked, id=21452, stack(0x000000e521000000,0x000000e521100000) (1024K)]
  0x000002436c2a6400 JavaThread "Unconstrained build operations Thread 43"        [_thread_blocked, id=6276, stack(0x000000e521100000,0x000000e521200000) (1024K)]
  0x000002436c2a6a90 JavaThread "Unconstrained build operations Thread 44"        [_thread_blocked, id=2148, stack(0x000000e521200000,0x000000e521300000) (1024K)]
  0x000002436c2a7120 JavaThread "Unconstrained build operations Thread 45"        [_thread_blocked, id=22976, stack(0x000000e521300000,0x000000e521400000) (1024K)]
  0x000002436c2a77b0 JavaThread "Unconstrained build operations Thread 46"        [_thread_blocked, id=25748, stack(0x000000e521400000,0x000000e521500000) (1024K)]
  0x00000243708ecae0 JavaThread "Unconstrained build operations Thread 47"        [_thread_blocked, id=7748, stack(0x000000e521500000,0x000000e521600000) (1024K)]
  0x00000243708e9660 JavaThread "Unconstrained build operations Thread 48"        [_thread_blocked, id=9152, stack(0x000000e521600000,0x000000e521700000) (1024K)]
  0x00000243708ed170 JavaThread "Unconstrained build operations Thread 49"        [_thread_blocked, id=25980, stack(0x000000e521700000,0x000000e521800000) (1024K)]
  0x00000243708e9cf0 JavaThread "Unconstrained build operations Thread 50"        [_thread_blocked, id=8540, stack(0x000000e521800000,0x000000e521900000) (1024K)]
  0x00000243708ed800 JavaThread "Unconstrained build operations Thread 51"        [_thread_blocked, id=13904, stack(0x000000e521900000,0x000000e521a00000) (1024K)]
  0x00000243708ea380 JavaThread "Unconstrained build operations Thread 52"        [_thread_blocked, id=3336, stack(0x000000e521a00000,0x000000e521b00000) (1024K)]
  0x00000243708ede90 JavaThread "Unconstrained build operations Thread 53"        [_thread_blocked, id=20468, stack(0x000000e521b00000,0x000000e521c00000) (1024K)]
  0x00000243708eb0a0 JavaThread "Unconstrained build operations Thread 54"        [_thread_blocked, id=26564, stack(0x000000e521c00000,0x000000e521d00000) (1024K)]
  0x00000243708ebdc0 JavaThread "Unconstrained build operations Thread 55"        [_thread_blocked, id=3852, stack(0x000000e521d00000,0x000000e521e00000) (1024K)]
  0x00000243708ec450 JavaThread "Unconstrained build operations Thread 56"        [_thread_blocked, id=13916, stack(0x000000e521e00000,0x000000e521f00000) (1024K)]
  0x00000243708eb730 JavaThread "Unconstrained build operations Thread 57"        [_thread_blocked, id=14692, stack(0x000000e521f00000,0x000000e522000000) (1024K)]
  0x00000243708eaa10 JavaThread "Unconstrained build operations Thread 58"        [_thread_blocked, id=1204, stack(0x000000e522000000,0x000000e522100000) (1024K)]
  0x00000243708ef8d0 JavaThread "Unconstrained build operations Thread 59"        [_thread_blocked, id=23284, stack(0x000000e522100000,0x000000e522200000) (1024K)]
  0x00000243708f0c80 JavaThread "Unconstrained build operations Thread 60"        [_thread_blocked, id=24580, stack(0x000000e522200000,0x000000e522300000) (1024K)]
  0x00000243708eff60 JavaThread "Unconstrained build operations Thread 61"        [_thread_blocked, id=24344, stack(0x000000e522300000,0x000000e522400000) (1024K)]
  0x00000243708ee520 JavaThread "Unconstrained build operations Thread 62"        [_thread_blocked, id=23252, stack(0x000000e522400000,0x000000e522500000) (1024K)]
  0x00000243708ef240 JavaThread "Unconstrained build operations Thread 63"        [_thread_blocked, id=14920, stack(0x000000e522500000,0x000000e522600000) (1024K)]
  0x0000024370bbecc0 JavaThread "Unconstrained build operations Thread 64"        [_thread_blocked, id=22436, stack(0x000000e522600000,0x000000e522700000) (1024K)]
  0x0000024370bbe630 JavaThread "Unconstrained build operations Thread 65"        [_thread_blocked, id=23888, stack(0x000000e522700000,0x000000e522800000) (1024K)]
  0x0000024370bbd910 JavaThread "Unconstrained build operations Thread 66"        [_thread_blocked, id=26840, stack(0x000000e522800000,0x000000e522900000) (1024K)]
  0x0000024370bc1420 JavaThread "Unconstrained build operations Thread 67"        [_thread_blocked, id=3992, stack(0x000000e522900000,0x000000e522a00000) (1024K)]
  0x0000024370bc0d90 JavaThread "Unconstrained build operations Thread 68"        [_thread_blocked, id=21132, stack(0x000000e522a00000,0x000000e522b00000) (1024K)]
  0x0000024370bc0700 JavaThread "Unconstrained build operations Thread 69"        [_thread_blocked, id=26112, stack(0x000000e522b00000,0x000000e522c00000) (1024K)]
  0x0000024370bbdfa0 JavaThread "Unconstrained build operations Thread 70"        [_thread_blocked, id=27532, stack(0x000000e522c00000,0x000000e522d00000) (1024K)]
  0x0000024370bc1ab0 JavaThread "Unconstrained build operations Thread 71"        [_thread_blocked, id=21348, stack(0x000000e522d00000,0x000000e522e00000) (1024K)]
  0x0000024370bc2140 JavaThread "Unconstrained build operations Thread 72"        [_thread_blocked, id=6500, stack(0x000000e522e00000,0x000000e522f00000) (1024K)]
  0x0000024370bc27d0 JavaThread "Unconstrained build operations Thread 73"        [_thread_blocked, id=14364, stack(0x000000e522f00000,0x000000e523000000) (1024K)]
  0x0000024370bbf350 JavaThread "Unconstrained build operations Thread 74"        [_thread_blocked, id=22188, stack(0x000000e523000000,0x000000e523100000) (1024K)]
  0x0000024370bc2e60 JavaThread "Unconstrained build operations Thread 75"        [_thread_blocked, id=6196, stack(0x000000e523100000,0x000000e523200000) (1024K)]
  0x0000024370bc0070 JavaThread "jar transforms Thread 9"           [_thread_blocked, id=14968, stack(0x000000e523200000,0x000000e523300000) (1024K)]
  0x000002436a487ff0 JavaThread "build event listener"              [_thread_blocked, id=7628, stack(0x000000e51d500000,0x000000e51d600000) (1024K)]
  0x000002436a4837c0 JavaThread "Memory manager"                    [_thread_blocked, id=23984, stack(0x000000e51f600000,0x000000e51f700000) (1024K)]
  0x000002436a485890 JavaThread "build event listener"              [_thread_blocked, id=10200, stack(0x000000e523400000,0x000000e523500000) (1024K)]
  0x000002436a489a30 JavaThread "jar transforms Thread 10"          [_thread_blocked, id=11724, stack(0x000000e523500000,0x000000e523600000) (1024K)]
  0x0000024370bbf9e0 JavaThread "Problems report writer"            [_thread_blocked, id=24932, stack(0x000000e523600000,0x000000e523700000) (1024K)]
  0x000002436fa421c0 JavaThread "pool-3-thread-1"                   [_thread_blocked, id=14664, stack(0x000000e523800000,0x000000e523900000) (1024K)]
  0x000002436fa3f3d0 JavaThread "build event listener"              [_thread_blocked, id=21068, stack(0x000000e523900000,0x000000e523a00000) (1024K)]
  0x000002436fa42ee0 JavaThread "included builds"                   [_thread_blocked, id=4972, stack(0x000000e523a00000,0x000000e523b00000) (1024K)]
  0x000002436fa3fa60 JavaThread "Execution worker"                  [_thread_blocked, id=22196, stack(0x000000e523b00000,0x000000e523c00000) (1024K)]
  0x000002436fa43570 JavaThread "Execution worker Thread 2"         [_thread_blocked, id=19256, stack(0x000000e523c00000,0x000000e523d00000) (1024K)]
  0x000002436fa400f0 JavaThread "Execution worker Thread 3"         [_thread_blocked, id=14016, stack(0x000000e523d00000,0x000000e523e00000) (1024K)]
  0x000002436fa469f0 JavaThread "Execution worker Thread 4"         [_thread_blocked, id=20528, stack(0x000000e523e00000,0x000000e523f00000) (1024K)]
  0x000002436fa43c00 JavaThread "Execution worker Thread 5"         [_thread_blocked, id=23460, stack(0x000000e523f00000,0x000000e524000000) (1024K)]
  0x000002436fa44920 JavaThread "Execution worker Thread 6"         [_thread_blocked, id=26472, stack(0x000000e524000000,0x000000e524100000) (1024K)]
  0x000002436fa47080 JavaThread "Execution worker Thread 7"         [_thread_blocked, id=14944, stack(0x000000e524100000,0x000000e524200000) (1024K)]
  0x000002436fa44fb0 JavaThread "Execution worker Thread 8"         [_thread_blocked, id=8044, stack(0x000000e524200000,0x000000e524300000) (1024K)]
  0x000002436fa45640 JavaThread "Execution worker Thread 9"         [_thread_blocked, id=19836, stack(0x000000e524300000,0x000000e524400000) (1024K)]
  0x000002436fa45cd0 JavaThread "Execution worker Thread 10"        [_thread_blocked, id=1220, stack(0x000000e524400000,0x000000e524500000) (1024K)]
  0x000002436fa47710 JavaThread "Execution worker Thread 11"        [_thread_blocked, id=21056, stack(0x000000e524500000,0x000000e524600000) (1024K)]
  0x000002436fa46360 JavaThread "Execution worker Thread 12"        [_thread_blocked, id=20264, stack(0x000000e524600000,0x000000e524700000) (1024K)]
  0x000002436fa44290 JavaThread "Execution worker Thread 13"        [_thread_blocked, id=6888, stack(0x000000e524700000,0x000000e524800000) (1024K)]
  0x000002436fa497e0 JavaThread "Execution worker Thread 14"        [_thread_blocked, id=6852, stack(0x000000e524800000,0x000000e524900000) (1024K)]
  0x000002436fa49e70 JavaThread "Execution worker Thread 15"        [_thread_blocked, id=11316, stack(0x000000e524900000,0x000000e524a00000) (1024K)]
  0x000002436fa4e6a0 JavaThread "Cache worker for execution history cache (D:\AndroidStudioProjects\DACN_1\FinFit\.gradle\8.13\executionHistory)"        [_thread_blocked, id=12512, stack(0x000000e524a00000,0x000000e524b00000) (1024K)]
  0x000002437146cb40 JavaThread "Unconstrained build operations Thread 76"        [_thread_blocked, id=2640, stack(0x000000e524b00000,0x000000e524c00000) (1024K)]
  0x000002437146d860 JavaThread "Unconstrained build operations Thread 77"        [_thread_blocked, id=8252, stack(0x000000e524c00000,0x000000e524d00000) (1024K)]
  0x000002436a483e50 JavaThread "Unconstrained build operations Thread 78"        [_thread_blocked, id=14216, stack(0x000000e524d00000,0x000000e524e00000) (1024K)]
  0x0000024370bc4f30 JavaThread "Unconstrained build operations Thread 79"        [_thread_blocked, id=10468, stack(0x000000e524e00000,0x000000e524f00000) (1024K)]
  0x000002436c2a2260 JavaThread "Unconstrained build operations Thread 80"        [_thread_blocked, id=24888, stack(0x000000e524f00000,0x000000e525000000) (1024K)]
  0x000002437258d760 JavaThread "Unconstrained build operations Thread 81"        [_thread_blocked, id=15132, stack(0x000000e525000000,0x000000e525100000) (1024K)]
  0x000002437258ddf0 JavaThread "Unconstrained build operations Thread 82"        [_thread_blocked, id=17876, stack(0x000000e525100000,0x000000e525200000) (1024K)]
  0x000002437258e480 JavaThread "Unconstrained build operations Thread 83"        [_thread_blocked, id=17660, stack(0x000000e525200000,0x000000e525300000) (1024K)]
  0x000002437258eb10 JavaThread "Unconstrained build operations Thread 84"        [_thread_blocked, id=5128, stack(0x000000e525300000,0x000000e525400000) (1024K)]
  0x000002437258f1a0 JavaThread "Unconstrained build operations Thread 85"        [_thread_blocked, id=8980, stack(0x000000e525400000,0x000000e525500000) (1024K)]
  0x000002437258ca40 JavaThread "Unconstrained build operations Thread 86"        [_thread_blocked, id=26276, stack(0x000000e525500000,0x000000e525600000) (1024K)]
  0x000002437258d0d0 JavaThread "Unconstrained build operations Thread 87"        [_thread_blocked, id=10132, stack(0x000000e525600000,0x000000e525700000) (1024K)]
  0x000002437258bd20 JavaThread "Unconstrained build operations Thread 88"        [_thread_blocked, id=4996, stack(0x000000e525700000,0x000000e525800000) (1024K)]
  0x000002437258f830 JavaThread "Unconstrained build operations Thread 89"        [_thread_blocked, id=7932, stack(0x000000e525800000,0x000000e525900000) (1024K)]
  0x000002437258c3b0 JavaThread "Unconstrained build operations Thread 90"        [_thread_blocked, id=26680, stack(0x000000e525900000,0x000000e525a00000) (1024K)]
  0x0000024372591900 JavaThread "Unconstrained build operations Thread 91"        [_thread_blocked, id=24940, stack(0x000000e525a00000,0x000000e525b00000) (1024K)]
  0x0000024372590550 JavaThread "Unconstrained build operations Thread 92"        [_thread_blocked, id=240, stack(0x000000e525b00000,0x000000e525c00000) (1024K)]
  0x000002437258fec0 JavaThread "Unconstrained build operations Thread 93"        [_thread_blocked, id=8816, stack(0x000000e525c00000,0x000000e525d00000) (1024K)]
  0x0000024372595410 JavaThread "Unconstrained build operations Thread 94"        [_thread_blocked, id=13412, stack(0x000000e525d00000,0x000000e525e00000) (1024K)]
  0x0000024372594d80 JavaThread "Unconstrained build operations Thread 95"        [_thread_blocked, id=20844, stack(0x000000e525e00000,0x000000e525f00000) (1024K)]
  0x00000243725946f0 JavaThread "Unconstrained build operations Thread 96"        [_thread_blocked, id=3156, stack(0x000000e525f00000,0x000000e526000000) (1024K)]
  0x0000024372591f90 JavaThread "Unconstrained build operations Thread 97"        [_thread_blocked, id=23408, stack(0x000000e526000000,0x000000e526100000) (1024K)]
  0x0000024372595aa0 JavaThread "Unconstrained build operations Thread 98"        [_thread_blocked, id=8000, stack(0x000000e526100000,0x000000e526200000) (1024K)]
  0x0000024372592620 JavaThread "Unconstrained build operations Thread 99"        [_thread_blocked, id=15276, stack(0x000000e526200000,0x000000e526300000) (1024K)]
  0x0000024372592cb0 JavaThread "Unconstrained build operations Thread 100"        [_thread_blocked, id=25384, stack(0x000000e526300000,0x000000e526400000) (1024K)]
  0x0000024372596130 JavaThread "Unconstrained build operations Thread 101"        [_thread_blocked, id=19404, stack(0x000000e526400000,0x000000e526500000) (1024K)]
  0x0000024372593340 JavaThread "Unconstrained build operations Thread 102"        [_thread_blocked, id=23656, stack(0x000000e526500000,0x000000e526600000) (1024K)]
  0x00000243725967c0 JavaThread "Unconstrained build operations Thread 103"        [_thread_blocked, id=20324, stack(0x000000e526600000,0x000000e526700000) (1024K)]
  0x0000024372596e50 JavaThread "Unconstrained build operations Thread 104"        [_thread_blocked, id=22984, stack(0x000000e526700000,0x000000e526800000) (1024K)]
  0x00000243725939d0 JavaThread "Unconstrained build operations Thread 105"        [_thread_blocked, id=1048, stack(0x000000e526800000,0x000000e526900000) (1024K)]
  0x0000024372594060 JavaThread "Unconstrained build operations Thread 106"        [_thread_blocked, id=26648, stack(0x000000e526900000,0x000000e526a00000) (1024K)]
  0x00000243725995b0 JavaThread "Unconstrained build operations Thread 107"        [_thread_blocked, id=8012, stack(0x000000e526a00000,0x000000e526b00000) (1024K)]
  0x0000024372599c40 JavaThread "Unconstrained build operations Thread 108"        [_thread_blocked, id=20136, stack(0x000000e526b00000,0x000000e526c00000) (1024K)]
  0x0000024372598890 JavaThread "Unconstrained build operations Thread 109"        [_thread_blocked, id=18136, stack(0x000000e526c00000,0x000000e526d00000) (1024K)]
  0x000002437259a2d0 JavaThread "Unconstrained build operations Thread 110"        [_thread_blocked, id=20612, stack(0x000000e526d00000,0x000000e526e00000) (1024K)]
  0x0000024372598f20 JavaThread "Unconstrained build operations Thread 111"        [_thread_blocked, id=18568, stack(0x000000e526e00000,0x000000e526f00000) (1024K)]
  0x000002437259a960 JavaThread "Unconstrained build operations Thread 112"        [_thread_blocked, id=25552, stack(0x000000e526f00000,0x000000e527000000) (1024K)]
  0x000002437259aff0 JavaThread "Unconstrained build operations Thread 113"        [_thread_blocked, id=13696, stack(0x000000e527000000,0x000000e527100000) (1024K)]
  0x0000024372598200 JavaThread "Unconstrained build operations Thread 114"        [_thread_blocked, id=10344, stack(0x000000e527100000,0x000000e527200000) (1024K)]
  0x0000024372597b70 JavaThread "Unconstrained build operations Thread 115"        [_thread_blocked, id=26528, stack(0x000000e527200000,0x000000e527300000) (1024K)]
  0x000002436fa4a500 JavaThread "Unconstrained build operations Thread 116"        [_thread_blocked, id=7872, stack(0x000000e527300000,0x000000e527400000) (1024K)]
  0x000002436fa48ac0 JavaThread "Unconstrained build operations Thread 117"        [_thread_blocked, id=9564, stack(0x000000e527400000,0x000000e527500000) (1024K)]
  0x000002436fa48430 JavaThread "Unconstrained build operations Thread 118"        [_thread_blocked, id=7364, stack(0x000000e527500000,0x000000e527600000) (1024K)]
  0x000002436fa4ab90 JavaThread "Unconstrained build operations Thread 119"        [_thread_blocked, id=10208, stack(0x000000e527600000,0x000000e527700000) (1024K)]
  0x000002436fa4b220 JavaThread "Unconstrained build operations Thread 120"        [_thread_blocked, id=22944, stack(0x000000e527700000,0x000000e527800000) (1024K)]
  0x000002436fa47da0 JavaThread "Unconstrained build operations Thread 121"        [_thread_blocked, id=18536, stack(0x000000e527800000,0x000000e527900000) (1024K)]
  0x000002436fa4bf40 JavaThread "Unconstrained build operations Thread 122"        [_thread_blocked, id=14352, stack(0x000000e527900000,0x000000e527a00000) (1024K)]
  0x000002436fa4c5d0 JavaThread "Unconstrained build operations Thread 123"        [_thread_blocked, id=25832, stack(0x000000e527a00000,0x000000e527b00000) (1024K)]
  0x000002436fa4e010 JavaThread "Unconstrained build operations Thread 124"        [_thread_blocked, id=25780, stack(0x000000e527b00000,0x000000e527c00000) (1024K)]
  0x000002436fa4cc60 JavaThread "Unconstrained build operations Thread 125"        [_thread_blocked, id=24112, stack(0x000000e527c00000,0x000000e527d00000) (1024K)]
  0x000002436fa4d980 JavaThread "Unconstrained build operations Thread 126"        [_thread_blocked, id=22804, stack(0x000000e527d00000,0x000000e527e00000) (1024K)]
  0x000002436fa4d2f0 JavaThread "Unconstrained build operations Thread 127"        [_thread_blocked, id=21952, stack(0x000000e527e00000,0x000000e527f00000) (1024K)]
  0x00000243714689a0 JavaThread "Unconstrained build operations Thread 128"        [_thread_blocked, id=12968, stack(0x000000e527f00000,0x000000e528000000) (1024K)]
  0x0000024371469030 JavaThread "Unconstrained build operations Thread 129"        [_thread_blocked, id=24728, stack(0x000000e528000000,0x000000e528100000) (1024K)]
  0x0000024371467c80 JavaThread "Unconstrained build operations Thread 130"        [_thread_blocked, id=23644, stack(0x000000e528100000,0x000000e528200000) (1024K)]
  0x00000243714675f0 JavaThread "Unconstrained build operations Thread 131"        [_thread_blocked, id=9476, stack(0x000000e528200000,0x000000e528300000) (1024K)]
  0x000002437146a3e0 JavaThread "Unconstrained build operations Thread 132"        [_thread_blocked, id=19196, stack(0x000000e528300000,0x000000e528400000) (1024K)]
  0x0000024371469d50 JavaThread "Unconstrained build operations Thread 133"        [_thread_blocked, id=26576, stack(0x000000e528400000,0x000000e528500000) (1024K)]
  0x000002437146aa70 JavaThread "Unconstrained build operations Thread 134"        [_thread_blocked, id=14712, stack(0x000000e528500000,0x000000e528600000) (1024K)]
  0x000002437146b790 JavaThread "Unconstrained build operations Thread 135"        [_thread_blocked, id=6560, stack(0x000000e528600000,0x000000e528700000) (1024K)]
  0x0000024372440df0 JavaThread "Unconstrained build operations Thread 136"        [_thread_blocked, id=2028, stack(0x000000e528700000,0x000000e528800000) (1024K)]
  0x0000024372440760 JavaThread "Unconstrained build operations Thread 137"        [_thread_blocked, id=11344, stack(0x000000e528800000,0x000000e528900000) (1024K)]
  0x000002437243e000 JavaThread "Unconstrained build operations Thread 138"        [_thread_blocked, id=16164, stack(0x000000e528900000,0x000000e528a00000) (1024K)]
  0x00000243724400d0 JavaThread "Unconstrained build operations Thread 139"        [_thread_blocked, id=7604, stack(0x000000e528a00000,0x000000e528b00000) (1024K)]
  0x000002437243e690 JavaThread "Unconstrained build operations Thread 140"        [_thread_blocked, id=10864, stack(0x000000e528b00000,0x000000e528c00000) (1024K)]
  0x0000024372441480 JavaThread "Unconstrained build operations Thread 141"        [_thread_blocked, id=14952, stack(0x000000e528c00000,0x000000e528d00000) (1024K)]
  0x000002437243f3b0 JavaThread "Unconstrained build operations Thread 142"        [_thread_blocked, id=10992, stack(0x000000e528d00000,0x000000e528e00000) (1024K)]
  0x00000243724421a0 JavaThread "Unconstrained build operations Thread 143"        [_thread_blocked, id=23004, stack(0x000000e528e00000,0x000000e528f00000) (1024K)]
  0x0000024372441b10 JavaThread "Unconstrained build operations Thread 144"        [_thread_blocked, id=1412, stack(0x000000e528f00000,0x000000e529000000) (1024K)]
  0x000002437243ed20 JavaThread "Unconstrained build operations Thread 145"        [_thread_blocked, id=2216, stack(0x000000e529000000,0x000000e529100000) (1024K)]
  0x000002437243fa40 JavaThread "Unconstrained build operations Thread 146"        [_thread_blocked, id=26408, stack(0x000000e529100000,0x000000e529200000) (1024K)]
  0x0000024372444f90 JavaThread "Unconstrained build operations Thread 147"        [_thread_blocked, id=1032, stack(0x000000e529200000,0x000000e529300000) (1024K)]
  0x0000024372445620 JavaThread "Unconstrained build operations Thread 148"        [_thread_blocked, id=27336, stack(0x000000e529300000,0x000000e529400000) (1024K)]
  0x0000024372443550 JavaThread "Unconstrained build operations Thread 149"        [_thread_blocked, id=14224, stack(0x000000e529400000,0x000000e529500000) (1024K)]
  0x0000024372444900 JavaThread "Unconstrained build operations Thread 150"        [_thread_blocked, id=5748, stack(0x000000e529500000,0x000000e529600000) (1024K)]
  0x0000024372443be0 JavaThread "Unconstrained build operations Thread 151"        [_thread_blocked, id=5952, stack(0x000000e529600000,0x000000e529700000) (1024K)]
  0x00000243789b07c0 JavaThread "WorkerExecutor Queue"              [_thread_blocked, id=9528, stack(0x000000e529700000,0x000000e529800000) (1024K)]
  0x00000243789ad340 JavaThread "Unconstrained build operations Thread 152"        [_thread_blocked, id=20044, stack(0x000000e529800000,0x000000e529900000) (1024K)]
  0x00000243789b3c40 JavaThread "Unconstrained build operations Thread 153"        [_thread_blocked, id=26120, stack(0x000000e529900000,0x000000e529a00000) (1024K)]
  0x00000243789b2200 JavaThread "Unconstrained build operations Thread 154"        [_thread_blocked, id=23828, stack(0x000000e529a00000,0x000000e529b00000) (1024K)]
  0x00000243789b2890 JavaThread "Unconstrained build operations Thread 155"        [_thread_blocked, id=26556, stack(0x000000e529b00000,0x000000e529c00000) (1024K)]
  0x00000243789b42d0 JavaThread "Unconstrained build operations Thread 156"        [_thread_blocked, id=10516, stack(0x000000e529c00000,0x000000e529d00000) (1024K)]
  0x00000243789b2f20 JavaThread "Unconstrained build operations Thread 157"        [_thread_blocked, id=22576, stack(0x000000e529d00000,0x000000e529e00000) (1024K)]
  0x00000243789b35b0 JavaThread "Unconstrained build operations Thread 158"        [_thread_blocked, id=13580, stack(0x000000e529e00000,0x000000e529f00000) (1024K)]
  0x00000243789b0e50 JavaThread "Unconstrained build operations Thread 159"        [_thread_blocked, id=20320, stack(0x000000e529f00000,0x000000e52a000000) (1024K)]
  0x00000243789b1b70 JavaThread "Unconstrained build operations Thread 160"        [_thread_blocked, id=5168, stack(0x000000e52a200000,0x000000e52a300000) (1024K)]
  0x00000243725ff270 JavaThread "C2 CompilerThread2"         daemon [_thread_blocked, id=16644, stack(0x000000e51b700000,0x000000e51b800000) (1024K)]
  0x00000243725feba0 JavaThread "C2 CompilerThread3"         daemon [_thread_blocked, id=12320, stack(0x000000e523300000,0x000000e523400000) (1024K)]
  0x00000243726028f0 JavaThread "C1 CompilerThread3"         daemon [_thread_blocked, id=20340, stack(0x000000e523700000,0x000000e523800000) (1024K)]
  0x0000024372602fc0 JavaThread "C2 CompilerThread4"         daemon [_thread_blocked, id=17024, stack(0x000000e52a300000,0x000000e52a400000) (1024K)]
Total: 233

Other Threads:
=>0x00000243647ffc60 VMThread "VM Thread"                           [id=17936, stack(0x000000e51ab00000,0x000000e51ac00000) (1024K)]
  0x0000024363bac2f0 WatcherThread "VM Periodic Task Thread"        [id=16528, stack(0x000000e51aa00000,0x000000e51ab00000) (1024K)]
  0x0000024349d27a30 WorkerThread "GC Thread#0"                     [id=10116, stack(0x000000e51a500000,0x000000e51a600000) (1024K)]
  0x000002436932b540 WorkerThread "GC Thread#1"                     [id=24200, stack(0x000000e51ba00000,0x000000e51bb00000) (1024K)]
  0x000002436952f2d0 WorkerThread "GC Thread#2"                     [id=20984, stack(0x000000e51bb00000,0x000000e51bc00000) (1024K)]
  0x000002436973e6b0 WorkerThread "GC Thread#3"                     [id=2492, stack(0x000000e51bc00000,0x000000e51bd00000) (1024K)]
  0x0000024369526370 WorkerThread "GC Thread#4"                     [id=11444, stack(0x000000e51bd00000,0x000000e51be00000) (1024K)]
  0x000002436973ea50 WorkerThread "GC Thread#5"                     [id=5648, stack(0x000000e51be00000,0x000000e51bf00000) (1024K)]
  0x000002436b5f69d0 WorkerThread "GC Thread#6"                     [id=23096, stack(0x000000e51c900000,0x000000e51ca00000) (1024K)]
  0x000002436b5f9df0 WorkerThread "GC Thread#7"                     [id=12736, stack(0x000000e51ca00000,0x000000e51cb00000) (1024K)]
  0x000002436b5fa190 WorkerThread "GC Thread#8"                     [id=25648, stack(0x000000e51cb00000,0x000000e51cc00000) (1024K)]
  0x000002436bb2d440 WorkerThread "GC Thread#9"                     [id=8740, stack(0x000000e51cc00000,0x000000e51cd00000) (1024K)]
  0x000002436bb2c220 WorkerThread "GC Thread#10"                    [id=11776, stack(0x000000e51cd00000,0x000000e51ce00000) (1024K)]
  0x000002436bb2db80 WorkerThread "GC Thread#11"                    [id=20416, stack(0x000000e51ce00000,0x000000e51cf00000) (1024K)]
  0x000002436bb2d7e0 WorkerThread "GC Thread#12"                    [id=21396, stack(0x000000e51cf00000,0x000000e51d000000) (1024K)]
  0x0000024349d38920 ConcurrentGCThread "G1 Main Marker"            [id=8756, stack(0x000000e51a600000,0x000000e51a700000) (1024K)]
  0x0000024349d39330 WorkerThread "G1 Conc#0"                       [id=19660, stack(0x000000e51a700000,0x000000e51a800000) (1024K)]
  0x000002436bb2d0a0 WorkerThread "G1 Conc#1"                       [id=14296, stack(0x000000e51d000000,0x000000e51d100000) (1024K)]
  0x000002436bb2c5c0 WorkerThread "G1 Conc#2"                       [id=18172, stack(0x000000e51d100000,0x000000e51d200000) (1024K)]
  0x0000024363a83040 ConcurrentGCThread "G1 Refine#0"               [id=19884, stack(0x000000e51a800000,0x000000e51a900000) (1024K)]
  0x0000024363a83860 ConcurrentGCThread "G1 Service"                [id=25844, stack(0x000000e51a900000,0x000000e51aa00000) (1024K)]
Total: 21

Threads with active compile tasks:
C2 CompilerThread0  24456 28125       4       com.android.tools.r8.ir.optimize.z::a (563 bytes)
C2 CompilerThread1  24456 28183   !   4       java.util.concurrent.ConcurrentHashMap::putVal (432 bytes)
C2 CompilerThread2  24456 27378       4       com.android.tools.r8.internal.kf2::b (658 bytes)
C2 CompilerThread3  24456 27168       4       com.android.tools.r8.internal.di1::remove (1708 bytes)
C2 CompilerThread4  24456 27983       4       com.android.tools.r8.internal.nv2::a (500 bytes)
Total: 5

VM state: at safepoint (normal execution)

VM Mutex/Monitor currently owned by a thread:  ([mutex/lock_event])
[0x00007ff904678690] Threads_lock - owner thread: 0x00000243647ffc60
[0x00007ff904678790] Heap_lock - owner thread: 0x00000243708ede90

Heap address: 0x0000000700000000, size: 4096 MB, Compressed Oops mode: Zero based, Oop shift amount: 3

CDS archive(s) not mapped
Compressed class space mapped at: 0x0000000800000000-0x0000000834000000, reserved size: 872415232
Narrow klass base: 0x0000000800000000, Narrow klass shift: 0, Narrow klass range: 0x34000000

GC Precious Log:
 CardTable entry size: 512
 Card Set container configuration: InlinePtr #cards 4 size 8 Array Of Cards #cards 16 size 48 Howl #buckets 8 coarsen threshold 3686 Howl Bitmap #cards 512 size 80 coarsen threshold 460 Card regions per heap region 1 cards per card region 4096
 CPUs: 16 total, 16 available
 Memory: 16008M
 Large Page Support: Disabled
 NUMA Support: Disabled
 Compressed Oops: Enabled (Zero based)
 Heap Region Size: 2M
 Heap Min Capacity: 8M
 Heap Initial Capacity: 252M
 Heap Max Capacity: 4G
 Pre-touch: Disabled
 Parallel Workers: 13
 Concurrent Workers: 3
 Concurrent Refinement Workers: 13
 Periodic GC: Disabled

Heap:
 garbage-first heap   total 550912K, used 271323K [0x0000000700000000, 0x0000000800000000)
  region size 2048K, 10 young (20480K), 10 survivors (20480K)
 Metaspace       used 163286K, committed 165632K, reserved 1048576K
  class space    used 23346K, committed 24512K, reserved 851968K

Heap Regions: E=young(eden), S=young(survivor), O=old, HS=humongous(starts), HC=humongous(continues), CS=collection set, F=free, TAMS=top-at-mark-start, PB=parsable bottom
|   0|0x0000000700000000, 0x0000000700200000, 0x0000000700200000|100%|HS|  |TAMS 0x0000000700200000| PB 0x0000000700000000| Complete 
|   1|0x0000000700200000, 0x0000000700400000, 0x0000000700400000|100%|HC|  |TAMS 0x0000000700400000| PB 0x0000000700200000| Complete 
|   2|0x0000000700400000, 0x0000000700600000, 0x0000000700600000|100%| O|  |TAMS 0x0000000700600000| PB 0x0000000700400000| Untracked 
|   3|0x0000000700600000, 0x0000000700800000, 0x0000000700800000|100%| O|  |TAMS 0x0000000700800000| PB 0x0000000700600000| Untracked 
|   4|0x0000000700800000, 0x0000000700a00000, 0x0000000700a00000|100%| O|  |TAMS 0x0000000700a00000| PB 0x0000000700800000| Untracked 
|   5|0x0000000700a00000, 0x0000000700c00000, 0x0000000700c00000|100%| O|  |TAMS 0x0000000700c00000| PB 0x0000000700a00000| Untracked 
|   6|0x0000000700c00000, 0x0000000700e00000, 0x0000000700e00000|100%| O|  |TAMS 0x0000000700e00000| PB 0x0000000700c00000| Untracked 
|   7|0x0000000700e00000, 0x0000000701000000, 0x0000000701000000|100%| O|  |TAMS 0x0000000701000000| PB 0x0000000700e00000| Untracked 
|   8|0x0000000701000000, 0x0000000701200000, 0x0000000701200000|100%| O|  |TAMS 0x0000000701200000| PB 0x0000000701000000| Untracked 
|   9|0x0000000701200000, 0x0000000701400000, 0x0000000701400000|100%| O|  |TAMS 0x0000000701400000| PB 0x0000000701200000| Untracked 
|  10|0x0000000701400000, 0x0000000701600000, 0x0000000701600000|100%| O|  |TAMS 0x0000000701600000| PB 0x0000000701400000| Untracked 
|  11|0x0000000701600000, 0x0000000701800000, 0x0000000701800000|100%| O|  |TAMS 0x0000000701800000| PB 0x0000000701600000| Untracked 
|  12|0x0000000701800000, 0x0000000701a00000, 0x0000000701a00000|100%| O|  |TAMS 0x0000000701a00000| PB 0x0000000701800000| Untracked 
|  13|0x0000000701a00000, 0x0000000701c00000, 0x0000000701c00000|100%| O|  |TAMS 0x0000000701c00000| PB 0x0000000701a00000| Untracked 
|  14|0x0000000701c00000, 0x0000000701e00000, 0x0000000701e00000|100%| O|  |TAMS 0x0000000701e00000| PB 0x0000000701c00000| Untracked 
|  15|0x0000000701e00000, 0x0000000702000000, 0x0000000702000000|100%| O|  |TAMS 0x0000000702000000| PB 0x0000000701e00000| Untracked 
|  16|0x0000000702000000, 0x0000000702200000, 0x0000000702200000|100%| O|  |TAMS 0x0000000702200000| PB 0x0000000702000000| Untracked 
|  17|0x0000000702200000, 0x0000000702400000, 0x0000000702400000|100%| O|  |TAMS 0x0000000702400000| PB 0x0000000702200000| Untracked 
|  18|0x0000000702400000, 0x0000000702600000, 0x0000000702600000|100%| O|  |TAMS 0x0000000702600000| PB 0x0000000702400000| Untracked 
|  19|0x0000000702600000, 0x0000000702800000, 0x0000000702800000|100%| O|  |TAMS 0x0000000702800000| PB 0x0000000702600000| Untracked 
|  20|0x0000000702800000, 0x0000000702a00000, 0x0000000702a00000|100%| O|  |TAMS 0x0000000702a00000| PB 0x0000000702800000| Untracked 
|  21|0x0000000702a00000, 0x0000000702c00000, 0x0000000702c00000|100%| O|  |TAMS 0x0000000702c00000| PB 0x0000000702a00000| Untracked 
|  22|0x0000000702c00000, 0x0000000702e00000, 0x0000000702e00000|100%| O|  |TAMS 0x0000000702e00000| PB 0x0000000702c00000| Untracked 
|  23|0x0000000702e00000, 0x0000000703000000, 0x0000000703000000|100%| O|  |TAMS 0x0000000703000000| PB 0x0000000702e00000| Untracked 
|  24|0x0000000703000000, 0x0000000703200000, 0x0000000703200000|100%|HS|  |TAMS 0x0000000703200000| PB 0x0000000703000000| Complete 
|  25|0x0000000703200000, 0x0000000703400000, 0x0000000703400000|100%| O|  |TAMS 0x0000000703400000| PB 0x0000000703200000| Untracked 
|  26|0x0000000703400000, 0x0000000703600000, 0x0000000703600000|100%| O|  |TAMS 0x0000000703600000| PB 0x0000000703400000| Untracked 
|  27|0x0000000703600000, 0x0000000703800000, 0x0000000703800000|100%| O|  |TAMS 0x0000000703800000| PB 0x0000000703600000| Untracked 
|  28|0x0000000703800000, 0x0000000703a00000, 0x0000000703a00000|100%| O|  |TAMS 0x0000000703a00000| PB 0x0000000703800000| Untracked 
|  29|0x0000000703a00000, 0x0000000703c00000, 0x0000000703c00000|100%| O|  |TAMS 0x0000000703c00000| PB 0x0000000703a00000| Untracked 
|  30|0x0000000703c00000, 0x0000000703e00000, 0x0000000703e00000|100%| O|  |TAMS 0x0000000703e00000| PB 0x0000000703c00000| Untracked 
|  31|0x0000000703e00000, 0x0000000704000000, 0x0000000704000000|100%|HS|  |TAMS 0x0000000704000000| PB 0x0000000703e00000| Complete 
|  32|0x0000000704000000, 0x0000000704200000, 0x0000000704200000|100%|HS|  |TAMS 0x0000000704200000| PB 0x0000000704000000| Complete 
|  33|0x0000000704200000, 0x0000000704400000, 0x0000000704400000|100%| O|  |TAMS 0x0000000704400000| PB 0x0000000704200000| Untracked 
|  34|0x0000000704400000, 0x0000000704600000, 0x0000000704600000|100%|HS|  |TAMS 0x0000000704600000| PB 0x0000000704400000| Complete 
|  35|0x0000000704600000, 0x0000000704800000, 0x0000000704800000|100%|HC|  |TAMS 0x0000000704800000| PB 0x0000000704600000| Complete 
|  36|0x0000000704800000, 0x0000000704a00000, 0x0000000704a00000|100%| O|  |TAMS 0x0000000704a00000| PB 0x0000000704800000| Untracked 
|  37|0x0000000704a00000, 0x0000000704c00000, 0x0000000704c00000|100%| O|  |TAMS 0x0000000704c00000| PB 0x0000000704a00000| Untracked 
|  38|0x0000000704c00000, 0x0000000704e00000, 0x0000000704e00000|100%| O|  |TAMS 0x0000000704e00000| PB 0x0000000704c00000| Untracked 
|  39|0x0000000704e00000, 0x0000000705000000, 0x0000000705000000|100%|HS|  |TAMS 0x0000000705000000| PB 0x0000000704e00000| Complete 
|  40|0x0000000705000000, 0x0000000705200000, 0x0000000705200000|100%|HC|  |TAMS 0x0000000705200000| PB 0x0000000705000000| Complete 
|  41|0x0000000705200000, 0x0000000705400000, 0x0000000705400000|100%| O|  |TAMS 0x0000000705400000| PB 0x0000000705200000| Untracked 
|  42|0x0000000705400000, 0x0000000705600000, 0x0000000705600000|100%| O|  |TAMS 0x0000000705600000| PB 0x0000000705400000| Untracked 
|  43|0x0000000705600000, 0x0000000705800000, 0x0000000705800000|100%| O|  |TAMS 0x0000000705800000| PB 0x0000000705600000| Untracked 
|  44|0x0000000705800000, 0x0000000705a00000, 0x0000000705a00000|100%| O|  |TAMS 0x0000000705a00000| PB 0x0000000705800000| Untracked 
|  45|0x0000000705a00000, 0x0000000705c00000, 0x0000000705c00000|100%| O|  |TAMS 0x0000000705c00000| PB 0x0000000705a00000| Untracked 
|  46|0x0000000705c00000, 0x0000000705e00000, 0x0000000705e00000|100%| O|  |TAMS 0x0000000705e00000| PB 0x0000000705c00000| Untracked 
|  47|0x0000000705e00000, 0x0000000706000000, 0x0000000706000000|100%| O|  |TAMS 0x0000000706000000| PB 0x0000000705e00000| Untracked 
|  48|0x0000000706000000, 0x0000000706200000, 0x0000000706200000|100%| O|  |TAMS 0x0000000706200000| PB 0x0000000706000000| Untracked 
|  49|0x0000000706200000, 0x0000000706400000, 0x0000000706400000|100%| O|  |TAMS 0x0000000706400000| PB 0x0000000706200000| Untracked 
|  50|0x0000000706400000, 0x0000000706600000, 0x0000000706600000|100%| O|  |TAMS 0x0000000706600000| PB 0x0000000706400000| Untracked 
|  51|0x0000000706600000, 0x0000000706800000, 0x0000000706800000|100%| O|  |TAMS 0x0000000706800000| PB 0x0000000706600000| Untracked 
|  52|0x0000000706800000, 0x0000000706a00000, 0x0000000706a00000|100%| O|  |TAMS 0x0000000706a00000| PB 0x0000000706800000| Untracked 
|  53|0x0000000706a00000, 0x0000000706c00000, 0x0000000706c00000|100%| O|  |TAMS 0x0000000706c00000| PB 0x0000000706a00000| Untracked 
|  54|0x0000000706c00000, 0x0000000706e00000, 0x0000000706e00000|100%| O|  |TAMS 0x0000000706e00000| PB 0x0000000706c00000| Untracked 
|  55|0x0000000706e00000, 0x0000000707000000, 0x0000000707000000|100%| O|  |TAMS 0x0000000707000000| PB 0x0000000706e00000| Untracked 
|  56|0x0000000707000000, 0x0000000707200000, 0x0000000707200000|100%| O|  |TAMS 0x0000000707200000| PB 0x0000000707000000| Untracked 
|  57|0x0000000707200000, 0x0000000707400000, 0x0000000707400000|100%| O|  |TAMS 0x0000000707400000| PB 0x0000000707200000| Untracked 
|  58|0x0000000707400000, 0x0000000707600000, 0x0000000707600000|100%| O|  |TAMS 0x0000000707600000| PB 0x0000000707400000| Untracked 
|  59|0x0000000707600000, 0x0000000707800000, 0x0000000707800000|100%| O|  |TAMS 0x0000000707800000| PB 0x0000000707600000| Untracked 
|  60|0x0000000707800000, 0x0000000707a00000, 0x0000000707a00000|100%| O|  |TAMS 0x0000000707a00000| PB 0x0000000707800000| Untracked 
|  61|0x0000000707a00000, 0x0000000707c00000, 0x0000000707c00000|100%| O|  |TAMS 0x0000000707c00000| PB 0x0000000707a00000| Untracked 
|  62|0x0000000707c00000, 0x0000000707e00000, 0x0000000707e00000|100%| O|  |TAMS 0x0000000707e00000| PB 0x0000000707c00000| Untracked 
|  63|0x0000000707e00000, 0x0000000708000000, 0x0000000708000000|100%| O|  |TAMS 0x0000000708000000| PB 0x0000000707e00000| Untracked 
|  64|0x0000000708000000, 0x0000000708200000, 0x0000000708200000|100%| O|  |TAMS 0x0000000708200000| PB 0x0000000708000000| Untracked 
|  65|0x0000000708200000, 0x0000000708400000, 0x0000000708400000|100%| O|  |TAMS 0x0000000708400000| PB 0x0000000708200000| Untracked 
|  66|0x0000000708400000, 0x0000000708600000, 0x0000000708600000|100%| O|  |TAMS 0x0000000708600000| PB 0x0000000708400000| Untracked 
|  67|0x0000000708600000, 0x0000000708800000, 0x0000000708800000|100%| O|  |TAMS 0x0000000708800000| PB 0x0000000708600000| Untracked 
|  68|0x0000000708800000, 0x0000000708a00000, 0x0000000708a00000|100%| O|  |TAMS 0x0000000708a00000| PB 0x0000000708800000| Untracked 
|  69|0x0000000708a00000, 0x0000000708c00000, 0x0000000708c00000|100%| O|  |TAMS 0x0000000708c00000| PB 0x0000000708a00000| Untracked 
|  70|0x0000000708c00000, 0x0000000708e00000, 0x0000000708e00000|100%| O|  |TAMS 0x0000000708e00000| PB 0x0000000708c00000| Untracked 
|  71|0x0000000708e00000, 0x0000000709000000, 0x0000000709000000|100%| O|  |TAMS 0x0000000709000000| PB 0x0000000708e00000| Untracked 
|  72|0x0000000709000000, 0x0000000709200000, 0x0000000709200000|100%| O|  |TAMS 0x0000000709200000| PB 0x0000000709000000| Untracked 
|  73|0x0000000709200000, 0x0000000709400000, 0x0000000709400000|100%| O|  |TAMS 0x0000000709400000| PB 0x0000000709200000| Untracked 
|  74|0x0000000709400000, 0x0000000709600000, 0x0000000709600000|100%| O|  |TAMS 0x0000000709600000| PB 0x0000000709400000| Untracked 
|  75|0x0000000709600000, 0x0000000709800000, 0x0000000709800000|100%| O|  |TAMS 0x0000000709800000| PB 0x0000000709600000| Untracked 
|  76|0x0000000709800000, 0x0000000709a00000, 0x0000000709a00000|100%| O|  |TAMS 0x0000000709a00000| PB 0x0000000709800000| Untracked 
|  77|0x0000000709a00000, 0x0000000709c00000, 0x0000000709c00000|100%| O|  |TAMS 0x0000000709c00000| PB 0x0000000709a00000| Untracked 
|  78|0x0000000709c00000, 0x0000000709e00000, 0x0000000709e00000|100%| O|  |TAMS 0x0000000709e00000| PB 0x0000000709c00000| Untracked 
|  79|0x0000000709e00000, 0x000000070a000000, 0x000000070a000000|100%| O|  |TAMS 0x000000070a000000| PB 0x0000000709e00000| Untracked 
|  80|0x000000070a000000, 0x000000070a200000, 0x000000070a200000|100%| O|  |TAMS 0x000000070a000000| PB 0x000000070a000000| Untracked 
|  81|0x000000070a200000, 0x000000070a400000, 0x000000070a400000|100%| O|  |TAMS 0x000000070a200000| PB 0x000000070a200000| Untracked 
|  82|0x000000070a400000, 0x000000070a600000, 0x000000070a600000|100%| O|  |TAMS 0x000000070a600000| PB 0x000000070a400000| Untracked 
|  83|0x000000070a600000, 0x000000070a800000, 0x000000070a800000|100%| O|  |TAMS 0x000000070a800000| PB 0x000000070a600000| Untracked 
|  84|0x000000070a800000, 0x000000070aa00000, 0x000000070aa00000|100%| O|  |TAMS 0x000000070aa00000| PB 0x000000070a800000| Untracked 
|  85|0x000000070aa00000, 0x000000070ac00000, 0x000000070ac00000|100%| O|  |TAMS 0x000000070ac00000| PB 0x000000070aa00000| Untracked 
|  86|0x000000070ac00000, 0x000000070ae00000, 0x000000070ae00000|100%| O|  |TAMS 0x000000070ae00000| PB 0x000000070ac00000| Untracked 
|  87|0x000000070ae00000, 0x000000070b000000, 0x000000070b000000|100%| O|  |TAMS 0x000000070b000000| PB 0x000000070ae00000| Untracked 
|  88|0x000000070b000000, 0x000000070b200000, 0x000000070b200000|100%| O|  |TAMS 0x000000070b000000| PB 0x000000070b000000| Untracked 
|  89|0x000000070b200000, 0x000000070b400000, 0x000000070b400000|100%| O|  |TAMS 0x000000070b400000| PB 0x000000070b200000| Untracked 
|  90|0x000000070b400000, 0x000000070b600000, 0x000000070b600000|100%| O|  |TAMS 0x000000070b400000| PB 0x000000070b400000| Untracked 
|  91|0x000000070b600000, 0x000000070b800000, 0x000000070b800000|100%| O|  |TAMS 0x000000070b600000| PB 0x000000070b600000| Untracked 
|  92|0x000000070b800000, 0x000000070ba00000, 0x000000070ba00000|100%| O|  |TAMS 0x000000070b800000| PB 0x000000070b800000| Untracked 
|  93|0x000000070ba00000, 0x000000070bc00000, 0x000000070bc00000|100%| O|  |TAMS 0x000000070ba00000| PB 0x000000070ba00000| Untracked 
|  94|0x000000070bc00000, 0x000000070be00000, 0x000000070be00000|100%| O|  |TAMS 0x000000070bc00000| PB 0x000000070bc00000| Untracked 
|  95|0x000000070be00000, 0x000000070c000000, 0x000000070c000000|100%| O|  |TAMS 0x000000070be00000| PB 0x000000070be00000| Untracked 
|  96|0x000000070c000000, 0x000000070c200000, 0x000000070c200000|100%| O|  |TAMS 0x000000070c000000| PB 0x000000070c000000| Untracked 
|  97|0x000000070c200000, 0x000000070c2a65c0, 0x000000070c400000| 32%| O|  |TAMS 0x000000070c200000| PB 0x000000070c200000| Untracked 
|  98|0x000000070c400000, 0x000000070c600000, 0x000000070c600000|100%| O|  |TAMS 0x000000070c600000| PB 0x000000070c400000| Untracked 
|  99|0x000000070c600000, 0x000000070c800000, 0x000000070c800000|100%| O|  |TAMS 0x000000070c800000| PB 0x000000070c600000| Untracked 
| 100|0x000000070c800000, 0x000000070ca00000, 0x000000070ca00000|100%| O|  |TAMS 0x000000070ca00000| PB 0x000000070c800000| Untracked 
| 101|0x000000070ca00000, 0x000000070cc00000, 0x000000070cc00000|100%| O|  |TAMS 0x000000070cc00000| PB 0x000000070ca00000| Untracked 
| 102|0x000000070cc00000, 0x000000070ce00000, 0x000000070ce00000|100%| O|  |TAMS 0x000000070ce00000| PB 0x000000070cc00000| Untracked 
| 103|0x000000070ce00000, 0x000000070d000000, 0x000000070d000000|100%| O|  |TAMS 0x000000070d000000| PB 0x000000070ce00000| Untracked 
| 104|0x000000070d000000, 0x000000070d000000, 0x000000070d200000|  0%| F|  |TAMS 0x000000070d000000| PB 0x000000070d000000| Untracked 
| 105|0x000000070d200000, 0x000000070d200000, 0x000000070d400000|  0%| F|  |TAMS 0x000000070d200000| PB 0x000000070d200000| Untracked 
| 106|0x000000070d400000, 0x000000070d4508d0, 0x000000070d600000| 15%| S|CS|TAMS 0x000000070d400000| PB 0x000000070d400000| Complete 
| 107|0x000000070d600000, 0x000000070d600000, 0x000000070d800000|  0%| F|  |TAMS 0x000000070d600000| PB 0x000000070d600000| Untracked 
| 108|0x000000070d800000, 0x000000070d800000, 0x000000070da00000|  0%| F|  |TAMS 0x000000070d800000| PB 0x000000070d800000| Untracked 
| 109|0x000000070da00000, 0x000000070da00000, 0x000000070dc00000|  0%| F|  |TAMS 0x000000070da00000| PB 0x000000070da00000| Untracked 
| 110|0x000000070dc00000, 0x000000070dc00000, 0x000000070de00000|  0%| F|  |TAMS 0x000000070dc00000| PB 0x000000070dc00000| Untracked 
| 111|0x000000070de00000, 0x000000070de00000, 0x000000070e000000|  0%| F|  |TAMS 0x000000070de00000| PB 0x000000070de00000| Untracked 
| 112|0x000000070e000000, 0x000000070e000000, 0x000000070e200000|  0%| F|  |TAMS 0x000000070e000000| PB 0x000000070e000000| Untracked 
| 113|0x000000070e200000, 0x000000070e200000, 0x000000070e400000|  0%| F|  |TAMS 0x000000070e200000| PB 0x000000070e200000| Untracked 
| 114|0x000000070e400000, 0x000000070e600000, 0x000000070e600000|100%| S|CS|TAMS 0x000000070e400000| PB 0x000000070e400000| Complete 
| 115|0x000000070e600000, 0x000000070e800000, 0x000000070e800000|100%| S|CS|TAMS 0x000000070e600000| PB 0x000000070e600000| Complete 
| 116|0x000000070e800000, 0x000000070ea00000, 0x000000070ea00000|100%| S|CS|TAMS 0x000000070e800000| PB 0x000000070e800000| Complete 
| 117|0x000000070ea00000, 0x000000070ec00000, 0x000000070ec00000|100%| S|CS|TAMS 0x000000070ea00000| PB 0x000000070ea00000| Complete 
| 118|0x000000070ec00000, 0x000000070ee00000, 0x000000070ee00000|100%| S|CS|TAMS 0x000000070ec00000| PB 0x000000070ec00000| Complete 
| 119|0x000000070ee00000, 0x000000070f000000, 0x000000070f000000|100%| S|CS|TAMS 0x000000070ee00000| PB 0x000000070ee00000| Complete 
| 120|0x000000070f000000, 0x000000070f200000, 0x000000070f200000|100%| S|CS|TAMS 0x000000070f000000| PB 0x000000070f000000| Complete 
| 121|0x000000070f200000, 0x000000070f400000, 0x000000070f400000|100%| S|CS|TAMS 0x000000070f200000| PB 0x000000070f200000| Complete 
| 122|0x000000070f400000, 0x000000070f600000, 0x000000070f600000|100%| S|CS|TAMS 0x000000070f400000| PB 0x000000070f400000| Complete 
| 123|0x000000070f600000, 0x000000070f600000, 0x000000070f800000|  0%| F|  |TAMS 0x000000070f600000| PB 0x000000070f600000| Untracked 
| 124|0x000000070f800000, 0x000000070f800000, 0x000000070fa00000|  0%| F|  |TAMS 0x000000070f800000| PB 0x000000070f800000| Untracked 
| 125|0x000000070fa00000, 0x000000070fa00000, 0x000000070fc00000|  0%| F|  |TAMS 0x000000070fa00000| PB 0x000000070fa00000| Untracked 
| 126|0x000000070fc00000, 0x000000070fc00000, 0x000000070fe00000|  0%| F|  |TAMS 0x000000070fc00000| PB 0x000000070fc00000| Untracked 
| 127|0x000000070fe00000, 0x000000070fe00000, 0x0000000710000000|  0%| F|  |TAMS 0x000000070fe00000| PB 0x000000070fe00000| Untracked 
| 128|0x0000000710000000, 0x0000000710000000, 0x0000000710200000|  0%| F|  |TAMS 0x0000000710000000| PB 0x0000000710000000| Untracked 
| 129|0x0000000710200000, 0x0000000710200000, 0x0000000710400000|  0%| F|  |TAMS 0x0000000710200000| PB 0x0000000710200000| Untracked 
| 130|0x0000000710400000, 0x0000000710400000, 0x0000000710600000|  0%| F|  |TAMS 0x0000000710400000| PB 0x0000000710400000| Untracked 
| 131|0x0000000710600000, 0x0000000710600000, 0x0000000710800000|  0%| F|  |TAMS 0x0000000710600000| PB 0x0000000710600000| Untracked 
| 132|0x0000000710800000, 0x0000000710800000, 0x0000000710a00000|  0%| F|  |TAMS 0x0000000710800000| PB 0x0000000710800000| Untracked 
| 133|0x0000000710a00000, 0x0000000710a00000, 0x0000000710c00000|  0%| F|  |TAMS 0x0000000710a00000| PB 0x0000000710a00000| Untracked 
| 134|0x0000000710c00000, 0x0000000710c00000, 0x0000000710e00000|  0%| F|  |TAMS 0x0000000710c00000| PB 0x0000000710c00000| Untracked 
| 135|0x0000000710e00000, 0x0000000710e00000, 0x0000000711000000|  0%| F|  |TAMS 0x0000000710e00000| PB 0x0000000710e00000| Untracked 
| 136|0x0000000711000000, 0x0000000711000000, 0x0000000711200000|  0%| F|  |TAMS 0x0000000711000000| PB 0x0000000711000000| Untracked 
| 137|0x0000000711200000, 0x0000000711200000, 0x0000000711400000|  0%| F|  |TAMS 0x0000000711200000| PB 0x0000000711200000| Untracked 
| 138|0x0000000711400000, 0x0000000711400000, 0x0000000711600000|  0%| F|  |TAMS 0x0000000711400000| PB 0x0000000711400000| Untracked 
| 139|0x0000000711600000, 0x0000000711600000, 0x0000000711800000|  0%| F|  |TAMS 0x0000000711600000| PB 0x0000000711600000| Untracked 
| 140|0x0000000711800000, 0x0000000711800000, 0x0000000711a00000|  0%| F|  |TAMS 0x0000000711800000| PB 0x0000000711800000| Untracked 
| 141|0x0000000711a00000, 0x0000000711a00000, 0x0000000711c00000|  0%| F|  |TAMS 0x0000000711a00000| PB 0x0000000711a00000| Untracked 
| 142|0x0000000711c00000, 0x0000000711c00000, 0x0000000711e00000|  0%| F|  |TAMS 0x0000000711c00000| PB 0x0000000711c00000| Untracked 
| 143|0x0000000711e00000, 0x0000000711e00000, 0x0000000712000000|  0%| F|  |TAMS 0x0000000711e00000| PB 0x0000000711e00000| Untracked 
| 144|0x0000000712000000, 0x0000000712000000, 0x0000000712200000|  0%| F|  |TAMS 0x0000000712000000| PB 0x0000000712000000| Untracked 
| 145|0x0000000712200000, 0x0000000712200000, 0x0000000712400000|  0%| F|  |TAMS 0x0000000712200000| PB 0x0000000712200000| Untracked 
| 146|0x0000000712400000, 0x0000000712400000, 0x0000000712600000|  0%| F|  |TAMS 0x0000000712400000| PB 0x0000000712400000| Untracked 
| 147|0x0000000712600000, 0x0000000712600000, 0x0000000712800000|  0%| F|  |TAMS 0x0000000712600000| PB 0x0000000712600000| Untracked 
| 148|0x0000000712800000, 0x0000000712800000, 0x0000000712a00000|  0%| F|  |TAMS 0x0000000712800000| PB 0x0000000712800000| Untracked 
| 149|0x0000000712a00000, 0x0000000712a00000, 0x0000000712c00000|  0%| F|  |TAMS 0x0000000712a00000| PB 0x0000000712a00000| Untracked 
| 150|0x0000000712c00000, 0x0000000712c00000, 0x0000000712e00000|  0%| F|  |TAMS 0x0000000712c00000| PB 0x0000000712c00000| Untracked 
| 151|0x0000000712e00000, 0x0000000712e00000, 0x0000000713000000|  0%| F|  |TAMS 0x0000000712e00000| PB 0x0000000712e00000| Untracked 
| 152|0x0000000713000000, 0x0000000713000000, 0x0000000713200000|  0%| F|  |TAMS 0x0000000713000000| PB 0x0000000713000000| Untracked 
| 153|0x0000000713200000, 0x0000000713200000, 0x0000000713400000|  0%| F|  |TAMS 0x0000000713200000| PB 0x0000000713200000| Untracked 
| 154|0x0000000713400000, 0x0000000713400000, 0x0000000713600000|  0%| F|  |TAMS 0x0000000713400000| PB 0x0000000713400000| Untracked 
| 155|0x0000000713600000, 0x0000000713600000, 0x0000000713800000|  0%| F|  |TAMS 0x0000000713600000| PB 0x0000000713600000| Untracked 
| 156|0x0000000713800000, 0x0000000713800000, 0x0000000713a00000|  0%| F|  |TAMS 0x0000000713800000| PB 0x0000000713800000| Untracked 
| 157|0x0000000713a00000, 0x0000000713a00000, 0x0000000713c00000|  0%| F|  |TAMS 0x0000000713a00000| PB 0x0000000713a00000| Untracked 
| 158|0x0000000713c00000, 0x0000000713c00000, 0x0000000713e00000|  0%| F|  |TAMS 0x0000000713c00000| PB 0x0000000713c00000| Untracked 
| 159|0x0000000713e00000, 0x0000000713e00000, 0x0000000714000000|  0%| F|  |TAMS 0x0000000713e00000| PB 0x0000000713e00000| Untracked 
| 160|0x0000000714000000, 0x0000000714000000, 0x0000000714200000|  0%| F|  |TAMS 0x0000000714000000| PB 0x0000000714000000| Untracked 
| 161|0x0000000714200000, 0x0000000714200000, 0x0000000714400000|  0%| F|  |TAMS 0x0000000714200000| PB 0x0000000714200000| Untracked 
| 162|0x0000000714400000, 0x0000000714400000, 0x0000000714600000|  0%| F|  |TAMS 0x0000000714400000| PB 0x0000000714400000| Untracked 
| 163|0x0000000714600000, 0x0000000714600000, 0x0000000714800000|  0%| F|  |TAMS 0x0000000714600000| PB 0x0000000714600000| Untracked 
| 164|0x0000000714800000, 0x0000000714800000, 0x0000000714a00000|  0%| F|  |TAMS 0x0000000714800000| PB 0x0000000714800000| Untracked 
| 165|0x0000000714a00000, 0x0000000714a00000, 0x0000000714c00000|  0%| F|  |TAMS 0x0000000714a00000| PB 0x0000000714a00000| Untracked 
| 166|0x0000000714c00000, 0x0000000714c00000, 0x0000000714e00000|  0%| F|  |TAMS 0x0000000714c00000| PB 0x0000000714c00000| Untracked 
| 167|0x0000000714e00000, 0x0000000714e00000, 0x0000000715000000|  0%| F|  |TAMS 0x0000000714e00000| PB 0x0000000714e00000| Untracked 
| 168|0x0000000715000000, 0x0000000715000000, 0x0000000715200000|  0%| F|  |TAMS 0x0000000715000000| PB 0x0000000715000000| Untracked 
| 169|0x0000000715200000, 0x0000000715200000, 0x0000000715400000|  0%| F|  |TAMS 0x0000000715200000| PB 0x0000000715200000| Untracked 
| 170|0x0000000715400000, 0x0000000715400000, 0x0000000715600000|  0%| F|  |TAMS 0x0000000715400000| PB 0x0000000715400000| Untracked 
| 171|0x0000000715600000, 0x0000000715600000, 0x0000000715800000|  0%| F|  |TAMS 0x0000000715600000| PB 0x0000000715600000| Untracked 
| 172|0x0000000715800000, 0x0000000715800000, 0x0000000715a00000|  0%| F|  |TAMS 0x0000000715800000| PB 0x0000000715800000| Untracked 
| 173|0x0000000715a00000, 0x0000000715a00000, 0x0000000715c00000|  0%| F|  |TAMS 0x0000000715a00000| PB 0x0000000715a00000| Untracked 
| 174|0x0000000715c00000, 0x0000000715c00000, 0x0000000715e00000|  0%| F|  |TAMS 0x0000000715c00000| PB 0x0000000715c00000| Untracked 
| 175|0x0000000715e00000, 0x0000000715e00000, 0x0000000716000000|  0%| F|  |TAMS 0x0000000715e00000| PB 0x0000000715e00000| Untracked 
| 176|0x0000000716000000, 0x0000000716000000, 0x0000000716200000|  0%| F|  |TAMS 0x0000000716000000| PB 0x0000000716000000| Untracked 
| 177|0x0000000716200000, 0x0000000716200000, 0x0000000716400000|  0%| F|  |TAMS 0x0000000716200000| PB 0x0000000716200000| Untracked 
| 178|0x0000000716400000, 0x0000000716400000, 0x0000000716600000|  0%| F|  |TAMS 0x0000000716400000| PB 0x0000000716400000| Untracked 
| 179|0x0000000716600000, 0x0000000716600000, 0x0000000716800000|  0%| F|  |TAMS 0x0000000716600000| PB 0x0000000716600000| Untracked 
| 180|0x0000000716800000, 0x0000000716800000, 0x0000000716a00000|  0%| F|  |TAMS 0x0000000716800000| PB 0x0000000716800000| Untracked 
| 181|0x0000000716a00000, 0x0000000716a00000, 0x0000000716c00000|  0%| F|  |TAMS 0x0000000716a00000| PB 0x0000000716a00000| Untracked 
| 182|0x0000000716c00000, 0x0000000716c00000, 0x0000000716e00000|  0%| F|  |TAMS 0x0000000716c00000| PB 0x0000000716c00000| Untracked 
| 183|0x0000000716e00000, 0x0000000716e00000, 0x0000000717000000|  0%| F|  |TAMS 0x0000000716e00000| PB 0x0000000716e00000| Untracked 
| 184|0x0000000717000000, 0x0000000717000000, 0x0000000717200000|  0%| F|  |TAMS 0x0000000717000000| PB 0x0000000717000000| Untracked 
| 185|0x0000000717200000, 0x0000000717200000, 0x0000000717400000|  0%| F|  |TAMS 0x0000000717200000| PB 0x0000000717200000| Untracked 
| 186|0x0000000717400000, 0x0000000717400000, 0x0000000717600000|  0%| F|  |TAMS 0x0000000717400000| PB 0x0000000717400000| Untracked 
| 187|0x0000000717600000, 0x0000000717600000, 0x0000000717800000|  0%| F|  |TAMS 0x0000000717600000| PB 0x0000000717600000| Untracked 
| 188|0x0000000717800000, 0x0000000717800000, 0x0000000717a00000|  0%| F|  |TAMS 0x0000000717800000| PB 0x0000000717800000| Untracked 
| 189|0x0000000717a00000, 0x0000000717a00000, 0x0000000717c00000|  0%| F|  |TAMS 0x0000000717a00000| PB 0x0000000717a00000| Untracked 
| 190|0x0000000717c00000, 0x0000000717c00000, 0x0000000717e00000|  0%| F|  |TAMS 0x0000000717c00000| PB 0x0000000717c00000| Untracked 
| 191|0x0000000717e00000, 0x0000000717e00000, 0x0000000718000000|  0%| F|  |TAMS 0x0000000717e00000| PB 0x0000000717e00000| Untracked 
| 192|0x0000000718000000, 0x0000000718000000, 0x0000000718200000|  0%| F|  |TAMS 0x0000000718000000| PB 0x0000000718000000| Untracked 
| 193|0x0000000718200000, 0x0000000718200000, 0x0000000718400000|  0%| F|  |TAMS 0x0000000718200000| PB 0x0000000718200000| Untracked 
| 194|0x0000000718400000, 0x0000000718400000, 0x0000000718600000|  0%| F|  |TAMS 0x0000000718400000| PB 0x0000000718400000| Untracked 
| 195|0x0000000718600000, 0x0000000718600000, 0x0000000718800000|  0%| F|  |TAMS 0x0000000718600000| PB 0x0000000718600000| Untracked 
| 196|0x0000000718800000, 0x0000000718800000, 0x0000000718a00000|  0%| F|  |TAMS 0x0000000718800000| PB 0x0000000718800000| Untracked 
| 197|0x0000000718a00000, 0x0000000718a00000, 0x0000000718c00000|  0%| F|  |TAMS 0x0000000718a00000| PB 0x0000000718a00000| Untracked 
| 198|0x0000000718c00000, 0x0000000718c00000, 0x0000000718e00000|  0%| F|  |TAMS 0x0000000718c00000| PB 0x0000000718c00000| Untracked 
| 199|0x0000000718e00000, 0x0000000718e00000, 0x0000000719000000|  0%| F|  |TAMS 0x0000000718e00000| PB 0x0000000718e00000| Untracked 
| 200|0x0000000719000000, 0x0000000719000000, 0x0000000719200000|  0%| F|  |TAMS 0x0000000719000000| PB 0x0000000719000000| Untracked 
| 201|0x0000000719200000, 0x0000000719200000, 0x0000000719400000|  0%| F|  |TAMS 0x0000000719200000| PB 0x0000000719200000| Untracked 
| 202|0x0000000719400000, 0x0000000719400000, 0x0000000719600000|  0%| F|  |TAMS 0x0000000719400000| PB 0x0000000719400000| Untracked 
| 203|0x0000000719600000, 0x0000000719600000, 0x0000000719800000|  0%| F|  |TAMS 0x0000000719600000| PB 0x0000000719600000| Untracked 
| 204|0x0000000719800000, 0x0000000719800000, 0x0000000719a00000|  0%| F|  |TAMS 0x0000000719800000| PB 0x0000000719800000| Untracked 
| 205|0x0000000719a00000, 0x0000000719a00000, 0x0000000719c00000|  0%| F|  |TAMS 0x0000000719a00000| PB 0x0000000719a00000| Untracked 
| 206|0x0000000719c00000, 0x0000000719c00000, 0x0000000719e00000|  0%| F|  |TAMS 0x0000000719c00000| PB 0x0000000719c00000| Untracked 
| 207|0x0000000719e00000, 0x0000000719e00000, 0x000000071a000000|  0%| F|  |TAMS 0x0000000719e00000| PB 0x0000000719e00000| Untracked 
| 208|0x000000071a000000, 0x000000071a000000, 0x000000071a200000|  0%| F|  |TAMS 0x000000071a000000| PB 0x000000071a000000| Untracked 
| 209|0x000000071a200000, 0x000000071a200000, 0x000000071a400000|  0%| F|  |TAMS 0x000000071a200000| PB 0x000000071a200000| Untracked 
| 210|0x000000071a400000, 0x000000071a400000, 0x000000071a600000|  0%| F|  |TAMS 0x000000071a400000| PB 0x000000071a400000| Untracked 
| 211|0x000000071a600000, 0x000000071a600000, 0x000000071a800000|  0%| F|  |TAMS 0x000000071a600000| PB 0x000000071a600000| Untracked 
| 212|0x000000071a800000, 0x000000071a800000, 0x000000071aa00000|  0%| F|  |TAMS 0x000000071a800000| PB 0x000000071a800000| Untracked 
| 213|0x000000071aa00000, 0x000000071aa00000, 0x000000071ac00000|  0%| F|  |TAMS 0x000000071aa00000| PB 0x000000071aa00000| Untracked 
| 214|0x000000071ac00000, 0x000000071ac00000, 0x000000071ae00000|  0%| F|  |TAMS 0x000000071ac00000| PB 0x000000071ac00000| Untracked 
| 215|0x000000071ae00000, 0x000000071ae00000, 0x000000071b000000|  0%| F|  |TAMS 0x000000071ae00000| PB 0x000000071ae00000| Untracked 
| 216|0x000000071b000000, 0x000000071b000000, 0x000000071b200000|  0%| F|  |TAMS 0x000000071b000000| PB 0x000000071b000000| Untracked 
| 217|0x000000071b200000, 0x000000071b200000, 0x000000071b400000|  0%| F|  |TAMS 0x000000071b200000| PB 0x000000071b200000| Untracked 
| 218|0x000000071b400000, 0x000000071b400000, 0x000000071b600000|  0%| F|  |TAMS 0x000000071b400000| PB 0x000000071b400000| Untracked 
| 219|0x000000071b600000, 0x000000071b600000, 0x000000071b800000|  0%| F|  |TAMS 0x000000071b600000| PB 0x000000071b600000| Untracked 
| 220|0x000000071b800000, 0x000000071b800000, 0x000000071ba00000|  0%| F|  |TAMS 0x000000071b800000| PB 0x000000071b800000| Untracked 
| 221|0x000000071ba00000, 0x000000071ba00000, 0x000000071bc00000|  0%| F|  |TAMS 0x000000071ba00000| PB 0x000000071ba00000| Untracked 
| 222|0x000000071bc00000, 0x000000071bc00000, 0x000000071be00000|  0%| F|  |TAMS 0x000000071bc00000| PB 0x000000071bc00000| Untracked 
| 223|0x000000071be00000, 0x000000071be00000, 0x000000071c000000|  0%| F|  |TAMS 0x000000071be00000| PB 0x000000071be00000| Untracked 
| 224|0x000000071c000000, 0x000000071c000000, 0x000000071c200000|  0%| F|  |TAMS 0x000000071c000000| PB 0x000000071c000000| Untracked 
| 225|0x000000071c200000, 0x000000071c200000, 0x000000071c400000|  0%| F|  |TAMS 0x000000071c200000| PB 0x000000071c200000| Untracked 
| 226|0x000000071c400000, 0x000000071c400000, 0x000000071c600000|  0%| F|  |TAMS 0x000000071c400000| PB 0x000000071c400000| Untracked 
| 227|0x000000071c600000, 0x000000071c600000, 0x000000071c800000|  0%| F|  |TAMS 0x000000071c600000| PB 0x000000071c600000| Untracked 
| 228|0x000000071c800000, 0x000000071c800000, 0x000000071ca00000|  0%| F|  |TAMS 0x000000071c800000| PB 0x000000071c800000| Untracked 
| 229|0x000000071ca00000, 0x000000071ca00000, 0x000000071cc00000|  0%| F|  |TAMS 0x000000071ca00000| PB 0x000000071ca00000| Untracked 
| 230|0x000000071cc00000, 0x000000071cc00000, 0x000000071ce00000|  0%| F|  |TAMS 0x000000071cc00000| PB 0x000000071cc00000| Untracked 
| 231|0x000000071ce00000, 0x000000071ce00000, 0x000000071d000000|  0%| F|  |TAMS 0x000000071ce00000| PB 0x000000071ce00000| Untracked 
| 232|0x000000071d000000, 0x000000071d000000, 0x000000071d200000|  0%| F|  |TAMS 0x000000071d000000| PB 0x000000071d000000| Untracked 
| 233|0x000000071d200000, 0x000000071d200000, 0x000000071d400000|  0%| F|  |TAMS 0x000000071d200000| PB 0x000000071d200000| Untracked 
| 234|0x000000071d400000, 0x000000071d400000, 0x000000071d600000|  0%| F|  |TAMS 0x000000071d400000| PB 0x000000071d400000| Untracked 
| 235|0x000000071d600000, 0x000000071d600000, 0x000000071d800000|  0%| F|  |TAMS 0x000000071d600000| PB 0x000000071d600000| Untracked 
| 236|0x000000071d800000, 0x000000071d800000, 0x000000071da00000|  0%| F|  |TAMS 0x000000071d800000| PB 0x000000071d800000| Untracked 
| 237|0x000000071da00000, 0x000000071da00000, 0x000000071dc00000|  0%| F|  |TAMS 0x000000071da00000| PB 0x000000071da00000| Untracked 
| 238|0x000000071dc00000, 0x000000071dc00000, 0x000000071de00000|  0%| F|  |TAMS 0x000000071dc00000| PB 0x000000071dc00000| Untracked 
| 239|0x000000071de00000, 0x000000071de00000, 0x000000071e000000|  0%| F|  |TAMS 0x000000071de00000| PB 0x000000071de00000| Untracked 
| 240|0x000000071e000000, 0x000000071e000000, 0x000000071e200000|  0%| F|  |TAMS 0x000000071e000000| PB 0x000000071e000000| Untracked 
| 241|0x000000071e200000, 0x000000071e200000, 0x000000071e400000|  0%| F|  |TAMS 0x000000071e200000| PB 0x000000071e200000| Untracked 
| 242|0x000000071e400000, 0x000000071e400000, 0x000000071e600000|  0%| F|  |TAMS 0x000000071e400000| PB 0x000000071e400000| Untracked 
| 243|0x000000071e600000, 0x000000071e600000, 0x000000071e800000|  0%| F|  |TAMS 0x000000071e600000| PB 0x000000071e600000| Untracked 
| 244|0x000000071e800000, 0x000000071e800000, 0x000000071ea00000|  0%| F|  |TAMS 0x000000071e800000| PB 0x000000071e800000| Untracked 
| 245|0x000000071ea00000, 0x000000071ea00000, 0x000000071ec00000|  0%| F|  |TAMS 0x000000071ea00000| PB 0x000000071ea00000| Untracked 
|2025|0x00000007fd200000, 0x00000007fd400000, 0x00000007fd400000|100%| O|  |TAMS 0x00000007fd3b6390| PB 0x00000007fd200000| Untracked 
|2026|0x00000007fd400000, 0x00000007fd600000, 0x00000007fd600000|100%| O|  |TAMS 0x00000007fd600000| PB 0x00000007fd400000| Untracked 
|2027|0x00000007fd600000, 0x00000007fd800000, 0x00000007fd800000|100%| O|  |TAMS 0x00000007fd800000| PB 0x00000007fd600000| Untracked 
|2028|0x00000007fd800000, 0x00000007fd800000, 0x00000007fda00000|  0%| F|  |TAMS 0x00000007fd800000| PB 0x00000007fd800000| Untracked 
|2029|0x00000007fda00000, 0x00000007fdc00000, 0x00000007fdc00000|100%| O|  |TAMS 0x00000007fdc00000| PB 0x00000007fda00000| Untracked 
|2030|0x00000007fdc00000, 0x00000007fde00000, 0x00000007fde00000|100%| O|  |TAMS 0x00000007fde00000| PB 0x00000007fdc00000| Untracked 
|2031|0x00000007fde00000, 0x00000007fe000000, 0x00000007fe000000|100%| O|  |TAMS 0x00000007fe000000| PB 0x00000007fde00000| Untracked 
|2032|0x00000007fe000000, 0x00000007fe200000, 0x00000007fe200000|100%| O|  |TAMS 0x00000007fe200000| PB 0x00000007fe000000| Untracked 
|2033|0x00000007fe200000, 0x00000007fe400000, 0x00000007fe400000|100%| O|  |TAMS 0x00000007fe400000| PB 0x00000007fe200000| Untracked 
|2034|0x00000007fe400000, 0x00000007fe600000, 0x00000007fe600000|100%| O|  |TAMS 0x00000007fe600000| PB 0x00000007fe400000| Untracked 
|2035|0x00000007fe600000, 0x00000007fe800000, 0x00000007fe800000|100%| O|  |TAMS 0x00000007fe800000| PB 0x00000007fe600000| Untracked 
|2036|0x00000007fe800000, 0x00000007fea00000, 0x00000007fea00000|100%| O|  |TAMS 0x00000007fea00000| PB 0x00000007fe800000| Untracked 
|2037|0x00000007fea00000, 0x00000007fec00000, 0x00000007fec00000|100%| O|  |TAMS 0x00000007fec00000| PB 0x00000007fea00000| Untracked 
|2038|0x00000007fec00000, 0x00000007fec00000, 0x00000007fee00000|  0%| F|  |TAMS 0x00000007fec00000| PB 0x00000007fec00000| Untracked 
|2039|0x00000007fee00000, 0x00000007ff000000, 0x00000007ff000000|100%| O|  |TAMS 0x00000007ff000000| PB 0x00000007fee00000| Untracked 
|2040|0x00000007ff000000, 0x00000007ff200000, 0x00000007ff200000|100%| O|  |TAMS 0x00000007ff200000| PB 0x00000007ff000000| Untracked 
|2041|0x00000007ff200000, 0x00000007ff400000, 0x00000007ff400000|100%| O|  |TAMS 0x00000007ff400000| PB 0x00000007ff200000| Untracked 
|2042|0x00000007ff400000, 0x00000007ff400000, 0x00000007ff600000|  0%| F|  |TAMS 0x00000007ff400000| PB 0x00000007ff400000| Untracked 
|2043|0x00000007ff600000, 0x00000007ff800000, 0x00000007ff800000|100%| O|  |TAMS 0x00000007ff800000| PB 0x00000007ff600000| Untracked 
|2044|0x00000007ff800000, 0x00000007ffa00000, 0x00000007ffa00000|100%| O|  |TAMS 0x00000007ffa00000| PB 0x00000007ff800000| Untracked 
|2045|0x00000007ffa00000, 0x00000007ffc00000, 0x00000007ffc00000|100%| O|  |TAMS 0x00000007ffc00000| PB 0x00000007ffa00000| Untracked 
|2046|0x00000007ffc00000, 0x00000007ffe00000, 0x00000007ffe00000|100%| O|  |TAMS 0x00000007ffe00000| PB 0x00000007ffc00000| Untracked 
|2047|0x00000007ffe00000, 0x0000000800000000, 0x0000000800000000|100%| O|  |TAMS 0x0000000800000000| PB 0x00000007ffe00000| Untracked 

Card table byte_map: [0x000002435ceb0000,0x000002435d6b0000] _byte_map_base: 0x00000243596b0000

Marking Bits: (CMBitMap*) 0x0000024349d28040
 Bits: [0x000002435d6b0000, 0x00000243616b0000)

Polling page: 0x0000024347a80000

Metaspace:

Usage:
  Non-class:    136.66 MB used.
      Class:     22.80 MB used.
       Both:    159.46 MB used.

Virtual space:
  Non-class space:      192.00 MB reserved,     137.81 MB ( 72%) committed,  3 nodes.
      Class space:      832.00 MB reserved,      23.94 MB (  3%) committed,  1 nodes.
             Both:        1.00 GB reserved,     161.75 MB ( 16%) committed. 

Chunk freelists:
   Non-Class:  6.08 MB
       Class:  8.08 MB
        Both:  14.16 MB

MaxMetaspaceSize: 1.00 GB
CompressedClassSpaceSize: 832.00 MB
Initial GC threshold: 21.00 MB
Current GC threshold: 269.19 MB
CDS: off
 - commit_granule_bytes: 65536.
 - commit_granule_words: 8192.
 - virtual_space_node_default_size: 8388608.
 - enlarge_chunks_in_place: 1.
 - use_allocation_guard: 0.


Internal statistics:

num_allocs_failed_limit: 9.
num_arena_births: 4678.
num_arena_deaths: 112.
num_vsnodes_births: 4.
num_vsnodes_deaths: 0.
num_space_committed: 2587.
num_space_uncommitted: 0.
num_chunks_returned_to_freelist: 184.
num_chunks_taken_from_freelist: 11508.
num_chunk_merges: 74.
num_chunk_splits: 7694.
num_chunks_enlarged: 5150.
num_inconsistent_stats: 0.

CodeHeap 'non-profiled nmethods': size=119168Kb used=14496Kb max_used=15056Kb free=104672Kb
 bounds [0x00000243549c0000, 0x00000243558a0000, 0x000002435be20000]
CodeHeap 'profiled nmethods': size=119104Kb used=47027Kb max_used=47775Kb free=72076Kb
 bounds [0x000002434ce20000, 0x000002434fd00000, 0x0000024354270000]
CodeHeap 'non-nmethods': size=7488Kb used=4488Kb max_used=4580Kb free=2999Kb
 bounds [0x0000024354270000, 0x0000024354700000, 0x00000243549c0000]
CodeCache: size=245760Kb, used=66011Kb, max_used=67411Kb, free=179747Kb
 total_blobs=21791, nmethods=20725, adapters=966, full_count=0
Compilation: enabled, stopped_count=0, restarted_count=0

Compilation events (20 events):
Event: 23.233 Thread 0x00000243648961e0 28263       1       com.android.tools.r8.internal.tb0::v (4 bytes)
Event: 23.233 Thread 0x00000243648961e0 nmethod 28263 0x0000024354d47710 code [0x0000024354d478a0, 0x0000024354d47968]
Event: 23.234 Thread 0x00000243648961e0 28264       3       com.android.tools.r8.graph.j2::a (42 bytes)
Event: 23.234 Thread 0x0000024364a53510 28265       3       com.android.tools.r8.graph.j2::a (154 bytes)
Event: 23.235 Thread 0x00000243648961e0 nmethod 28264 0x000002434efedd90 code [0x000002434efedf40, 0x000002434efee250]
Event: 23.235 Thread 0x0000024364a53510 nmethod 28265 0x000002434cef8c90 code [0x000002434cef8f40, 0x000002434cef9f50]
Event: 23.235 Thread 0x00000243726028f0 28267       3       com.android.tools.r8.internal.ol::a (140 bytes)
Event: 23.236 Thread 0x0000024364a045d0 28268       2       com.android.tools.r8.internal.df2::Z0 (12 bytes)
Event: 23.236 Thread 0x0000024364a045d0 nmethod 28268 0x000002434effdf90 code [0x000002434effe140, 0x000002434effe308]
Event: 23.236 Thread 0x00000243726028f0 nmethod 28267 0x000002434cf03590 code [0x000002434cf03840, 0x000002434cf04450]
Event: 23.237 Thread 0x0000024364a045d0 28269       2       com.android.tools.r8.graph.r9::a (111 bytes)
Event: 23.237 Thread 0x00000243648961e0 28270       2       com.android.tools.r8.internal.wh2::b (32 bytes)
Event: 23.237 Thread 0x00000243726028f0 28271       2       com.android.tools.r8.internal.wh2::c (202 bytes)
Event: 23.238 Thread 0x00000243648961e0 nmethod 28270 0x000002434f02ac10 code [0x000002434f02ade0, 0x000002434f02b028]
Event: 23.238 Thread 0x00000243648961e0 28272       3       com.android.tools.r8.internal.ce0$$Lambda/0x00000008016deb38::apply (8 bytes)
Event: 23.238 Thread 0x00000243726028f0 nmethod 28271 0x000002434f03cf90 code [0x000002434f03d220, 0x000002434f03d8f0]
Event: 23.239 Thread 0x0000024364a045d0 nmethod 28269 0x000002434cf81f10 code [0x000002434cf82140, 0x000002434cf82938]
Event: 23.239 Thread 0x00000243648961e0 nmethod 28272 0x000002434d8c1590 code [0x000002434d8c1760, 0x000002434d8c1bb0]
Event: 23.243 Thread 0x0000024364a53510 28274       2       com.android.tools.r8.internal.da1::a (4 bytes)
Event: 23.243 Thread 0x0000024364a53510 nmethod 28274 0x000002434eef1690 code [0x000002434eef1820, 0x000002434eef1930]

GC Heap History (20 events):
Event: 19.399 GC heap after
{Heap after GC invocations=61 (full 0):
 garbage-first heap   total 409600K, used 172747K [0x0000000700000000, 0x0000000800000000)
  region size 2048K, 5 young (10240K), 5 survivors (10240K)
 Metaspace       used 137690K, committed 139968K, reserved 983040K
  class space    used 18894K, committed 20032K, reserved 851968K
}
Event: 19.722 GC heap before
{Heap before GC invocations=61 (full 0):
 garbage-first heap   total 409600K, used 387787K [0x0000000700000000, 0x0000000800000000)
  region size 2048K, 110 young (225280K), 5 survivors (10240K)
 Metaspace       used 137690K, committed 139968K, reserved 983040K
  class space    used 18894K, committed 20032K, reserved 851968K
}
Event: 19.727 GC heap after
{Heap after GC invocations=62 (full 0):
 garbage-first heap   total 409600K, used 174698K [0x0000000700000000, 0x0000000800000000)
  region size 2048K, 6 young (12288K), 6 survivors (12288K)
 Metaspace       used 137690K, committed 139968K, reserved 983040K
  class space    used 18894K, committed 20032K, reserved 851968K
}
Event: 20.309 GC heap before
{Heap before GC invocations=63 (full 0):
 garbage-first heap   total 409600K, used 393834K [0x0000000700000000, 0x0000000800000000)
  region size 2048K, 110 young (225280K), 6 survivors (12288K)
 Metaspace       used 138363K, committed 140672K, reserved 983040K
  class space    used 19008K, committed 20096K, reserved 851968K
}
Event: 20.313 GC heap after
{Heap after GC invocations=64 (full 0):
 garbage-first heap   total 409600K, used 174672K [0x0000000700000000, 0x0000000800000000)
  region size 2048K, 6 young (12288K), 6 survivors (12288K)
 Metaspace       used 138363K, committed 140672K, reserved 983040K
  class space    used 19008K, committed 20096K, reserved 851968K
}
Event: 21.261 GC heap before
{Heap before GC invocations=64 (full 0):
 garbage-first heap   total 409600K, used 385616K [0x0000000700000000, 0x0000000800000000)
  region size 2048K, 110 young (225280K), 6 survivors (12288K)
 Metaspace       used 151612K, committed 153920K, reserved 1048576K
  class space    used 21492K, committed 22592K, reserved 851968K
}
Event: 21.278 GC heap after
{Heap after GC invocations=65 (full 0):
 garbage-first heap   total 430080K, used 199364K [0x0000000700000000, 0x0000000800000000)
  region size 2048K, 14 young (28672K), 14 survivors (28672K)
 Metaspace       used 151612K, committed 153920K, reserved 1048576K
  class space    used 21492K, committed 22592K, reserved 851968K
}
Event: 21.756 GC heap before
{Heap before GC invocations=65 (full 0):
 garbage-first heap   total 430080K, used 391876K [0x0000000700000000, 0x0000000800000000)
  region size 2048K, 109 young (223232K), 14 survivors (28672K)
 Metaspace       used 159450K, committed 161856K, reserved 1048576K
  class space    used 22797K, committed 23936K, reserved 851968K
}
Event: 21.771 GC heap after
{Heap after GC invocations=66 (full 0):
 garbage-first heap   total 528384K, used 214998K [0x0000000700000000, 0x0000000800000000)
  region size 2048K, 8 young (16384K), 8 survivors (16384K)
 Metaspace       used 159450K, committed 161856K, reserved 1048576K
  class space    used 22797K, committed 23936K, reserved 851968K
}
Event: 22.111 GC heap before
{Heap before GC invocations=67 (full 0):
 garbage-first heap   total 528384K, used 475094K [0x0000000700000000, 0x0000000800000000)
  region size 2048K, 135 young (276480K), 8 survivors (16384K)
 Metaspace       used 160632K, committed 162944K, reserved 1048576K
  class space    used 22954K, committed 24064K, reserved 851968K
}
Event: 22.117 GC heap after
{Heap after GC invocations=68 (full 0):
 garbage-first heap   total 528384K, used 214967K [0x0000000700000000, 0x0000000800000000)
  region size 2048K, 8 young (16384K), 8 survivors (16384K)
 Metaspace       used 160632K, committed 162944K, reserved 1048576K
  class space    used 22954K, committed 24064K, reserved 851968K
}
Event: 22.374 GC heap before
{Heap before GC invocations=68 (full 0):
 garbage-first heap   total 528384K, used 487351K [0x0000000700000000, 0x0000000800000000)
  region size 2048K, 142 young (290816K), 8 survivors (16384K)
 Metaspace       used 162469K, committed 164800K, reserved 1048576K
  class space    used 23277K, committed 24384K, reserved 851968K
}
Event: 22.382 GC heap after
{Heap after GC invocations=69 (full 0):
 garbage-first heap   total 528384K, used 218004K [0x0000000700000000, 0x0000000800000000)
  region size 2048K, 9 young (18432K), 9 survivors (18432K)
 Metaspace       used 162469K, committed 164800K, reserved 1048576K
  class space    used 23277K, committed 24384K, reserved 851968K
}
Event: 22.612 GC heap before
{Heap before GC invocations=69 (full 0):
 garbage-first heap   total 528384K, used 492436K [0x0000000700000000, 0x0000000800000000)
  region size 2048K, 144 young (294912K), 9 survivors (18432K)
 Metaspace       used 162941K, committed 165376K, reserved 1048576K
  class space    used 23353K, committed 24512K, reserved 851968K
}
Event: 22.621 GC heap after
{Heap after GC invocations=70 (full 0):
 garbage-first heap   total 528384K, used 223043K [0x0000000700000000, 0x0000000800000000)
  region size 2048K, 12 young (24576K), 12 survivors (24576K)
 Metaspace       used 162941K, committed 165376K, reserved 1048576K
  class space    used 23353K, committed 24512K, reserved 851968K
}
Event: 22.898 GC heap before
{Heap before GC invocations=71 (full 0):
 garbage-first heap   total 528384K, used 493379K [0x0000000700000000, 0x0000000800000000)
  region size 2048K, 145 young (296960K), 12 survivors (24576K)
 Metaspace       used 163012K, committed 165440K, reserved 1048576K
  class space    used 23330K, committed 24512K, reserved 851968K
}
Event: 22.913 GC heap after
{Heap after GC invocations=72 (full 0):
 garbage-first heap   total 536576K, used 238493K [0x0000000700000000, 0x0000000800000000)
  region size 2048K, 15 young (30720K), 15 survivors (30720K)
 Metaspace       used 163012K, committed 165440K, reserved 1048576K
  class space    used 23330K, committed 24512K, reserved 851968K
}
Event: 23.068 GC heap before
{Heap before GC invocations=72 (full 0):
 garbage-first heap   total 536576K, used 494493K [0x0000000700000000, 0x0000000800000000)
  region size 2048K, 141 young (288768K), 15 survivors (30720K)
 Metaspace       used 163243K, committed 165632K, reserved 1048576K
  class space    used 23344K, committed 24512K, reserved 851968K
}
Event: 23.083 GC heap after
{Heap after GC invocations=73 (full 0):
 garbage-first heap   total 550912K, used 254405K [0x0000000700000000, 0x0000000800000000)
  region size 2048K, 12 young (24576K), 12 survivors (24576K)
 Metaspace       used 163243K, committed 165632K, reserved 1048576K
  class space    used 23344K, committed 24512K, reserved 851968K
}
Event: 23.245 GC heap before
{Heap before GC invocations=73 (full 0):
 garbage-first heap   total 550912K, used 504261K [0x0000000700000000, 0x0000000800000000)
  region size 2048K, 134 young (274432K), 12 survivors (24576K)
 Metaspace       used 163286K, committed 165632K, reserved 1048576K
  class space    used 23346K, committed 24512K, reserved 851968K
}

Dll operation events (3 events):
Event: 0.005 Loaded shared library C:\Program Files\Android\Android Studio\jbr\bin\java.dll
Event: 0.008 Loaded shared library C:\Program Files\Android\Android Studio\jbr\bin\zip.dll
Event: 0.284 Loaded shared library C:\Program Files\Android\Android Studio\jbr\bin\verify.dll

Deoptimization events (20 events):
Event: 23.208 Thread 0x00000243708e9cf0 DEOPT PACKING pc=0x000002434f891cd2 sp=0x000000e5218fad90
Event: 23.208 Thread 0x00000243708e9cf0 DEOPT UNPACKING pc=0x00000243542c4bc2 sp=0x000000e5218fa2a0 mode 0
Event: 23.210 Thread 0x000002436c2a5d70 DEOPT PACKING pc=0x000002434e6f5139 sp=0x000000e520efa830
Event: 23.210 Thread 0x000002436c2a5d70 DEOPT UNPACKING pc=0x00000243542c4bc2 sp=0x000000e520ef9d20 mode 0
Event: 23.210 Thread 0x000002436c2a5d70 Uncommon trap: trap_request=0xffffffc6 fr.pc=0x00000243552643a4 relative=0x0000000000001dc4
Event: 23.210 Thread 0x000002436c2a5d70 Uncommon trap: reason=bimorphic_or_optimized_type_check action=maybe_recompile pc=0x00000243552643a4 method=java.util.TimSort.mergeHi(IIII)V @ 227 c2
Event: 23.210 Thread 0x000002436c2a5d70 DEOPT PACKING pc=0x00000243552643a4 sp=0x000000e520efa850
Event: 23.210 Thread 0x000002436c2a5d70 DEOPT UNPACKING pc=0x00000243542c4422 sp=0x000000e520efa828 mode 2
Event: 23.211 Thread 0x000002436c2a4330 DEOPT PACKING pc=0x000002434ee4a9cd sp=0x000000e520afa3c0
Event: 23.211 Thread 0x000002436c2a4330 DEOPT UNPACKING pc=0x00000243542c4bc2 sp=0x000000e520af9878 mode 0
Event: 23.226 Thread 0x000002436c2a3ca0 DEOPT PACKING pc=0x000002434ee4a9cd sp=0x000000e5208f9790
Event: 23.226 Thread 0x000002436c2a3ca0 DEOPT UNPACKING pc=0x00000243542c4bc2 sp=0x000000e5208f8c48 mode 0
Event: 23.226 Thread 0x00000243708ebdc0 DEOPT PACKING pc=0x000002434f891cb1 sp=0x000000e521dfa950
Event: 23.226 Thread 0x00000243708ebdc0 DEOPT UNPACKING pc=0x00000243542c4bc2 sp=0x000000e521df9e60 mode 0
Event: 23.230 Thread 0x00000243708ebdc0 DEOPT PACKING pc=0x000002434f891cb1 sp=0x000000e521df9f40
Event: 23.230 Thread 0x00000243708ebdc0 DEOPT UNPACKING pc=0x00000243542c4bc2 sp=0x000000e521df9450 mode 0
Event: 23.234 Thread 0x000002436c2a5d70 DEOPT PACKING pc=0x000002434fb868ea sp=0x000000e520efa6d0
Event: 23.234 Thread 0x000002436c2a5d70 DEOPT UNPACKING pc=0x00000243542c4bc2 sp=0x000000e520ef9b80 mode 0
Event: 23.234 Thread 0x000002436c2a5d70 DEOPT PACKING pc=0x000002434fb87113 sp=0x000000e520efa6f0
Event: 23.234 Thread 0x000002436c2a5d70 DEOPT UNPACKING pc=0x00000243542c4bc2 sp=0x000000e520ef9b90 mode 0

Classes loaded (20 events):
Event: 21.489 Loading class java/util/stream/SliceOps$1
Event: 21.489 Loading class java/util/stream/SliceOps$1 done
Event: 21.493 Loading class java/util/stream/SliceOps$1$1
Event: 21.493 Loading class java/util/stream/SliceOps$1$1 done
Event: 21.500 Loading class java/util/PriorityQueue
Event: 21.501 Loading class java/util/PriorityQueue done
Event: 21.514 Loading class java/util/IdentityHashMap$ValueIterator
Event: 21.514 Loading class java/util/IdentityHashMap$ValueIterator done
Event: 21.864 Loading class java/util/concurrent/ConcurrentHashMap$TreeNode
Event: 21.864 Loading class java/util/concurrent/ConcurrentHashMap$TreeNode done
Event: 21.874 Loading class java/util/concurrent/ConcurrentHashMap$TreeBin
Event: 21.877 Loading class java/util/concurrent/ConcurrentHashMap$TreeBin done
Event: 22.319 Loading class java/nio/ShortBuffer
Event: 22.320 Loading class java/nio/ShortBuffer done
Event: 22.384 Loading class java/nio/ByteBufferAsShortBufferL
Event: 22.385 Loading class java/nio/ByteBufferAsShortBufferL done
Event: 22.440 Loading class java/util/zip/Adler32
Event: 22.440 Loading class java/util/zip/Adler32 done
Event: 22.467 Loading class java/nio/file/Files$2
Event: 22.467 Loading class java/nio/file/Files$2 done

Classes unloaded (20 events):
Event: 22.755 Thread 0x00000243647ffc60 Unloading class 0x000000080158cc00 'java/lang/invoke/LambdaForm$DMH+0x000000080158cc00'
Event: 22.755 Thread 0x00000243647ffc60 Unloading class 0x000000080158c800 'java/lang/invoke/LambdaForm$DMH+0x000000080158c800'
Event: 22.755 Thread 0x00000243647ffc60 Unloading class 0x000000080158c400 'java/lang/invoke/LambdaForm$DMH+0x000000080158c400'
Event: 22.755 Thread 0x00000243647ffc60 Unloading class 0x0000000801502800 'java/lang/invoke/LambdaForm$DMH+0x0000000801502800'
Event: 22.755 Thread 0x00000243647ffc60 Unloading class 0x0000000801502400 'java/lang/invoke/LambdaForm$DMH+0x0000000801502400'
Event: 22.755 Thread 0x00000243647ffc60 Unloading class 0x0000000801502000 'java/lang/invoke/LambdaForm$DMH+0x0000000801502000'
Event: 22.755 Thread 0x00000243647ffc60 Unloading class 0x0000000801501400 'java/lang/invoke/LambdaForm$DMH+0x0000000801501400'
Event: 22.755 Thread 0x00000243647ffc60 Unloading class 0x0000000801501c00 'java/lang/invoke/LambdaForm$DMH+0x0000000801501c00'
Event: 22.755 Thread 0x00000243647ffc60 Unloading class 0x0000000801500800 'java/lang/invoke/LambdaForm$DMH+0x0000000801500800'
Event: 22.755 Thread 0x00000243647ffc60 Unloading class 0x0000000801500000 'java/lang/invoke/LambdaForm$DMH+0x0000000801500000'
Event: 22.755 Thread 0x00000243647ffc60 Unloading class 0x0000000801501800 'java/lang/invoke/LambdaForm$DMH+0x0000000801501800'
Event: 22.755 Thread 0x00000243647ffc60 Unloading class 0x0000000801501000 'java/lang/invoke/LambdaForm$DMH+0x0000000801501000'
Event: 22.755 Thread 0x00000243647ffc60 Unloading class 0x0000000801500c00 'java/lang/invoke/LambdaForm$DMH+0x0000000801500c00'
Event: 22.755 Thread 0x00000243647ffc60 Unloading class 0x000000080145dc00 'java/lang/invoke/LambdaForm$DMH+0x000000080145dc00'
Event: 22.755 Thread 0x00000243647ffc60 Unloading class 0x000000080145c400 'java/lang/invoke/LambdaForm$DMH+0x000000080145c400'
Event: 22.755 Thread 0x00000243647ffc60 Unloading class 0x000000080145d000 'java/lang/invoke/LambdaForm$DMH+0x000000080145d000'
Event: 22.755 Thread 0x00000243647ffc60 Unloading class 0x000000080145c800 'java/lang/invoke/LambdaForm$DMH+0x000000080145c800'
Event: 22.755 Thread 0x00000243647ffc60 Unloading class 0x000000080145d400 'java/lang/invoke/LambdaForm$DMH+0x000000080145d400'
Event: 22.755 Thread 0x00000243647ffc60 Unloading class 0x000000080145cc00 'java/lang/invoke/LambdaForm$DMH+0x000000080145cc00'
Event: 22.755 Thread 0x00000243647ffc60 Unloading class 0x000000080145d800 'java/lang/invoke/LambdaForm$DMH+0x000000080145d800'

Classes redefined (0 events):
No events

Internal exceptions (20 events):
Event: 23.171 Thread 0x00000243708ebdc0 Exception <a 'sun/nio/fs/WindowsException'{0x00000007168002e8}> (0x00000007168002e8) 
thrown [s\src\hotspot\share\prims\jni.cpp, line 537]
Event: 23.171 Thread 0x00000243708ed800 Exception <a 'sun/nio/fs/WindowsException'{0x0000000719599ef0}> (0x0000000719599ef0) 
thrown [s\src\hotspot\share\prims\jni.cpp, line 537]
Event: 23.171 Thread 0x000002436c2a3610 Exception <a 'sun/nio/fs/WindowsException'{0x000000071b3ff438}> (0x000000071b3ff438) 
thrown [s\src\hotspot\share\prims\jni.cpp, line 537]
Event: 23.171 Thread 0x00000243708ebdc0 Exception <a 'sun/nio/fs/WindowsException'{0x0000000716801188}> (0x0000000716801188) 
thrown [s\src\hotspot\share\prims\jni.cpp, line 537]
Event: 23.171 Thread 0x00000243708ebdc0 Exception <a 'sun/nio/fs/WindowsException'{0x0000000716802268}> (0x0000000716802268) 
thrown [s\src\hotspot\share\prims\jni.cpp, line 537]
Event: 23.171 Thread 0x00000243708ebdc0 Exception <a 'sun/nio/fs/WindowsException'{0x0000000716803488}> (0x0000000716803488) 
thrown [s\src\hotspot\share\prims\jni.cpp, line 537]
Event: 23.173 Thread 0x00000243708ebdc0 Exception <a 'sun/nio/fs/WindowsException'{0x000000071680a5c8}> (0x000000071680a5c8) 
thrown [s\src\hotspot\share\prims\jni.cpp, line 537]
Event: 23.173 Thread 0x00000243708ebdc0 Exception <a 'sun/nio/fs/WindowsException'{0x000000071680b798}> (0x000000071680b798) 
thrown [s\src\hotspot\share\prims\jni.cpp, line 537]
Event: 23.174 Thread 0x00000243708ebdc0 Exception <a 'sun/nio/fs/WindowsException'{0x000000071680e350}> (0x000000071680e350) 
thrown [s\src\hotspot\share\prims\jni.cpp, line 537]
Event: 23.174 Thread 0x00000243708ebdc0 Exception <a 'sun/nio/fs/WindowsException'{0x000000071680f5b8}> (0x000000071680f5b8) 
thrown [s\src\hotspot\share\prims\jni.cpp, line 537]
Event: 23.174 Thread 0x00000243708ebdc0 Exception <a 'sun/nio/fs/WindowsException'{0x0000000716810820}> (0x0000000716810820) 
thrown [s\src\hotspot\share\prims\jni.cpp, line 537]
Event: 23.175 Thread 0x00000243708ebdc0 Exception <a 'sun/nio/fs/WindowsException'{0x00000007168120f8}> (0x00000007168120f8) 
thrown [s\src\hotspot\share\prims\jni.cpp, line 537]
Event: 23.175 Thread 0x00000243708ebdc0 Exception <a 'sun/nio/fs/WindowsException'{0x0000000716813388}> (0x0000000716813388) 
thrown [s\src\hotspot\share\prims\jni.cpp, line 537]
Event: 23.175 Thread 0x00000243708ebdc0 Exception <a 'sun/nio/fs/WindowsException'{0x0000000716814618}> (0x0000000716814618) 
thrown [s\src\hotspot\share\prims\jni.cpp, line 537]
Event: 23.175 Thread 0x000002436c2a3610 Exception <a 'sun/nio/fs/WindowsException'{0x00000007167efff8}> (0x00000007167efff8) 
thrown [s\src\hotspot\share\prims\jni.cpp, line 537]
Event: 23.201 Thread 0x000002436c2a3610 Exception <a 'sun/nio/fs/WindowsException'{0x00000007160a62e0}> (0x00000007160a62e0) 
thrown [s\src\hotspot\share\prims\jni.cpp, line 537]
Event: 23.201 Thread 0x000002436c2a3610 Exception <a 'sun/nio/fs/WindowsException'{0x00000007160a7180}> (0x00000007160a7180) 
thrown [s\src\hotspot\share\prims\jni.cpp, line 537]
Event: 23.202 Thread 0x000002436c2a3610 Exception <a 'sun/nio/fs/WindowsException'{0x00000007160a8260}> (0x00000007160a8260) 
thrown [s\src\hotspot\share\prims\jni.cpp, line 537]
Event: 23.202 Thread 0x000002436c2a3610 Exception <a 'sun/nio/fs/WindowsException'{0x00000007160a9480}> (0x00000007160a9480) 
thrown [s\src\hotspot\share\prims\jni.cpp, line 537]
Event: 23.206 Thread 0x000002436c2a3610 Exception <a 'sun/nio/fs/WindowsException'{0x00000007160c8230}> (0x00000007160c8230) 
thrown [s\src\hotspot\share\prims\jni.cpp, line 537]

ZGC Phase Switch (0 events):
No events

VM Operations (20 events):
Event: 22.462 Executing VM operation: ICBufferFull done
Event: 22.575 Executing VM operation: ICBufferFull
Event: 22.575 Executing VM operation: ICBufferFull done
Event: 22.611 Executing VM operation: G1CollectForAllocation (G1 Evacuation Pause)
Event: 22.621 Executing VM operation: G1CollectForAllocation (G1 Evacuation Pause) done
Event: 22.754 Executing VM operation: G1PauseRemark
Event: 22.771 Executing VM operation: G1PauseRemark done
Event: 22.824 Executing VM operation: HandshakeAllThreads (Deoptimize)
Event: 22.841 Executing VM operation: HandshakeAllThreads (Deoptimize) done
Event: 22.841 Executing VM operation: G1PauseCleanup
Event: 22.843 Executing VM operation: G1PauseCleanup done
Event: 22.898 Executing VM operation: G1CollectForAllocation (G1 Evacuation Pause)
Event: 22.913 Executing VM operation: G1CollectForAllocation (G1 Evacuation Pause) done
Event: 23.005 Executing VM operation: ICBufferFull
Event: 23.005 Executing VM operation: ICBufferFull done
Event: 23.067 Executing VM operation: G1CollectForAllocation (G1 Evacuation Pause)
Event: 23.083 Executing VM operation: G1CollectForAllocation (G1 Evacuation Pause) done
Event: 23.235 Executing VM operation: ICBufferFull
Event: 23.236 Executing VM operation: ICBufferFull done
Event: 23.244 Executing VM operation: G1CollectForAllocation (G1 Evacuation Pause)

Memory protections (0 events):
No events

Nmethod flushes (20 events):
Event: 22.769 Thread 0x00000243647ffc60 flushing  nmethod 0x000002434dc05190
Event: 22.769 Thread 0x00000243647ffc60 flushing osr nmethod 0x000002434dcef490
Event: 22.769 Thread 0x00000243647ffc60 flushing  nmethod 0x000002434dcf8810
Event: 22.769 Thread 0x00000243647ffc60 flushing  nmethod 0x000002434dcf9110
Event: 22.769 Thread 0x00000243647ffc60 flushing  nmethod 0x000002434dcf9710
Event: 22.769 Thread 0x00000243647ffc60 flushing  nmethod 0x000002434df92b90
Event: 22.769 Thread 0x00000243647ffc60 flushing  nmethod 0x000002434e1a8c10
Event: 22.769 Thread 0x00000243647ffc60 flushing  nmethod 0x000002434e273210
Event: 22.769 Thread 0x00000243647ffc60 flushing  nmethod 0x000002434e27a990
Event: 22.769 Thread 0x00000243647ffc60 flushing  nmethod 0x000002434e27cd10
Event: 22.769 Thread 0x00000243647ffc60 flushing  nmethod 0x000002434e561410
Event: 22.769 Thread 0x00000243647ffc60 flushing  nmethod 0x000002434ec93210
Event: 22.769 Thread 0x00000243647ffc60 flushing  nmethod 0x000002434ef65210
Event: 22.769 Thread 0x00000243647ffc60 flushing  nmethod 0x000002434ef70110
Event: 22.769 Thread 0x00000243647ffc60 flushing  nmethod 0x000002434f003210
Event: 22.769 Thread 0x00000243647ffc60 flushing  nmethod 0x000002434f003590
Event: 22.769 Thread 0x00000243647ffc60 flushing  nmethod 0x000002434f008990
Event: 22.769 Thread 0x00000243647ffc60 flushing  nmethod 0x000002434f062610
Event: 22.769 Thread 0x00000243647ffc60 flushing  nmethod 0x000002434f06a310
Event: 22.769 Thread 0x00000243647ffc60 flushing  nmethod 0x000002434f1a3d10

Events (20 events):
Event: 17.527 Thread 0x000002436fa43c00 Thread added: 0x0000024372443550
Event: 17.527 Thread 0x000002436fa43c00 Thread added: 0x0000024372444900
Event: 17.527 Thread 0x000002436fa43c00 Thread added: 0x0000024372443be0
Event: 18.065 Thread 0x000002436fa42ee0 Thread added: 0x00000243789b07c0
Event: 18.094 Thread 0x000002436fa43c00 Thread added: 0x00000243789ad340
Event: 18.094 Thread 0x000002436fa43c00 Thread added: 0x00000243789b3c40
Event: 18.094 Thread 0x000002436fa43c00 Thread added: 0x00000243789b2200
Event: 18.094 Thread 0x000002436fa43c00 Thread added: 0x00000243789b2890
Event: 18.094 Thread 0x000002436fa43c00 Thread added: 0x00000243789b42d0
Event: 18.094 Thread 0x000002436fa43c00 Thread added: 0x00000243789b2f20
Event: 18.094 Thread 0x000002436fa43c00 Thread added: 0x00000243789b35b0
Event: 18.094 Thread 0x000002436fa43c00 Thread added: 0x00000243789b0e50
Event: 18.094 Thread 0x000002436fa43c00 Thread added: 0x00000243789b1b70
Event: 20.192 Thread 0x0000024364a53bc0 Thread exited: 0x0000024364a53bc0
Event: 20.192 Thread 0x0000024370332970 Thread exited: 0x0000024370332970
Event: 20.195 Thread 0x000002436bbdbc00 Thread exited: 0x000002436bbdbc00
Event: 20.227 Thread 0x00000243648835f0 Thread added: 0x00000243725ff270
Event: 20.227 Thread 0x00000243648835f0 Thread added: 0x00000243725feba0
Event: 20.733 Thread 0x0000024364a045d0 Thread added: 0x00000243726028f0
Event: 20.756 Thread 0x00000243726028f0 Thread added: 0x0000024372602fc0


Dynamic libraries:
0x00007ff683470000 - 0x00007ff68347a000 	C:\Program Files\Android\Android Studio\jbr\bin\java.exe
0x00007ff985100000 - 0x00007ff985367000 	C:\WINDOWS\SYSTEM32\ntdll.dll
0x00007ff983d30000 - 0x00007ff983df9000 	C:\WINDOWS\System32\KERNEL32.DLL
0x00007ff9828a0000 - 0x00007ff982c91000 	C:\WINDOWS\System32\KERNELBASE.dll
0x00007ff982ca0000 - 0x00007ff982deb000 	C:\WINDOWS\System32\ucrtbase.dll
0x00007ff97c940000 - 0x00007ff97c95b000 	C:\Program Files\Android\Android Studio\jbr\bin\VCRUNTIME140.dll
0x00007ff97a270000 - 0x00007ff97a288000 	C:\Program Files\Android\Android Studio\jbr\bin\jli.dll
0x00007ff984bc0000 - 0x00007ff984d85000 	C:\WINDOWS\System32\USER32.dll
0x00007ff9697e0000 - 0x00007ff969a73000 	C:\WINDOWS\WinSxS\amd64_microsoft.windows.common-controls_6595b64144ccf1df_6.0.26100.8037_none_3e092faae333b53b\COMCTL32.dll
0x00007ff982630000 - 0x00007ff982657000 	C:\WINDOWS\System32\win32u.dll
0x00007ff984e30000 - 0x00007ff984ed9000 	C:\WINDOWS\System32\msvcrt.dll
0x00007ff983d00000 - 0x00007ff983d2b000 	C:\WINDOWS\System32\GDI32.dll
0x00007ff981b20000 - 0x00007ff981c4b000 	C:\WINDOWS\System32\gdi32full.dll
0x00007ff9819e0000 - 0x00007ff981a83000 	C:\WINDOWS\System32\msvcp_win.dll
0x00007ff983ed0000 - 0x00007ff983f01000 	C:\WINDOWS\System32\IMM32.DLL
0x00007ff97ca20000 - 0x00007ff97ca2c000 	C:\Program Files\Android\Android Studio\jbr\bin\vcruntime140_1.dll
0x00007ff977bc0000 - 0x00007ff977c4d000 	C:\Program Files\Android\Android Studio\jbr\bin\msvcp140.dll
0x00007ff903ac0000 - 0x00007ff904756000 	C:\Program Files\Android\Android Studio\jbr\bin\server\jvm.dll
0x00007ff983ab0000 - 0x00007ff983b6b000 	C:\WINDOWS\System32\ADVAPI32.dll
0x00007ff983f10000 - 0x00007ff983fb7000 	C:\WINDOWS\System32\sechost.dll
0x00007ff983060000 - 0x00007ff983178000 	C:\WINDOWS\System32\RPCRT4.dll
0x00007ff983e50000 - 0x00007ff983ec4000 	C:\WINDOWS\System32\WS2_32.dll
0x00007ff978200000 - 0x00007ff978235000 	C:\WINDOWS\SYSTEM32\WINMM.dll
0x00007ff981840000 - 0x00007ff98189e000 	C:\WINDOWS\SYSTEM32\POWRPROF.dll
0x00007ff975840000 - 0x00007ff97584b000 	C:\WINDOWS\SYSTEM32\VERSION.dll
0x00007ff981820000 - 0x00007ff981834000 	C:\WINDOWS\SYSTEM32\UMPDC.dll
0x00007ff980770000 - 0x00007ff98078b000 	C:\WINDOWS\SYSTEM32\kernel.appcore.dll
0x00007ff97ad80000 - 0x00007ff97ad8a000 	C:\Program Files\Android\Android Studio\jbr\bin\jimage.dll
0x00007ff97f670000 - 0x00007ff97f8b2000 	C:\WINDOWS\SYSTEM32\DBGHELP.DLL
0x00007ff983470000 - 0x00007ff9837f2000 	C:\WINDOWS\System32\combase.dll
0x00007ff982ea0000 - 0x00007ff982f77000 	C:\WINDOWS\System32\OLEAUT32.dll
0x00007ff968020000 - 0x00007ff96805b000 	C:\WINDOWS\SYSTEM32\dbgcore.DLL
0x00007ff982df0000 - 0x00007ff982e95000 	C:\WINDOWS\System32\bcryptPrimitives.dll
0x00007ff97c980000 - 0x00007ff97c98e000 	C:\Program Files\Android\Android Studio\jbr\bin\instrument.dll
0x00007ff979f70000 - 0x00007ff979f90000 	C:\Program Files\Android\Android Studio\jbr\bin\java.dll
0x00007ff977b50000 - 0x00007ff977b68000 	C:\Program Files\Android\Android Studio\jbr\bin\zip.dll
0x00007ff983fc0000 - 0x00007ff98471f000 	C:\WINDOWS\System32\SHELL32.dll
0x00007ff9824c0000 - 0x00007ff98262a000 	C:\WINDOWS\System32\wintypes.dll
0x00007ff981c50000 - 0x00007ff9824b4000 	C:\WINDOWS\System32\windows.storage.dll
0x00007ff983960000 - 0x00007ff983a57000 	C:\WINDOWS\System32\SHCORE.dll
0x00007ff982f90000 - 0x00007ff982ff7000 	C:\WINDOWS\System32\shlwapi.dll
0x00007ff981900000 - 0x00007ff981929000 	C:\WINDOWS\SYSTEM32\profapi.dll
0x00007ff979f30000 - 0x00007ff979f40000 	C:\Program Files\Android\Android Studio\jbr\bin\net.dll
0x00007ff97c630000 - 0x00007ff97c757000 	C:\WINDOWS\SYSTEM32\WINHTTP.dll
0x00007ff980ce0000 - 0x00007ff980d4b000 	C:\WINDOWS\system32\mswsock.dll
0x00007ff977b30000 - 0x00007ff977b46000 	C:\Program Files\Android\Android Studio\jbr\bin\nio.dll
0x00007ff977970000 - 0x00007ff977980000 	C:\Program Files\Android\Android Studio\jbr\bin\verify.dll
0x00007ff91e140000 - 0x00007ff91e167000 	C:\Users\ADMIN\.gradle\native\1def1411415f61bf3af743bc5b6707747c0891f09f0c88961ee8f79bc544acac\windows-amd64\native-platform.dll
0x00007ff91c7a0000 - 0x00007ff91c818000 	C:\Users\ADMIN\.gradle\native\0.2.7\x86_64-windows-gnu\gradle-fileevents.dll
0x00007ff977cd0000 - 0x00007ff977cd9000 	C:\Program Files\Android\Android Studio\jbr\bin\management.dll
0x00007ff977c70000 - 0x00007ff977c7b000 	C:\Program Files\Android\Android Studio\jbr\bin\management_ext.dll
0x00007ff982f80000 - 0x00007ff982f88000 	C:\WINDOWS\System32\PSAPI.DLL
0x00007ff980230000 - 0x00007ff980263000 	C:\WINDOWS\SYSTEM32\IPHLPAPI.DLL
0x00007ff984e20000 - 0x00007ff984e2a000 	C:\WINDOWS\System32\NSI.dll
0x00007ff977e30000 - 0x00007ff977e39000 	C:\Program Files\Android\Android Studio\jbr\bin\extnet.dll
0x00007ff980fc0000 - 0x00007ff980fdb000 	C:\WINDOWS\SYSTEM32\CRYPTSP.dll
0x00007ff9806d0000 - 0x00007ff980709000 	C:\WINDOWS\system32\rsaenh.dll
0x00007ff980d90000 - 0x00007ff980dc2000 	C:\WINDOWS\SYSTEM32\USERENV.dll
0x00007ff9818d0000 - 0x00007ff9818fa000 	C:\WINDOWS\SYSTEM32\bcrypt.dll
0x00007ff980fe0000 - 0x00007ff980fec000 	C:\WINDOWS\SYSTEM32\CRYPTBASE.dll
0x00007ff93eb30000 - 0x00007ff93eb38000 	C:\WINDOWS\system32\wshunix.dll
0x00007ff980890000 - 0x00007ff9808c6000 	C:\WINDOWS\SYSTEM32\ntmarta.dll
0x00007ff9584a0000 - 0x00007ff9584b8000 	C:\WINDOWS\system32\napinsp.dll
0x00007ff980270000 - 0x00007ff98039a000 	C:\WINDOWS\SYSTEM32\DNSAPI.dll
0x00007ff958480000 - 0x00007ff958492000 	C:\WINDOWS\System32\winrnr.dll
0x00007ff958330000 - 0x00007ff958352000 	C:\WINDOWS\system32\nlansp_c.dll
0x00007ff9581c0000 - 0x00007ff9581d6000 	C:\WINDOWS\system32\wshbth.dll
0x00007ff97bb00000 - 0x00007ff97bb0b000 	C:\Windows\System32\rasadhlp.dll
0x00007ff97ea70000 - 0x00007ff97eaf6000 	C:\WINDOWS\System32\fwpuclnt.dll

JVMTI agents:
C:\Users\ADMIN\.gradle\wrapper\dists\gradle-8.13-bin\5xuhj0ry160q40clulazy9h7d\gradle-8.13\lib\agents\gradle-instrumentation-agent-8.13.jar path:C:\Program Files\Android\Android Studio\jbr\bin\instrument.dll, loaded, initialized, instrumentlib options:none

dbghelp: loaded successfully - version: 4.0.5 - missing functions: none
symbol engine: initialized successfully - sym options: 0x614 - pdb path: .;C:\Program Files\Android\Android Studio\jbr\bin;C:\WINDOWS\SYSTEM32;C:\WINDOWS\WinSxS\amd64_microsoft.windows.common-controls_6595b64144ccf1df_6.0.26100.8037_none_3e092faae333b53b;C:\Program Files\Android\Android Studio\jbr\bin\server;C:\Users\ADMIN\.gradle\native\1def1411415f61bf3af743bc5b6707747c0891f09f0c88961ee8f79bc544acac\windows-amd64;C:\Users\ADMIN\.gradle\native\0.2.7\x86_64-windows-gnu

VM Arguments:
jvm_args: --add-opens=java.base/java.lang=ALL-UNNAMED --add-opens=java.base/java.lang.invoke=ALL-UNNAMED --add-opens=java.base/java.util=ALL-UNNAMED --add-opens=java.prefs/java.util.prefs=ALL-UNNAMED --add-exports=jdk.compiler/com.sun.tools.javac.api=ALL-UNNAMED --add-exports=jdk.compiler/com.sun.tools.javac.util=ALL-UNNAMED --add-opens=java.base/java.util=ALL-UNNAMED --add-opens=java.prefs/java.util.prefs=ALL-UNNAMED --add-opens=java.base/java.nio.charset=ALL-UNNAMED --add-opens=java.base/java.net=ALL-UNNAMED --add-opens=java.base/java.util.concurrent.atomic=ALL-UNNAMED --add-opens=java.xml/javax.xml.namespace=ALL-UNNAMED -XX:MaxMetaspaceSize=1024m -Xmx4096m -Dfile.encoding=UTF-8 -Duser.country=US -Duser.language=en -Duser.variant -javaagent:C:\Users\ADMIN\.gradle\wrapper\dists\gradle-8.13-bin\5xuhj0ry160q40clulazy9h7d\gradle-8.13\lib\agents\gradle-instrumentation-agent-8.13.jar 
java_command: org.gradle.launcher.daemon.bootstrap.GradleDaemon 8.13
java_class_path (initial): C:\Users\ADMIN\.gradle\wrapper\dists\gradle-8.13-bin\5xuhj0ry160q40clulazy9h7d\gradle-8.13\lib\gradle-daemon-main-8.13.jar
Launcher Type: SUN_STANDARD

[Global flags]
     intx CICompilerCount                          = 12                                        {product} {ergonomic}
   size_t CompressedClassSpaceSize                 = 872415232                                 {product} {ergonomic}
     uint ConcGCThreads                            = 3                                         {product} {ergonomic}
     uint G1ConcRefinementThreads                  = 13                                        {product} {ergonomic}
   size_t G1HeapRegionSize                         = 2097152                                   {product} {ergonomic}
    uintx GCDrainStackTargetSize                   = 64                                        {product} {ergonomic}
   size_t InitialHeapSize                          = 264241152                                 {product} {ergonomic}
   size_t MarkStackSize                            = 4194304                                   {product} {ergonomic}
   size_t MaxHeapSize                              = 4294967296                                {product} {command line}
   size_t MaxMetaspaceSize                         = 1073741824                                {product} {command line}
   size_t MaxNewSize                               = 2575302656                                {product} {ergonomic}
   size_t MinHeapDeltaBytes                        = 2097152                                   {product} {ergonomic}
   size_t MinHeapSize                              = 8388608                                   {product} {ergonomic}
    uintx NonNMethodCodeHeapSize                   = 7602480                                {pd product} {ergonomic}
    uintx NonProfiledCodeHeapSize                  = 122027880                              {pd product} {ergonomic}
    uintx ProfiledCodeHeapSize                     = 122027880                              {pd product} {ergonomic}
    uintx ReservedCodeCacheSize                    = 251658240                              {pd product} {ergonomic}
     bool SegmentedCodeCache                       = true                                      {product} {ergonomic}
   size_t SoftMaxHeapSize                          = 4294967296                             {manageable} {ergonomic}
     bool UseCompressedOops                        = true                           {product lp64_product} {ergonomic}
     bool UseG1GC                                  = true                                      {product} {ergonomic}
     bool UseLargePagesIndividualAllocation        = false                                  {pd product} {ergonomic}

Logging:
Log output configuration:
 #0: stdout all=warning uptime,level,tags foldmultilines=false
 #1: stderr all=off uptime,level,tags foldmultilines=false

Release file:
JAVA_VERSION="21.0.9" 
MODULES="java.base java.compiler java.datatransfer java.xml java.prefs java.desktop java.instrument java.logging java.management java.security.sasl java.naming java.rmi java.management.rmi java.net.http java.scripting java.security.jgss java.transaction.xa java.sql java.sql.rowset java.xml.crypto java.se java.smartcardio jdk.accessibility jdk.internal.jvmstat jdk.attach jdk.charsets jdk.internal.opt jdk.zipfs jdk.compiler jdk.crypto.ec jdk.crypto.cryptoki jdk.dynalink jdk.hotspot.agent jdk.httpserver jdk.internal.ed jdk.internal.le jdk.internal.vm.ci jdk.jartool jdk.javadoc jdk.jcmd jdk.jdeps jdk.jdwp.agent jdk.jdi jdk.jfr jdk.jlink jdk.jsobject jdk.localedata jdk.management jdk.management.agent jdk.management.jfr jdk.naming.dns jdk.naming.rmi jdk.net jdk.sctp jdk.security.auth jdk.security.jgss jdk.unsupported jdk.unsupported.desktop jdk.xml.dom" 
IMPLEMENTOR="JetBrains s.r.o." 
JAVA_RUNTIME_VERSION="21.0.9+-14787801-b1163.94" 
LIBC="default" 
OS_ARCH="x86_64" 
OS_NAME="Windows" 
SOURCE=".:git:0c757ddc9f2f" 

Environment Variables:
JAVA_HOME=C:\Program Files\Java\jdk-21
PATH=D:\VMWare\bin\;D:\Python\Scripts\;D:\Python\;C:\Program Files\Common Files\Oracle\Java\javapath;C:\Program Files (x86)\Common Files\Oracle\Java\javapath;C:\WINDOWS\system32;C:\WINDOWS;C:\WINDOWS\System32\Wbem;C:\WINDOWS\System32\WindowsPowerShell\v1.0\;C:\WINDOWS\System32\OpenSSH\;C:\Program Files (x86)\Microsoft SQL Server\160\Tools\Binn\;C:\Program Files\Microsoft SQL Server\160\Tools\Binn\;C:\Program Files\Microsoft SQL Server\Client SDK\ODBC\170\Tools\Binn\;C:\Program Files\Microsoft SQL Server\160\DTS\Binn\;C:\Program Files (x86)\Microsoft SQL Server\160\DTS\Binn\;C:\Program Files\Azure Data Studio\bin;C:\Program Files\Git\cmd;C:\xampp\php;C:\ProgramData\ComposerSetup\bin;C:\Users\ADMIN\apache-maven-3.9.9\bin;C:\scrcpy-win64-v3.2;C:\Program Files\Java\jdk-17\bin\;C:\Program Files\Zulu\zulu-21\bin\;C:\Users\ADMIN\Downloads\ffmpeg-8.0-essentials_build\ffmpeg-8.0-essentials_build\bin;C:\Program Files\Microsoft SQL Server\170\Tools\Binn\;C:\Program Files\Microsoft SQL Server\130\DTS\Binn\;C:\Program Files\Microsoft SQL Server\140\DTS\Binn\;C:\Program Files\Microsoft SQL Server\150\DTS\Binn\;C:\Program Files\Microsoft SQL Server\170\DTS\Binn\;C:\Users\ADMIN\AppData\Local\Microsoft\WindowsApps;C:\Program Files\Azure Data Studio\bin;C:\Users\ADMIN\AppData\Roaming\Composer\vendor\bin;C:\Program Files\JetBrains\IntelliJ IDEA 2024.3.1.1\bin;;C:\Program Files\JetBrains\IntelliJ IDEA Community Edition 2024.3.1.1\bin;;C:\Users\ADMIN\Downloads\platform-tools;C:\Users\ADMIN\AppData\Local\Programs\Microsoft VS Code\bin;C:\Users\ADMIN\Downloads\ffmpeg-8.0-essentials_build\ffmpeg-8.0-essentials_build\bin;C:\Users\ADMIN\AppData\Local\Programs\Antigravity\bin
USERNAME=ADMIN
OS=Windows_NT
PROCESSOR_IDENTIFIER=Intel64 Family 6 Model 186 Stepping 2, GenuineIntel
TMP=C:\Users\ADMIN\AppData\Local\Temp
TEMP=C:\Users\ADMIN\AppData\Local\Temp




Periodic native trim disabled

JNI global refs:
JNI global refs: 40, weak refs: 328

JNI global refs memory usage: 835, weak refs: 3993

Process memory usage:
Resident Set Size: 1070652K (6% of 16393140K total physical memory with 1368892K free physical memory)

OOME stack traces (most recent first):
Classloader memory used:
Loader org.gradle.internal.classloader.VisitableURLClassLoader$InstrumentingVisitableURLClassLoader: 62155K
Loader org.gradle.internal.classloader.VisitableURLClassLoader                         : 54378K
Loader bootstrap                                                                       : 31554K
Loader org.gradle.initialization.MixInLegacyTypesClassLoader                           : 13553K
Loader jdk.internal.loader.ClassLoaders$PlatformClassLoader                            : 526K
Loader jdk.internal.reflect.DelegatingClassLoader                                      : 410K
Loader org.gradle.groovy.scripts.internal.DefaultScriptCompilationHandler$ScriptClassLoader: 248K
Loader jdk.internal.loader.ClassLoaders$AppClassLoader                                 : 235K
Loader org.gradle.internal.classloader.VisitableURLClassLoader                         : 191K
Loader org.codehaus.groovy.runtime.callsite.CallSiteClassLoader                        : 31160B

Classes loaded by more than one classloader:
Class Program                                                                         : loaded 3 times (x 72B)
Class com.google.common.base.PairwiseEquivalence                                      : loaded 2 times (x 83B)
Class com.google.common.base.Equivalence$Identity                                     : loaded 2 times (x 82B)
Class com.google.common.collect.RegularImmutableMap$KeySet                            : loaded 2 times (x 152B)
Class org.gradle.internal.classloader.FilteringClassLoader                            : loaded 2 times (x 105B)
Class com.google.common.io.FileWriteMode                                              : loaded 2 times (x 79B)
Class [Lcom.google.common.base.AbstractIterator$State;                                : loaded 2 times (x 69B)
Class com.google.common.base.CharMatcher$IsEither                                     : loaded 2 times (x 111B)
Class org.gradle.internal.classloader.ClassLoaderHierarchy                            : loaded 2 times (x 70B)
Class com.google.common.collect.AbstractMapBasedMultimap$WrappedCollection            : loaded 2 times (x 124B)
Class com.google.common.collect.ImmutableEnumSet                                      : loaded 2 times (x 146B)
Class com.google.common.util.concurrent.ExecutionError                                : loaded 2 times (x 82B)
Class com.google.common.collect.ImmutableList$1                                       : loaded 2 times (x 97B)
Class org.gradle.api.internal.classpath.ManifestUtil                                  : loaded 2 times (x 71B)
Class com.google.common.io.ByteArrayDataOutput                                        : loaded 2 times (x 70B)
Class com.google.common.collect.RegularImmutableMap                                   : loaded 2 times (x 121B)
Class com.google.common.collect.ImmutableMap$MapViewOfValuesAsSingletonSets           : loaded 2 times (x 126B)
Class [Lorg.objectweb.asm.Symbol;                                                     : loaded 2 times (x 69B)
Class org.objectweb.asm.ClassVisitor                                                  : loaded 2 times (x 88B)
Class com.google.common.collect.UnmodifiableListIterator                              : loaded 2 times (x 95B)
Class com.google.common.base.Platform$JdkPatternCompiler                              : loaded 2 times (x 75B)
Class org.objectweb.asm.MethodTooLargeException                                       : loaded 2 times (x 83B)
Class [Lcom.google.common.cache.CacheBuilder$OneWeigher;                              : loaded 2 times (x 69B)
Class com.google.common.base.Suppliers                                                : loaded 2 times (x 71B)
Class org.gradle.internal.classloader.DefaultClassLoaderFactory                       : loaded 2 times (x 82B)
Class com.google.common.base.CharMatcher$None                                         : loaded 2 times (x 112B)
Class org.gradle.internal.classloader.ClassLoaderVisitor                              : loaded 2 times (x 76B)
Class [Lcom.google.common.collect.ImmutableMapEntry;                                  : loaded 2 times (x 69B)
Class org.gradle.api.internal.classpath.EffectiveClassPath                            : loaded 2 times (x 90B)
Class com.google.common.collect.ImmutableRangeSet                                     : loaded 2 times (x 115B)
Class com.google.common.collect.ListMultimap                                          : loaded 2 times (x 70B)
Class com.google.common.collect.ImmutableEnumMap                                      : loaded 2 times (x 126B)
Class com.google.common.base.Splitter                                                 : loaded 2 times (x 72B)
Class com.google.common.collect.Sets$1                                                : loaded 2 times (x 139B)
Class org.objectweb.asm.AnnotationVisitor                                             : loaded 2 times (x 78B)
Class org.gradle.api.internal.DefaultClassPathProvider                                : loaded 2 times (x 76B)
Class com.google.common.collect.Maps$ViewCachingAbstractMap                           : loaded 2 times (x 125B)
Class com.google.common.collect.Sets$2                                                : loaded 2 times (x 139B)
Class [Lorg.gradle.api.internal.ClassPathProvider;                                    : loaded 2 times (x 69B)
Class org.gradle.api.internal.ClassPathProvider                                       : loaded 2 times (x 70B)
Class com.google.common.base.AbstractIterator$State                                   : loaded 2 times (x 79B)
Class [Lorg.objectweb.asm.AnnotationVisitor;                                          : loaded 2 times (x 69B)
Class com.google.common.collect.Sets$3                                                : loaded 2 times (x 139B)
Class com.google.common.util.concurrent.AbstractFuture$SafeAtomicHelper               : loaded 2 times (x 79B)
Class com.google.common.cache.LocalCache$LocalLoadingCache                            : loaded 2 times (x 134B)
Class org.gradle.internal.service.UnknownServiceException                             : loaded 2 times (x 83B)
Class com.google.common.io.ByteArrayDataInput                                         : loaded 2 times (x 70B)
Class com.google.common.collect.Sets$4                                                : loaded 2 times (x 139B)
Class org.objectweb.asm.ModuleVisitor                                                 : loaded 2 times (x 81B)
Class com.google.common.cache.LocalCache$Strength$1                                   : loaded 2 times (x 81B)
Class com.google.common.util.concurrent.SettableFuture                                : loaded 2 times (x 114B)
Class com.google.common.cache.LocalCache$Strength$2                                   : loaded 2 times (x 81B)
Class com.google.common.io.ByteStreams                                                : loaded 2 times (x 71B)
Class com.google.common.base.Splitter$1                                               : loaded 2 times (x 77B)
Class com.google.common.cache.LocalCache$Strength$3                                   : loaded 2 times (x 81B)
Class com.google.common.collect.MapDifference                                         : loaded 2 times (x 70B)
Class org.objectweb.asm.FieldWriter                                                   : loaded 2 times (x 78B)
Class com.google.common.cache.CacheBuilder$NullListener                               : loaded 2 times (x 82B)
Class org.gradle.internal.classpath.TransformedClassPath                              : loaded 2 times (x 96B)
Class org.gradle.internal.classloader.InstrumentingClassLoader                        : loaded 2 times (x 70B)
Class com.google.common.collect.ImmutableListMultimap                                 : loaded 2 times (x 176B)
Class com.google.common.collect.ImmutableRangeSet$AsSet                               : loaded 2 times (x 300B)
Class com.google.common.cache.CacheLoader$FunctionToCacheLoader                       : loaded 2 times (x 75B)
Class com.google.common.collect.Iterators$ArrayItr                                    : loaded 2 times (x 97B)
Class com.google.common.collect.ImmutableCollection$Builder                           : loaded 2 times (x 76B)
Class com.google.common.collect.EmptyImmutableListMultimap                            : loaded 2 times (x 176B)
Class com.google.common.collect.BaseImmutableMultimap                                 : loaded 2 times (x 123B)
Class com.google.common.base.Joiner                                                   : loaded 2 times (x 79B)
Class com.google.common.base.MoreObjects                                              : loaded 2 times (x 71B)
Class com.google.common.collect.Platform                                              : loaded 2 times (x 71B)
Class [Lorg.objectweb.asm.Type;                                                       : loaded 2 times (x 69B)
Class com.google.common.collect.UnmodifiableIterator                                  : loaded 2 times (x 80B)
Class org.gradle.internal.service.ServiceLocator                                      : loaded 2 times (x 70B)
Class com.google.common.collect.HashBiMap$BiEntry                                     : loaded 2 times (x 83B)
Class com.google.common.base.Ascii                                                    : loaded 2 times (x 71B)
Class com.google.common.collect.SingletonImmutableBiMap                               : loaded 2 times (x 143B)
Class com.google.common.cache.LocalCache$1                                            : loaded 2 times (x 89B)
Class com.google.common.collect.AbstractMapEntry                                      : loaded 2 times (x 81B)
Class ijJvmDebugger1_amxldhla0sgtknc2p75ob1gmp$_run_closure1$_closure2                : loaded 2 times (x 140B)
Class com.google.common.collect.Sets$ImprovedAbstractSet                              : loaded 2 times (x 135B)
Class com.google.common.collect.ImmutableList$Builder                                 : loaded 2 times (x 77B)
Class com.google.common.collect.AbstractMultimap                                      : loaded 2 times (x 123B)
Class com.google.common.cache.LocalCache$2                                            : loaded 2 times (x 142B)
Class com.google.common.collect.ImmutableRangeSet$1                                   : loaded 2 times (x 210B)
Class com.google.common.util.concurrent.AbstractFuture$UnsafeAtomicHelper$1           : loaded 2 times (x 76B)
Class com.google.common.collect.RegularImmutableAsList                                : loaded 2 times (x 217B)
Class com.google.common.base.Optional                                                 : loaded 2 times (x 80B)
Class com.google.common.collect.Range                                                 : loaded 2 times (x 87B)
Class com.google.common.util.concurrent.AbstractFuture$Trusted                        : loaded 2 times (x 70B)
Class com.google.common.collect.Iterators                                             : loaded 2 times (x 71B)
Class com.google.common.io.ByteSink$AsCharSink                                        : loaded 2 times (x 80B)
Class com.google.common.collect.Lists$StringAsImmutableList                           : loaded 2 times (x 207B)
Class com.google.common.util.concurrent.UncheckedExecutionException                   : loaded 2 times (x 82B)
Class org.gradle.internal.InternalTransformer                                         : loaded 2 times (x 70B)
Class com.google.common.collect.AbstractMapBasedMultimap$KeySet$1                     : loaded 2 times (x 82B)
Class org.objectweb.asm.ClassWriter                                                   : loaded 2 times (x 106B)
Class com.google.common.base.CharMatcher$And                                          : loaded 2 times (x 112B)
Class com.google.common.cache.CacheLoader$UnsupportedLoadingOperationException        : loaded 2 times (x 82B)
Class org.gradle.internal.classloader.ClasspathUtil$1                                 : loaded 2 times (x 76B)
Class com.google.common.base.Objects                                                  : loaded 2 times (x 71B)
Class org.objectweb.asm.FieldVisitor                                                  : loaded 2 times (x 77B)
Class com.google.common.collect.IndexedImmutableSet                                   : loaded 2 times (x 152B)
Class com.google.common.collect.ImmutableMap$1                                        : loaded 2 times (x 81B)
Class com.google.common.collect.BiMap                                                 : loaded 2 times (x 70B)
Class org.gradle.api.internal.classpath.DefaultModuleRegistry$DefaultModule           : loaded 2 times (x 86B)
Class com.google.common.primitives.Ints                                               : loaded 2 times (x 71B)
Class com.google.common.collect.AbstractIterator                                      : loaded 2 times (x 82B)
Class com.google.common.collect.ObjectArrays                                          : loaded 2 times (x 71B)
Class com.google.common.collect.Multiset                                              : loaded 2 times (x 70B)
Class com.google.common.collect.ArrayListMultimapGwtSerializationDependencies         : loaded 2 times (x 172B)
Class com.google.common.collect.AbstractIndexedListIterator                           : loaded 2 times (x 96B)
Class com.google.common.math.MathPreconditions                                        : loaded 2 times (x 71B)
Class com.google.common.collect.ImmutableMapEntrySet                                  : loaded 2 times (x 152B)
Class org.gradle.api.internal.classpath.Module                                        : loaded 2 times (x 70B)
Class com.google.common.cache.Weigher                                                 : loaded 2 times (x 70B)
Class org.gradle.api.internal.classpath.UnknownModuleException                        : loaded 2 times (x 82B)
Class com.google.common.base.Stopwatch                                                : loaded 2 times (x 72B)
Class com.google.common.cache.LocalCache$Strength                                     : loaded 2 times (x 81B)
Class com.google.common.cache.Cache                                                   : loaded 2 times (x 70B)
Class com.google.common.io.Files$2                                                    : loaded 2 times (x 76B)
Class com.google.common.io.AppendableWriter                                           : loaded 2 times (x 100B)
Class com.google.common.base.NullnessCasts                                            : loaded 2 times (x 71B)
Class com.google.common.util.concurrent.AbstractFuture$Cancellation                   : loaded 2 times (x 72B)
Class com.google.common.collect.ImmutableMap$Builder                                  : loaded 2 times (x 82B)
Class com.google.common.base.Present                                                  : loaded 2 times (x 81B)
Class com.google.common.cache.RemovalListener                                         : loaded 2 times (x 70B)
Class org.gradle.api.internal.DefaultClassPathRegistry                                : loaded 2 times (x 76B)
Class com.google.common.collect.ImmutableMultimap$Keys                                : loaded 2 times (x 166B)
Class com.google.common.primitives.IntsMethodsForWeb                                  : loaded 2 times (x 71B)
Class com.google.common.collect.Multimap                                              : loaded 2 times (x 70B)
Class org.gradle.api.internal.ClassPathRegistry                                       : loaded 2 times (x 70B)
Class org.gradle.internal.classpath.DefaultClassPath$ImmutableUniqueList              : loaded 2 times (x 199B)
Class com.google.common.base.ExtraObjectsMethodsForWeb                                : loaded 2 times (x 71B)
Class com.google.common.io.ByteSink                                                   : loaded 2 times (x 76B)
Class com.google.common.cache.CacheBuilder                                            : loaded 2 times (x 72B)
Class com.google.common.collect.SingletonImmutableList                                : loaded 2 times (x 207B)
Class com.google.common.io.LineReader                                                 : loaded 2 times (x 72B)
Class Settings_gradle$1                                                               : loaded 2 times (x 74B)
Class ijKotlinCoroutineJvmDebugInit1_d5t7rhvdx4fr9ghubjyipk6vu$_run_closure1$_closure2: loaded 2 times (x 139B)
Class org.gradle.internal.classpath.ClassPath                                         : loaded 2 times (x 70B)
Class org.gradle.api.UncheckedIOException                                             : loaded 2 times (x 82B)
Class com.google.common.io.Files$FileByteSource                                       : loaded 2 times (x 85B)
Class com.google.common.base.JdkPattern                                               : loaded 2 times (x 75B)
Class com.google.common.collect.ImmutableList$ReverseImmutableList                    : loaded 2 times (x 209B)
Class com.google.common.io.CharStreams$NullWriter                                     : loaded 2 times (x 99B)
Class org.objectweb.asm.SymbolTable$Entry                                             : loaded 2 times (x 74B)
Class com.google.common.util.concurrent.AbstractFuture$AtomicHelper                   : loaded 2 times (x 78B)
Class org.objectweb.asm.Edge                                                          : loaded 2 times (x 72B)
Class com.google.common.base.Suppliers$SupplierOfInstance                             : loaded 2 times (x 79B)
Class com.google.common.collect.Iterators$1                                           : loaded 2 times (x 81B)
Class com.google.common.cache.LocalCache$ComputingValueReference                      : loaded 2 times (x 96B)
Class com.google.common.collect.SingletonImmutableSet                                 : loaded 2 times (x 146B)
Class com.google.common.collect.ImmutableMap$IteratorBasedImmutableMap                : loaded 2 times (x 126B)
Class com.google.common.cache.LocalCache$Segment                                      : loaded 2 times (x 154B)
Class com.google.common.collect.SortedIterable                                        : loaded 2 times (x 70B)
Class com.google.common.collect.AbstractListMultimap                                  : loaded 2 times (x 172B)
Class [Lorg.objectweb.asm.SymbolTable$Entry;                                          : loaded 2 times (x 69B)
Class com.google.common.cache.CacheLoader                                             : loaded 2 times (x 74B)
Class com.google.common.collect.Iterators$4                                           : loaded 2 times (x 82B)
Class com.google.common.collect.ImmutableBiMap                                        : loaded 2 times (x 143B)
Class org.gradle.internal.installation.GradleInstallation$1                           : loaded 2 times (x 75B)
Class org.gradle.api.internal.classpath.ModuleRegistry                                : loaded 2 times (x 70B)
Class com.google.common.base.Splitter$SplittingIterator                               : loaded 2 times (x 84B)
Class com.google.common.util.concurrent.internal.InternalFutureFailureAccess          : loaded 2 times (x 72B)
Class com.google.common.collect.Iterators$5                                           : loaded 2 times (x 82B)
Class com.google.common.collect.ImmutableSet$JdkBackedSetBuilderImpl                  : loaded 2 times (x 76B)
Class com.google.common.collect.ImmutableMultimap$Values                              : loaded 2 times (x 126B)
Class com.google.common.collect.HashBiMap$Inverse                                     : loaded 2 times (x 142B)
Class com.google.common.util.concurrent.AbstractFuture$UnsafeAtomicHelper             : loaded 2 times (x 78B)
Class com.google.common.base.CharMatcher$ForPredicate                                 : loaded 2 times (x 112B)
Class com.google.common.cache.LocalCache$LocalManualCache$1                           : loaded 2 times (x 75B)
Class com.google.common.base.CharMatcher$AnyOf                                        : loaded 2 times (x 112B)
Class com.google.common.collect.ImmutableCollection                                   : loaded 2 times (x 125B)
Class ijKotlinCoroutineJvmDebugInit1_d5t7rhvdx4fr9ghubjyipk6vu                        : loaded 2 times (x 179B)
Class org.gradle.api.internal.classpath.DefaultModuleRegistry                         : loaded 2 times (x 86B)
Class com.google.common.collect.Lists                                                 : loaded 2 times (x 71B)
Class com.google.common.util.concurrent.ListenableFuture                              : loaded 2 times (x 70B)
Class com.google.common.cache.ReferenceEntry                                          : loaded 2 times (x 70B)
Class com.google.common.base.Converter                                                : loaded 2 times (x 90B)
Class com.google.common.collect.ImmutableSet$CachingAsList                            : loaded 2 times (x 148B)
Class build_3fxlyzhy5s3jp78mlf672qaxo                                                 : loaded 2 times (x 180B)
Class com.google.common.collect.AbstractMapBasedMultimap                              : loaded 2 times (x 139B)
Class com.google.common.util.concurrent.AbstractFuture                                : loaded 2 times (x 106B)
Class com.google.common.base.FunctionalEquivalence                                    : loaded 2 times (x 83B)
Class com.google.common.collect.Iterators$9                                           : loaded 2 times (x 81B)
Class com.google.common.collect.ImmutableAsList                                       : loaded 2 times (x 209B)
Class com.google.common.io.CharStreams                                                : loaded 2 times (x 71B)
Class com.google.common.collect.ImmutableMultiset                                     : loaded 2 times (x 163B)
Class org.objectweb.asm.RecordComponentVisitor                                        : loaded 2 times (x 77B)
Class com.google.common.cache.CacheLoader$SupplierToCacheLoader                       : loaded 2 times (x 75B)
Class com.google.common.collect.Maps$EntryTransformer                                 : loaded 2 times (x 70B)
Class org.gradle.internal.service.ServiceLookupException                              : loaded 2 times (x 82B)
Class com.google.common.collect.ImmutableSortedSet                                    : loaded 2 times (x 300B)
Class [Lcom.google.common.cache.LocalCache$EntryFactory;                              : loaded 2 times (x 69B)
Class org.gradle.internal.classloader.ClassLoaderFactory                              : loaded 2 times (x 70B)
Class com.google.common.base.CommonPattern                                            : loaded 2 times (x 74B)
Class com.google.common.base.CharMatcher$IsNot                                        : loaded 2 times (x 111B)
Class com.google.common.cache.LocalCache$LocalManualCache                             : loaded 2 times (x 99B)
Class org.gradle.internal.service.CachingServiceLocator                               : loaded 2 times (x 82B)
Class com.google.common.collect.AbstractMapBasedMultimap$KeySet                       : loaded 2 times (x 137B)
Class com.google.common.collect.RegularImmutableSortedSet                             : loaded 2 times (x 300B)
Class com.google.common.math.IntMath                                                  : loaded 2 times (x 71B)
Class [Lcom.google.common.collect.HashBiMap$BiEntry;                                  : loaded 2 times (x 69B)
Class org.objectweb.asm.commons.InstructionAdapter                                    : loaded 2 times (x 188B)
Class com.google.common.collect.ImmutableMapEntry                                     : loaded 2 times (x 85B)
Class com.google.common.collect.ImmutableMultimap                                     : loaded 2 times (x 147B)
Class com.google.common.base.Equivalence                                              : loaded 2 times (x 82B)
Class com.google.common.base.Function                                                 : loaded 2 times (x 70B)
Class com.google.common.collect.ImmutableMapEntry$NonTerminalImmutableMapEntry        : loaded 2 times (x 85B)
Class com.google.common.collect.IndexedImmutableSet$1                                 : loaded 2 times (x 213B)
Class com.google.common.cache.CacheBuilder$OneWeigher                                 : loaded 2 times (x 82B)
Class com.google.common.collect.RegularImmutableList                                  : loaded 2 times (x 213B)
Class org.gradle.internal.classloader.ClasspathUtil                                   : loaded 2 times (x 71B)
Class com.google.common.base.Charsets                                                 : loaded 2 times (x 71B)
Class com.google.common.util.concurrent.Uninterruptibles                              : loaded 2 times (x 71B)
Class com.google.common.collect.Maps                                                  : loaded 2 times (x 71B)
Class ijKotlinCoroutineJvmDebugInit1_d5t7rhvdx4fr9ghubjyipk6vu$_run_closure1          : loaded 2 times (x 139B)
Class org.gradle.api.specs.Spec                                                       : loaded 2 times (x 70B)
Class [Lcom.google.common.collect.ImmutableEntry;                                     : loaded 2 times (x 69B)
Class com.google.common.cache.LocalCache$LoadingValueReference                        : loaded 2 times (x 96B)
Class com.google.common.io.LineReader$1                                               : loaded 2 times (x 75B)
Class com.google.common.collect.CollectSpliterators                                   : loaded 2 times (x 71B)
Class com.google.common.collect.AbstractMapBasedMultimap$AsMap                        : loaded 2 times (x 128B)
Class com.google.common.base.Platform                                                 : loaded 2 times (x 71B)
Class com.google.common.collect.AbstractMapBasedMultimap$WrappedList                  : loaded 2 times (x 205B)
Class [Lorg.objectweb.asm.AnnotationWriter;                                           : loaded 2 times (x 69B)
Class com.google.common.collect.Maps$8                                                : loaded 2 times (x 82B)
Class com.google.common.collect.ImmutableRangeSet$Builder                             : loaded 2 times (x 77B)
Class com.google.common.collect.Sets$SetView                                          : loaded 2 times (x 138B)
Class com.google.common.cache.LocalCache$StrongValueReference                         : loaded 2 times (x 90B)
Class com.google.common.util.concurrent.AbstractFuture$SynchronizedHelper             : loaded 2 times (x 78B)
Class com.google.common.graph.SuccessorsFunction                                      : loaded 2 times (x 70B)
Class org.objectweb.asm.Type                                                          : loaded 2 times (x 72B)
Class org.gradle.internal.classloader.VisitableURLClassLoader$InstrumentingVisitableURLClassLoader: loaded 2 times (x 123B)
Class com.google.common.io.Files$FileByteSink                                         : loaded 2 times (x 77B)
Class org.objectweb.asm.ByteVector                                                    : loaded 2 times (x 79B)
Class [Lcom.google.common.cache.CacheBuilder$NullListener;                            : loaded 2 times (x 69B)
Class com.google.common.math.IntMath$1                                                : loaded 2 times (x 71B)
Class org.gradle.internal.classloader.VisitableURLClassLoader$Spec                    : loaded 2 times (x 74B)
Class org.gradle.internal.classpath.DefaultClassPath                                  : loaded 2 times (x 90B)
Class com.google.common.base.AbstractIterator                                         : loaded 2 times (x 80B)
Class org.objectweb.asm.Symbol                                                        : loaded 2 times (x 73B)
Class com.google.common.io.Closer                                                     : loaded 2 times (x 78B)
Class com.google.common.io.Java8Compatibility                                         : loaded 2 times (x 71B)
Class com.google.common.base.CharMatcher$Ascii                                        : loaded 2 times (x 112B)
Class com.google.common.base.CharMatcher$BitSetMatcher                                : loaded 2 times (x 112B)
Class com.google.common.collect.ImmutableSet                                          : loaded 2 times (x 145B)
Class com.google.common.collect.RegularImmutableMap$Values                            : loaded 2 times (x 207B)
Class org.gradle.internal.classloader.ClassLoaderSpec                                 : loaded 2 times (x 71B)
Class org.objectweb.asm.AnnotationWriter                                              : loaded 2 times (x 79B)
Class com.google.common.cache.CacheStats                                              : loaded 2 times (x 71B)
Class ijJvmDebugger1_amxldhla0sgtknc2p75ob1gmp                                        : loaded 2 times (x 179B)
Class com.google.common.io.Closer$Suppressor                                          : loaded 2 times (x 70B)
Class com.google.common.io.LineProcessor                                              : loaded 2 times (x 70B)
Class com.google.common.collect.ImmutableMultisetGwtSerializationDependencies         : loaded 2 times (x 125B)
Class org.objectweb.asm.RecordComponentWriter                                         : loaded 2 times (x 78B)
Class com.google.common.util.concurrent.AbstractFuture$Listener                       : loaded 2 times (x 72B)
Class com.google.common.base.CharMatcher$Or                                           : loaded 2 times (x 112B)
Class Settings_gradle$1$1                                                             : loaded 2 times (x 74B)
Class org.objectweb.asm.Attribute                                                     : loaded 2 times (x 77B)
Class com.google.common.base.Supplier                                                 : loaded 2 times (x 70B)
Class org.gradle.internal.classloader.VisitableURLClassLoader                         : loaded 2 times (x 117B)
Class com.google.common.util.concurrent.AbstractFuture$Waiter                         : loaded 2 times (x 72B)
Class Settings_gradle                                                                 : loaded 2 times (x 128B)
Class org.gradle.internal.Cast                                                        : loaded 2 times (x 71B)
Class org.gradle.api.Action                                                           : loaded 2 times (x 70B)
Class com.google.common.collect.HashBiMap                                             : loaded 2 times (x 143B)
Class com.google.common.base.Strings                                                  : loaded 2 times (x 71B)
Class com.google.common.collect.Sets                                                  : loaded 2 times (x 71B)
Class org.objectweb.asm.Handler                                                       : loaded 2 times (x 72B)
Class com.google.common.base.CharMatcher$FastMatcher                                  : loaded 2 times (x 111B)
Class com.google.common.base.Ticker                                                   : loaded 2 times (x 72B)
Class [Lcom.google.common.cache.LocalCache$Segment;                                   : loaded 2 times (x 69B)
Class com.google.common.base.Predicate                                                : loaded 2 times (x 70B)
Class [Lcom.google.common.cache.LocalCache$Strength;                                  : loaded 2 times (x 69B)
Class com.google.common.cache.CacheBuilder$1                                          : loaded 2 times (x 85B)
Class com.google.common.collect.ImmutableMap                                          : loaded 2 times (x 120B)
Class org.gradle.internal.classpath.DefaultClassPath$ImmutableUniqueList$Builder      : loaded 2 times (x 75B)
Class com.google.common.collect.AbstractRangeSet                                      : loaded 2 times (x 114B)
Class com.google.common.base.CharMatcher$NegatedFastMatcher                           : loaded 2 times (x 113B)
Class com.google.common.cache.LocalCache                                              : loaded 2 times (x 187B)
Class com.google.common.cache.CacheBuilder$2                                          : loaded 2 times (x 79B)
Class com.google.common.collect.ArrayListMultimap                                     : loaded 2 times (x 172B)
Class com.google.common.cache.CacheBuilder$3                                          : loaded 2 times (x 72B)
Class [Lcom.google.common.collect.AbstractMapEntry;                                   : loaded 2 times (x 69B)
Class com.google.common.collect.ImmutableEntry                                        : loaded 2 times (x 82B)
Class org.gradle.api.GradleException                                                  : loaded 2 times (x 82B)
Class com.google.common.base.Suppliers$MemoizingSupplier                              : loaded 2 times (x 79B)
Class com.google.common.collect.CollectPreconditions                                  : loaded 2 times (x 71B)
Class [Lcom.google.common.io.FileWriteMode;                                           : loaded 2 times (x 69B)
Class com.google.common.collect.SortedMapDifference                                   : loaded 2 times (x 70B)
Class ijJvmDebugger1_amxldhla0sgtknc2p75ob1gmp$_run_closure1                          : loaded 2 times (x 139B)
Class com.google.common.io.Files                                                      : loaded 2 times (x 71B)
Class com.google.common.cache.LocalCache$EntryFactory                                 : loaded 2 times (x 83B)
Class com.google.common.base.Splitter$1$1                                             : loaded 2 times (x 86B)
Class com.google.common.cache.LocalCache$AbstractReferenceEntry                       : loaded 2 times (x 107B)
Class org.gradle.internal.IoActions                                                   : loaded 2 times (x 71B)
Class com.google.common.collect.ImmutableRangeSet$ComplementRanges                    : loaded 2 times (x 207B)
Class org.objectweb.asm.SymbolTable                                                   : loaded 2 times (x 72B)
Class com.google.common.cache.CacheLoader$InvalidCacheLoadException                   : loaded 2 times (x 82B)
Class com.google.common.collect.ImmutableSet$RegularSetBuilderImpl                    : loaded 2 times (x 77B)
Class org.gradle.internal.classloader.SystemClassLoaderSpec                           : loaded 2 times (x 71B)
Class com.google.common.cache.LocalCache$StrongEntry                                  : loaded 2 times (x 108B)
Class com.google.common.util.concurrent.AbstractFuture$TrustedFuture                  : loaded 2 times (x 114B)
Class com.google.common.cache.LoadingCache                                            : loaded 2 times (x 70B)
Class com.google.common.io.ByteStreams$LimitedInputStream                             : loaded 2 times (x 92B)
Class com.google.common.base.Suppliers$NonSerializableMemoizingSupplier               : loaded 2 times (x 79B)
Class org.objectweb.asm.MethodWriter                                                  : loaded 2 times (x 106B)
Class [Lcom.google.common.cache.Weigher;                                              : loaded 2 times (x 69B)
Class com.google.common.collect.RegularImmutableMap$BucketOverflowException           : loaded 2 times (x 82B)
Class com.google.common.collect.ImmutableMultimap$1                                   : loaded 2 times (x 82B)
Class com.google.common.collect.AbstractMapBasedMultimap$RandomAccessWrappedList      : loaded 2 times (x 205B)
Class com.google.common.collect.ImmutableMultimap$2                                   : loaded 2 times (x 81B)
Class com.google.common.collect.RegularImmutableBiMap                                 : loaded 2 times (x 149B)
Class com.google.common.base.CharMatcher$Negated                                      : loaded 2 times (x 113B)
Class com.google.common.base.CharMatcher$Is                                           : loaded 2 times (x 111B)
Class com.google.common.cache.LocalCache$ValueReference                               : loaded 2 times (x 70B)
Class com.google.common.base.PatternCompiler                                          : loaded 2 times (x 70B)
Class com.google.common.util.concurrent.AbstractFuture$Failure                        : loaded 2 times (x 72B)
Class com.google.common.base.Equivalence$Equals                                       : loaded 2 times (x 82B)
Class com.google.common.collect.Hashing                                               : loaded 2 times (x 71B)
Class com.google.common.base.Preconditions                                            : loaded 2 times (x 71B)
Class com.google.common.io.CharSink                                                   : loaded 2 times (x 79B)
Class com.google.common.base.Joiner$1                                                 : loaded 2 times (x 80B)
Class org.objectweb.asm.Label                                                         : loaded 2 times (x 73B)
Class org.objectweb.asm.CurrentFrame                                                  : loaded 2 times (x 73B)
Class org.objectweb.asm.ClassTooLargeException                                        : loaded 2 times (x 83B)
Class com.google.common.base.CharMatcher                                              : loaded 2 times (x 111B)
Class com.google.common.collect.PeekingIterator                                       : loaded 2 times (x 70B)
Class com.google.common.collect.Maps$IteratorBasedAbstractMap                         : loaded 2 times (x 125B)
Class com.google.common.collect.RangeGwtSerializationDependencies                     : loaded 2 times (x 71B)
Class com.google.common.base.Joiner$2                                                 : loaded 2 times (x 79B)
Class org.objectweb.asm.Frame                                                         : loaded 2 times (x 73B)
Class org.objectweb.asm.MethodVisitor                                                 : loaded 2 times (x 105B)
Class com.google.common.base.CharMatcher$1                                            : loaded 2 times (x 113B)
Class com.google.common.base.CharMatcher$NamedFastMatcher                             : loaded 2 times (x 112B)
Class com.google.common.cache.LocalCache$EntryFactory$1                               : loaded 2 times (x 83B)
Class [Lcom.google.common.cache.RemovalListener;                                      : loaded 2 times (x 69B)
Class build_3fxlyzhy5s3jp78mlf672qaxo$_run_closure1                                   : loaded 2 times (x 139B)
Class com.google.common.collect.RangeSet                                              : loaded 2 times (x 70B)
Class com.google.common.cache.LocalCache$EntryFactory$2                               : loaded 2 times (x 83B)
Class org.gradle.api.internal.classpath.GlobalCacheRootsProvider                      : loaded 2 times (x 70B)
Class com.google.common.collect.CollectCollectors                                     : loaded 2 times (x 71B)
Class org.objectweb.asm.ModuleWriter                                                  : loaded 2 times (x 82B)
Class com.google.common.cache.LocalCache$EntryFactory$3                               : loaded 2 times (x 83B)
Class com.google.common.base.Ticker$1                                                 : loaded 2 times (x 72B)
Class com.google.common.collect.Maps$BiMapConverter                                   : loaded 2 times (x 90B)
Class com.google.common.collect.ImmutableMapEntrySet$RegularEntrySet                  : loaded 2 times (x 152B)
Class com.google.common.collect.CollectSpliterators$1                                 : loaded 2 times (x 90B)
Class com.google.common.base.CharMatcher$InRange                                      : loaded 2 times (x 111B)
Class com.google.common.cache.LocalCache$EntryFactory$4                               : loaded 2 times (x 83B)
Class com.google.common.collect.ImmutableSet$Builder                                  : loaded 2 times (x 85B)
Class com.google.common.io.ByteStreams$1                                              : loaded 2 times (x 85B)
Class com.google.common.cache.LocalCache$EntryFactory$5                               : loaded 2 times (x 83B)
Class com.google.common.cache.LocalCache$EntryFactory$6                               : loaded 2 times (x 83B)
Class org.gradle.internal.installation.CurrentGradleInstallationLocator               : loaded 2 times (x 71B)
Class com.google.common.collect.ImmutableMultimap$Builder                             : loaded 2 times (x 86B)
Class com.google.common.collect.Maps$KeySet                                           : loaded 2 times (x 137B)
Class com.google.common.cache.LocalCache$EntryFactory$7                               : loaded 2 times (x 83B)
Class com.google.common.collect.ImmutableSet$EmptySetBuilderImpl                      : loaded 2 times (x 76B)
Class com.google.common.collect.ImmutableList                                         : loaded 2 times (x 206B)
Class org.gradle.internal.service.DefaultServiceLocator                               : loaded 2 times (x 83B)
Class com.google.common.collect.ImmutableMultimap$EntryCollection                     : loaded 2 times (x 128B)
Class com.google.common.collect.Maps$EntrySet                                         : loaded 2 times (x 136B)
Class com.google.common.cache.LocalCache$EntryFactory$8                               : loaded 2 times (x 83B)
Class com.google.common.collect.ImmutableSet$SetBuilderImpl                           : loaded 2 times (x 76B)
Class org.gradle.internal.installation.CurrentGradleInstallation                      : loaded 2 times (x 73B)
Class com.google.common.cache.CacheLoader$1                                           : loaded 2 times (x 75B)
Class com.google.common.collect.ForwardingObject                                      : loaded 2 times (x 72B)
Class com.google.common.collect.ImmutableList$SubList                                 : loaded 2 times (x 209B)
Class org.gradle.util.internal.GUtil                                                  : loaded 2 times (x 71B)
Class com.google.common.io.ByteSource                                                 : loaded 2 times (x 84B)
Class com.google.common.util.concurrent.AbstractFuture$SetFuture                      : loaded 2 times (x 75B)
Class com.google.common.cache.AbstractCache$StatsCounter                              : loaded 2 times (x 70B)
Class com.google.common.io.LineBuffer                                                 : loaded 2 times (x 75B)
Class com.google.common.collect.Iterators$MergingIterator                             : loaded 2 times (x 81B)
Class com.google.common.collect.RegularImmutableSet                                   : loaded 2 times (x 149B)
Class org.gradle.internal.installation.GradleInstallation                             : loaded 2 times (x 75B)
Class com.google.common.base.Splitter$Strategy                                        : loaded 2 times (x 70B)
Class com.google.common.collect.Iterables                                             : loaded 2 times (x 71B)

---------------  S Y S T E M  ---------------

OS:
 Windows 11 , 64 bit Build 26100 (10.0.26100.7920)
OS uptime: 8 days 23:18 hours

CPU: total 16 (initial active 16) (8 cores per cpu, 2 threads per core) family 6 model 186 stepping 2 microcode 0x410e, cx8, cmov, fxsr, ht, mmx, 3dnowpref, sse, sse2, sse3, ssse3, sse4.1, sse4.2, popcnt, lzcnt, tsc, tscinvbit, avx, avx2, aes, erms, clmul, bmi1, bmi2, adx, sha, fma, vzeroupper, clflush, clflushopt, clwb, serialize, rdtscp, rdpid, fsrm, f16c, pku, cet_ibt, cet_ss
Processor Information for processor 0
  Max Mhz: 2600, Current Mhz: 2600, Mhz Limit: 2600
Processor Information for processor 1
  Max Mhz: 2600, Current Mhz: 2600, Mhz Limit: 2600
Processor Information for processor 2
  Max Mhz: 2600, Current Mhz: 2600, Mhz Limit: 2600
Processor Information for processor 3
  Max Mhz: 2600, Current Mhz: 2600, Mhz Limit: 2600
Processor Information for processor 4
  Max Mhz: 2600, Current Mhz: 2600, Mhz Limit: 2600
Processor Information for processor 5
  Max Mhz: 2600, Current Mhz: 2600, Mhz Limit: 2600
Processor Information for processor 6
  Max Mhz: 2600, Current Mhz: 2600, Mhz Limit: 2600
Processor Information for processor 7
  Max Mhz: 2600, Current Mhz: 2600, Mhz Limit: 2600
Processor Information for processor 8
  Max Mhz: 2600, Current Mhz: 1500, Mhz Limit: 1898
Processor Information for processor 9
  Max Mhz: 2600, Current Mhz: 1500, Mhz Limit: 1898
Processor Information for processor 10
  Max Mhz: 2600, Current Mhz: 1500, Mhz Limit: 1898
Processor Information for processor 11
  Max Mhz: 2600, Current Mhz: 1500, Mhz Limit: 1898
Processor Information for processor 12
  Max Mhz: 2600, Current Mhz: 1500, Mhz Limit: 1898
Processor Information for processor 13
  Max Mhz: 2600, Current Mhz: 1500, Mhz Limit: 1898
Processor Information for processor 14
  Max Mhz: 2600, Current Mhz: 1900, Mhz Limit: 1898
Processor Information for processor 15
  Max Mhz: 2600, Current Mhz: 1500, Mhz Limit: 1898

Memory: 4k page, system-wide physical 16008M (1421M free)
TotalPageFile size 20104M (AvailPageFile size 350M)
current process WorkingSet (physical memory assigned to process): 1045M, peak: 1050M
current process commit charge ("private bytes"): 1098M, peak: 1607M

vm_info: OpenJDK 64-Bit Server VM (21.0.9+-14787801-b1163.94) for windows-amd64 JRE (21.0.9+-14787801-b1163.94), built on 2026-01-27T21:15:44Z by "builder" with MS VC++ 16.10 / 16.11 (VS2019)

END.
