#
# There is insufficient memory for the Java Runtime Environment to continue.
# Native memory allocation (mmap) failed to map 159383552 bytes. Error detail: G1 virtual space
# Possible reasons:
#   The system is out of physical RAM or swap space
#   This process is running with CompressedOops enabled, and the Java Heap may be blocking the growth of the native heap
# Possible solutions:
#   Reduce memory load on the system
#   Increase physical memory or swap space
#   Check if swap backing store is full
#   Decrease Java heap size (-Xmx/-Xms)
#   Decrease number of Java threads
#   Decrease Java thread stack sizes (-Xss)
#   Set larger code cache with -XX:ReservedCodeCacheSize=
#   JVM is running with Zero Based Compressed Oops mode in which the Java heap is
#     placed in the first 32GB address space. The Java Heap base address is the
#     maximum limit for the native heap growth. Please use -XX:HeapBaseMinAddress
#     to set the Java Heap base and to place the Java Heap above 32GB virtual address.
# This output file may be truncated or incomplete.
#
#  Out of Memory Error (os_windows.cpp:3925), pid=860, tid=11620
#
# JRE version: OpenJDK Runtime Environment (21.0.9) (build 21.0.9+-14787801-b1163.94)
# Java VM: OpenJDK 64-Bit Server VM (21.0.9+-14787801-b1163.94, mixed mode, tiered, compressed oops, compressed class ptrs, g1 gc, windows-amd64)
# No core dump will be written. Minidumps are not enabled by default on client versions of Windows
#

---------------  S U M M A R Y ------------

Command Line: --add-opens=java.base/java.lang=ALL-UNNAMED --add-opens=java.base/java.lang.invoke=ALL-UNNAMED --add-opens=java.base/java.util=ALL-UNNAMED --add-opens=java.prefs/java.util.prefs=ALL-UNNAMED --add-exports=jdk.compiler/com.sun.tools.javac.api=ALL-UNNAMED --add-exports=jdk.compiler/com.sun.tools.javac.util=ALL-UNNAMED --add-opens=java.base/java.util=ALL-UNNAMED --add-opens=java.prefs/java.util.prefs=ALL-UNNAMED --add-opens=java.base/java.nio.charset=ALL-UNNAMED --add-opens=java.base/java.net=ALL-UNNAMED --add-opens=java.base/java.util.concurrent.atomic=ALL-UNNAMED --add-opens=java.xml/javax.xml.namespace=ALL-UNNAMED -XX:MaxMetaspaceSize=1024m -Xmx4096m -Dfile.encoding=UTF-8 -Duser.country=US -Duser.language=en -Duser.variant -javaagent:C:\Users\ADMIN\.gradle\wrapper\dists\gradle-8.13-bin\5xuhj0ry160q40clulazy9h7d\gradle-8.13\lib\agents\gradle-instrumentation-agent-8.13.jar org.gradle.launcher.daemon.bootstrap.GradleDaemon 8.13

Host: 13th Gen Intel(R) Core(TM) i5-13500H, 16 cores, 15G,  Windows 11 , 64 bit Build 26100 (10.0.26100.7920)
Time: Mon Mar 23 21:20:38 2026 SE Asia Standard Time elapsed time: 15.944246 seconds (0d 0h 0m 15s)

---------------  T H R E A D  ---------------

Current thread (0x000001a07922eb80):  VMThread "VM Thread"          [id=11620, stack(0x0000003ce3400000,0x0000003ce3500000) (1024K)]

Stack: [0x0000003ce3400000,0x0000003ce3500000]
Native frames: (J=compiled Java code, j=interpreted, Vv=VM code, C=native code)
V  [jvm.dll+0x6d6c99]
V  [jvm.dll+0x866b83]
V  [jvm.dll+0x8691ae]
V  [jvm.dll+0x869893]
V  [jvm.dll+0x280776]
V  [jvm.dll+0x6d3555]
V  [jvm.dll+0x6c6bea]
V  [jvm.dll+0x3587fb]
V  [jvm.dll+0x360476]
V  [jvm.dll+0x3b2646]
V  [jvm.dll+0x3b2918]
V  [jvm.dll+0x32af0c]
V  [jvm.dll+0x32af97]
V  [jvm.dll+0x370e7c]
V  [jvm.dll+0x36f62e]
V  [jvm.dll+0x32a661]
V  [jvm.dll+0x36ed30]
V  [jvm.dll+0x86f618]
V  [jvm.dll+0x870994]
V  [jvm.dll+0x870ed0]
V  [jvm.dll+0x871163]
V  [jvm.dll+0x80f118]
V  [jvm.dll+0x6d54ed]
C  [ucrtbase.dll+0x37b0]
C  [KERNEL32.DLL+0x2e8d7]
C  [ntdll.dll+0x8c48c]

VM_Operation (0x0000003cf31fbd00): G1CollectForAllocation, mode: safepoint, requested by thread 0x000001a01b52e650


---------------  P R O C E S S  ---------------

Threads class SMR info:
_java_thread_list=0x000001a0150cde50, length=250, elements={
0x000001a06e41ef10, 0x000001a07e092800, 0x000001a07e0985e0, 0x000001a07e0a7270,
0x000001a07e0a40e0, 0x000001a07e0a4b40, 0x000001a07e0a55a0, 0x000001a07e0cfd80,
0x000001a07e0d1920, 0x000001a07e0d9750, 0x000001a07e2b8970, 0x000001a07e2ba030,
0x000001a07e459320, 0x000001a07e494940, 0x000001a07e3f7c10, 0x000001a07ee25d80,
0x000001a07f6f9ba0, 0x000001a07f6f87f0, 0x000001a07f6f6720, 0x000001a07f6f6db0,
0x000001a07f6f8e80, 0x000001a07f6f7ad0, 0x000001a07f6f9510, 0x000001a07f6f7440,
0x000001a0101c03d0, 0x000001a0101c24a0, 0x000001a0101bf020, 0x000001a0101c0a60,
0x000001a0101bfd40, 0x000001a0101c10f0, 0x000001a0101c1780, 0x000001a0101c2b30,
0x000001a0101bf6b0, 0x000001a0101c5fb0, 0x000001a0101c3850, 0x000001a0101c4570,
0x000001a0101c5290, 0x000001a0101c4c00, 0x000001a0101c5920, 0x000001a012ca0dc0,
0x000001a012ca4240, 0x000001a012ca2170, 0x000001a012ca3bb0, 0x000001a012ca2e90,
0x000001a012ca3520, 0x000001a012ca48d0, 0x000001a012ca1450, 0x000001a012ca1ae0,
0x000001a012ca7030, 0x000001a012ca69a0, 0x000001a012ca5c80, 0x000001a012ca76c0,
0x000001a012ca55f0, 0x000001a012ca7d50, 0x000001a012ca6310, 0x000001a012ca83e0,
0x000001a012ca4f60, 0x000001a0124b6780, 0x000001a0124b4020, 0x000001a0124b60f0,
0x000001a0124b6e10, 0x000001a0124b46b0, 0x000001a0124b53d0, 0x000001a0124b5a60,
0x000001a0124b4d40, 0x000001a012defad0, 0x000001a012dee090, 0x000001a012df07f0,
0x000001a012df1510, 0x000001a012def440, 0x000001a012deedb0, 0x000001a012df0160,
0x000001a012df0e80, 0x000001a012df1ba0, 0x000001a012dee720, 0x000001a012df3c70,
0x000001a010c876f0, 0x000001a010c87d80, 0x000001a010c87060, 0x000001a010c89e50,
0x000001a010c869d0, 0x000001a010c897c0, 0x000001a010c88410, 0x000001a010c88aa0,
0x000001a010c8a4e0, 0x000001a010c8c5b0, 0x000001a010c8ab70, 0x000001a010c8bf20,
0x000001a010c89130, 0x000001a010c8cc40, 0x000001a010c8b200, 0x000001a010c8d2d0,
0x000001a010c8d960, 0x000001a010c8dff0, 0x000001a010c8b890, 0x000001a010a4eec0,
0x000001a010a4e1a0, 0x000001a010a4fbe0, 0x000001a010a4db10, 0x000001a010a51620,
0x000001a010a50270, 0x000001a010a51cb0, 0x000001a010a50f90, 0x000001a010a50900,
0x000001a010a4e830, 0x000001a010a52340, 0x000001a010a529d0, 0x000001a010a4f550,
0x000001a010a53d80, 0x000001a010a53060, 0x000001a010a536f0, 0x000001a010a54410,
0x000001a010a54aa0, 0x000001a010a55130, 0x000001a015ac4010, 0x000001a015ac2c60,
0x000001a015ac46a0, 0x000001a015ac4d30, 0x000001a015ac53c0, 0x000001a015ac32f0,
0x000001a015ac25d0, 0x000001a07e941f90, 0x000001a07e940550, 0x000001a07e945410,
0x000001a0135ae7c0, 0x000001a00f3a9ba0, 0x000001a014d1b8a0, 0x000001a014d1cc50,
0x000001a014d1c5c0, 0x000001a014d1bf30, 0x000001a014d20760, 0x000001a014d1e000,
0x000001a014d1ed20, 0x000001a014d200d0, 0x000001a014d1f3b0, 0x000001a014d1d970,
0x000001a014d1d2e0, 0x000001a014d20df0, 0x000001a014d21480, 0x000001a014d1fa40,
0x000001a014d21b10, 0x000001a014d1e690, 0x000001a014d25620, 0x000001a014d24900,
0x000001a014d22830, 0x000001a014d22ec0, 0x000001a014d23550, 0x000001a014d23be0,
0x000001a014d24270, 0x000001a014d221a0, 0x000001a014d27d80, 0x000001a014d29130,
0x000001a014d26340, 0x000001a014d269d0, 0x000001a014d27060, 0x000001a014d28410,
0x000001a014d276f0, 0x000001a014d25cb0, 0x000001a014d28aa0, 0x000001a014d297c0,
0x000001a015560960, 0x000001a0135afb70, 0x000001a0135b0200, 0x000001a0135b0890,
0x000001a00f3aea60, 0x000001a00f3abc70, 0x000001a00f3af0f0, 0x000001a00f3ac300,
0x000001a00f3ad6b0, 0x000001a07e944060, 0x000001a07e940be0, 0x000001a07e9474e0,
0x000001a07e947b70, 0x000001a012df35e0, 0x000001a014574ef0, 0x000001a0145762a0,
0x000001a0145734b0, 0x000001a014575c10, 0x000001a014575580, 0x000001a014574860,
0x000001a014572e20, 0x000001a014576930, 0x000001a014576fc0, 0x000001a014577650,
0x000001a0145741d0, 0x000001a014578a00, 0x000001a014579720, 0x000001a01457aad0,
0x000001a014577ce0, 0x000001a014579db0, 0x000001a01457b160, 0x000001a014c31990,
0x000001a07f518750, 0x000001a01457b7f0, 0x000001a01457a440, 0x000001a014578370,
0x000001a01457f300, 0x000001a01457ec70, 0x000001a01457c510, 0x000001a01457be80,
0x000001a014580020, 0x000001a01457f990, 0x000001a0145806b0, 0x000001a01457d8c0,
0x000001a01457df50, 0x000001a01457e5e0, 0x000001a01457d230, 0x000001a01457cba0,
0x000001a014580d40, 0x000001a0145813d0, 0x000001a014581a60, 0x000001a0145820f0,
0x000001a00f930d20, 0x000001a00f933480, 0x000001a00f932df0, 0x000001a00f934830,
0x000001a00f9341a0, 0x000001a00f933b10, 0x000001a00f932760, 0x000001a00f9313b0,
0x000001a00f934ec0, 0x000001a00f9320d0, 0x000001a00f931a40, 0x000001a00f935be0,
0x000001a00f9389d0, 0x000001a00f938340, 0x000001a00f935550, 0x000001a00f939060,
0x000001a00f9396f0, 0x000001a00f939d80, 0x000001a00f936900, 0x000001a00f93a410,
0x000001a00f936f90, 0x000001a01b530090, 0x000001a01b530720, 0x000001a01b531440,
0x000001a01b52dfc0, 0x000001a01b52e650, 0x000001a01b532160, 0x000001a01b52ece0,
0x000001a01b5327f0, 0x000001a01b52f370, 0x000001a01b5355e0, 0x000001a01b533ba0,
0x000001a01b536300, 0x000001a01b532e80, 0x000001a01b534f50, 0x000001a01b536990,
0x000001a01b534230, 0x000001a0166df7f0
}

Java Threads: ( => current thread )
  0x000001a06e41ef10 JavaThread "main"                              [_thread_blocked, id=13508, stack(0x0000003ce2d00000,0x0000003ce2e00000) (1024K)]
  0x000001a07e092800 JavaThread "Common-Cleaner"             daemon [_thread_blocked, id=20060, stack(0x0000003ce3500000,0x0000003ce3600000) (1024K)]
  0x000001a07e0985e0 JavaThread "Reference Handler"          daemon [_thread_blocked, id=23392, stack(0x0000003ce3600000,0x0000003ce3700000) (1024K)]
  0x000001a07e0a7270 JavaThread "Finalizer"                  daemon [_thread_blocked, id=1312, stack(0x0000003ce3700000,0x0000003ce3800000) (1024K)]
  0x000001a07e0a40e0 JavaThread "Signal Dispatcher"          daemon [_thread_blocked, id=15128, stack(0x0000003ce3800000,0x0000003ce3900000) (1024K)]
  0x000001a07e0a4b40 JavaThread "Attach Listener"            daemon [_thread_blocked, id=6068, stack(0x0000003ce3900000,0x0000003ce3a00000) (1024K)]
  0x000001a07e0a55a0 JavaThread "Service Thread"             daemon [_thread_blocked, id=24516, stack(0x0000003ce3a00000,0x0000003ce3b00000) (1024K)]
  0x000001a07e0cfd80 JavaThread "Monitor Deflation Thread"   daemon [_thread_blocked, id=2000, stack(0x0000003ce3b00000,0x0000003ce3c00000) (1024K)]
  0x000001a07e0d1920 JavaThread "C2 CompilerThread0"         daemon [_thread_blocked, id=13388, stack(0x0000003ce3c00000,0x0000003ce3d00000) (1024K)]
  0x000001a07e0d9750 JavaThread "C1 CompilerThread0"         daemon [_thread_blocked, id=8224, stack(0x0000003ce3d00000,0x0000003ce3e00000) (1024K)]
  0x000001a07e2b8970 JavaThread "C1 CompilerThread1"         daemon [_thread_blocked, id=13660, stack(0x0000003ce3e00000,0x0000003ce3f00000) (1024K)]
  0x000001a07e2ba030 JavaThread "C1 CompilerThread2"         daemon [_thread_blocked, id=14844, stack(0x0000003ce3f00000,0x0000003ce4000000) (1024K)]
  0x000001a07e459320 JavaThread "Notification Thread"        daemon [_thread_blocked, id=21196, stack(0x0000003ce4000000,0x0000003ce4100000) (1024K)]
  0x000001a07e494940 JavaThread "C2 CompilerThread1"         daemon [_thread_blocked, id=1424, stack(0x0000003ce4100000,0x0000003ce4200000) (1024K)]
  0x000001a07e3f7c10 JavaThread "C2 CompilerThread2"         daemon [_thread_blocked, id=19636, stack(0x0000003ce4200000,0x0000003ce4300000) (1024K)]
  0x000001a07ee25d80 JavaThread "C1 CompilerThread3"         daemon [_thread_blocked, id=23424, stack(0x0000003ce4900000,0x0000003ce4a00000) (1024K)]
  0x000001a07f6f9ba0 JavaThread "Daemon health stats"               [_thread_blocked, id=19792, stack(0x0000003ce4a00000,0x0000003ce4b00000) (1024K)]
  0x000001a07f6f87f0 JavaThread "Incoming local TCP Connector on port 50184"        [_thread_in_native, id=17696, stack(0x0000003ce4b00000,0x0000003ce4c00000) (1024K)]
  0x000001a07f6f6720 JavaThread "Daemon periodic checks"            [_thread_blocked, id=24112, stack(0x0000003ce4c00000,0x0000003ce4d00000) (1024K)]
  0x000001a07f6f6db0 JavaThread "Daemon"                            [_thread_blocked, id=17684, stack(0x0000003ce4d00000,0x0000003ce4e00000) (1024K)]
  0x000001a07f6f8e80 JavaThread "Handler for socket connection from /127.0.0.1:50184 to /127.0.0.1:50185"        [_thread_in_native, id=1808, stack(0x0000003ce4e00000,0x0000003ce4f00000) (1024K)]
  0x000001a07f6f7ad0 JavaThread "Cancel handler"                    [_thread_blocked, id=2144, stack(0x0000003ce4f00000,0x0000003ce5000000) (1024K)]
  0x000001a07f6f9510 JavaThread "Daemon worker"                     [_thread_blocked, id=5224, stack(0x0000003ce5000000,0x0000003ce5100000) (1024K)]
  0x000001a07f6f7440 JavaThread "Asynchronous log dispatcher for DefaultDaemonConnection: socket connection from /127.0.0.1:50184 to /127.0.0.1:50185"        [_thread_blocked, id=11040, stack(0x0000003ce5100000,0x0000003ce5200000) (1024K)]
  0x000001a0101c03d0 JavaThread "Stdin handler"                     [_thread_blocked, id=15396, stack(0x0000003ce5200000,0x0000003ce5300000) (1024K)]
  0x000001a0101c24a0 JavaThread "Daemon client event forwarder"        [_thread_blocked, id=22400, stack(0x0000003ce5300000,0x0000003ce5400000) (1024K)]
  0x000001a0101bf020 JavaThread "Cache worker for journal cache (C:\Users\ADMIN\.gradle\caches\journal-1)"        [_thread_blocked, id=22084, stack(0x0000003ce5d00000,0x0000003ce5e00000) (1024K)]
  0x000001a0101c0a60 JavaThread "File lock request listener"        [_thread_in_native, id=1368, stack(0x0000003ce5e00000,0x0000003ce5f00000) (1024K)]
  0x000001a0101bfd40 JavaThread "Cache worker for file hash cache (C:\Users\ADMIN\.gradle\caches\8.13\fileHashes)"        [_thread_blocked, id=21168, stack(0x0000003ce5f00000,0x0000003ce6000000) (1024K)]
  0x000001a0101c10f0 JavaThread "Cache worker for file hash cache (D:\AndroidStudioProjects\DACN_1\FinFit\.gradle\8.13\fileHashes)"        [_thread_blocked, id=10376, stack(0x0000003ce6000000,0x0000003ce6100000) (1024K)]
  0x000001a0101c1780 JavaThread "Cache worker for Build Output Cleanup Cache (D:\AndroidStudioProjects\DACN_1\FinFit\.gradle\buildOutputCleanup)"        [_thread_blocked, id=11564, stack(0x0000003ce6100000,0x0000003ce6200000) (1024K)]
  0x000001a0101c2b30 JavaThread "File watcher server"        daemon [_thread_blocked, id=20572, stack(0x0000003ce6200000,0x0000003ce6300000) (1024K)]
  0x000001a0101bf6b0 JavaThread "File watcher consumer"      daemon [_thread_blocked, id=22888, stack(0x0000003ce6300000,0x0000003ce6400000) (1024K)]
  0x000001a0101c5fb0 JavaThread "jar transforms"                    [_thread_blocked, id=7264, stack(0x0000003ce6400000,0x0000003ce6500000) (1024K)]
  0x000001a0101c3850 JavaThread "jar transforms Thread 2"           [_thread_blocked, id=7308, stack(0x0000003ce6500000,0x0000003ce6600000) (1024K)]
  0x000001a0101c4570 JavaThread "Cache worker for checksums cache (D:\AndroidStudioProjects\DACN_1\FinFit\.gradle\8.13\checksums)"        [_thread_blocked, id=19500, stack(0x0000003ce6700000,0x0000003ce6800000) (1024K)]
  0x000001a0101c5290 JavaThread "Cache worker for file content cache (C:\Users\ADMIN\.gradle\caches\8.13\fileContent)"        [_thread_blocked, id=23148, stack(0x0000003ce6800000,0x0000003ce6900000) (1024K)]
  0x000001a0101c4c00 JavaThread "jar transforms Thread 3"           [_thread_blocked, id=24496, stack(0x0000003ce6900000,0x0000003ce6a00000) (1024K)]
  0x000001a0101c5920 JavaThread "Cache worker for cache directory md-supplier (C:\Users\ADMIN\.gradle\caches\8.13\md-supplier)"        [_thread_blocked, id=19548, stack(0x0000003ce6a00000,0x0000003ce6b00000) (1024K)]
  0x000001a012ca0dc0 JavaThread "Cache worker for cache directory md-rule (C:\Users\ADMIN\.gradle\caches\8.13\md-rule)"        [_thread_blocked, id=15552, stack(0x0000003ce6b00000,0x0000003ce6c00000) (1024K)]
  0x000001a012ca4240 JavaThread "Unconstrained build operations"        [_thread_blocked, id=16796, stack(0x0000003ce6c00000,0x0000003ce6d00000) (1024K)]
  0x000001a012ca2170 JavaThread "Unconstrained build operations Thread 2"        [_thread_blocked, id=11168, stack(0x0000003ce6d00000,0x0000003ce6e00000) (1024K)]
  0x000001a012ca3bb0 JavaThread "Unconstrained build operations Thread 3"        [_thread_blocked, id=9724, stack(0x0000003ce6e00000,0x0000003ce6f00000) (1024K)]
  0x000001a012ca2e90 JavaThread "Unconstrained build operations Thread 4"        [_thread_blocked, id=7528, stack(0x0000003ce6f00000,0x0000003ce7000000) (1024K)]
  0x000001a012ca3520 JavaThread "Unconstrained build operations Thread 5"        [_thread_blocked, id=2940, stack(0x0000003ce7000000,0x0000003ce7100000) (1024K)]
  0x000001a012ca48d0 JavaThread "Unconstrained build operations Thread 6"        [_thread_blocked, id=21804, stack(0x0000003ce7100000,0x0000003ce7200000) (1024K)]
  0x000001a012ca1450 JavaThread "Unconstrained build operations Thread 7"        [_thread_blocked, id=12324, stack(0x0000003ce7200000,0x0000003ce7300000) (1024K)]
  0x000001a012ca1ae0 JavaThread "Unconstrained build operations Thread 8"        [_thread_blocked, id=9000, stack(0x0000003ce7300000,0x0000003ce7400000) (1024K)]
  0x000001a012ca7030 JavaThread "Unconstrained build operations Thread 9"        [_thread_blocked, id=8844, stack(0x0000003ce7400000,0x0000003ce7500000) (1024K)]
  0x000001a012ca69a0 JavaThread "Unconstrained build operations Thread 10"        [_thread_blocked, id=16580, stack(0x0000003ce7500000,0x0000003ce7600000) (1024K)]
  0x000001a012ca5c80 JavaThread "Unconstrained build operations Thread 11"        [_thread_blocked, id=18604, stack(0x0000003ce7600000,0x0000003ce7700000) (1024K)]
  0x000001a012ca76c0 JavaThread "Unconstrained build operations Thread 12"        [_thread_blocked, id=21048, stack(0x0000003ce7700000,0x0000003ce7800000) (1024K)]
  0x000001a012ca55f0 JavaThread "Unconstrained build operations Thread 13"        [_thread_blocked, id=20548, stack(0x0000003ce7800000,0x0000003ce7900000) (1024K)]
  0x000001a012ca7d50 JavaThread "Unconstrained build operations Thread 14"        [_thread_blocked, id=22488, stack(0x0000003ce7900000,0x0000003ce7a00000) (1024K)]
  0x000001a012ca6310 JavaThread "Unconstrained build operations Thread 15"        [_thread_blocked, id=22172, stack(0x0000003ce7a00000,0x0000003ce7b00000) (1024K)]
  0x000001a012ca83e0 JavaThread "Unconstrained build operations Thread 16"        [_thread_blocked, id=11824, stack(0x0000003ce7b00000,0x0000003ce7c00000) (1024K)]
  0x000001a012ca4f60 JavaThread "Unconstrained build operations Thread 17"        [_thread_blocked, id=19024, stack(0x0000003ce7c00000,0x0000003ce7d00000) (1024K)]
  0x000001a0124b6780 JavaThread "Unconstrained build operations Thread 18"        [_thread_blocked, id=2896, stack(0x0000003ce7d00000,0x0000003ce7e00000) (1024K)]
  0x000001a0124b4020 JavaThread "Unconstrained build operations Thread 19"        [_thread_blocked, id=21548, stack(0x0000003ce7e00000,0x0000003ce7f00000) (1024K)]
  0x000001a0124b60f0 JavaThread "Unconstrained build operations Thread 20"        [_thread_blocked, id=11140, stack(0x0000003ce7f00000,0x0000003ce8000000) (1024K)]
  0x000001a0124b6e10 JavaThread "jar transforms Thread 4"           [_thread_blocked, id=23256, stack(0x0000003ce8000000,0x0000003ce8100000) (1024K)]
  0x000001a0124b46b0 JavaThread "jar transforms Thread 5"           [_thread_blocked, id=17512, stack(0x0000003ce8100000,0x0000003ce8200000) (1024K)]
  0x000001a0124b53d0 JavaThread "Unconstrained build operations Thread 21"        [_thread_blocked, id=18776, stack(0x0000003ce8200000,0x0000003ce8300000) (1024K)]
  0x000001a0124b5a60 JavaThread "Unconstrained build operations Thread 22"        [_thread_blocked, id=18212, stack(0x0000003ce8300000,0x0000003ce8400000) (1024K)]
  0x000001a0124b4d40 JavaThread "Unconstrained build operations Thread 23"        [_thread_blocked, id=21856, stack(0x0000003ce8400000,0x0000003ce8500000) (1024K)]
  0x000001a012defad0 JavaThread "Unconstrained build operations Thread 24"        [_thread_blocked, id=16212, stack(0x0000003ce8500000,0x0000003ce8600000) (1024K)]
  0x000001a012dee090 JavaThread "Unconstrained build operations Thread 25"        [_thread_blocked, id=24188, stack(0x0000003ce8600000,0x0000003ce8700000) (1024K)]
  0x000001a012df07f0 JavaThread "Unconstrained build operations Thread 26"        [_thread_blocked, id=19448, stack(0x0000003ce8700000,0x0000003ce8800000) (1024K)]
  0x000001a012df1510 JavaThread "Unconstrained build operations Thread 27"        [_thread_blocked, id=12772, stack(0x0000003ce8800000,0x0000003ce8900000) (1024K)]
  0x000001a012def440 JavaThread "Unconstrained build operations Thread 28"        [_thread_blocked, id=22524, stack(0x0000003ce8900000,0x0000003ce8a00000) (1024K)]
  0x000001a012deedb0 JavaThread "Unconstrained build operations Thread 29"        [_thread_blocked, id=17384, stack(0x0000003ce8a00000,0x0000003ce8b00000) (1024K)]
  0x000001a012df0160 JavaThread "Unconstrained build operations Thread 30"        [_thread_blocked, id=18888, stack(0x0000003ce8b00000,0x0000003ce8c00000) (1024K)]
  0x000001a012df0e80 JavaThread "jar transforms Thread 6"           [_thread_blocked, id=12100, stack(0x0000003ce8c00000,0x0000003ce8d00000) (1024K)]
  0x000001a012df1ba0 JavaThread "jar transforms Thread 7"           [_thread_blocked, id=16664, stack(0x0000003ce8d00000,0x0000003ce8e00000) (1024K)]
  0x000001a012dee720 JavaThread "jar transforms Thread 8"           [_thread_blocked, id=14552, stack(0x0000003ce8e00000,0x0000003ce8f00000) (1024K)]
  0x000001a012df3c70 JavaThread "Unconstrained build operations Thread 31"        [_thread_blocked, id=19812, stack(0x0000003ce8f00000,0x0000003ce9000000) (1024K)]
  0x000001a010c876f0 JavaThread "Unconstrained build operations Thread 32"        [_thread_blocked, id=4680, stack(0x0000003ce9000000,0x0000003ce9100000) (1024K)]
  0x000001a010c87d80 JavaThread "Unconstrained build operations Thread 33"        [_thread_blocked, id=12940, stack(0x0000003ce9100000,0x0000003ce9200000) (1024K)]
  0x000001a010c87060 JavaThread "Unconstrained build operations Thread 34"        [_thread_blocked, id=20100, stack(0x0000003ce9200000,0x0000003ce9300000) (1024K)]
  0x000001a010c89e50 JavaThread "Unconstrained build operations Thread 35"        [_thread_blocked, id=22016, stack(0x0000003ce9300000,0x0000003ce9400000) (1024K)]
  0x000001a010c869d0 JavaThread "Unconstrained build operations Thread 36"        [_thread_blocked, id=7124, stack(0x0000003ce9400000,0x0000003ce9500000) (1024K)]
  0x000001a010c897c0 JavaThread "Unconstrained build operations Thread 37"        [_thread_blocked, id=5116, stack(0x0000003ce9500000,0x0000003ce9600000) (1024K)]
  0x000001a010c88410 JavaThread "Unconstrained build operations Thread 38"        [_thread_blocked, id=4132, stack(0x0000003ce9600000,0x0000003ce9700000) (1024K)]
  0x000001a010c88aa0 JavaThread "Unconstrained build operations Thread 39"        [_thread_blocked, id=17816, stack(0x0000003ce9700000,0x0000003ce9800000) (1024K)]
  0x000001a010c8a4e0 JavaThread "Unconstrained build operations Thread 40"        [_thread_blocked, id=5056, stack(0x0000003ce9800000,0x0000003ce9900000) (1024K)]
  0x000001a010c8c5b0 JavaThread "Unconstrained build operations Thread 41"        [_thread_blocked, id=17392, stack(0x0000003ce9900000,0x0000003ce9a00000) (1024K)]
  0x000001a010c8ab70 JavaThread "Unconstrained build operations Thread 42"        [_thread_blocked, id=10268, stack(0x0000003ce9a00000,0x0000003ce9b00000) (1024K)]
  0x000001a010c8bf20 JavaThread "Unconstrained build operations Thread 43"        [_thread_blocked, id=22904, stack(0x0000003ce9b00000,0x0000003ce9c00000) (1024K)]
  0x000001a010c89130 JavaThread "Unconstrained build operations Thread 44"        [_thread_blocked, id=21888, stack(0x0000003ce9c00000,0x0000003ce9d00000) (1024K)]
  0x000001a010c8cc40 JavaThread "Unconstrained build operations Thread 45"        [_thread_blocked, id=18816, stack(0x0000003ce9d00000,0x0000003ce9e00000) (1024K)]
  0x000001a010c8b200 JavaThread "Unconstrained build operations Thread 46"        [_thread_blocked, id=4720, stack(0x0000003ce9e00000,0x0000003ce9f00000) (1024K)]
  0x000001a010c8d2d0 JavaThread "Unconstrained build operations Thread 47"        [_thread_blocked, id=22408, stack(0x0000003ce9f00000,0x0000003cea000000) (1024K)]
  0x000001a010c8d960 JavaThread "Unconstrained build operations Thread 48"        [_thread_blocked, id=2840, stack(0x0000003cea000000,0x0000003cea100000) (1024K)]
  0x000001a010c8dff0 JavaThread "Unconstrained build operations Thread 49"        [_thread_blocked, id=15372, stack(0x0000003cea100000,0x0000003cea200000) (1024K)]
  0x000001a010c8b890 JavaThread "Unconstrained build operations Thread 50"        [_thread_blocked, id=12252, stack(0x0000003cea200000,0x0000003cea300000) (1024K)]
  0x000001a010a4eec0 JavaThread "Unconstrained build operations Thread 51"        [_thread_blocked, id=18576, stack(0x0000003cea300000,0x0000003cea400000) (1024K)]
  0x000001a010a4e1a0 JavaThread "Unconstrained build operations Thread 52"        [_thread_blocked, id=15736, stack(0x0000003cea400000,0x0000003cea500000) (1024K)]
  0x000001a010a4fbe0 JavaThread "Unconstrained build operations Thread 53"        [_thread_blocked, id=8372, stack(0x0000003cea500000,0x0000003cea600000) (1024K)]
  0x000001a010a4db10 JavaThread "Unconstrained build operations Thread 54"        [_thread_blocked, id=10212, stack(0x0000003cea600000,0x0000003cea700000) (1024K)]
  0x000001a010a51620 JavaThread "Unconstrained build operations Thread 55"        [_thread_blocked, id=15204, stack(0x0000003cea700000,0x0000003cea800000) (1024K)]
  0x000001a010a50270 JavaThread "Unconstrained build operations Thread 56"        [_thread_blocked, id=22732, stack(0x0000003cea800000,0x0000003cea900000) (1024K)]
  0x000001a010a51cb0 JavaThread "Unconstrained build operations Thread 57"        [_thread_blocked, id=13576, stack(0x0000003cea900000,0x0000003ceaa00000) (1024K)]
  0x000001a010a50f90 JavaThread "Unconstrained build operations Thread 58"        [_thread_blocked, id=10752, stack(0x0000003ceaa00000,0x0000003ceab00000) (1024K)]
  0x000001a010a50900 JavaThread "Unconstrained build operations Thread 59"        [_thread_blocked, id=4860, stack(0x0000003ceab00000,0x0000003ceac00000) (1024K)]
  0x000001a010a4e830 JavaThread "Unconstrained build operations Thread 60"        [_thread_blocked, id=10852, stack(0x0000003ceac00000,0x0000003cead00000) (1024K)]
  0x000001a010a52340 JavaThread "Unconstrained build operations Thread 61"        [_thread_blocked, id=21068, stack(0x0000003cead00000,0x0000003ceae00000) (1024K)]
  0x000001a010a529d0 JavaThread "Unconstrained build operations Thread 62"        [_thread_blocked, id=21448, stack(0x0000003ceae00000,0x0000003ceaf00000) (1024K)]
  0x000001a010a4f550 JavaThread "Unconstrained build operations Thread 63"        [_thread_blocked, id=11184, stack(0x0000003ceaf00000,0x0000003ceb000000) (1024K)]
  0x000001a010a53d80 JavaThread "Unconstrained build operations Thread 64"        [_thread_blocked, id=24088, stack(0x0000003ceb000000,0x0000003ceb100000) (1024K)]
  0x000001a010a53060 JavaThread "Unconstrained build operations Thread 65"        [_thread_blocked, id=21760, stack(0x0000003ceb100000,0x0000003ceb200000) (1024K)]
  0x000001a010a536f0 JavaThread "Unconstrained build operations Thread 66"        [_thread_blocked, id=15244, stack(0x0000003ceb200000,0x0000003ceb300000) (1024K)]
  0x000001a010a54410 JavaThread "Unconstrained build operations Thread 67"        [_thread_blocked, id=8784, stack(0x0000003ceb300000,0x0000003ceb400000) (1024K)]
  0x000001a010a54aa0 JavaThread "Unconstrained build operations Thread 68"        [_thread_blocked, id=2216, stack(0x0000003ceb400000,0x0000003ceb500000) (1024K)]
  0x000001a010a55130 JavaThread "Unconstrained build operations Thread 69"        [_thread_blocked, id=20248, stack(0x0000003ceb500000,0x0000003ceb600000) (1024K)]
  0x000001a015ac4010 JavaThread "Unconstrained build operations Thread 70"        [_thread_blocked, id=19136, stack(0x0000003ceb600000,0x0000003ceb700000) (1024K)]
  0x000001a015ac2c60 JavaThread "Unconstrained build operations Thread 71"        [_thread_blocked, id=24416, stack(0x0000003ceb700000,0x0000003ceb800000) (1024K)]
  0x000001a015ac46a0 JavaThread "Unconstrained build operations Thread 72"        [_thread_blocked, id=2520, stack(0x0000003ceb800000,0x0000003ceb900000) (1024K)]
  0x000001a015ac4d30 JavaThread "Unconstrained build operations Thread 73"        [_thread_blocked, id=3396, stack(0x0000003ceb900000,0x0000003ceba00000) (1024K)]
  0x000001a015ac53c0 JavaThread "Unconstrained build operations Thread 74"        [_thread_blocked, id=1916, stack(0x0000003ceba00000,0x0000003cebb00000) (1024K)]
  0x000001a015ac32f0 JavaThread "Unconstrained build operations Thread 75"        [_thread_blocked, id=20972, stack(0x0000003cebb00000,0x0000003cebc00000) (1024K)]
  0x000001a015ac25d0 JavaThread "jar transforms Thread 9"           [_thread_blocked, id=8680, stack(0x0000003cebd00000,0x0000003cebe00000) (1024K)]
  0x000001a07e941f90 JavaThread "build event listener"              [_thread_blocked, id=1684, stack(0x0000003ce6600000,0x0000003ce6700000) (1024K)]
  0x000001a07e940550 JavaThread "Memory manager"                    [_thread_blocked, id=2280, stack(0x0000003cebc00000,0x0000003cebd00000) (1024K)]
  0x000001a07e945410 JavaThread "build event listener"              [_thread_blocked, id=19164, stack(0x0000003cebe00000,0x0000003cebf00000) (1024K)]
  0x000001a0135ae7c0 JavaThread "jar transforms Thread 10"          [_thread_blocked, id=17020, stack(0x0000003cebf00000,0x0000003cec000000) (1024K)]
  0x000001a00f3a9ba0 JavaThread "Problems report writer"            [_thread_blocked, id=21332, stack(0x0000003cec000000,0x0000003cec100000) (1024K)]
  0x000001a014d1b8a0 JavaThread "pool-3-thread-1"                   [_thread_blocked, id=10388, stack(0x0000003ce4300000,0x0000003ce4400000) (1024K)]
  0x000001a014d1cc50 JavaThread "build event listener"              [_thread_blocked, id=7888, stack(0x0000003cec100000,0x0000003cec200000) (1024K)]
  0x000001a014d1c5c0 JavaThread "included builds"                   [_thread_blocked, id=10704, stack(0x0000003cec200000,0x0000003cec300000) (1024K)]
  0x000001a014d1bf30 JavaThread "Execution worker"                  [_thread_blocked, id=12960, stack(0x0000003cec300000,0x0000003cec400000) (1024K)]
  0x000001a014d20760 JavaThread "Execution worker Thread 2"         [_thread_blocked, id=17160, stack(0x0000003cec400000,0x0000003cec500000) (1024K)]
  0x000001a014d1e000 JavaThread "Execution worker Thread 3"         [_thread_blocked, id=16424, stack(0x0000003cec500000,0x0000003cec600000) (1024K)]
  0x000001a014d1ed20 JavaThread "Execution worker Thread 4"         [_thread_blocked, id=22860, stack(0x0000003cec600000,0x0000003cec700000) (1024K)]
  0x000001a014d200d0 JavaThread "Execution worker Thread 5"         [_thread_blocked, id=9588, stack(0x0000003cec700000,0x0000003cec800000) (1024K)]
  0x000001a014d1f3b0 JavaThread "Execution worker Thread 6"         [_thread_blocked, id=12248, stack(0x0000003cec800000,0x0000003cec900000) (1024K)]
  0x000001a014d1d970 JavaThread "Execution worker Thread 7"         [_thread_blocked, id=17536, stack(0x0000003cec900000,0x0000003ceca00000) (1024K)]
  0x000001a014d1d2e0 JavaThread "Execution worker Thread 8"         [_thread_blocked, id=11640, stack(0x0000003ceca00000,0x0000003cecb00000) (1024K)]
  0x000001a014d20df0 JavaThread "Execution worker Thread 9"         [_thread_blocked, id=10736, stack(0x0000003cecb00000,0x0000003cecc00000) (1024K)]
  0x000001a014d21480 JavaThread "Execution worker Thread 10"        [_thread_blocked, id=15668, stack(0x0000003cecc00000,0x0000003cecd00000) (1024K)]
  0x000001a014d1fa40 JavaThread "Execution worker Thread 11"        [_thread_blocked, id=24096, stack(0x0000003cecd00000,0x0000003cece00000) (1024K)]
  0x000001a014d21b10 JavaThread "Execution worker Thread 12"        [_thread_blocked, id=23484, stack(0x0000003cece00000,0x0000003cecf00000) (1024K)]
  0x000001a014d1e690 JavaThread "Execution worker Thread 13"        [_thread_blocked, id=10812, stack(0x0000003cecf00000,0x0000003ced000000) (1024K)]
  0x000001a014d25620 JavaThread "Execution worker Thread 14"        [_thread_blocked, id=21364, stack(0x0000003ced000000,0x0000003ced100000) (1024K)]
  0x000001a014d24900 JavaThread "Execution worker Thread 15"        [_thread_blocked, id=22292, stack(0x0000003ced100000,0x0000003ced200000) (1024K)]
  0x000001a014d22830 JavaThread "Cache worker for execution history cache (D:\AndroidStudioProjects\DACN_1\FinFit\.gradle\8.13\executionHistory)"        [_thread_blocked, id=5268, stack(0x0000003ced200000,0x0000003ced300000) (1024K)]
  0x000001a014d22ec0 JavaThread "Unconstrained build operations Thread 76"        [_thread_blocked, id=18180, stack(0x0000003ced300000,0x0000003ced400000) (1024K)]
  0x000001a014d23550 JavaThread "Unconstrained build operations Thread 77"        [_thread_blocked, id=16416, stack(0x0000003ced400000,0x0000003ced500000) (1024K)]
  0x000001a014d23be0 JavaThread "Unconstrained build operations Thread 78"        [_thread_blocked, id=9960, stack(0x0000003ced500000,0x0000003ced600000) (1024K)]
  0x000001a014d24270 JavaThread "Unconstrained build operations Thread 79"        [_thread_blocked, id=20092, stack(0x0000003ced600000,0x0000003ced700000) (1024K)]
  0x000001a014d221a0 JavaThread "Unconstrained build operations Thread 80"        [_thread_blocked, id=22752, stack(0x0000003ced700000,0x0000003ced800000) (1024K)]
  0x000001a014d27d80 JavaThread "Unconstrained build operations Thread 81"        [_thread_blocked, id=19576, stack(0x0000003ced800000,0x0000003ced900000) (1024K)]
  0x000001a014d29130 JavaThread "Unconstrained build operations Thread 82"        [_thread_blocked, id=20436, stack(0x0000003ced900000,0x0000003ceda00000) (1024K)]
  0x000001a014d26340 JavaThread "Unconstrained build operations Thread 83"        [_thread_blocked, id=18752, stack(0x0000003ceda00000,0x0000003cedb00000) (1024K)]
  0x000001a014d269d0 JavaThread "Unconstrained build operations Thread 84"        [_thread_blocked, id=4372, stack(0x0000003cedb00000,0x0000003cedc00000) (1024K)]
  0x000001a014d27060 JavaThread "Unconstrained build operations Thread 85"        [_thread_blocked, id=22356, stack(0x0000003cedc00000,0x0000003cedd00000) (1024K)]
  0x000001a014d28410 JavaThread "Unconstrained build operations Thread 86"        [_thread_blocked, id=21160, stack(0x0000003cedd00000,0x0000003cede00000) (1024K)]
  0x000001a014d276f0 JavaThread "Unconstrained build operations Thread 87"        [_thread_blocked, id=13628, stack(0x0000003cede00000,0x0000003cedf00000) (1024K)]
  0x000001a014d25cb0 JavaThread "Unconstrained build operations Thread 88"        [_thread_blocked, id=2148, stack(0x0000003cedf00000,0x0000003cee000000) (1024K)]
  0x000001a014d28aa0 JavaThread "Unconstrained build operations Thread 89"        [_thread_blocked, id=15964, stack(0x0000003cee000000,0x0000003cee100000) (1024K)]
  0x000001a014d297c0 JavaThread "Unconstrained build operations Thread 90"        [_thread_blocked, id=10924, stack(0x0000003cee100000,0x0000003cee200000) (1024K)]
  0x000001a015560960 JavaThread "C2 CompilerThread3"         daemon [_thread_blocked, id=17888, stack(0x0000003cee200000,0x0000003cee300000) (1024K)]
  0x000001a0135afb70 JavaThread "Unconstrained build operations Thread 91"        [_thread_blocked, id=21428, stack(0x0000003cee300000,0x0000003cee400000) (1024K)]
  0x000001a0135b0200 JavaThread "Unconstrained build operations Thread 92"        [_thread_blocked, id=2112, stack(0x0000003cee400000,0x0000003cee500000) (1024K)]
  0x000001a0135b0890 JavaThread "Unconstrained build operations Thread 93"        [_thread_blocked, id=17760, stack(0x0000003cee500000,0x0000003cee600000) (1024K)]
  0x000001a00f3aea60 JavaThread "Unconstrained build operations Thread 94"        [_thread_blocked, id=16852, stack(0x0000003cee600000,0x0000003cee700000) (1024K)]
  0x000001a00f3abc70 JavaThread "Unconstrained build operations Thread 95"        [_thread_blocked, id=20272, stack(0x0000003cee700000,0x0000003cee800000) (1024K)]
  0x000001a00f3af0f0 JavaThread "Unconstrained build operations Thread 96"        [_thread_blocked, id=3720, stack(0x0000003cee800000,0x0000003cee900000) (1024K)]
  0x000001a00f3ac300 JavaThread "Unconstrained build operations Thread 97"        [_thread_blocked, id=7952, stack(0x0000003cee900000,0x0000003ceea00000) (1024K)]
  0x000001a00f3ad6b0 JavaThread "Unconstrained build operations Thread 98"        [_thread_blocked, id=23104, stack(0x0000003ceea00000,0x0000003ceeb00000) (1024K)]
  0x000001a07e944060 JavaThread "Unconstrained build operations Thread 99"        [_thread_blocked, id=7980, stack(0x0000003ceeb00000,0x0000003ceec00000) (1024K)]
  0x000001a07e940be0 JavaThread "Unconstrained build operations Thread 100"        [_thread_blocked, id=18144, stack(0x0000003ceec00000,0x0000003ceed00000) (1024K)]
  0x000001a07e9474e0 JavaThread "Unconstrained build operations Thread 101"        [_thread_blocked, id=13128, stack(0x0000003ceed00000,0x0000003ceee00000) (1024K)]
  0x000001a07e947b70 JavaThread "Unconstrained build operations Thread 102"        [_thread_blocked, id=5508, stack(0x0000003ceee00000,0x0000003ceef00000) (1024K)]
  0x000001a012df35e0 JavaThread "Unconstrained build operations Thread 103"        [_thread_blocked, id=16932, stack(0x0000003ceef00000,0x0000003cef000000) (1024K)]
  0x000001a014574ef0 JavaThread "Unconstrained build operations Thread 104"        [_thread_blocked, id=17664, stack(0x0000003cef000000,0x0000003cef100000) (1024K)]
  0x000001a0145762a0 JavaThread "Unconstrained build operations Thread 105"        [_thread_blocked, id=23032, stack(0x0000003cef100000,0x0000003cef200000) (1024K)]
  0x000001a0145734b0 JavaThread "Unconstrained build operations Thread 106"        [_thread_blocked, id=23044, stack(0x0000003cef200000,0x0000003cef300000) (1024K)]
  0x000001a014575c10 JavaThread "Unconstrained build operations Thread 107"        [_thread_blocked, id=9336, stack(0x0000003cef300000,0x0000003cef400000) (1024K)]
  0x000001a014575580 JavaThread "Unconstrained build operations Thread 108"        [_thread_blocked, id=18192, stack(0x0000003cef400000,0x0000003cef500000) (1024K)]
  0x000001a014574860 JavaThread "Unconstrained build operations Thread 109"        [_thread_blocked, id=23076, stack(0x0000003cef500000,0x0000003cef600000) (1024K)]
  0x000001a014572e20 JavaThread "Unconstrained build operations Thread 110"        [_thread_blocked, id=15948, stack(0x0000003cef600000,0x0000003cef700000) (1024K)]
  0x000001a014576930 JavaThread "Unconstrained build operations Thread 111"        [_thread_blocked, id=2888, stack(0x0000003cef700000,0x0000003cef800000) (1024K)]
  0x000001a014576fc0 JavaThread "Unconstrained build operations Thread 112"        [_thread_blocked, id=7664, stack(0x0000003cef800000,0x0000003cef900000) (1024K)]
  0x000001a014577650 JavaThread "Unconstrained build operations Thread 113"        [_thread_blocked, id=3628, stack(0x0000003cef900000,0x0000003cefa00000) (1024K)]
  0x000001a0145741d0 JavaThread "Unconstrained build operations Thread 114"        [_thread_blocked, id=19176, stack(0x0000003cefa00000,0x0000003cefb00000) (1024K)]
  0x000001a014578a00 JavaThread "Unconstrained build operations Thread 115"        [_thread_blocked, id=10312, stack(0x0000003cefb00000,0x0000003cefc00000) (1024K)]
  0x000001a014579720 JavaThread "Unconstrained build operations Thread 116"        [_thread_blocked, id=16708, stack(0x0000003cefc00000,0x0000003cefd00000) (1024K)]
  0x000001a01457aad0 JavaThread "Unconstrained build operations Thread 117"        [_thread_blocked, id=17036, stack(0x0000003cefd00000,0x0000003cefe00000) (1024K)]
  0x000001a014577ce0 JavaThread "Unconstrained build operations Thread 118"        [_thread_blocked, id=16856, stack(0x0000003cefe00000,0x0000003ceff00000) (1024K)]
  0x000001a014579db0 JavaThread "Unconstrained build operations Thread 119"        [_thread_blocked, id=14308, stack(0x0000003ceff00000,0x0000003cf0000000) (1024K)]
  0x000001a01457b160 JavaThread "Unconstrained build operations Thread 120"        [_thread_blocked, id=18096, stack(0x0000003cf0000000,0x0000003cf0100000) (1024K)]
  0x000001a014c31990 JavaThread "C2 CompilerThread4"         daemon [_thread_blocked, id=3028, stack(0x0000003cf0100000,0x0000003cf0200000) (1024K)]
  0x000001a07f518750 JavaThread "C2 CompilerThread5"         daemon [_thread_blocked, id=3552, stack(0x0000003cf0200000,0x0000003cf0300000) (1024K)]
  0x000001a01457b7f0 JavaThread "Unconstrained build operations Thread 121"        [_thread_blocked, id=8856, stack(0x0000003cf0400000,0x0000003cf0500000) (1024K)]
  0x000001a01457a440 JavaThread "Unconstrained build operations Thread 122"        [_thread_blocked, id=15548, stack(0x0000003cf0500000,0x0000003cf0600000) (1024K)]
  0x000001a014578370 JavaThread "Unconstrained build operations Thread 123"        [_thread_blocked, id=8772, stack(0x0000003cf0600000,0x0000003cf0700000) (1024K)]
  0x000001a01457f300 JavaThread "Unconstrained build operations Thread 124"        [_thread_blocked, id=17260, stack(0x0000003cf0700000,0x0000003cf0800000) (1024K)]
  0x000001a01457ec70 JavaThread "Unconstrained build operations Thread 125"        [_thread_blocked, id=18044, stack(0x0000003cf0800000,0x0000003cf0900000) (1024K)]
  0x000001a01457c510 JavaThread "Unconstrained build operations Thread 126"        [_thread_blocked, id=21756, stack(0x0000003cf0900000,0x0000003cf0a00000) (1024K)]
  0x000001a01457be80 JavaThread "Unconstrained build operations Thread 127"        [_thread_blocked, id=6920, stack(0x0000003cf0a00000,0x0000003cf0b00000) (1024K)]
  0x000001a014580020 JavaThread "Unconstrained build operations Thread 128"        [_thread_blocked, id=2584, stack(0x0000003cf0b00000,0x0000003cf0c00000) (1024K)]
  0x000001a01457f990 JavaThread "Unconstrained build operations Thread 129"        [_thread_blocked, id=9688, stack(0x0000003cf0c00000,0x0000003cf0d00000) (1024K)]
  0x000001a0145806b0 JavaThread "Unconstrained build operations Thread 130"        [_thread_blocked, id=14136, stack(0x0000003cf0d00000,0x0000003cf0e00000) (1024K)]
  0x000001a01457d8c0 JavaThread "Unconstrained build operations Thread 131"        [_thread_blocked, id=1616, stack(0x0000003cf0e00000,0x0000003cf0f00000) (1024K)]
  0x000001a01457df50 JavaThread "Unconstrained build operations Thread 132"        [_thread_blocked, id=16596, stack(0x0000003cf0f00000,0x0000003cf1000000) (1024K)]
  0x000001a01457e5e0 JavaThread "Unconstrained build operations Thread 133"        [_thread_blocked, id=4780, stack(0x0000003cf1000000,0x0000003cf1100000) (1024K)]
  0x000001a01457d230 JavaThread "Unconstrained build operations Thread 134"        [_thread_blocked, id=18884, stack(0x0000003cf1100000,0x0000003cf1200000) (1024K)]
  0x000001a01457cba0 JavaThread "Unconstrained build operations Thread 135"        [_thread_blocked, id=12972, stack(0x0000003cf1200000,0x0000003cf1300000) (1024K)]
  0x000001a014580d40 JavaThread "Unconstrained build operations Thread 136"        [_thread_blocked, id=17736, stack(0x0000003cf1300000,0x0000003cf1400000) (1024K)]
  0x000001a0145813d0 JavaThread "Unconstrained build operations Thread 137"        [_thread_blocked, id=19788, stack(0x0000003cf1400000,0x0000003cf1500000) (1024K)]
  0x000001a014581a60 JavaThread "Unconstrained build operations Thread 138"        [_thread_blocked, id=22272, stack(0x0000003cf1500000,0x0000003cf1600000) (1024K)]
  0x000001a0145820f0 JavaThread "Unconstrained build operations Thread 139"        [_thread_blocked, id=3388, stack(0x0000003cf1600000,0x0000003cf1700000) (1024K)]
  0x000001a00f930d20 JavaThread "Unconstrained build operations Thread 140"        [_thread_blocked, id=15808, stack(0x0000003cf1700000,0x0000003cf1800000) (1024K)]
  0x000001a00f933480 JavaThread "Unconstrained build operations Thread 141"        [_thread_blocked, id=10104, stack(0x0000003cf1800000,0x0000003cf1900000) (1024K)]
  0x000001a00f932df0 JavaThread "Unconstrained build operations Thread 142"        [_thread_blocked, id=20104, stack(0x0000003cf1900000,0x0000003cf1a00000) (1024K)]
  0x000001a00f934830 JavaThread "Unconstrained build operations Thread 143"        [_thread_blocked, id=14972, stack(0x0000003cf1a00000,0x0000003cf1b00000) (1024K)]
  0x000001a00f9341a0 JavaThread "Unconstrained build operations Thread 144"        [_thread_blocked, id=13608, stack(0x0000003cf1b00000,0x0000003cf1c00000) (1024K)]
  0x000001a00f933b10 JavaThread "Unconstrained build operations Thread 145"        [_thread_blocked, id=12184, stack(0x0000003cf1c00000,0x0000003cf1d00000) (1024K)]
  0x000001a00f932760 JavaThread "Unconstrained build operations Thread 146"        [_thread_blocked, id=4504, stack(0x0000003cf1d00000,0x0000003cf1e00000) (1024K)]
  0x000001a00f9313b0 JavaThread "Unconstrained build operations Thread 147"        [_thread_blocked, id=17500, stack(0x0000003cf1e00000,0x0000003cf1f00000) (1024K)]
  0x000001a00f934ec0 JavaThread "Unconstrained build operations Thread 148"        [_thread_blocked, id=22640, stack(0x0000003cf1f00000,0x0000003cf2000000) (1024K)]
  0x000001a00f9320d0 JavaThread "Unconstrained build operations Thread 149"        [_thread_blocked, id=21220, stack(0x0000003cf2000000,0x0000003cf2100000) (1024K)]
  0x000001a00f931a40 JavaThread "Unconstrained build operations Thread 150"        [_thread_blocked, id=16912, stack(0x0000003cf2100000,0x0000003cf2200000) (1024K)]
  0x000001a00f935be0 JavaThread "Unconstrained build operations Thread 151"        [_thread_blocked, id=7812, stack(0x0000003cf2200000,0x0000003cf2300000) (1024K)]
  0x000001a00f9389d0 JavaThread "Unconstrained build operations Thread 152"        [_thread_blocked, id=14540, stack(0x0000003cf2300000,0x0000003cf2400000) (1024K)]
  0x000001a00f938340 JavaThread "Unconstrained build operations Thread 153"        [_thread_blocked, id=17680, stack(0x0000003cf2400000,0x0000003cf2500000) (1024K)]
  0x000001a00f935550 JavaThread "Unconstrained build operations Thread 154"        [_thread_blocked, id=19052, stack(0x0000003cf2500000,0x0000003cf2600000) (1024K)]
  0x000001a00f939060 JavaThread "Unconstrained build operations Thread 155"        [_thread_blocked, id=11288, stack(0x0000003cf2600000,0x0000003cf2700000) (1024K)]
  0x000001a00f9396f0 JavaThread "Unconstrained build operations Thread 156"        [_thread_blocked, id=9180, stack(0x0000003cf2700000,0x0000003cf2800000) (1024K)]
  0x000001a00f939d80 JavaThread "Unconstrained build operations Thread 157"        [_thread_blocked, id=17872, stack(0x0000003cf2800000,0x0000003cf2900000) (1024K)]
  0x000001a00f936900 JavaThread "Unconstrained build operations Thread 158"        [_thread_blocked, id=20812, stack(0x0000003cf2900000,0x0000003cf2a00000) (1024K)]
  0x000001a00f93a410 JavaThread "Unconstrained build operations Thread 159"        [_thread_blocked, id=13976, stack(0x0000003cf2c00000,0x0000003cf2d00000) (1024K)]
  0x000001a00f936f90 JavaThread "Unconstrained build operations Thread 160"        [_thread_blocked, id=16540, stack(0x0000003cf2d00000,0x0000003cf2e00000) (1024K)]
  0x000001a01b530090 JavaThread "WorkerExecutor Queue"              [_thread_blocked, id=19452, stack(0x0000003cf0300000,0x0000003cf0400000) (1024K)]
  0x000001a01b530720 JavaThread "WorkerExecutor Queue Thread 2"        [_thread_blocked, id=1840, stack(0x0000003cf2e00000,0x0000003cf2f00000) (1024K)]
  0x000001a01b531440 JavaThread "WorkerExecutor Queue Thread 3"        [_thread_blocked, id=21992, stack(0x0000003cf2f00000,0x0000003cf3000000) (1024K)]
  0x000001a01b52dfc0 JavaThread "WorkerExecutor Queue Thread 4"        [_thread_blocked, id=20908, stack(0x0000003cf3000000,0x0000003cf3100000) (1024K)]
  0x000001a01b52e650 JavaThread "WorkerExecutor Queue Thread 5"        [_thread_blocked, id=23236, stack(0x0000003cf3100000,0x0000003cf3200000) (1024K)]
  0x000001a01b532160 JavaThread "WorkerExecutor Queue Thread 6"        [_thread_blocked, id=13120, stack(0x0000003cf3200000,0x0000003cf3300000) (1024K)]
  0x000001a01b52ece0 JavaThread "WorkerExecutor Queue Thread 7"        [_thread_blocked, id=21852, stack(0x0000003cf3300000,0x0000003cf3400000) (1024K)]
  0x000001a01b5327f0 JavaThread "WorkerExecutor Queue Thread 8"        [_thread_blocked, id=21900, stack(0x0000003cf3400000,0x0000003cf3500000) (1024K)]
  0x000001a01b52f370 JavaThread "WorkerExecutor Queue Thread 9"        [_thread_blocked, id=23080, stack(0x0000003cf3500000,0x0000003cf3600000) (1024K)]
  0x000001a01b5355e0 JavaThread "WorkerExecutor Queue Thread 10"        [_thread_blocked, id=17792, stack(0x0000003cf3600000,0x0000003cf3700000) (1024K)]
  0x000001a01b533ba0 JavaThread "WorkerExecutor Queue Thread 11"        [_thread_blocked, id=19112, stack(0x0000003cf3700000,0x0000003cf3800000) (1024K)]
  0x000001a01b536300 JavaThread "WorkerExecutor Queue Thread 12"        [_thread_blocked, id=22480, stack(0x0000003cf3800000,0x0000003cf3900000) (1024K)]
  0x000001a01b532e80 JavaThread "WorkerExecutor Queue Thread 13"        [_thread_blocked, id=20424, stack(0x0000003cf3900000,0x0000003cf3a00000) (1024K)]
  0x000001a01b534f50 JavaThread "WorkerExecutor Queue Thread 14"        [_thread_blocked, id=10932, stack(0x0000003cf3a00000,0x0000003cf3b00000) (1024K)]
  0x000001a01b536990 JavaThread "WorkerExecutor Queue Thread 15"        [_thread_blocked, id=20400, stack(0x0000003cf3b00000,0x0000003cf3c00000) (1024K)]
  0x000001a01b534230 JavaThread "WorkerExecutor Queue Thread 16"        [_thread_blocked, id=4968, stack(0x0000003cf3c00000,0x0000003cf3d00000) (1024K)]
  0x000001a0166df7f0 JavaThread "C2 CompilerThread6"         daemon [_thread_blocked, id=7176, stack(0x0000003cf3d00000,0x0000003cf3e00000) (1024K)]
Total: 250

Other Threads:
=>0x000001a07922eb80 VMThread "VM Thread"                           [id=11620, stack(0x0000003ce3400000,0x0000003ce3500000) (1024K)]
  0x000001a0791e1130 WatcherThread "VM Periodic Task Thread"        [id=16428, stack(0x0000003ce3300000,0x0000003ce3400000) (1024K)]
  0x000001a06e488fa0 WorkerThread "GC Thread#0"                     [id=23160, stack(0x0000003ce2e00000,0x0000003ce2f00000) (1024K)]
  0x000001a07e6c0da0 WorkerThread "GC Thread#1"                     [id=20940, stack(0x0000003ce4400000,0x0000003ce4500000) (1024K)]
  0x000001a07e6c1140 WorkerThread "GC Thread#2"                     [id=3480, stack(0x0000003ce4500000,0x0000003ce4600000) (1024K)]
  0x000001a07e6c18f0 WorkerThread "GC Thread#3"                     [id=9716, stack(0x0000003ce4600000,0x0000003ce4700000) (1024K)]
  0x000001a07e90cb70 WorkerThread "GC Thread#4"                     [id=24172, stack(0x0000003ce4700000,0x0000003ce4800000) (1024K)]
  0x000001a07e90cf10 WorkerThread "GC Thread#5"                     [id=19392, stack(0x0000003ce4800000,0x0000003ce4900000) (1024K)]
  0x000001a0101f0100 WorkerThread "GC Thread#6"                     [id=18640, stack(0x0000003ce5400000,0x0000003ce5500000) (1024K)]
  0x000001a0100812c0 WorkerThread "GC Thread#7"                     [id=14116, stack(0x0000003ce5500000,0x0000003ce5600000) (1024K)]
  0x000001a010081660 WorkerThread "GC Thread#8"                     [id=18708, stack(0x0000003ce5600000,0x0000003ce5700000) (1024K)]
  0x000001a0100ab000 WorkerThread "GC Thread#9"                     [id=12128, stack(0x0000003ce5700000,0x0000003ce5800000) (1024K)]
  0x000001a0100aa8c0 WorkerThread "GC Thread#10"                    [id=13460, stack(0x0000003ce5800000,0x0000003ce5900000) (1024K)]
  0x000001a0100ab3a0 WorkerThread "GC Thread#11"                    [id=2668, stack(0x0000003ce5900000,0x0000003ce5a00000) (1024K)]
  0x000001a0100aac60 WorkerThread "GC Thread#12"                    [id=15752, stack(0x0000003ce5a00000,0x0000003ce5b00000) (1024K)]
  0x000001a06e499e90 ConcurrentGCThread "G1 Main Marker"            [id=23640, stack(0x0000003ce2f00000,0x0000003ce3000000) (1024K)]
  0x000001a06e49a8a0 WorkerThread "G1 Conc#0"                       [id=4888, stack(0x0000003ce3000000,0x0000003ce3100000) (1024K)]
  0x000001a0100ab740 WorkerThread "G1 Conc#1"                       [id=1884, stack(0x0000003ce5b00000,0x0000003ce5c00000) (1024K)]
  0x000001a0100abae0 WorkerThread "G1 Conc#2"                       [id=20492, stack(0x0000003ce5c00000,0x0000003ce5d00000) (1024K)]
  0x000001a06e4deae0 ConcurrentGCThread "G1 Refine#0"               [id=10916, stack(0x0000003ce3100000,0x0000003ce3200000) (1024K)]
  0x000001a0790b5540 ConcurrentGCThread "G1 Service"                [id=19308, stack(0x0000003ce3200000,0x0000003ce3300000) (1024K)]
Total: 21

Threads with active compile tasks:
C2 CompilerThread0  15962 22971       4       com.android.tools.r8.ir.optimize.z::a (563 bytes)
C2 CompilerThread1  15962 23280       4       com.android.tools.r8.internal.qa1::a (97 bytes)
C2 CompilerThread2  15962 20730 %     4       com.android.tools.r8.internal.l32::a @ 1747 (2024 bytes)
C2 CompilerThread3  15962 23238 %     4       com.android.tools.r8.internal.nv2::a @ 333 (500 bytes)
C2 CompilerThread4  15962 23070 %     4       com.android.tools.r8.internal.gt::a @ 5202 (7028 bytes)
C2 CompilerThread5  15962 23116       4       com.android.tools.r8.graph.u2::a (439 bytes)
C2 CompilerThread6  15962 23255 %     4       com.android.tools.r8.internal.l32::a @ 925 (3042 bytes)
Total: 7

VM state: at safepoint (normal execution)

VM Mutex/Monitor currently owned by a thread:  ([mutex/lock_event])
[0x00007ff8afb68690] Threads_lock - owner thread: 0x000001a07922eb80
[0x00007ff8afb68790] Heap_lock - owner thread: 0x000001a01b52e650

Heap address: 0x0000000700000000, size: 4096 MB, Compressed Oops mode: Zero based, Oop shift amount: 3

CDS archive(s) not mapped
Compressed class space mapped at: 0x0000000800000000-0x0000000834000000, reserved size: 872415232
Narrow klass base: 0x0000000800000000, Narrow klass shift: 0, Narrow klass range: 0x34000000

GC Precious Log:
 CardTable entry size: 512
 Card Set container configuration: InlinePtr #cards 4 size 8 Array Of Cards #cards 16 size 48 Howl #buckets 8 coarsen threshold 3686 Howl Bitmap #cards 512 size 80 coarsen threshold 460 Card regions per heap region 1 cards per card region 4096
 CPUs: 16 total, 16 available
 Memory: 16008M
 Large Page Support: Disabled
 NUMA Support: Disabled
 Compressed Oops: Enabled (Zero based)
 Heap Region Size: 2M
 Heap Min Capacity: 8M
 Heap Initial Capacity: 252M
 Heap Max Capacity: 4G
 Pre-touch: Disabled
 Parallel Workers: 13
 Concurrent Workers: 3
 Concurrent Refinement Workers: 13
 Periodic GC: Disabled

Heap:
 garbage-first heap   total 425984K, used 200956K [0x0000000700000000, 0x0000000800000000)
  region size 2048K, 7 young (14336K), 7 survivors (14336K)
 Metaspace       used 152654K, committed 155008K, reserved 1048576K
  class space    used 21994K, committed 23168K, reserved 851968K

Heap Regions: E=young(eden), S=young(survivor), O=old, HS=humongous(starts), HC=humongous(continues), CS=collection set, F=free, TAMS=top-at-mark-start, PB=parsable bottom
|   0|0x0000000700000000, 0x0000000700200000, 0x0000000700200000|100%|HS|  |TAMS 0x0000000700000000| PB 0x0000000700000000| Complete 
|   1|0x0000000700200000, 0x0000000700400000, 0x0000000700400000|100%|HC|  |TAMS 0x0000000700200000| PB 0x0000000700200000| Complete 
|   2|0x0000000700400000, 0x0000000700600000, 0x0000000700600000|100%| O|  |TAMS 0x0000000700400000| PB 0x0000000700400000| Untracked 
|   3|0x0000000700600000, 0x0000000700800000, 0x0000000700800000|100%| O|  |TAMS 0x0000000700600000| PB 0x0000000700600000| Untracked 
|   4|0x0000000700800000, 0x0000000700a00000, 0x0000000700a00000|100%| O|  |TAMS 0x0000000700800000| PB 0x0000000700800000| Untracked 
|   5|0x0000000700a00000, 0x0000000700c00000, 0x0000000700c00000|100%| O|  |TAMS 0x0000000700a00000| PB 0x0000000700a00000| Untracked 
|   6|0x0000000700c00000, 0x0000000700e00000, 0x0000000700e00000|100%| O|  |TAMS 0x0000000700c00000| PB 0x0000000700c00000| Untracked 
|   7|0x0000000700e00000, 0x0000000701000000, 0x0000000701000000|100%| O|  |TAMS 0x0000000700e00000| PB 0x0000000700e00000| Untracked 
|   8|0x0000000701000000, 0x0000000701200000, 0x0000000701200000|100%|HS|  |TAMS 0x0000000701000000| PB 0x0000000701000000| Complete 
|   9|0x0000000701200000, 0x0000000701400000, 0x0000000701400000|100%| O|  |TAMS 0x0000000701200000| PB 0x0000000701200000| Untracked 
|  10|0x0000000701400000, 0x0000000701600000, 0x0000000701600000|100%| O|  |TAMS 0x0000000701400000| PB 0x0000000701400000| Untracked 
|  11|0x0000000701600000, 0x0000000701800000, 0x0000000701800000|100%| O|  |TAMS 0x0000000701600000| PB 0x0000000701600000| Untracked 
|  12|0x0000000701800000, 0x0000000701a00000, 0x0000000701a00000|100%| O|  |TAMS 0x0000000701800000| PB 0x0000000701800000| Untracked 
|  13|0x0000000701a00000, 0x0000000701c00000, 0x0000000701c00000|100%| O|  |TAMS 0x0000000701a00000| PB 0x0000000701a00000| Untracked 
|  14|0x0000000701c00000, 0x0000000701e00000, 0x0000000701e00000|100%| O|  |TAMS 0x0000000701c00000| PB 0x0000000701c00000| Untracked 
|  15|0x0000000701e00000, 0x0000000702000000, 0x0000000702000000|100%| O|  |TAMS 0x0000000701e00000| PB 0x0000000701e00000| Untracked 
|  16|0x0000000702000000, 0x0000000702200000, 0x0000000702200000|100%| O|  |TAMS 0x0000000702000000| PB 0x0000000702000000| Untracked 
|  17|0x0000000702200000, 0x0000000702400000, 0x0000000702400000|100%| O|  |TAMS 0x0000000702200000| PB 0x0000000702200000| Untracked 
|  18|0x0000000702400000, 0x0000000702600000, 0x0000000702600000|100%| O|  |TAMS 0x0000000702400000| PB 0x0000000702400000| Untracked 
|  19|0x0000000702600000, 0x0000000702800000, 0x0000000702800000|100%| O|  |TAMS 0x0000000702600000| PB 0x0000000702600000| Untracked 
|  20|0x0000000702800000, 0x0000000702a00000, 0x0000000702a00000|100%| O|  |TAMS 0x0000000702800000| PB 0x0000000702800000| Untracked 
|  21|0x0000000702a00000, 0x0000000702c00000, 0x0000000702c00000|100%| O|  |TAMS 0x0000000702a00000| PB 0x0000000702a00000| Untracked 
|  22|0x0000000702c00000, 0x0000000702e00000, 0x0000000702e00000|100%| O|  |TAMS 0x0000000702c00000| PB 0x0000000702c00000| Untracked 
|  23|0x0000000702e00000, 0x0000000703000000, 0x0000000703000000|100%| O|  |TAMS 0x0000000702e00000| PB 0x0000000702e00000| Untracked 
|  24|0x0000000703000000, 0x0000000703200000, 0x0000000703200000|100%|HS|  |TAMS 0x0000000703000000| PB 0x0000000703000000| Complete 
|  25|0x0000000703200000, 0x0000000703200000, 0x0000000703400000|  0%| F|  |TAMS 0x0000000703200000| PB 0x0000000703200000| Untracked 
|  26|0x0000000703400000, 0x0000000703600000, 0x0000000703600000|100%| O|  |TAMS 0x0000000703400000| PB 0x0000000703400000| Untracked 
|  27|0x0000000703600000, 0x0000000703800000, 0x0000000703800000|100%|HS|  |TAMS 0x0000000703600000| PB 0x0000000703600000| Complete 
|  28|0x0000000703800000, 0x0000000703a00000, 0x0000000703a00000|100%|HS|  |TAMS 0x0000000703800000| PB 0x0000000703800000| Complete 
|  29|0x0000000703a00000, 0x0000000703c00000, 0x0000000703c00000|100%|HC|  |TAMS 0x0000000703a00000| PB 0x0000000703a00000| Complete 
|  30|0x0000000703c00000, 0x0000000703e00000, 0x0000000703e00000|100%| O|  |TAMS 0x0000000703c00000| PB 0x0000000703c00000| Untracked 
|  31|0x0000000703e00000, 0x0000000704000000, 0x0000000704000000|100%| O|  |TAMS 0x0000000703e00000| PB 0x0000000703e00000| Untracked 
|  32|0x0000000704000000, 0x0000000704000000, 0x0000000704200000|  0%| F|  |TAMS 0x0000000704000000| PB 0x0000000704000000| Untracked 
|  33|0x0000000704200000, 0x0000000704400000, 0x0000000704400000|100%| O|  |TAMS 0x0000000704200000| PB 0x0000000704200000| Untracked 
|  34|0x0000000704400000, 0x0000000704600000, 0x0000000704600000|100%|HS|  |TAMS 0x0000000704400000| PB 0x0000000704400000| Complete 
|  35|0x0000000704600000, 0x0000000704800000, 0x0000000704800000|100%|HC|  |TAMS 0x0000000704600000| PB 0x0000000704600000| Complete 
|  36|0x0000000704800000, 0x0000000704a00000, 0x0000000704a00000|100%| O|  |TAMS 0x0000000704800000| PB 0x0000000704800000| Untracked 
|  37|0x0000000704a00000, 0x0000000704c00000, 0x0000000704c00000|100%| O|  |TAMS 0x0000000704a00000| PB 0x0000000704a00000| Untracked 
|  38|0x0000000704c00000, 0x0000000704e00000, 0x0000000704e00000|100%| O|  |TAMS 0x0000000704c00000| PB 0x0000000704c00000| Untracked 
|  39|0x0000000704e00000, 0x0000000705000000, 0x0000000705000000|100%| O|  |TAMS 0x0000000704e00000| PB 0x0000000704e00000| Untracked 
|  40|0x0000000705000000, 0x0000000705200000, 0x0000000705200000|100%| O|  |TAMS 0x0000000705000000| PB 0x0000000705000000| Untracked 
|  41|0x0000000705200000, 0x0000000705400000, 0x0000000705400000|100%| O|  |TAMS 0x0000000705200000| PB 0x0000000705200000| Untracked 
|  42|0x0000000705400000, 0x0000000705600000, 0x0000000705600000|100%| O|  |TAMS 0x0000000705400000| PB 0x0000000705400000| Untracked 
|  43|0x0000000705600000, 0x0000000705800000, 0x0000000705800000|100%| O|  |TAMS 0x0000000705600000| PB 0x0000000705600000| Untracked 
|  44|0x0000000705800000, 0x0000000705a00000, 0x0000000705a00000|100%| O|  |TAMS 0x0000000705800000| PB 0x0000000705800000| Untracked 
|  45|0x0000000705a00000, 0x0000000705c00000, 0x0000000705c00000|100%| O|  |TAMS 0x0000000705a00000| PB 0x0000000705a00000| Untracked 
|  46|0x0000000705c00000, 0x0000000705e00000, 0x0000000705e00000|100%| O|  |TAMS 0x0000000705c00000| PB 0x0000000705c00000| Untracked 
|  47|0x0000000705e00000, 0x0000000706000000, 0x0000000706000000|100%| O|  |TAMS 0x0000000705e00000| PB 0x0000000705e00000| Untracked 
|  48|0x0000000706000000, 0x0000000706200000, 0x0000000706200000|100%| O|  |TAMS 0x0000000706000000| PB 0x0000000706000000| Untracked 
|  49|0x0000000706200000, 0x0000000706400000, 0x0000000706400000|100%| O|  |TAMS 0x0000000706200000| PB 0x0000000706200000| Untracked 
|  50|0x0000000706400000, 0x0000000706600000, 0x0000000706600000|100%| O|  |TAMS 0x0000000706400000| PB 0x0000000706400000| Untracked 
|  51|0x0000000706600000, 0x0000000706800000, 0x0000000706800000|100%| O|  |TAMS 0x0000000706600000| PB 0x0000000706600000| Untracked 
|  52|0x0000000706800000, 0x0000000706a00000, 0x0000000706a00000|100%| O|  |TAMS 0x0000000706800000| PB 0x0000000706800000| Untracked 
|  53|0x0000000706a00000, 0x0000000706c00000, 0x0000000706c00000|100%| O|  |TAMS 0x0000000706a00000| PB 0x0000000706a00000| Untracked 
|  54|0x0000000706c00000, 0x0000000706e00000, 0x0000000706e00000|100%| O|  |TAMS 0x0000000706c00000| PB 0x0000000706c00000| Untracked 
|  55|0x0000000706e00000, 0x0000000707000000, 0x0000000707000000|100%| O|  |TAMS 0x0000000706e00000| PB 0x0000000706e00000| Untracked 
|  56|0x0000000707000000, 0x0000000707200000, 0x0000000707200000|100%| O|  |TAMS 0x0000000707000000| PB 0x0000000707000000| Untracked 
|  57|0x0000000707200000, 0x0000000707400000, 0x0000000707400000|100%| O|  |TAMS 0x0000000707200000| PB 0x0000000707200000| Untracked 
|  58|0x0000000707400000, 0x0000000707600000, 0x0000000707600000|100%| O|  |TAMS 0x0000000707400000| PB 0x0000000707400000| Untracked 
|  59|0x0000000707600000, 0x0000000707800000, 0x0000000707800000|100%| O|  |TAMS 0x0000000707600000| PB 0x0000000707600000| Untracked 
|  60|0x0000000707800000, 0x0000000707a00000, 0x0000000707a00000|100%| O|  |TAMS 0x0000000707800000| PB 0x0000000707800000| Untracked 
|  61|0x0000000707a00000, 0x0000000707c00000, 0x0000000707c00000|100%| O|  |TAMS 0x0000000707a00000| PB 0x0000000707a00000| Untracked 
|  62|0x0000000707c00000, 0x0000000707e00000, 0x0000000707e00000|100%| O|  |TAMS 0x0000000707c00000| PB 0x0000000707c00000| Untracked 
|  63|0x0000000707e00000, 0x0000000708000000, 0x0000000708000000|100%| O|  |TAMS 0x0000000707e00000| PB 0x0000000707e00000| Untracked 
|  64|0x0000000708000000, 0x0000000708200000, 0x0000000708200000|100%| O|  |TAMS 0x0000000708000000| PB 0x0000000708000000| Untracked 
|  65|0x0000000708200000, 0x0000000708400000, 0x0000000708400000|100%| O|  |TAMS 0x0000000708200000| PB 0x0000000708200000| Untracked 
|  66|0x0000000708400000, 0x0000000708600000, 0x0000000708600000|100%| O|  |TAMS 0x0000000708400000| PB 0x0000000708400000| Untracked 
|  67|0x0000000708600000, 0x0000000708800000, 0x0000000708800000|100%| O|  |TAMS 0x0000000708600000| PB 0x0000000708600000| Untracked 
|  68|0x0000000708800000, 0x0000000708a00000, 0x0000000708a00000|100%| O|  |TAMS 0x0000000708800000| PB 0x0000000708800000| Untracked 
|  69|0x0000000708a00000, 0x0000000708c00000, 0x0000000708c00000|100%| O|  |TAMS 0x0000000708a00000| PB 0x0000000708a00000| Untracked 
|  70|0x0000000708c00000, 0x0000000708e00000, 0x0000000708e00000|100%| O|  |TAMS 0x0000000708c00000| PB 0x0000000708c00000| Untracked 
|  71|0x0000000708e00000, 0x0000000709000000, 0x0000000709000000|100%| O|  |TAMS 0x0000000708e00000| PB 0x0000000708e00000| Untracked 
|  72|0x0000000709000000, 0x0000000709200000, 0x0000000709200000|100%| O|  |TAMS 0x0000000709000000| PB 0x0000000709000000| Untracked 
|  73|0x0000000709200000, 0x0000000709400000, 0x0000000709400000|100%| O|  |TAMS 0x0000000709200000| PB 0x0000000709200000| Untracked 
|  74|0x0000000709400000, 0x0000000709600000, 0x0000000709600000|100%| O|  |TAMS 0x0000000709400000| PB 0x0000000709400000| Untracked 
|  75|0x0000000709600000, 0x0000000709800000, 0x0000000709800000|100%| O|  |TAMS 0x0000000709600000| PB 0x0000000709600000| Untracked 
|  76|0x0000000709800000, 0x00000007098a9b58, 0x0000000709a00000| 33%| O|  |TAMS 0x0000000709800000| PB 0x0000000709800000| Untracked 
|  77|0x0000000709a00000, 0x0000000709c00000, 0x0000000709c00000|100%| O|  |TAMS 0x0000000709a00000| PB 0x0000000709a00000| Untracked 
|  78|0x0000000709c00000, 0x0000000709e00000, 0x0000000709e00000|100%| O|  |TAMS 0x0000000709c00000| PB 0x0000000709c00000| Untracked 
|  79|0x0000000709e00000, 0x000000070a000000, 0x000000070a000000|100%| O|  |TAMS 0x0000000709e00000| PB 0x0000000709e00000| Untracked 
|  80|0x000000070a000000, 0x000000070a200000, 0x000000070a200000|100%| O|  |TAMS 0x000000070a000000| PB 0x000000070a000000| Untracked 
|  81|0x000000070a200000, 0x000000070a400000, 0x000000070a400000|100%| O|  |TAMS 0x000000070a200000| PB 0x000000070a200000| Untracked 
|  82|0x000000070a400000, 0x000000070a600000, 0x000000070a600000|100%| O|  |TAMS 0x000000070a400000| PB 0x000000070a400000| Untracked 
|  83|0x000000070a600000, 0x000000070a800000, 0x000000070a800000|100%| O|  |TAMS 0x000000070a600000| PB 0x000000070a600000| Untracked 
|  84|0x000000070a800000, 0x000000070aa00000, 0x000000070aa00000|100%| O|  |TAMS 0x000000070a800000| PB 0x000000070a800000| Untracked 
|  85|0x000000070aa00000, 0x000000070aa00000, 0x000000070ac00000|  0%| F|  |TAMS 0x000000070aa00000| PB 0x000000070aa00000| Untracked 
|  86|0x000000070ac00000, 0x000000070ac00000, 0x000000070ae00000|  0%| F|  |TAMS 0x000000070ac00000| PB 0x000000070ac00000| Untracked 
|  87|0x000000070ae00000, 0x000000070b000000, 0x000000070b000000|100%| O|  |TAMS 0x000000070ae00000| PB 0x000000070ae00000| Untracked 
|  88|0x000000070b000000, 0x000000070b000000, 0x000000070b200000|  0%| F|  |TAMS 0x000000070b000000| PB 0x000000070b000000| Untracked 
|  89|0x000000070b200000, 0x000000070b395690, 0x000000070b400000| 79%| S|CS|TAMS 0x000000070b200000| PB 0x000000070b200000| Complete 
|  90|0x000000070b400000, 0x000000070b400000, 0x000000070b600000|  0%| F|  |TAMS 0x000000070b400000| PB 0x000000070b400000| Untracked 
|  91|0x000000070b600000, 0x000000070b600000, 0x000000070b800000|  0%| F|  |TAMS 0x000000070b600000| PB 0x000000070b600000| Untracked 
|  92|0x000000070b800000, 0x000000070ba00000, 0x000000070ba00000|100%| S|CS|TAMS 0x000000070b800000| PB 0x000000070b800000| Complete 
|  93|0x000000070ba00000, 0x000000070bc00000, 0x000000070bc00000|100%| S|CS|TAMS 0x000000070ba00000| PB 0x000000070ba00000| Complete 
|  94|0x000000070bc00000, 0x000000070be00000, 0x000000070be00000|100%| S|CS|TAMS 0x000000070bc00000| PB 0x000000070bc00000| Complete 
|  95|0x000000070be00000, 0x000000070be00000, 0x000000070c000000|  0%| F|  |TAMS 0x000000070be00000| PB 0x000000070be00000| Untracked 
|  96|0x000000070c000000, 0x000000070c000000, 0x000000070c200000|  0%| F|  |TAMS 0x000000070c000000| PB 0x000000070c000000| Untracked 
|  97|0x000000070c200000, 0x000000070c200000, 0x000000070c400000|  0%| F|  |TAMS 0x000000070c200000| PB 0x000000070c200000| Untracked 
|  98|0x000000070c400000, 0x000000070c400000, 0x000000070c600000|  0%| F|  |TAMS 0x000000070c400000| PB 0x000000070c400000| Untracked 
|  99|0x000000070c600000, 0x000000070c800000, 0x000000070c800000|100%| S|CS|TAMS 0x000000070c600000| PB 0x000000070c600000| Complete 
| 100|0x000000070c800000, 0x000000070ca00000, 0x000000070ca00000|100%| S|CS|TAMS 0x000000070c800000| PB 0x000000070c800000| Complete 
| 101|0x000000070ca00000, 0x000000070cc00000, 0x000000070cc00000|100%| S|CS|TAMS 0x000000070ca00000| PB 0x000000070ca00000| Complete 
| 102|0x000000070cc00000, 0x000000070cc00000, 0x000000070ce00000|  0%| F|  |TAMS 0x000000070cc00000| PB 0x000000070cc00000| Untracked 
| 103|0x000000070ce00000, 0x000000070ce00000, 0x000000070d000000|  0%| F|  |TAMS 0x000000070ce00000| PB 0x000000070ce00000| Untracked 
| 104|0x000000070d000000, 0x000000070d000000, 0x000000070d200000|  0%| F|  |TAMS 0x000000070d000000| PB 0x000000070d000000| Untracked 
| 105|0x000000070d200000, 0x000000070d200000, 0x000000070d400000|  0%| F|  |TAMS 0x000000070d200000| PB 0x000000070d200000| Untracked 
| 106|0x000000070d400000, 0x000000070d400000, 0x000000070d600000|  0%| F|  |TAMS 0x000000070d400000| PB 0x000000070d400000| Untracked 
| 107|0x000000070d600000, 0x000000070d600000, 0x000000070d800000|  0%| F|  |TAMS 0x000000070d600000| PB 0x000000070d600000| Untracked 
| 108|0x000000070d800000, 0x000000070d800000, 0x000000070da00000|  0%| F|  |TAMS 0x000000070d800000| PB 0x000000070d800000| Untracked 
| 109|0x000000070da00000, 0x000000070da00000, 0x000000070dc00000|  0%| F|  |TAMS 0x000000070da00000| PB 0x000000070da00000| Untracked 
| 110|0x000000070dc00000, 0x000000070dc00000, 0x000000070de00000|  0%| F|  |TAMS 0x000000070dc00000| PB 0x000000070dc00000| Untracked 
| 111|0x000000070de00000, 0x000000070de00000, 0x000000070e000000|  0%| F|  |TAMS 0x000000070de00000| PB 0x000000070de00000| Untracked 
| 112|0x000000070e000000, 0x000000070e000000, 0x000000070e200000|  0%| F|  |TAMS 0x000000070e000000| PB 0x000000070e000000| Untracked 
| 113|0x000000070e200000, 0x000000070e200000, 0x000000070e400000|  0%| F|  |TAMS 0x000000070e200000| PB 0x000000070e200000| Untracked 
| 114|0x000000070e400000, 0x000000070e400000, 0x000000070e600000|  0%| F|  |TAMS 0x000000070e400000| PB 0x000000070e400000| Untracked 
| 115|0x000000070e600000, 0x000000070e600000, 0x000000070e800000|  0%| F|  |TAMS 0x000000070e600000| PB 0x000000070e600000| Untracked 
| 116|0x000000070e800000, 0x000000070e800000, 0x000000070ea00000|  0%| F|  |TAMS 0x000000070e800000| PB 0x000000070e800000| Untracked 
| 117|0x000000070ea00000, 0x000000070ea00000, 0x000000070ec00000|  0%| F|  |TAMS 0x000000070ea00000| PB 0x000000070ea00000| Untracked 
| 118|0x000000070ec00000, 0x000000070ec00000, 0x000000070ee00000|  0%| F|  |TAMS 0x000000070ec00000| PB 0x000000070ec00000| Untracked 
| 119|0x000000070ee00000, 0x000000070ee00000, 0x000000070f000000|  0%| F|  |TAMS 0x000000070ee00000| PB 0x000000070ee00000| Untracked 
| 120|0x000000070f000000, 0x000000070f000000, 0x000000070f200000|  0%| F|  |TAMS 0x000000070f000000| PB 0x000000070f000000| Untracked 
| 121|0x000000070f200000, 0x000000070f200000, 0x000000070f400000|  0%| F|  |TAMS 0x000000070f200000| PB 0x000000070f200000| Untracked 
| 122|0x000000070f400000, 0x000000070f400000, 0x000000070f600000|  0%| F|  |TAMS 0x000000070f400000| PB 0x000000070f400000| Untracked 
| 123|0x000000070f600000, 0x000000070f600000, 0x000000070f800000|  0%| F|  |TAMS 0x000000070f600000| PB 0x000000070f600000| Untracked 
| 124|0x000000070f800000, 0x000000070f800000, 0x000000070fa00000|  0%| F|  |TAMS 0x000000070f800000| PB 0x000000070f800000| Untracked 
| 125|0x000000070fa00000, 0x000000070fa00000, 0x000000070fc00000|  0%| F|  |TAMS 0x000000070fa00000| PB 0x000000070fa00000| Untracked 
| 126|0x000000070fc00000, 0x000000070fc00000, 0x000000070fe00000|  0%| F|  |TAMS 0x000000070fc00000| PB 0x000000070fc00000| Untracked 
| 127|0x000000070fe00000, 0x000000070fe00000, 0x0000000710000000|  0%| F|  |TAMS 0x000000070fe00000| PB 0x000000070fe00000| Untracked 
| 128|0x0000000710000000, 0x0000000710000000, 0x0000000710200000|  0%| F|  |TAMS 0x0000000710000000| PB 0x0000000710000000| Untracked 
| 129|0x0000000710200000, 0x0000000710200000, 0x0000000710400000|  0%| F|  |TAMS 0x0000000710200000| PB 0x0000000710200000| Untracked 
| 130|0x0000000710400000, 0x0000000710400000, 0x0000000710600000|  0%| F|  |TAMS 0x0000000710400000| PB 0x0000000710400000| Untracked 
| 131|0x0000000710600000, 0x0000000710600000, 0x0000000710800000|  0%| F|  |TAMS 0x0000000710600000| PB 0x0000000710600000| Untracked 
| 132|0x0000000710800000, 0x0000000710800000, 0x0000000710a00000|  0%| F|  |TAMS 0x0000000710800000| PB 0x0000000710800000| Untracked 
| 133|0x0000000710a00000, 0x0000000710a00000, 0x0000000710c00000|  0%| F|  |TAMS 0x0000000710a00000| PB 0x0000000710a00000| Untracked 
| 134|0x0000000710c00000, 0x0000000710c00000, 0x0000000710e00000|  0%| F|  |TAMS 0x0000000710c00000| PB 0x0000000710c00000| Untracked 
| 135|0x0000000710e00000, 0x0000000710e00000, 0x0000000711000000|  0%| F|  |TAMS 0x0000000710e00000| PB 0x0000000710e00000| Untracked 
| 136|0x0000000711000000, 0x0000000711000000, 0x0000000711200000|  0%| F|  |TAMS 0x0000000711000000| PB 0x0000000711000000| Untracked 
| 137|0x0000000711200000, 0x0000000711200000, 0x0000000711400000|  0%| F|  |TAMS 0x0000000711200000| PB 0x0000000711200000| Untracked 
| 138|0x0000000711400000, 0x0000000711400000, 0x0000000711600000|  0%| F|  |TAMS 0x0000000711400000| PB 0x0000000711400000| Untracked 
| 139|0x0000000711600000, 0x0000000711600000, 0x0000000711800000|  0%| F|  |TAMS 0x0000000711600000| PB 0x0000000711600000| Untracked 
| 140|0x0000000711800000, 0x0000000711800000, 0x0000000711a00000|  0%| F|  |TAMS 0x0000000711800000| PB 0x0000000711800000| Untracked 
| 141|0x0000000711a00000, 0x0000000711a00000, 0x0000000711c00000|  0%| F|  |TAMS 0x0000000711a00000| PB 0x0000000711a00000| Untracked 
| 142|0x0000000711c00000, 0x0000000711c00000, 0x0000000711e00000|  0%| F|  |TAMS 0x0000000711c00000| PB 0x0000000711c00000| Untracked 
| 143|0x0000000711e00000, 0x0000000711e00000, 0x0000000712000000|  0%| F|  |TAMS 0x0000000711e00000| PB 0x0000000711e00000| Untracked 
| 144|0x0000000712000000, 0x0000000712000000, 0x0000000712200000|  0%| F|  |TAMS 0x0000000712000000| PB 0x0000000712000000| Untracked 
| 145|0x0000000712200000, 0x0000000712200000, 0x0000000712400000|  0%| F|  |TAMS 0x0000000712200000| PB 0x0000000712200000| Untracked 
| 146|0x0000000712400000, 0x0000000712400000, 0x0000000712600000|  0%| F|  |TAMS 0x0000000712400000| PB 0x0000000712400000| Untracked 
| 147|0x0000000712600000, 0x0000000712600000, 0x0000000712800000|  0%| F|  |TAMS 0x0000000712600000| PB 0x0000000712600000| Untracked 
| 148|0x0000000712800000, 0x0000000712800000, 0x0000000712a00000|  0%| F|  |TAMS 0x0000000712800000| PB 0x0000000712800000| Untracked 
| 149|0x0000000712a00000, 0x0000000712a00000, 0x0000000712c00000|  0%| F|  |TAMS 0x0000000712a00000| PB 0x0000000712a00000| Untracked 
| 150|0x0000000712c00000, 0x0000000712c00000, 0x0000000712e00000|  0%| F|  |TAMS 0x0000000712c00000| PB 0x0000000712c00000| Untracked 
| 151|0x0000000712e00000, 0x0000000712e00000, 0x0000000713000000|  0%| F|  |TAMS 0x0000000712e00000| PB 0x0000000712e00000| Untracked 
| 152|0x0000000713000000, 0x0000000713000000, 0x0000000713200000|  0%| F|  |TAMS 0x0000000713000000| PB 0x0000000713000000| Untracked 
| 153|0x0000000713200000, 0x0000000713200000, 0x0000000713400000|  0%| F|  |TAMS 0x0000000713200000| PB 0x0000000713200000| Untracked 
| 154|0x0000000713400000, 0x0000000713400000, 0x0000000713600000|  0%| F|  |TAMS 0x0000000713400000| PB 0x0000000713400000| Untracked 
| 155|0x0000000713600000, 0x0000000713600000, 0x0000000713800000|  0%| F|  |TAMS 0x0000000713600000| PB 0x0000000713600000| Untracked 
| 156|0x0000000713800000, 0x0000000713800000, 0x0000000713a00000|  0%| F|  |TAMS 0x0000000713800000| PB 0x0000000713800000| Untracked 
| 157|0x0000000713a00000, 0x0000000713a00000, 0x0000000713c00000|  0%| F|  |TAMS 0x0000000713a00000| PB 0x0000000713a00000| Untracked 
| 158|0x0000000713c00000, 0x0000000713c00000, 0x0000000713e00000|  0%| F|  |TAMS 0x0000000713c00000| PB 0x0000000713c00000| Untracked 
| 159|0x0000000713e00000, 0x0000000713e00000, 0x0000000714000000|  0%| F|  |TAMS 0x0000000713e00000| PB 0x0000000713e00000| Untracked 
| 160|0x0000000714000000, 0x0000000714000000, 0x0000000714200000|  0%| F|  |TAMS 0x0000000714000000| PB 0x0000000714000000| Untracked 
| 161|0x0000000714200000, 0x0000000714200000, 0x0000000714400000|  0%| F|  |TAMS 0x0000000714200000| PB 0x0000000714200000| Untracked 
| 162|0x0000000714400000, 0x0000000714400000, 0x0000000714600000|  0%| F|  |TAMS 0x0000000714400000| PB 0x0000000714400000| Untracked 
| 163|0x0000000714600000, 0x0000000714600000, 0x0000000714800000|  0%| F|  |TAMS 0x0000000714600000| PB 0x0000000714600000| Untracked 
| 164|0x0000000714800000, 0x0000000714800000, 0x0000000714a00000|  0%| F|  |TAMS 0x0000000714800000| PB 0x0000000714800000| Untracked 
| 165|0x0000000714a00000, 0x0000000714a00000, 0x0000000714c00000|  0%| F|  |TAMS 0x0000000714a00000| PB 0x0000000714a00000| Untracked 
| 166|0x0000000714c00000, 0x0000000714c00000, 0x0000000714e00000|  0%| F|  |TAMS 0x0000000714c00000| PB 0x0000000714c00000| Untracked 
| 167|0x0000000714e00000, 0x0000000714e00000, 0x0000000715000000|  0%| F|  |TAMS 0x0000000714e00000| PB 0x0000000714e00000| Untracked 
| 168|0x0000000715000000, 0x0000000715000000, 0x0000000715200000|  0%| F|  |TAMS 0x0000000715000000| PB 0x0000000715000000| Untracked 
| 169|0x0000000715200000, 0x0000000715200000, 0x0000000715400000|  0%| F|  |TAMS 0x0000000715200000| PB 0x0000000715200000| Untracked 
| 170|0x0000000715400000, 0x0000000715400000, 0x0000000715600000|  0%| F|  |TAMS 0x0000000715400000| PB 0x0000000715400000| Untracked 
| 171|0x0000000715600000, 0x0000000715600000, 0x0000000715800000|  0%| F|  |TAMS 0x0000000715600000| PB 0x0000000715600000| Untracked 
| 172|0x0000000715800000, 0x0000000715800000, 0x0000000715a00000|  0%| F|  |TAMS 0x0000000715800000| PB 0x0000000715800000| Untracked 
| 173|0x0000000715a00000, 0x0000000715a00000, 0x0000000715c00000|  0%| F|  |TAMS 0x0000000715a00000| PB 0x0000000715a00000| Untracked 
| 174|0x0000000715c00000, 0x0000000715c00000, 0x0000000715e00000|  0%| F|  |TAMS 0x0000000715c00000| PB 0x0000000715c00000| Untracked 
| 175|0x0000000715e00000, 0x0000000715e00000, 0x0000000716000000|  0%| F|  |TAMS 0x0000000715e00000| PB 0x0000000715e00000| Untracked 
| 176|0x0000000716000000, 0x0000000716000000, 0x0000000716200000|  0%| F|  |TAMS 0x0000000716000000| PB 0x0000000716000000| Untracked 
| 177|0x0000000716200000, 0x0000000716200000, 0x0000000716400000|  0%| F|  |TAMS 0x0000000716200000| PB 0x0000000716200000| Untracked 
| 178|0x0000000716400000, 0x0000000716400000, 0x0000000716600000|  0%| F|  |TAMS 0x0000000716400000| PB 0x0000000716400000| Untracked 
| 179|0x0000000716600000, 0x0000000716600000, 0x0000000716800000|  0%| F|  |TAMS 0x0000000716600000| PB 0x0000000716600000| Untracked 
| 180|0x0000000716800000, 0x0000000716800000, 0x0000000716a00000|  0%| F|  |TAMS 0x0000000716800000| PB 0x0000000716800000| Untracked 
| 181|0x0000000716a00000, 0x0000000716a00000, 0x0000000716c00000|  0%| F|  |TAMS 0x0000000716a00000| PB 0x0000000716a00000| Untracked 
| 182|0x0000000716c00000, 0x0000000716c00000, 0x0000000716e00000|  0%| F|  |TAMS 0x0000000716c00000| PB 0x0000000716c00000| Untracked 
| 183|0x0000000716e00000, 0x0000000716e00000, 0x0000000717000000|  0%| F|  |TAMS 0x0000000716e00000| PB 0x0000000716e00000| Untracked 
| 184|0x0000000717000000, 0x0000000717000000, 0x0000000717200000|  0%| F|  |TAMS 0x0000000717000000| PB 0x0000000717000000| Untracked 
| 185|0x0000000717200000, 0x0000000717200000, 0x0000000717400000|  0%| F|  |TAMS 0x0000000717200000| PB 0x0000000717200000| Untracked 
| 186|0x0000000717400000, 0x0000000717400000, 0x0000000717600000|  0%| F|  |TAMS 0x0000000717400000| PB 0x0000000717400000| Untracked 
| 187|0x0000000717600000, 0x0000000717600000, 0x0000000717800000|  0%| F|  |TAMS 0x0000000717600000| PB 0x0000000717600000| Untracked 
| 188|0x0000000717800000, 0x0000000717800000, 0x0000000717a00000|  0%| F|  |TAMS 0x0000000717800000| PB 0x0000000717800000| Untracked 
| 189|0x0000000717a00000, 0x0000000717a00000, 0x0000000717c00000|  0%| F|  |TAMS 0x0000000717a00000| PB 0x0000000717a00000| Untracked 
| 190|0x0000000717c00000, 0x0000000717c00000, 0x0000000717e00000|  0%| F|  |TAMS 0x0000000717c00000| PB 0x0000000717c00000| Untracked 
| 191|0x0000000717e00000, 0x0000000717e00000, 0x0000000718000000|  0%| F|  |TAMS 0x0000000717e00000| PB 0x0000000717e00000| Untracked 
| 192|0x0000000718000000, 0x0000000718000000, 0x0000000718200000|  0%| F|  |TAMS 0x0000000718000000| PB 0x0000000718000000| Untracked 
| 193|0x0000000718200000, 0x0000000718200000, 0x0000000718400000|  0%| F|  |TAMS 0x0000000718200000| PB 0x0000000718200000| Untracked 
| 194|0x0000000718400000, 0x0000000718400000, 0x0000000718600000|  0%| F|  |TAMS 0x0000000718400000| PB 0x0000000718400000| Untracked 
| 195|0x0000000718600000, 0x0000000718600000, 0x0000000718800000|  0%| F|  |TAMS 0x0000000718600000| PB 0x0000000718600000| Untracked 
| 196|0x0000000718800000, 0x0000000718800000, 0x0000000718a00000|  0%| F|  |TAMS 0x0000000718800000| PB 0x0000000718800000| Untracked 
|2037|0x00000007fea00000, 0x00000007fea00000, 0x00000007fec00000|  0%| F|  |TAMS 0x00000007fea00000| PB 0x00000007fea00000| Untracked 
|2038|0x00000007fec00000, 0x00000007fee00000, 0x00000007fee00000|100%| O|  |TAMS 0x00000007fec00000| PB 0x00000007fec00000| Untracked 
|2039|0x00000007fee00000, 0x00000007ff000000, 0x00000007ff000000|100%| O|  |TAMS 0x00000007fee00000| PB 0x00000007fee00000| Untracked 
|2040|0x00000007ff000000, 0x00000007ff200000, 0x00000007ff200000|100%| O|  |TAMS 0x00000007ff000000| PB 0x00000007ff000000| Untracked 
|2041|0x00000007ff200000, 0x00000007ff200000, 0x00000007ff400000|  0%| F|  |TAMS 0x00000007ff200000| PB 0x00000007ff200000| Untracked 
|2042|0x00000007ff400000, 0x00000007ff600000, 0x00000007ff600000|100%| O|  |TAMS 0x00000007ff400000| PB 0x00000007ff400000| Untracked 
|2043|0x00000007ff600000, 0x00000007ff600000, 0x00000007ff800000|  0%| F|  |TAMS 0x00000007ff600000| PB 0x00000007ff600000| Untracked 
|2044|0x00000007ff800000, 0x00000007ffa00000, 0x00000007ffa00000|100%| O|  |TAMS 0x00000007ff800000| PB 0x00000007ff800000| Untracked 
|2045|0x00000007ffa00000, 0x00000007ffc00000, 0x00000007ffc00000|100%| O|  |TAMS 0x00000007ffa00000| PB 0x00000007ffa00000| Untracked 
|2046|0x00000007ffc00000, 0x00000007ffe00000, 0x00000007ffe00000|100%| O|  |TAMS 0x00000007ffc00000| PB 0x00000007ffc00000| Untracked 
|2047|0x00000007ffe00000, 0x0000000800000000, 0x0000000800000000|100%| O|  |TAMS 0x00000007ffe00000| PB 0x00000007ffe00000| Untracked 

Card table byte_map: [0x000001a072610000,0x000001a072e10000] _byte_map_base: 0x000001a06ee10000

Marking Bits: (CMBitMap*) 0x000001a06e4895b0
 Bits: [0x000001a072e10000, 0x000001a076e10000)

Polling page: 0x000001a06c260000

Metaspace:

Usage:
  Non-class:    127.60 MB used.
      Class:     21.48 MB used.
       Both:    149.08 MB used.

Virtual space:
  Non-class space:      192.00 MB reserved,     128.75 MB ( 67%) committed,  3 nodes.
      Class space:      832.00 MB reserved,      22.62 MB (  3%) committed,  1 nodes.
             Both:        1.00 GB reserved,     151.38 MB ( 15%) committed. 

Chunk freelists:
   Non-Class:  15.14 MB
       Class:  9.46 MB
        Both:  24.60 MB

MaxMetaspaceSize: 1.00 GB
CompressedClassSpaceSize: 832.00 MB
Initial GC threshold: 21.00 MB
Current GC threshold: 252.12 MB
CDS: off
 - commit_granule_bytes: 65536.
 - commit_granule_words: 8192.
 - virtual_space_node_default_size: 8388608.
 - enlarge_chunks_in_place: 1.
 - use_allocation_guard: 0.


Internal statistics:

num_allocs_failed_limit: 9.
num_arena_births: 4640.
num_arena_deaths: 102.
num_vsnodes_births: 4.
num_vsnodes_deaths: 0.
num_space_committed: 2421.
num_space_uncommitted: 0.
num_chunks_returned_to_freelist: 159.
num_chunks_taken_from_freelist: 11111.
num_chunk_merges: 71.
num_chunk_splits: 7382.
num_chunks_enlarged: 4830.
num_inconsistent_stats: 0.

CodeHeap 'non-profiled nmethods': size=119168Kb used=12499Kb max_used=13076Kb free=106668Kb
 bounds [0x000001a007ba0000, 0x000001a0088b0000, 0x000001a00f000000]
CodeHeap 'profiled nmethods': size=119104Kb used=38458Kb max_used=39369Kb free=80645Kb
 bounds [0x000001a000000000, 0x000001a002680000, 0x000001a007450000]
CodeHeap 'non-nmethods': size=7488Kb used=4532Kb max_used=4564Kb free=2955Kb
 bounds [0x000001a007450000, 0x000001a0078e0000, 0x000001a007ba0000]
CodeCache: size=245760Kb, used=55489Kb, max_used=57009Kb, free=190268Kb
 total_blobs=20008, nmethods=18948, adapters=956, full_count=0
Compilation: enabled, stopped_count=0, restarted_count=0

Compilation events (20 events):
Event: 14.815 Thread 0x000001a07e0d9750 23321       3       com.android.tools.r8.internal.l32::a (394 bytes)
Event: 14.817 Thread 0x000001a07e0d9750 nmethod 23321 0x000001a001b68790 code [0x000001a001b68b40, 0x000001a001b6a618]
Event: 14.818 Thread 0x000001a07e0d9750 23323       2       com.android.tools.r8.graph.w6::a (9 bytes)
Event: 14.819 Thread 0x000001a07e0d9750 nmethod 23323 0x000001a0019f7110 code [0x000001a0019f72c0, 0x000001a0019f7470]
Event: 14.822 Thread 0x000001a07e0d9750 23324       3       com.android.tools.r8.graph.s1::hashCode (23 bytes)
Event: 14.822 Thread 0x000001a07e2b8970 23325       3       com.android.tools.r8.graph.k7::g (25 bytes)
Event: 14.822 Thread 0x000001a07e0d9750 nmethod 23324 0x000001a0019f6b90 code [0x000001a0019f6d60, 0x000001a0019f6fe8]
Event: 14.823 Thread 0x000001a07e2b8970 nmethod 23325 0x000001a001c1f690 code [0x000001a001c1f880, 0x000001a001c1fe00]
Event: 14.834 Thread 0x000001a07e0d9750 23327       1       com.android.tools.r8.internal.c24::m2 (2 bytes)
Event: 14.834 Thread 0x000001a07e0d9750 nmethod 23327 0x000001a0086e8e90 code [0x000001a0086e9020, 0x000001a0086e90e8]
Event: 14.836 Thread 0x000001a07e494940 nmethod 23281 0x000001a00876ff90 code [0x000001a008770280, 0x000001a008771450]
Event: 14.836 Thread 0x000001a07e494940 23203       4       com.android.tools.r8.internal.da3::b (258 bytes)
Event: 14.843 Thread 0x000001a07e494940 nmethod 23203 0x000001a007e04390 code [0x000001a007e045c0, 0x000001a007e04c38]
Event: 14.843 Thread 0x000001a07e494940 23280       4       com.android.tools.r8.internal.qa1::a (97 bytes)
Event: 14.846 Thread 0x000001a07ee25d80 23329       2       com.android.tools.r8.internal.l::<init> (20 bytes)
Event: 14.846 Thread 0x000001a07e0d9750 23330       2       com.android.tools.r8.internal.lb2::a (72 bytes)
Event: 14.847 Thread 0x000001a07ee25d80 nmethod 23329 0x000001a0019f6590 code [0x000001a0019f6740, 0x000001a0019f68f8]
Event: 14.847 Thread 0x000001a07e0d9750 nmethod 23330 0x000001a001c1e890 code [0x000001a001c1eac0, 0x000001a001c1f0e8]
Event: 14.848 Thread 0x000001a07e2ba030 23331 %     3       com.android.tools.r8.internal.vx::a @ 46 (330 bytes)
Event: 14.850 Thread 0x000001a07e2ba030 nmethod 23331% 0x000001a001eb7810 code [0x000001a001eb7ca0, 0x000001a001ebaa58]

GC Heap History (20 events):
Event: 12.221 GC heap after
{Heap after GC invocations=42 (full 0):
 garbage-first heap   total 327680K, used 158321K [0x0000000700000000, 0x0000000800000000)
  region size 2048K, 6 young (12288K), 6 survivors (12288K)
 Metaspace       used 127977K, committed 130304K, reserved 983040K
  class space    used 17737K, committed 18880K, reserved 851968K
}
Event: 12.793 GC heap before
{Heap before GC invocations=42 (full 0):
 garbage-first heap   total 327680K, used 289393K [0x0000000700000000, 0x0000000800000000)
  region size 2048K, 71 young (145408K), 6 survivors (12288K)
 Metaspace       used 137181K, committed 139456K, reserved 983040K
  class space    used 19356K, committed 20480K, reserved 851968K
}
Event: 12.803 GC heap after
{Heap after GC invocations=43 (full 0):
 garbage-first heap   total 327680K, used 173089K [0x0000000700000000, 0x0000000800000000)
  region size 2048K, 9 young (18432K), 9 survivors (18432K)
 Metaspace       used 137181K, committed 139456K, reserved 983040K
  class space    used 19356K, committed 20480K, reserved 851968K
}
Event: 13.130 GC heap before
{Heap before GC invocations=43 (full 0):
 garbage-first heap   total 327680K, used 289825K [0x0000000700000000, 0x0000000800000000)
  region size 2048K, 67 young (137216K), 9 survivors (18432K)
 Metaspace       used 144002K, committed 146304K, reserved 983040K
  class space    used 20753K, committed 21888K, reserved 851968K
}
Event: 13.141 GC heap after
{Heap after GC invocations=44 (full 0):
 garbage-first heap   total 329728K, used 191875K [0x0000000700000000, 0x0000000800000000)
  region size 2048K, 9 young (18432K), 9 survivors (18432K)
 Metaspace       used 144002K, committed 146304K, reserved 983040K
  class space    used 20753K, committed 21888K, reserved 851968K
}
Event: 13.402 GC heap before
{Heap before GC invocations=44 (full 0):
 garbage-first heap   total 329728K, used 294275K [0x0000000700000000, 0x0000000800000000)
  region size 2048K, 59 young (120832K), 9 survivors (18432K)
 Metaspace       used 148969K, committed 151296K, reserved 983040K
  class space    used 21472K, committed 22592K, reserved 851968K
}
Event: 13.410 GC heap after
{Heap after GC invocations=45 (full 0):
 garbage-first heap   total 329728K, used 196192K [0x0000000700000000, 0x0000000800000000)
  region size 2048K, 3 young (6144K), 3 survivors (6144K)
 Metaspace       used 148969K, committed 151296K, reserved 983040K
  class space    used 21472K, committed 22592K, reserved 851968K
}
Event: 13.641 GC heap before
{Heap before GC invocations=46 (full 0):
 garbage-first heap   total 331776K, used 296544K [0x0000000700000000, 0x0000000800000000)
  region size 2048K, 52 young (106496K), 3 survivors (6144K)
 Metaspace       used 150272K, committed 152576K, reserved 983040K
  class space    used 21654K, committed 22784K, reserved 851968K
}
Event: 13.644 GC heap after
{Heap after GC invocations=47 (full 0):
 garbage-first heap   total 331776K, used 195631K [0x0000000700000000, 0x0000000800000000)
  region size 2048K, 3 young (6144K), 3 survivors (6144K)
 Metaspace       used 150272K, committed 152576K, reserved 983040K
  class space    used 21654K, committed 22784K, reserved 851968K
}
Event: 13.760 GC heap before
{Heap before GC invocations=47 (full 0):
 garbage-first heap   total 331776K, used 300079K [0x0000000700000000, 0x0000000800000000)
  region size 2048K, 55 young (112640K), 3 survivors (6144K)
 Metaspace       used 151263K, committed 153664K, reserved 983040K
  class space    used 21816K, committed 22976K, reserved 851968K
}
Event: 13.769 GC heap after
{Heap after GC invocations=48 (full 0):
 garbage-first heap   total 425984K, used 200282K [0x0000000700000000, 0x0000000800000000)
  region size 2048K, 5 young (10240K), 5 survivors (10240K)
 Metaspace       used 151263K, committed 153664K, reserved 983040K
  class space    used 21816K, committed 22976K, reserved 851968K
}
Event: 13.936 GC heap before
{Heap before GC invocations=48 (full 0):
 garbage-first heap   total 425984K, used 384602K [0x0000000700000000, 0x0000000800000000)
  region size 2048K, 95 young (194560K), 5 survivors (10240K)
 Metaspace       used 151538K, committed 153920K, reserved 983040K
  class space    used 21853K, committed 22976K, reserved 851968K
}
Event: 13.942 GC heap after
{Heap after GC invocations=49 (full 0):
 garbage-first heap   total 425984K, used 196725K [0x0000000700000000, 0x0000000800000000)
  region size 2048K, 4 young (8192K), 4 survivors (8192K)
 Metaspace       used 151538K, committed 153920K, reserved 983040K
  class space    used 21853K, committed 22976K, reserved 851968K
}
Event: 14.112 GC heap before
{Heap before GC invocations=49 (full 0):
 garbage-first heap   total 425984K, used 395381K [0x0000000700000000, 0x0000000800000000)
  region size 2048K, 101 young (206848K), 4 survivors (8192K)
 Metaspace       used 151760K, committed 154112K, reserved 1048576K
  class space    used 21897K, committed 23040K, reserved 851968K
}
Event: 14.116 GC heap after
{Heap after GC invocations=50 (full 0):
 garbage-first heap   total 425984K, used 197916K [0x0000000700000000, 0x0000000800000000)
  region size 2048K, 4 young (8192K), 4 survivors (8192K)
 Metaspace       used 151760K, committed 154112K, reserved 1048576K
  class space    used 21897K, committed 23040K, reserved 851968K
}
Event: 14.294 GC heap before
{Heap before GC invocations=50 (full 0):
 garbage-first heap   total 425984K, used 400668K [0x0000000700000000, 0x0000000800000000)
  region size 2048K, 103 young (210944K), 4 survivors (8192K)
 Metaspace       used 152373K, committed 154688K, reserved 1048576K
  class space    used 21994K, committed 23104K, reserved 851968K
}
Event: 14.299 GC heap after
{Heap after GC invocations=51 (full 0):
 garbage-first heap   total 425984K, used 199707K [0x0000000700000000, 0x0000000800000000)
  region size 2048K, 5 young (10240K), 5 survivors (10240K)
 Metaspace       used 152373K, committed 154688K, reserved 1048576K
  class space    used 21994K, committed 23104K, reserved 851968K
}
Event: 14.598 GC heap before
{Heap before GC invocations=52 (full 0):
 garbage-first heap   total 425984K, used 400411K [0x0000000700000000, 0x0000000800000000)
  region size 2048K, 104 young (212992K), 5 survivors (10240K)
 Metaspace       used 152505K, committed 154880K, reserved 1048576K
  class space    used 21994K, committed 23168K, reserved 851968K
}
Event: 14.603 GC heap after
{Heap after GC invocations=53 (full 0):
 garbage-first heap   total 425984K, used 200925K [0x0000000700000000, 0x0000000800000000)
  region size 2048K, 6 young (12288K), 6 survivors (12288K)
 Metaspace       used 152505K, committed 154880K, reserved 1048576K
  class space    used 21994K, committed 23168K, reserved 851968K
}
Event: 14.853 GC heap before
{Heap before GC invocations=53 (full 0):
 garbage-first heap   total 425984K, used 399581K [0x0000000700000000, 0x0000000800000000)
  region size 2048K, 104 young (212992K), 6 survivors (12288K)
 Metaspace       used 152654K, committed 155008K, reserved 1048576K
  class space    used 21994K, committed 23168K, reserved 851968K
}

Dll operation events (3 events):
Event: 0.004 Loaded shared library C:\Program Files\Android\Android Studio\jbr\bin\java.dll
Event: 0.007 Loaded shared library C:\Program Files\Android\Android Studio\jbr\bin\zip.dll
Event: 0.307 Loaded shared library C:\Program Files\Android\Android Studio\jbr\bin\verify.dll

Deoptimization events (20 events):
Event: 14.697 Thread 0x000001a01b530090 DEOPT PACKING pc=0x000001a000e95d2d sp=0x0000003cf03fd3a0
Event: 14.697 Thread 0x000001a01b530090 DEOPT UNPACKING pc=0x000001a0074a4bc2 sp=0x0000003cf03fc8a0 mode 0
Event: 14.709 Thread 0x000001a01b530090 DEOPT PACKING pc=0x000001a0025f820d sp=0x0000003cf03fcd60
Event: 14.709 Thread 0x000001a01b530090 DEOPT UNPACKING pc=0x000001a0074a4bc2 sp=0x0000003cf03fc290 mode 0
Event: 14.710 Thread 0x000001a01b530720 DEOPT PACKING pc=0x000001a0020a7214 sp=0x0000003cf2efbaf0
Event: 14.710 Thread 0x000001a01b530720 DEOPT UNPACKING pc=0x000001a0074a4bc2 sp=0x0000003cf2efb1e0 mode 0
Event: 14.722 Thread 0x000001a01b52dfc0 DEOPT PACKING pc=0x000001a0020a7214 sp=0x0000003cf30fb750
Event: 14.722 Thread 0x000001a01b52dfc0 DEOPT UNPACKING pc=0x000001a0074a4bc2 sp=0x0000003cf30fae40 mode 0
Event: 14.722 Thread 0x000001a01b5327f0 DEOPT PACKING pc=0x000001a00259b6a3 sp=0x0000003cf34fd530
Event: 14.722 Thread 0x000001a01b5327f0 DEOPT UNPACKING pc=0x000001a0074a4bc2 sp=0x0000003cf34fca58 mode 0
Event: 14.751 Thread 0x000001a01b5327f0 DEOPT PACKING pc=0x000001a0020d88d2 sp=0x0000003cf34fd6a0
Event: 14.751 Thread 0x000001a01b5327f0 DEOPT UNPACKING pc=0x000001a0074a4bc2 sp=0x0000003cf34fcbb0 mode 0
Event: 14.782 Thread 0x000001a01b530090 DEOPT PACKING pc=0x000001a002660fad sp=0x0000003cf03fc7b0
Event: 14.782 Thread 0x000001a01b530090 DEOPT UNPACKING pc=0x000001a0074a4bc2 sp=0x0000003cf03fbc38 mode 0
Event: 14.795 Thread 0x000001a01b532160 DEOPT PACKING pc=0x000001a0020a737d sp=0x0000003cf32fb490
Event: 14.795 Thread 0x000001a01b532160 DEOPT UNPACKING pc=0x000001a0074a4bc2 sp=0x0000003cf32fab80 mode 0
Event: 14.814 Thread 0x000001a01b52e650 DEOPT PACKING pc=0x000001a0020a737d sp=0x0000003cf31fb890
Event: 14.814 Thread 0x000001a01b52e650 DEOPT UNPACKING pc=0x000001a0074a4bc2 sp=0x0000003cf31faf80 mode 0
Event: 14.839 Thread 0x000001a01b52dfc0 DEOPT PACKING pc=0x000001a0020a737d sp=0x0000003cf30fb750
Event: 14.839 Thread 0x000001a01b52dfc0 DEOPT UNPACKING pc=0x000001a0074a4bc2 sp=0x0000003cf30fae40 mode 0

Classes loaded (20 events):
Event: 13.325 Loading class java/util/concurrent/ConcurrentHashMap$TreeNode
Event: 13.325 Loading class java/util/concurrent/ConcurrentHashMap$TreeNode done
Event: 13.325 Loading class java/util/concurrent/ConcurrentHashMap$TreeBin
Event: 13.326 Loading class java/util/concurrent/ConcurrentHashMap$TreeBin done
Event: 13.708 Loading class java/nio/ShortBuffer
Event: 13.708 Loading class java/nio/ShortBuffer done
Event: 13.738 Loading class java/nio/ByteBufferAsShortBufferL
Event: 13.739 Loading class java/nio/ByteBufferAsShortBufferL done
Event: 13.754 Loading class java/util/zip/Adler32
Event: 13.754 Loading class java/util/zip/Adler32 done
Event: 13.773 Loading class java/util/zip/Deflater
Event: 13.774 Loading class java/util/zip/Deflater done
Event: 13.776 Loading class java/util/zip/Deflater$DeflaterZStreamRef
Event: 13.776 Loading class java/util/zip/Deflater$DeflaterZStreamRef done
Event: 13.789 Loading class java/util/zip/ZipOutputStream$XEntry
Event: 13.790 Loading class java/util/zip/ZipOutputStream$XEntry done
Event: 13.799 Loading class java/util/Vector$Itr
Event: 13.800 Loading class java/util/Vector$Itr done
Event: 14.331 Loading class java/nio/file/Path$1
Event: 14.333 Loading class java/nio/file/Path$1 done

Classes unloaded (20 events):
Event: 14.415 Thread 0x000001a07922eb80 Unloading class 0x000000080143b400 'java/lang/invoke/LambdaForm$DMH+0x000000080143b400'
Event: 14.415 Thread 0x000001a07922eb80 Unloading class 0x000000080143b000 'java/lang/invoke/LambdaForm$DMH+0x000000080143b000'
Event: 14.415 Thread 0x000001a07922eb80 Unloading class 0x000000080143ac00 'java/lang/invoke/LambdaForm$DMH+0x000000080143ac00'
Event: 14.415 Thread 0x000001a07922eb80 Unloading class 0x0000000801444000 'java/lang/invoke/LambdaForm$DMH+0x0000000801444000'
Event: 14.415 Thread 0x000001a07922eb80 Unloading class 0x000000080143a400 'java/lang/invoke/LambdaForm$DMH+0x000000080143a400'
Event: 14.415 Thread 0x000001a07922eb80 Unloading class 0x0000000801439c00 'java/lang/invoke/LambdaForm$DMH+0x0000000801439c00'
Event: 14.415 Thread 0x000001a07922eb80 Unloading class 0x000000080143a000 'java/lang/invoke/LambdaForm$DMH+0x000000080143a000'
Event: 14.415 Thread 0x000001a07922eb80 Unloading class 0x0000000801439000 'java/lang/invoke/LambdaForm$DMH+0x0000000801439000'
Event: 14.415 Thread 0x000001a07922eb80 Unloading class 0x000000080143a800 'java/lang/invoke/LambdaForm$DMH+0x000000080143a800'
Event: 14.415 Thread 0x000001a07922eb80 Unloading class 0x0000000801438c00 'java/lang/invoke/LambdaForm$DMH+0x0000000801438c00'
Event: 14.415 Thread 0x000001a07922eb80 Unloading class 0x0000000801439400 'java/lang/invoke/LambdaForm$DMH+0x0000000801439400'
Event: 14.415 Thread 0x000001a07922eb80 Unloading class 0x0000000801438800 'java/lang/invoke/LambdaForm$DMH+0x0000000801438800'
Event: 14.415 Thread 0x000001a07922eb80 Unloading class 0x0000000801438400 'java/lang/invoke/LambdaForm$DMH+0x0000000801438400'
Event: 14.415 Thread 0x000001a07922eb80 Unloading class 0x0000000801438000 'java/lang/invoke/LambdaForm$DMH+0x0000000801438000'
Event: 14.415 Thread 0x000001a07922eb80 Unloading class 0x0000000801431c00 'java/lang/invoke/LambdaForm$DMH+0x0000000801431c00'
Event: 14.415 Thread 0x000001a07922eb80 Unloading class 0x0000000801431400 'java/lang/invoke/LambdaForm$DMH+0x0000000801431400'
Event: 14.415 Thread 0x000001a07922eb80 Unloading class 0x0000000801430400 'java/lang/invoke/LambdaForm$DMH+0x0000000801430400'
Event: 14.415 Thread 0x000001a07922eb80 Unloading class 0x0000000801431000 'java/lang/invoke/LambdaForm$DMH+0x0000000801431000'
Event: 14.415 Thread 0x000001a07922eb80 Unloading class 0x0000000801431800 'java/lang/invoke/LambdaForm$DMH+0x0000000801431800'
Event: 14.415 Thread 0x000001a07922eb80 Unloading class 0x0000000801430c00 'java/lang/invoke/LambdaForm$DMH+0x0000000801430c00'

Classes redefined (0 events):
No events

Internal exceptions (20 events):
Event: 14.800 Thread 0x000001a01b5327f0 Exception <a 'sun/nio/fs/WindowsException'{0x000000070eb918a0}> (0x000000070eb918a0) 
thrown [s\src\hotspot\share\prims\jni.cpp, line 537]
Event: 14.803 Thread 0x000001a01b5327f0 Exception <a 'sun/nio/fs/WindowsException'{0x000000070ebacd00}> (0x000000070ebacd00) 
thrown [s\src\hotspot\share\prims\jni.cpp, line 537]
Event: 14.803 Thread 0x000001a01b530090 Exception <a 'sun/nio/fs/WindowsException'{0x000000070e757040}> (0x000000070e757040) 
thrown [s\src\hotspot\share\prims\jni.cpp, line 537]
Event: 14.805 Thread 0x000001a01b5327f0 Exception <a 'sun/nio/fs/WindowsException'{0x000000070ebb2d50}> (0x000000070ebb2d50) 
thrown [s\src\hotspot\share\prims\jni.cpp, line 537]
Event: 14.805 Thread 0x000001a01b5327f0 Exception <a 'sun/nio/fs/WindowsException'{0x000000070ebb3848}> (0x000000070ebb3848) 
thrown [s\src\hotspot\share\prims\jni.cpp, line 537]
Event: 14.806 Thread 0x000001a01b530090 Exception <a 'sun/nio/fs/WindowsException'{0x000000070e79ece8}> (0x000000070e79ece8) 
thrown [s\src\hotspot\share\prims\jni.cpp, line 537]
Event: 14.808 Thread 0x000001a01b5327f0 Exception <a 'sun/nio/fs/WindowsException'{0x000000070e3ff8f0}> (0x000000070e3ff8f0) 
thrown [s\src\hotspot\share\prims\jni.cpp, line 537]
Event: 14.810 Thread 0x000001a01b530090 Exception <a 'sun/nio/fs/WindowsException'{0x000000070e0fa438}> (0x000000070e0fa438) 
thrown [s\src\hotspot\share\prims\jni.cpp, line 537]
Event: 14.811 Thread 0x000001a01b5327f0 Exception <a 'sun/nio/fs/WindowsException'{0x000000070de4cea0}> (0x000000070de4cea0) 
thrown [s\src\hotspot\share\prims\jni.cpp, line 537]
Event: 14.813 Thread 0x000001a01b530090 Exception <a 'sun/nio/fs/WindowsException'{0x000000070e140560}> (0x000000070e140560) 
thrown [s\src\hotspot\share\prims\jni.cpp, line 537]
Event: 14.815 Thread 0x000001a01b5327f0 Exception <a 'sun/nio/fs/WindowsException'{0x000000070dd8bc00}> (0x000000070dd8bc00) 
thrown [s\src\hotspot\share\prims\jni.cpp, line 537]
Event: 14.815 Thread 0x000001a01b530090 Exception <a 'sun/nio/fs/WindowsException'{0x000000070e147b30}> (0x000000070e147b30) 
thrown [s\src\hotspot\share\prims\jni.cpp, line 537]
Event: 14.817 Thread 0x000001a01b5327f0 Exception <a 'sun/nio/fs/WindowsException'{0x000000070ddd38c0}> (0x000000070ddd38c0) 
thrown [s\src\hotspot\share\prims\jni.cpp, line 537]
Event: 14.817 Thread 0x000001a01b530090 Exception <a 'sun/nio/fs/WindowsException'{0x000000070e14f4c8}> (0x000000070e14f4c8) 
thrown [s\src\hotspot\share\prims\jni.cpp, line 537]
Event: 14.818 Thread 0x000001a01b5327f0 Exception <a 'sun/nio/fs/WindowsException'{0x000000070d9d23b0}> (0x000000070d9d23b0) 
thrown [s\src\hotspot\share\prims\jni.cpp, line 537]
Event: 14.819 Thread 0x000001a01b530090 Exception <a 'sun/nio/fs/WindowsException'{0x000000070e156888}> (0x000000070e156888) 
thrown [s\src\hotspot\share\prims\jni.cpp, line 537]
Event: 14.821 Thread 0x000001a01b530090 Exception <a 'sun/nio/fs/WindowsException'{0x000000070e15dd58}> (0x000000070e15dd58) 
thrown [s\src\hotspot\share\prims\jni.cpp, line 537]
Event: 14.823 Thread 0x000001a01b530090 Exception <a 'sun/nio/fs/WindowsException'{0x000000070d55da68}> (0x000000070d55da68) 
thrown [s\src\hotspot\share\prims\jni.cpp, line 537]
Event: 14.825 Thread 0x000001a01b530090 Exception <a 'sun/nio/fs/WindowsException'{0x000000070d5a5808}> (0x000000070d5a5808) 
thrown [s\src\hotspot\share\prims\jni.cpp, line 537]
Event: 14.827 Thread 0x000001a01b530090 Exception <a 'sun/nio/fs/WindowsException'{0x000000070d5ad2f8}> (0x000000070d5ad2f8) 
thrown [s\src\hotspot\share\prims\jni.cpp, line 537]

ZGC Phase Switch (0 events):
No events

VM Operations (20 events):
Event: 14.149 Executing VM operation: HandshakeAllThreads (Deoptimize) done
Event: 14.197 Executing VM operation: HandshakeAllThreads (Deoptimize)
Event: 14.198 Executing VM operation: HandshakeAllThreads (Deoptimize) done
Event: 14.228 Executing VM operation: HandshakeAllThreads (Deoptimize)
Event: 14.229 Executing VM operation: HandshakeAllThreads (Deoptimize) done
Event: 14.235 Executing VM operation: ICBufferFull
Event: 14.236 Executing VM operation: ICBufferFull done
Event: 14.285 Executing VM operation: G1CollectForAllocation (G1 Evacuation Pause)
Event: 14.299 Executing VM operation: G1CollectForAllocation (G1 Evacuation Pause) done
Event: 14.301 Executing VM operation: HandshakeAllThreads (Deoptimize)
Event: 14.301 Executing VM operation: HandshakeAllThreads (Deoptimize) done
Event: 14.414 Executing VM operation: G1PauseRemark
Event: 14.430 Executing VM operation: G1PauseRemark done
Event: 14.490 Executing VM operation: G1PauseCleanup
Event: 14.490 Executing VM operation: G1PauseCleanup done
Event: 14.598 Executing VM operation: G1CollectForAllocation (G1 Evacuation Pause)
Event: 14.604 Executing VM operation: G1CollectForAllocation (G1 Evacuation Pause) done
Event: 14.802 Executing VM operation: ICBufferFull
Event: 14.802 Executing VM operation: ICBufferFull done
Event: 14.851 Executing VM operation: G1CollectForAllocation (G1 Evacuation Pause)

Memory protections (0 events):
No events

Nmethod flushes (20 events):
Event: 14.428 Thread 0x000001a07922eb80 flushing  nmethod 0x000001a001ddf590
Event: 14.428 Thread 0x000001a07922eb80 flushing  nmethod 0x000001a001ddf990
Event: 14.428 Thread 0x000001a07922eb80 flushing  nmethod 0x000001a001ddfe90
Event: 14.428 Thread 0x000001a07922eb80 flushing  nmethod 0x000001a001de0310
Event: 14.428 Thread 0x000001a07922eb80 flushing  nmethod 0x000001a001de0690
Event: 14.428 Thread 0x000001a07922eb80 flushing  nmethod 0x000001a001de0a10
Event: 14.428 Thread 0x000001a07922eb80 flushing  nmethod 0x000001a001e07d10
Event: 14.428 Thread 0x000001a07922eb80 flushing  nmethod 0x000001a001e08090
Event: 14.428 Thread 0x000001a07922eb80 flushing  nmethod 0x000001a001e08690
Event: 14.428 Thread 0x000001a07922eb80 flushing  nmethod 0x000001a001e0cb90
Event: 14.428 Thread 0x000001a07922eb80 flushing  nmethod 0x000001a001e0d810
Event: 14.428 Thread 0x000001a07922eb80 flushing  nmethod 0x000001a001e4e910
Event: 14.428 Thread 0x000001a07922eb80 flushing  nmethod 0x000001a001ea3290
Event: 14.428 Thread 0x000001a07922eb80 flushing  nmethod 0x000001a001ea4a90
Event: 14.428 Thread 0x000001a07922eb80 flushing  nmethod 0x000001a001ea6110
Event: 14.428 Thread 0x000001a07922eb80 flushing  nmethod 0x000001a001ea6890
Event: 14.428 Thread 0x000001a07922eb80 flushing  nmethod 0x000001a001ea9410
Event: 14.428 Thread 0x000001a07922eb80 flushing  nmethod 0x000001a001eab110
Event: 14.428 Thread 0x000001a07922eb80 flushing  nmethod 0x000001a001f2ea10
Event: 14.428 Thread 0x000001a07922eb80 flushing  nmethod 0x000001a001fcf490

Events (20 events):
Event: 11.185 Thread 0x000001a014d24900 Thread added: 0x000001a00f93a410
Event: 11.185 Thread 0x000001a014d24900 Thread added: 0x000001a00f936f90
Event: 12.054 Thread 0x000001a0166e1a00 Thread exited: 0x000001a0166e1a00
Event: 12.124 Thread 0x000001a014d1e000 Thread added: 0x000001a01b530090
Event: 12.124 Thread 0x000001a014d1e000 Thread added: 0x000001a01b530720
Event: 12.125 Thread 0x000001a014d1e000 Thread added: 0x000001a01b531440
Event: 12.125 Thread 0x000001a014d1e000 Thread added: 0x000001a01b52dfc0
Event: 12.126 Thread 0x000001a014d1e000 Thread added: 0x000001a01b52e650
Event: 12.126 Thread 0x000001a014d1e000 Thread added: 0x000001a01b532160
Event: 12.127 Thread 0x000001a014d1e000 Thread added: 0x000001a01b52ece0
Event: 12.127 Thread 0x000001a014d1e000 Thread added: 0x000001a01b5327f0
Event: 12.132 Thread 0x000001a014d1e000 Thread added: 0x000001a01b52f370
Event: 12.133 Thread 0x000001a014d1e000 Thread added: 0x000001a01b5355e0
Event: 12.134 Thread 0x000001a014d1e000 Thread added: 0x000001a01b533ba0
Event: 12.134 Thread 0x000001a014d1e000 Thread added: 0x000001a01b536300
Event: 12.134 Thread 0x000001a014d1e000 Thread added: 0x000001a01b532e80
Event: 12.135 Thread 0x000001a014d1e000 Thread added: 0x000001a01b534f50
Event: 12.136 Thread 0x000001a014d1e000 Thread added: 0x000001a01b536990
Event: 12.136 Thread 0x000001a014d1e000 Thread added: 0x000001a01b534230
Event: 12.785 Thread 0x000001a07ee25d80 Thread added: 0x000001a0166df7f0


Dynamic libraries:
0x00007ff75c330000 - 0x00007ff75c33a000 	C:\Program Files\Android\Android Studio\jbr\bin\java.exe
0x00007ff931a00000 - 0x00007ff931c67000 	C:\WINDOWS\SYSTEM32\ntdll.dll
0x00007ff930b30000 - 0x00007ff930bf9000 	C:\WINDOWS\System32\KERNEL32.DLL
0x00007ff92e4f0000 - 0x00007ff92e8e1000 	C:\WINDOWS\System32\KERNELBASE.dll
0x00007ff92ec40000 - 0x00007ff92ed8b000 	C:\WINDOWS\System32\ucrtbase.dll
0x00007ff908740000 - 0x00007ff90875b000 	C:\Program Files\Android\Android Studio\jbr\bin\VCRUNTIME140.dll
0x00007ff8eb7c0000 - 0x00007ff8eb7d8000 	C:\Program Files\Android\Android Studio\jbr\bin\jli.dll
0x00007ff931770000 - 0x00007ff931935000 	C:\WINDOWS\System32\USER32.dll
0x00007ff92ed90000 - 0x00007ff92edb7000 	C:\WINDOWS\System32\win32u.dll
0x00007ff930c00000 - 0x00007ff930c2b000 	C:\WINDOWS\System32\GDI32.dll
0x00007ff917100000 - 0x00007ff917393000 	C:\WINDOWS\WinSxS\amd64_microsoft.windows.common-controls_6595b64144ccf1df_6.0.26100.8037_none_3e092faae333b53b\COMCTL32.dll
0x00007ff92eb10000 - 0x00007ff92ec3b000 	C:\WINDOWS\System32\gdi32full.dll
0x00007ff9306f0000 - 0x00007ff930799000 	C:\WINDOWS\System32\msvcrt.dll
0x00007ff92e8f0000 - 0x00007ff92e993000 	C:\WINDOWS\System32\msvcp_win.dll
0x00007ff930f70000 - 0x00007ff930fa1000 	C:\WINDOWS\System32\IMM32.DLL
0x00007ff922190000 - 0x00007ff92219c000 	C:\Program Files\Android\Android Studio\jbr\bin\vcruntime140_1.dll
0x00007ff8e9730000 - 0x00007ff8e97bd000 	C:\Program Files\Android\Android Studio\jbr\bin\msvcp140.dll
0x00007ff8aefb0000 - 0x00007ff8afc46000 	C:\Program Files\Android\Android Studio\jbr\bin\server\jvm.dll
0x00007ff931530000 - 0x00007ff9315eb000 	C:\WINDOWS\System32\ADVAPI32.dll
0x00007ff92f8b0000 - 0x00007ff92f957000 	C:\WINDOWS\System32\sechost.dll
0x00007ff931610000 - 0x00007ff931728000 	C:\WINDOWS\System32\RPCRT4.dll
0x00007ff930670000 - 0x00007ff9306e4000 	C:\WINDOWS\System32\WS2_32.dll
0x00007ff92e140000 - 0x00007ff92e19e000 	C:\WINDOWS\SYSTEM32\POWRPROF.dll
0x00007ff9228c0000 - 0x00007ff9228f5000 	C:\WINDOWS\SYSTEM32\WINMM.dll
0x00007ff91b640000 - 0x00007ff91b64b000 	C:\WINDOWS\SYSTEM32\VERSION.dll
0x00007ff92e120000 - 0x00007ff92e134000 	C:\WINDOWS\SYSTEM32\UMPDC.dll
0x00007ff92d070000 - 0x00007ff92d08b000 	C:\WINDOWS\SYSTEM32\kernel.appcore.dll
0x00007ff918710000 - 0x00007ff91871a000 	C:\Program Files\Android\Android Studio\jbr\bin\jimage.dll
0x00007ff92c140000 - 0x00007ff92c382000 	C:\WINDOWS\SYSTEM32\DBGHELP.DLL
0x00007ff9307a0000 - 0x00007ff930b22000 	C:\WINDOWS\System32\combase.dll
0x00007ff930230000 - 0x00007ff930307000 	C:\WINDOWS\System32\OLEAUT32.dll
0x00007ff914950000 - 0x00007ff91498b000 	C:\WINDOWS\SYSTEM32\dbgcore.DLL
0x00007ff92f6f0000 - 0x00007ff92f795000 	C:\WINDOWS\System32\bcryptPrimitives.dll
0x00007ff92b150000 - 0x00007ff92b15e000 	C:\Program Files\Android\Android Studio\jbr\bin\instrument.dll
0x00007ff903590000 - 0x00007ff9035b0000 	C:\Program Files\Android\Android Studio\jbr\bin\java.dll
0x00007ff902960000 - 0x00007ff902978000 	C:\Program Files\Android\Android Studio\jbr\bin\zip.dll
0x00007ff92f960000 - 0x00007ff9300bf000 	C:\WINDOWS\System32\SHELL32.dll
0x00007ff92e9a0000 - 0x00007ff92eb0a000 	C:\WINDOWS\System32\wintypes.dll
0x00007ff92edc0000 - 0x00007ff92f624000 	C:\WINDOWS\System32\windows.storage.dll
0x00007ff930cd0000 - 0x00007ff930dc7000 	C:\WINDOWS\System32\SHCORE.dll
0x00007ff930310000 - 0x00007ff930377000 	C:\WINDOWS\System32\shlwapi.dll
0x00007ff92e200000 - 0x00007ff92e229000 	C:\WINDOWS\SYSTEM32\profapi.dll
0x00007ff911f00000 - 0x00007ff911f10000 	C:\Program Files\Android\Android Studio\jbr\bin\net.dll
0x00007ff928df0000 - 0x00007ff928f17000 	C:\WINDOWS\SYSTEM32\WINHTTP.dll
0x00007ff92d5e0000 - 0x00007ff92d64b000 	C:\WINDOWS\system32\mswsock.dll
0x00007ff902910000 - 0x00007ff902926000 	C:\Program Files\Android\Android Studio\jbr\bin\nio.dll
0x00007ff903240000 - 0x00007ff903250000 	C:\Program Files\Android\Android Studio\jbr\bin\verify.dll
0x00007ff908810000 - 0x00007ff908837000 	C:\Users\ADMIN\.gradle\native\1def1411415f61bf3af743bc5b6707747c0891f09f0c88961ee8f79bc544acac\windows-amd64\native-platform.dll
0x00007ff8e9680000 - 0x00007ff8e96f8000 	C:\Users\ADMIN\.gradle\native\0.2.7\x86_64-windows-gnu\gradle-fileevents.dll
0x00007ff90dca0000 - 0x00007ff90dca9000 	C:\Program Files\Android\Android Studio\jbr\bin\management.dll
0x00007ff907760000 - 0x00007ff90776b000 	C:\Program Files\Android\Android Studio\jbr\bin\management_ext.dll
0x00007ff931520000 - 0x00007ff931528000 	C:\WINDOWS\System32\PSAPI.DLL
0x00007ff92ca80000 - 0x00007ff92cab3000 	C:\WINDOWS\SYSTEM32\IPHLPAPI.DLL
0x00007ff931760000 - 0x00007ff93176a000 	C:\WINDOWS\System32\NSI.dll
0x00007ff90df40000 - 0x00007ff90df49000 	C:\Program Files\Android\Android Studio\jbr\bin\extnet.dll
0x00007ff92d8c0000 - 0x00007ff92d8db000 	C:\WINDOWS\SYSTEM32\CRYPTSP.dll
0x00007ff92cfd0000 - 0x00007ff92d009000 	C:\WINDOWS\system32\rsaenh.dll
0x00007ff92d690000 - 0x00007ff92d6c2000 	C:\WINDOWS\SYSTEM32\USERENV.dll
0x00007ff92e1d0000 - 0x00007ff92e1fa000 	C:\WINDOWS\SYSTEM32\bcrypt.dll
0x00007ff92d8e0000 - 0x00007ff92d8ec000 	C:\WINDOWS\SYSTEM32\CRYPTBASE.dll
0x00007ff914100000 - 0x00007ff914108000 	C:\WINDOWS\system32\wshunix.dll
0x00007ff90c870000 - 0x00007ff90c888000 	C:\WINDOWS\system32\napinsp.dll
0x00007ff92cac0000 - 0x00007ff92cbea000 	C:\WINDOWS\SYSTEM32\DNSAPI.dll
0x00007ff908910000 - 0x00007ff908922000 	C:\WINDOWS\System32\winrnr.dll
0x00007ff908840000 - 0x00007ff908862000 	C:\WINDOWS\system32\nlansp_c.dll
0x00007ff9087f0000 - 0x00007ff908806000 	C:\WINDOWS\system32\wshbth.dll
0x00007ff928520000 - 0x00007ff92852b000 	C:\Windows\System32\rasadhlp.dll
0x00007ff929d60000 - 0x00007ff929de6000 	C:\WINDOWS\System32\fwpuclnt.dll

JVMTI agents:
C:\Users\ADMIN\.gradle\wrapper\dists\gradle-8.13-bin\5xuhj0ry160q40clulazy9h7d\gradle-8.13\lib\agents\gradle-instrumentation-agent-8.13.jar path:C:\Program Files\Android\Android Studio\jbr\bin\instrument.dll, loaded, initialized, instrumentlib options:none

dbghelp: loaded successfully - version: 4.0.5 - missing functions: none
symbol engine: initialized successfully - sym options: 0x614 - pdb path: .;C:\Program Files\Android\Android Studio\jbr\bin;C:\WINDOWS\SYSTEM32;C:\WINDOWS\WinSxS\amd64_microsoft.windows.common-controls_6595b64144ccf1df_6.0.26100.8037_none_3e092faae333b53b;C:\Program Files\Android\Android Studio\jbr\bin\server;C:\Users\ADMIN\.gradle\native\1def1411415f61bf3af743bc5b6707747c0891f09f0c88961ee8f79bc544acac\windows-amd64;C:\Users\ADMIN\.gradle\native\0.2.7\x86_64-windows-gnu

VM Arguments:
jvm_args: --add-opens=java.base/java.lang=ALL-UNNAMED --add-opens=java.base/java.lang.invoke=ALL-UNNAMED --add-opens=java.base/java.util=ALL-UNNAMED --add-opens=java.prefs/java.util.prefs=ALL-UNNAMED --add-exports=jdk.compiler/com.sun.tools.javac.api=ALL-UNNAMED --add-exports=jdk.compiler/com.sun.tools.javac.util=ALL-UNNAMED --add-opens=java.base/java.util=ALL-UNNAMED --add-opens=java.prefs/java.util.prefs=ALL-UNNAMED --add-opens=java.base/java.nio.charset=ALL-UNNAMED --add-opens=java.base/java.net=ALL-UNNAMED --add-opens=java.base/java.util.concurrent.atomic=ALL-UNNAMED --add-opens=java.xml/javax.xml.namespace=ALL-UNNAMED -XX:MaxMetaspaceSize=1024m -Xmx4096m -Dfile.encoding=UTF-8 -Duser.country=US -Duser.language=en -Duser.variant -javaagent:C:\Users\ADMIN\.gradle\wrapper\dists\gradle-8.13-bin\5xuhj0ry160q40clulazy9h7d\gradle-8.13\lib\agents\gradle-instrumentation-agent-8.13.jar 
java_command: org.gradle.launcher.daemon.bootstrap.GradleDaemon 8.13
java_class_path (initial): C:\Users\ADMIN\.gradle\wrapper\dists\gradle-8.13-bin\5xuhj0ry160q40clulazy9h7d\gradle-8.13\lib\gradle-daemon-main-8.13.jar
Launcher Type: SUN_STANDARD

[Global flags]
     intx CICompilerCount                          = 12                                        {product} {ergonomic}
   size_t CompressedClassSpaceSize                 = 872415232                                 {product} {ergonomic}
     uint ConcGCThreads                            = 3                                         {product} {ergonomic}
     uint G1ConcRefinementThreads                  = 13                                        {product} {ergonomic}
   size_t G1HeapRegionSize                         = 2097152                                   {product} {ergonomic}
    uintx GCDrainStackTargetSize                   = 64                                        {product} {ergonomic}
   size_t InitialHeapSize                          = 264241152                                 {product} {ergonomic}
   size_t MarkStackSize                            = 4194304                                   {product} {ergonomic}
   size_t MaxHeapSize                              = 4294967296                                {product} {command line}
   size_t MaxMetaspaceSize                         = 1073741824                                {product} {command line}
   size_t MaxNewSize                               = 2575302656                                {product} {ergonomic}
   size_t MinHeapDeltaBytes                        = 2097152                                   {product} {ergonomic}
   size_t MinHeapSize                              = 8388608                                   {product} {ergonomic}
    uintx NonNMethodCodeHeapSize                   = 7602480                                {pd product} {ergonomic}
    uintx NonProfiledCodeHeapSize                  = 122027880                              {pd product} {ergonomic}
    uintx ProfiledCodeHeapSize                     = 122027880                              {pd product} {ergonomic}
    uintx ReservedCodeCacheSize                    = 251658240                              {pd product} {ergonomic}
     bool SegmentedCodeCache                       = true                                      {product} {ergonomic}
   size_t SoftMaxHeapSize                          = 4294967296                             {manageable} {ergonomic}
     bool UseCompressedOops                        = true                           {product lp64_product} {ergonomic}
     bool UseG1GC                                  = true                                      {product} {ergonomic}
     bool UseLargePagesIndividualAllocation        = false                                  {pd product} {ergonomic}

Logging:
Log output configuration:
 #0: stdout all=warning uptime,level,tags foldmultilines=false
 #1: stderr all=off uptime,level,tags foldmultilines=false

Release file:
JAVA_VERSION="21.0.9" 
MODULES="java.base java.compiler java.datatransfer java.xml java.prefs java.desktop java.instrument java.logging java.management java.security.sasl java.naming java.rmi java.management.rmi java.net.http java.scripting java.security.jgss java.transaction.xa java.sql java.sql.rowset java.xml.crypto java.se java.smartcardio jdk.accessibility jdk.internal.jvmstat jdk.attach jdk.charsets jdk.internal.opt jdk.zipfs jdk.compiler jdk.crypto.ec jdk.crypto.cryptoki jdk.dynalink jdk.hotspot.agent jdk.httpserver jdk.internal.ed jdk.internal.le jdk.internal.vm.ci jdk.jartool jdk.javadoc jdk.jcmd jdk.jdeps jdk.jdwp.agent jdk.jdi jdk.jfr jdk.jlink jdk.jsobject jdk.localedata jdk.management jdk.management.agent jdk.management.jfr jdk.naming.dns jdk.naming.rmi jdk.net jdk.sctp jdk.security.auth jdk.security.jgss jdk.unsupported jdk.unsupported.desktop jdk.xml.dom" 
IMPLEMENTOR="JetBrains s.r.o." 
JAVA_RUNTIME_VERSION="21.0.9+-14787801-b1163.94" 
LIBC="default" 
OS_ARCH="x86_64" 
OS_NAME="Windows" 
SOURCE=".:git:0c757ddc9f2f" 

Environment Variables:
JAVA_HOME=C:\Program Files\Java\jdk-21
PATH=D:\VMWare\bin\;D:\Python\Scripts\;D:\Python\;C:\Program Files\Common Files\Oracle\Java\javapath;C:\Program Files (x86)\Common Files\Oracle\Java\javapath;C:\WINDOWS\system32;C:\WINDOWS;C:\WINDOWS\System32\Wbem;C:\WINDOWS\System32\WindowsPowerShell\v1.0\;C:\WINDOWS\System32\OpenSSH\;C:\Program Files (x86)\Microsoft SQL Server\160\Tools\Binn\;C:\Program Files\Microsoft SQL Server\160\Tools\Binn\;C:\Program Files\Microsoft SQL Server\Client SDK\ODBC\170\Tools\Binn\;C:\Program Files\Microsoft SQL Server\160\DTS\Binn\;C:\Program Files (x86)\Microsoft SQL Server\160\DTS\Binn\;C:\Program Files\Azure Data Studio\bin;C:\Program Files\Git\cmd;C:\xampp\php;C:\ProgramData\ComposerSetup\bin;C:\Users\ADMIN\apache-maven-3.9.9\bin;C:\scrcpy-win64-v3.2;C:\Program Files\Java\jdk-17\bin\;C:\Program Files\Zulu\zulu-21\bin\;C:\Users\ADMIN\Downloads\ffmpeg-8.0-essentials_build\ffmpeg-8.0-essentials_build\bin;C:\Program Files\Microsoft SQL Server\170\Tools\Binn\;C:\Program Files\Microsoft SQL Server\130\DTS\Binn\;C:\Program Files\Microsoft SQL Server\140\DTS\Binn\;C:\Program Files\Microsoft SQL Server\150\DTS\Binn\;C:\Program Files\Microsoft SQL Server\170\DTS\Binn\;C:\Users\ADMIN\AppData\Local\Microsoft\WindowsApps;C:\Program Files\Azure Data Studio\bin;C:\Users\ADMIN\AppData\Roaming\Composer\vendor\bin;C:\Program Files\JetBrains\IntelliJ IDEA 2024.3.1.1\bin;;C:\Program Files\JetBrains\IntelliJ IDEA Community Edition 2024.3.1.1\bin;;C:\Users\ADMIN\Downloads\platform-tools;C:\Users\ADMIN\AppData\Local\Programs\Microsoft VS Code\bin;C:\Users\ADMIN\Downloads\ffmpeg-8.0-essentials_build\ffmpeg-8.0-essentials_build\bin;C:\Users\ADMIN\AppData\Local\Programs\Antigravity\bin
USERNAME=ADMIN
OS=Windows_NT
PROCESSOR_IDENTIFIER=Intel64 Family 6 Model 186 Stepping 2, GenuineIntel
TMP=C:\Users\ADMIN\AppData\Local\Temp
TEMP=C:\Users\ADMIN\AppData\Local\Temp




Periodic native trim disabled

JNI global refs:
JNI global refs: 43, weak refs: 275

JNI global refs memory usage: 835, weak refs: 3361

Process memory usage:
Resident Set Size: 904264K (5% of 16393140K total physical memory with 1541240K free physical memory)

OOME stack traces (most recent first):
Classloader memory used:
Loader org.gradle.internal.classloader.VisitableURLClassLoader$InstrumentingVisitableURLClassLoader: 60687K
Loader org.gradle.internal.classloader.VisitableURLClassLoader                         : 46320K
Loader bootstrap                                                                       : 30448K
Loader org.gradle.initialization.MixInLegacyTypesClassLoader                           : 13496K
Loader jdk.internal.loader.ClassLoaders$PlatformClassLoader                            : 525K
Loader jdk.internal.reflect.DelegatingClassLoader                                      : 471K
Loader org.gradle.groovy.scripts.internal.DefaultScriptCompilationHandler$ScriptClassLoader: 247K
Loader jdk.internal.loader.ClassLoaders$AppClassLoader                                 : 235K
Loader org.gradle.internal.classloader.VisitableURLClassLoader                         : 190K
Loader org.codehaus.groovy.runtime.callsite.CallSiteClassLoader                        : 31168B

Classes loaded by more than one classloader:
Class Program                                                                         : loaded 3 times (x 72B)
Class com.google.common.base.PairwiseEquivalence                                      : loaded 2 times (x 83B)
Class com.google.common.collect.RegularImmutableMap$KeySet                            : loaded 2 times (x 152B)
Class org.gradle.internal.classloader.FilteringClassLoader                            : loaded 2 times (x 105B)
Class com.google.common.base.CharMatcher$IsEither                                     : loaded 2 times (x 111B)
Class org.gradle.internal.classloader.ClassLoaderHierarchy                            : loaded 2 times (x 70B)
Class com.google.common.collect.ImmutableEnumSet                                      : loaded 2 times (x 146B)
Class com.google.common.util.concurrent.ExecutionError                                : loaded 2 times (x 82B)
Class com.google.common.collect.ImmutableList$1                                       : loaded 2 times (x 97B)
Class org.gradle.api.internal.classpath.ManifestUtil                                  : loaded 2 times (x 71B)
Class com.google.common.io.ByteArrayDataOutput                                        : loaded 2 times (x 70B)
Class com.google.common.collect.RegularImmutableMap                                   : loaded 2 times (x 121B)
Class com.google.common.collect.ImmutableMap$MapViewOfValuesAsSingletonSets           : loaded 2 times (x 126B)
Class [Lorg.objectweb.asm.Symbol;                                                     : loaded 2 times (x 69B)
Class org.objectweb.asm.ClassVisitor                                                  : loaded 2 times (x 88B)
Class com.google.common.collect.UnmodifiableListIterator                              : loaded 2 times (x 95B)
Class com.google.common.base.Platform$JdkPatternCompiler                              : loaded 2 times (x 75B)
Class org.objectweb.asm.MethodTooLargeException                                       : loaded 2 times (x 83B)
Class [Lcom.google.common.cache.CacheBuilder$OneWeigher;                              : loaded 2 times (x 69B)
Class com.google.common.base.Suppliers                                                : loaded 2 times (x 71B)
Class org.gradle.internal.classloader.DefaultClassLoaderFactory                       : loaded 2 times (x 82B)
Class org.gradle.internal.classloader.ClassLoaderVisitor                              : loaded 2 times (x 76B)
Class [Lcom.google.common.collect.ImmutableMapEntry;                                  : loaded 2 times (x 69B)
Class org.gradle.api.internal.classpath.EffectiveClassPath                            : loaded 2 times (x 90B)
Class com.google.common.collect.ImmutableRangeSet                                     : loaded 2 times (x 115B)
Class com.google.common.collect.ListMultimap                                          : loaded 2 times (x 70B)
Class com.google.common.collect.ImmutableEnumMap                                      : loaded 2 times (x 126B)
Class com.google.common.collect.Sets$1                                                : loaded 2 times (x 139B)
Class org.objectweb.asm.AnnotationVisitor                                             : loaded 2 times (x 78B)
Class org.gradle.api.internal.DefaultClassPathProvider                                : loaded 2 times (x 76B)
Class com.google.common.collect.Sets$2                                                : loaded 2 times (x 139B)
Class [Lorg.gradle.api.internal.ClassPathProvider;                                    : loaded 2 times (x 69B)
Class org.gradle.api.internal.ClassPathProvider                                       : loaded 2 times (x 70B)
Class [Lorg.objectweb.asm.AnnotationVisitor;                                          : loaded 2 times (x 69B)
Class com.google.common.collect.Sets$3                                                : loaded 2 times (x 139B)
Class com.google.common.util.concurrent.AbstractFuture$SafeAtomicHelper               : loaded 2 times (x 79B)
Class com.google.common.cache.LocalCache$LocalLoadingCache                            : loaded 2 times (x 134B)
Class org.gradle.internal.service.UnknownServiceException                             : loaded 2 times (x 83B)
Class com.google.common.io.ByteArrayDataInput                                         : loaded 2 times (x 70B)
Class com.google.common.collect.Sets$4                                                : loaded 2 times (x 139B)
Class org.objectweb.asm.ModuleVisitor                                                 : loaded 2 times (x 81B)
Class com.google.common.cache.LocalCache$Strength$1                                   : loaded 2 times (x 81B)
Class com.google.common.util.concurrent.SettableFuture                                : loaded 2 times (x 114B)
Class com.google.common.cache.LocalCache$Strength$2                                   : loaded 2 times (x 81B)
Class com.google.common.io.ByteStreams                                                : loaded 2 times (x 71B)
Class com.google.common.cache.LocalCache$Strength$3                                   : loaded 2 times (x 81B)
Class com.google.common.collect.MapDifference                                         : loaded 2 times (x 70B)
Class org.objectweb.asm.FieldWriter                                                   : loaded 2 times (x 78B)
Class com.google.common.cache.CacheBuilder$NullListener                               : loaded 2 times (x 82B)
Class org.gradle.internal.classpath.TransformedClassPath                              : loaded 2 times (x 96B)
Class org.gradle.internal.classloader.InstrumentingClassLoader                        : loaded 2 times (x 70B)
Class com.google.common.collect.ImmutableRangeSet$AsSet                               : loaded 2 times (x 300B)
Class com.google.common.cache.CacheLoader$FunctionToCacheLoader                       : loaded 2 times (x 75B)
Class com.google.common.collect.Iterators$ArrayItr                                    : loaded 2 times (x 97B)
Class com.google.common.collect.ImmutableCollection$Builder                           : loaded 2 times (x 76B)
Class com.google.common.base.Joiner                                                   : loaded 2 times (x 79B)
Class com.google.common.base.MoreObjects                                              : loaded 2 times (x 71B)
Class com.google.common.collect.Platform                                              : loaded 2 times (x 71B)
Class [Lorg.objectweb.asm.Type;                                                       : loaded 2 times (x 69B)
Class com.google.common.collect.UnmodifiableIterator                                  : loaded 2 times (x 80B)
Class org.gradle.internal.service.ServiceLocator                                      : loaded 2 times (x 70B)
Class com.google.common.base.Ascii                                                    : loaded 2 times (x 71B)
Class com.google.common.collect.SingletonImmutableBiMap                               : loaded 2 times (x 143B)
Class com.google.common.cache.LocalCache$1                                            : loaded 2 times (x 89B)
Class com.google.common.collect.AbstractMapEntry                                      : loaded 2 times (x 81B)
Class ijJvmDebugger1_amxldhla0sgtknc2p75ob1gmp$_run_closure1$_closure2                : loaded 2 times (x 140B)
Class com.google.common.collect.Sets$ImprovedAbstractSet                              : loaded 2 times (x 135B)
Class com.google.common.collect.ImmutableList$Builder                                 : loaded 2 times (x 77B)
Class com.google.common.collect.AbstractMultimap                                      : loaded 2 times (x 123B)
Class com.google.common.cache.LocalCache$2                                            : loaded 2 times (x 142B)
Class com.google.common.collect.ImmutableRangeSet$1                                   : loaded 2 times (x 210B)
Class com.google.common.util.concurrent.AbstractFuture$UnsafeAtomicHelper$1           : loaded 2 times (x 76B)
Class com.google.common.collect.RegularImmutableAsList                                : loaded 2 times (x 217B)
Class com.google.common.collect.Range                                                 : loaded 2 times (x 87B)
Class com.google.common.util.concurrent.AbstractFuture$Trusted                        : loaded 2 times (x 70B)
Class com.google.common.collect.Iterators                                             : loaded 2 times (x 71B)
Class com.google.common.collect.Lists$StringAsImmutableList                           : loaded 2 times (x 207B)
Class com.google.common.util.concurrent.UncheckedExecutionException                   : loaded 2 times (x 82B)
Class org.gradle.internal.InternalTransformer                                         : loaded 2 times (x 70B)
Class com.google.common.collect.AbstractMapBasedMultimap$KeySet$1                     : loaded 2 times (x 82B)
Class org.objectweb.asm.ClassWriter                                                   : loaded 2 times (x 106B)
Class com.google.common.base.CharMatcher$And                                          : loaded 2 times (x 112B)
Class com.google.common.cache.CacheLoader$UnsupportedLoadingOperationException        : loaded 2 times (x 82B)
Class org.gradle.internal.classloader.ClasspathUtil$1                                 : loaded 2 times (x 76B)
Class com.google.common.base.Objects                                                  : loaded 2 times (x 71B)
Class org.objectweb.asm.FieldVisitor                                                  : loaded 2 times (x 77B)
Class com.google.common.collect.IndexedImmutableSet                                   : loaded 2 times (x 152B)
Class com.google.common.collect.ImmutableMap$1                                        : loaded 2 times (x 81B)
Class com.google.common.collect.BiMap                                                 : loaded 2 times (x 70B)
Class org.gradle.api.internal.classpath.DefaultModuleRegistry$DefaultModule           : loaded 2 times (x 86B)
Class com.google.common.primitives.Ints                                               : loaded 2 times (x 71B)
Class com.google.common.collect.AbstractIterator                                      : loaded 2 times (x 82B)
Class com.google.common.collect.ObjectArrays                                          : loaded 2 times (x 71B)
Class com.google.common.collect.Multiset                                              : loaded 2 times (x 70B)
Class com.google.common.collect.ArrayListMultimapGwtSerializationDependencies         : loaded 2 times (x 172B)
Class com.google.common.collect.AbstractIndexedListIterator                           : loaded 2 times (x 96B)
Class com.google.common.math.MathPreconditions                                        : loaded 2 times (x 71B)
Class com.google.common.collect.ImmutableMapEntrySet                                  : loaded 2 times (x 152B)
Class org.gradle.api.internal.classpath.Module                                        : loaded 2 times (x 70B)
Class com.google.common.cache.Weigher                                                 : loaded 2 times (x 70B)
Class org.gradle.api.internal.classpath.UnknownModuleException                        : loaded 2 times (x 82B)
Class com.google.common.base.Stopwatch                                                : loaded 2 times (x 72B)
Class com.google.common.cache.LocalCache$Strength                                     : loaded 2 times (x 81B)
Class com.google.common.cache.Cache                                                   : loaded 2 times (x 70B)
Class com.google.common.base.NullnessCasts                                            : loaded 2 times (x 71B)
Class com.google.common.util.concurrent.AbstractFuture$Cancellation                   : loaded 2 times (x 72B)
Class com.google.common.collect.ImmutableMap$Builder                                  : loaded 2 times (x 82B)
Class com.google.common.cache.RemovalListener                                         : loaded 2 times (x 70B)
Class org.gradle.api.internal.DefaultClassPathRegistry                                : loaded 2 times (x 76B)
Class com.google.common.primitives.IntsMethodsForWeb                                  : loaded 2 times (x 71B)
Class com.google.common.collect.Multimap                                              : loaded 2 times (x 70B)
Class org.gradle.api.internal.ClassPathRegistry                                       : loaded 2 times (x 70B)
Class org.gradle.internal.classpath.DefaultClassPath$ImmutableUniqueList              : loaded 2 times (x 199B)
Class com.google.common.base.ExtraObjectsMethodsForWeb                                : loaded 2 times (x 71B)
Class com.google.common.cache.CacheBuilder                                            : loaded 2 times (x 72B)
Class com.google.common.collect.SingletonImmutableList                                : loaded 2 times (x 207B)
Class com.google.common.base.Equivalence$Identity                                     : loaded 2 times (x 82B)
Class Settings_gradle$1                                                               : loaded 2 times (x 74B)
Class ijKotlinCoroutineJvmDebugInit1_d5t7rhvdx4fr9ghubjyipk6vu$_run_closure1$_closure2: loaded 2 times (x 139B)
Class org.gradle.internal.classpath.ClassPath                                         : loaded 2 times (x 70B)
Class org.gradle.api.UncheckedIOException                                             : loaded 2 times (x 82B)
Class com.google.common.base.JdkPattern                                               : loaded 2 times (x 75B)
Class com.google.common.collect.ImmutableList$ReverseImmutableList                    : loaded 2 times (x 209B)
Class org.objectweb.asm.SymbolTable$Entry                                             : loaded 2 times (x 74B)
Class com.google.common.util.concurrent.AbstractFuture$AtomicHelper                   : loaded 2 times (x 78B)
Class org.objectweb.asm.Edge                                                          : loaded 2 times (x 72B)
Class com.google.common.base.Suppliers$SupplierOfInstance                             : loaded 2 times (x 79B)
Class com.google.common.collect.Iterators$1                                           : loaded 2 times (x 81B)
Class com.google.common.cache.LocalCache$ComputingValueReference                      : loaded 2 times (x 96B)
Class com.google.common.collect.SingletonImmutableSet                                 : loaded 2 times (x 146B)
Class com.google.common.collect.ImmutableMap$IteratorBasedImmutableMap                : loaded 2 times (x 126B)
Class com.google.common.cache.LocalCache$Segment                                      : loaded 2 times (x 154B)
Class com.google.common.collect.SortedIterable                                        : loaded 2 times (x 70B)
Class com.google.common.collect.AbstractListMultimap                                  : loaded 2 times (x 172B)
Class [Lorg.objectweb.asm.SymbolTable$Entry;                                          : loaded 2 times (x 69B)
Class com.google.common.cache.CacheLoader                                             : loaded 2 times (x 74B)
Class com.google.common.collect.Iterators$4                                           : loaded 2 times (x 82B)
Class com.google.common.collect.ImmutableBiMap                                        : loaded 2 times (x 143B)
Class org.gradle.internal.installation.GradleInstallation$1                           : loaded 2 times (x 75B)
Class org.gradle.api.internal.classpath.ModuleRegistry                                : loaded 2 times (x 70B)
Class com.google.common.util.concurrent.internal.InternalFutureFailureAccess          : loaded 2 times (x 72B)
Class com.google.common.collect.Iterators$5                                           : loaded 2 times (x 82B)
Class com.google.common.collect.ImmutableSet$JdkBackedSetBuilderImpl                  : loaded 2 times (x 76B)
Class com.google.common.util.concurrent.AbstractFuture$UnsafeAtomicHelper             : loaded 2 times (x 78B)
Class com.google.common.base.CharMatcher$ForPredicate                                 : loaded 2 times (x 112B)
Class com.google.common.cache.LocalCache$LocalManualCache$1                           : loaded 2 times (x 75B)
Class com.google.common.base.CharMatcher$AnyOf                                        : loaded 2 times (x 112B)
Class com.google.common.collect.ImmutableCollection                                   : loaded 2 times (x 125B)
Class ijKotlinCoroutineJvmDebugInit1_d5t7rhvdx4fr9ghubjyipk6vu                        : loaded 2 times (x 179B)
Class org.gradle.api.internal.classpath.DefaultModuleRegistry                         : loaded 2 times (x 86B)
Class com.google.common.collect.Lists                                                 : loaded 2 times (x 71B)
Class com.google.common.util.concurrent.ListenableFuture                              : loaded 2 times (x 70B)
Class com.google.common.cache.ReferenceEntry                                          : loaded 2 times (x 70B)
Class com.google.common.base.Converter                                                : loaded 2 times (x 90B)
Class com.google.common.collect.ImmutableSet$CachingAsList                            : loaded 2 times (x 148B)
Class build_3fxlyzhy5s3jp78mlf672qaxo                                                 : loaded 2 times (x 180B)
Class com.google.common.collect.AbstractMapBasedMultimap                              : loaded 2 times (x 139B)
Class com.google.common.util.concurrent.AbstractFuture                                : loaded 2 times (x 106B)
Class com.google.common.base.FunctionalEquivalence                                    : loaded 2 times (x 83B)
Class com.google.common.collect.Iterators$9                                           : loaded 2 times (x 81B)
Class com.google.common.collect.ImmutableAsList                                       : loaded 2 times (x 209B)
Class org.objectweb.asm.RecordComponentVisitor                                        : loaded 2 times (x 77B)
Class com.google.common.cache.CacheLoader$SupplierToCacheLoader                       : loaded 2 times (x 75B)
Class com.google.common.collect.Maps$EntryTransformer                                 : loaded 2 times (x 70B)
Class org.gradle.internal.service.ServiceLookupException                              : loaded 2 times (x 82B)
Class com.google.common.collect.ImmutableSortedSet                                    : loaded 2 times (x 300B)
Class [Lcom.google.common.cache.LocalCache$EntryFactory;                              : loaded 2 times (x 69B)
Class org.gradle.internal.classloader.ClassLoaderFactory                              : loaded 2 times (x 70B)
Class com.google.common.base.CommonPattern                                            : loaded 2 times (x 74B)
Class com.google.common.base.CharMatcher$IsNot                                        : loaded 2 times (x 111B)
Class com.google.common.cache.LocalCache$LocalManualCache                             : loaded 2 times (x 99B)
Class org.gradle.internal.service.CachingServiceLocator                               : loaded 2 times (x 82B)
Class com.google.common.collect.AbstractMapBasedMultimap$KeySet                       : loaded 2 times (x 137B)
Class com.google.common.collect.RegularImmutableSortedSet                             : loaded 2 times (x 300B)
Class com.google.common.math.IntMath                                                  : loaded 2 times (x 71B)
Class com.google.common.collect.ImmutableMapEntry                                     : loaded 2 times (x 85B)
Class com.google.common.base.Equivalence                                              : loaded 2 times (x 82B)
Class com.google.common.base.Function                                                 : loaded 2 times (x 70B)
Class com.google.common.collect.ImmutableMapEntry$NonTerminalImmutableMapEntry        : loaded 2 times (x 85B)
Class com.google.common.collect.IndexedImmutableSet$1                                 : loaded 2 times (x 213B)
Class com.google.common.cache.CacheBuilder$OneWeigher                                 : loaded 2 times (x 82B)
Class com.google.common.collect.RegularImmutableList                                  : loaded 2 times (x 213B)
Class org.gradle.internal.classloader.ClasspathUtil                                   : loaded 2 times (x 71B)
Class com.google.common.base.Charsets                                                 : loaded 2 times (x 71B)
Class com.google.common.util.concurrent.Uninterruptibles                              : loaded 2 times (x 71B)
Class com.google.common.collect.Maps                                                  : loaded 2 times (x 71B)
Class ijKotlinCoroutineJvmDebugInit1_d5t7rhvdx4fr9ghubjyipk6vu$_run_closure1          : loaded 2 times (x 139B)
Class org.gradle.api.specs.Spec                                                       : loaded 2 times (x 70B)
Class [Lcom.google.common.collect.ImmutableEntry;                                     : loaded 2 times (x 69B)
Class com.google.common.cache.LocalCache$LoadingValueReference                        : loaded 2 times (x 96B)
Class com.google.common.base.Platform                                                 : loaded 2 times (x 71B)
Class [Lorg.objectweb.asm.AnnotationWriter;                                           : loaded 2 times (x 69B)
Class com.google.common.collect.Maps$8                                                : loaded 2 times (x 82B)
Class com.google.common.collect.ImmutableRangeSet$Builder                             : loaded 2 times (x 77B)
Class com.google.common.collect.Sets$SetView                                          : loaded 2 times (x 138B)
Class com.google.common.cache.LocalCache$StrongValueReference                         : loaded 2 times (x 90B)
Class com.google.common.util.concurrent.AbstractFuture$SynchronizedHelper             : loaded 2 times (x 78B)
Class org.objectweb.asm.Type                                                          : loaded 2 times (x 72B)
Class org.gradle.internal.classloader.VisitableURLClassLoader$InstrumentingVisitableURLClassLoader: loaded 2 times (x 123B)
Class org.objectweb.asm.ByteVector                                                    : loaded 2 times (x 79B)
Class [Lcom.google.common.cache.CacheBuilder$NullListener;                            : loaded 2 times (x 69B)
Class com.google.common.math.IntMath$1                                                : loaded 2 times (x 71B)
Class org.gradle.internal.classloader.VisitableURLClassLoader$Spec                    : loaded 2 times (x 74B)
Class org.gradle.internal.classpath.DefaultClassPath                                  : loaded 2 times (x 90B)
Class org.objectweb.asm.Symbol                                                        : loaded 2 times (x 73B)
Class com.google.common.io.Closer                                                     : loaded 2 times (x 78B)
Class com.google.common.base.CharMatcher$Ascii                                        : loaded 2 times (x 112B)
Class com.google.common.base.CharMatcher$BitSetMatcher                                : loaded 2 times (x 112B)
Class com.google.common.collect.ImmutableSet                                          : loaded 2 times (x 145B)
Class com.google.common.collect.RegularImmutableMap$Values                            : loaded 2 times (x 207B)
Class org.gradle.internal.classloader.ClassLoaderSpec                                 : loaded 2 times (x 71B)
Class org.objectweb.asm.AnnotationWriter                                              : loaded 2 times (x 79B)
Class com.google.common.cache.CacheStats                                              : loaded 2 times (x 71B)
Class ijJvmDebugger1_amxldhla0sgtknc2p75ob1gmp                                        : loaded 2 times (x 179B)
Class com.google.common.io.Closer$Suppressor                                          : loaded 2 times (x 70B)
Class org.objectweb.asm.RecordComponentWriter                                         : loaded 2 times (x 78B)
Class com.google.common.util.concurrent.AbstractFuture$Listener                       : loaded 2 times (x 72B)
Class com.google.common.base.CharMatcher$Or                                           : loaded 2 times (x 112B)
Class Settings_gradle$1$1                                                             : loaded 2 times (x 74B)
Class org.objectweb.asm.Attribute                                                     : loaded 2 times (x 77B)
Class com.google.common.base.Supplier                                                 : loaded 2 times (x 70B)
Class org.gradle.internal.classloader.VisitableURLClassLoader                         : loaded 2 times (x 117B)
Class com.google.common.util.concurrent.AbstractFuture$Waiter                         : loaded 2 times (x 72B)
Class Settings_gradle                                                                 : loaded 2 times (x 128B)
Class org.gradle.internal.Cast                                                        : loaded 2 times (x 71B)
Class org.gradle.api.Action                                                           : loaded 2 times (x 70B)
Class com.google.common.base.Strings                                                  : loaded 2 times (x 71B)
Class com.google.common.collect.Sets                                                  : loaded 2 times (x 71B)
Class org.objectweb.asm.Handler                                                       : loaded 2 times (x 72B)
Class com.google.common.base.CharMatcher$FastMatcher                                  : loaded 2 times (x 111B)
Class com.google.common.base.Ticker                                                   : loaded 2 times (x 72B)
Class [Lcom.google.common.cache.LocalCache$Segment;                                   : loaded 2 times (x 69B)
Class com.google.common.base.Predicate                                                : loaded 2 times (x 70B)
Class [Lcom.google.common.cache.LocalCache$Strength;                                  : loaded 2 times (x 69B)
Class com.google.common.cache.CacheBuilder$1                                          : loaded 2 times (x 85B)
Class com.google.common.collect.ImmutableMap                                          : loaded 2 times (x 120B)
Class org.gradle.internal.classpath.DefaultClassPath$ImmutableUniqueList$Builder      : loaded 2 times (x 75B)
Class com.google.common.collect.AbstractRangeSet                                      : loaded 2 times (x 114B)
Class com.google.common.base.CharMatcher$NegatedFastMatcher                           : loaded 2 times (x 113B)
Class com.google.common.cache.LocalCache                                              : loaded 2 times (x 187B)
Class com.google.common.cache.CacheBuilder$2                                          : loaded 2 times (x 79B)
Class com.google.common.collect.ArrayListMultimap                                     : loaded 2 times (x 172B)
Class com.google.common.cache.CacheBuilder$3                                          : loaded 2 times (x 72B)
Class [Lcom.google.common.collect.AbstractMapEntry;                                   : loaded 2 times (x 69B)
Class com.google.common.collect.ImmutableEntry                                        : loaded 2 times (x 82B)
Class org.gradle.api.GradleException                                                  : loaded 2 times (x 82B)
Class com.google.common.base.Suppliers$MemoizingSupplier                              : loaded 2 times (x 79B)
Class com.google.common.collect.CollectPreconditions                                  : loaded 2 times (x 71B)
Class com.google.common.collect.SortedMapDifference                                   : loaded 2 times (x 70B)
Class ijJvmDebugger1_amxldhla0sgtknc2p75ob1gmp$_run_closure1                          : loaded 2 times (x 139B)
Class com.google.common.cache.LocalCache$EntryFactory                                 : loaded 2 times (x 83B)
Class com.google.common.cache.LocalCache$AbstractReferenceEntry                       : loaded 2 times (x 107B)
Class org.gradle.internal.IoActions                                                   : loaded 2 times (x 71B)
Class com.google.common.collect.ImmutableRangeSet$ComplementRanges                    : loaded 2 times (x 207B)
Class org.objectweb.asm.SymbolTable                                                   : loaded 2 times (x 72B)
Class com.google.common.cache.CacheLoader$InvalidCacheLoadException                   : loaded 2 times (x 82B)
Class com.google.common.collect.ImmutableSet$RegularSetBuilderImpl                    : loaded 2 times (x 77B)
Class org.gradle.internal.classloader.SystemClassLoaderSpec                           : loaded 2 times (x 71B)
Class com.google.common.cache.LocalCache$StrongEntry                                  : loaded 2 times (x 108B)
Class com.google.common.util.concurrent.AbstractFuture$TrustedFuture                  : loaded 2 times (x 114B)
Class com.google.common.cache.LoadingCache                                            : loaded 2 times (x 70B)
Class com.google.common.io.ByteStreams$LimitedInputStream                             : loaded 2 times (x 92B)
Class com.google.common.base.Suppliers$NonSerializableMemoizingSupplier               : loaded 2 times (x 79B)
Class org.objectweb.asm.MethodWriter                                                  : loaded 2 times (x 106B)
Class [Lcom.google.common.cache.Weigher;                                              : loaded 2 times (x 69B)
Class com.google.common.collect.RegularImmutableMap$BucketOverflowException           : loaded 2 times (x 82B)
Class com.google.common.collect.RegularImmutableBiMap                                 : loaded 2 times (x 149B)
Class com.google.common.base.CharMatcher$Is                                           : loaded 2 times (x 111B)
Class com.google.common.base.CharMatcher$Negated                                      : loaded 2 times (x 113B)
Class com.google.common.cache.LocalCache$ValueReference                               : loaded 2 times (x 70B)
Class com.google.common.hash.PrimitiveSink                                            : loaded 2 times (x 70B)
Class com.google.common.base.PatternCompiler                                          : loaded 2 times (x 70B)
Class com.google.common.util.concurrent.AbstractFuture$Failure                        : loaded 2 times (x 72B)
Class com.google.common.base.Equivalence$Equals                                       : loaded 2 times (x 82B)
Class com.google.common.collect.Hashing                                               : loaded 2 times (x 71B)
Class com.google.common.base.Preconditions                                            : loaded 2 times (x 71B)
Class com.google.common.base.Joiner$1                                                 : loaded 2 times (x 80B)
Class org.objectweb.asm.Label                                                         : loaded 2 times (x 73B)
Class org.objectweb.asm.CurrentFrame                                                  : loaded 2 times (x 73B)
Class org.objectweb.asm.ClassTooLargeException                                        : loaded 2 times (x 83B)
Class com.google.common.base.CharMatcher                                              : loaded 2 times (x 111B)
Class com.google.common.collect.PeekingIterator                                       : loaded 2 times (x 70B)
Class com.google.common.collect.Maps$IteratorBasedAbstractMap                         : loaded 2 times (x 125B)
Class com.google.common.collect.RangeGwtSerializationDependencies                     : loaded 2 times (x 71B)
Class com.google.common.base.Joiner$2                                                 : loaded 2 times (x 79B)
Class org.objectweb.asm.Frame                                                         : loaded 2 times (x 73B)
Class org.objectweb.asm.MethodVisitor                                                 : loaded 2 times (x 105B)
Class com.google.common.base.CharMatcher$1                                            : loaded 2 times (x 113B)
Class com.google.common.base.CharMatcher$NamedFastMatcher                             : loaded 2 times (x 112B)
Class com.google.common.cache.LocalCache$EntryFactory$1                               : loaded 2 times (x 83B)
Class [Lcom.google.common.cache.RemovalListener;                                      : loaded 2 times (x 69B)
Class build_3fxlyzhy5s3jp78mlf672qaxo$_run_closure1                                   : loaded 2 times (x 139B)
Class com.google.common.collect.RangeSet                                              : loaded 2 times (x 70B)
Class com.google.common.cache.LocalCache$EntryFactory$2                               : loaded 2 times (x 83B)
Class org.gradle.api.internal.classpath.GlobalCacheRootsProvider                      : loaded 2 times (x 70B)
Class com.google.common.collect.CollectCollectors                                     : loaded 2 times (x 71B)
Class org.objectweb.asm.ModuleWriter                                                  : loaded 2 times (x 82B)
Class com.google.common.cache.LocalCache$EntryFactory$3                               : loaded 2 times (x 83B)
Class com.google.common.base.Ticker$1                                                 : loaded 2 times (x 72B)
Class com.google.common.collect.Maps$BiMapConverter                                   : loaded 2 times (x 90B)
Class com.google.common.collect.ImmutableMapEntrySet$RegularEntrySet                  : loaded 2 times (x 152B)
Class com.google.common.base.CharMatcher$InRange                                      : loaded 2 times (x 111B)
Class com.google.common.cache.LocalCache$EntryFactory$4                               : loaded 2 times (x 83B)
Class com.google.common.collect.ImmutableSet$Builder                                  : loaded 2 times (x 85B)
Class com.google.common.io.ByteStreams$1                                              : loaded 2 times (x 85B)
Class com.google.common.cache.LocalCache$EntryFactory$5                               : loaded 2 times (x 83B)
Class com.google.common.cache.LocalCache$EntryFactory$6                               : loaded 2 times (x 83B)
Class org.gradle.internal.installation.CurrentGradleInstallationLocator               : loaded 2 times (x 71B)
Class com.google.common.collect.Maps$KeySet                                           : loaded 2 times (x 137B)
Class com.google.common.cache.LocalCache$EntryFactory$7                               : loaded 2 times (x 83B)
Class com.google.common.collect.ImmutableSet$EmptySetBuilderImpl                      : loaded 2 times (x 76B)
Class com.google.common.collect.ImmutableList                                         : loaded 2 times (x 206B)
Class org.gradle.internal.service.DefaultServiceLocator                               : loaded 2 times (x 83B)
Class com.google.common.cache.LocalCache$EntryFactory$8                               : loaded 2 times (x 83B)
Class com.google.common.collect.ImmutableSet$SetBuilderImpl                           : loaded 2 times (x 76B)
Class org.gradle.internal.installation.CurrentGradleInstallation                      : loaded 2 times (x 73B)
Class com.google.common.cache.CacheLoader$1                                           : loaded 2 times (x 75B)
Class com.google.common.collect.ForwardingObject                                      : loaded 2 times (x 72B)
Class com.google.common.collect.ImmutableList$SubList                                 : loaded 2 times (x 209B)
Class org.gradle.util.internal.GUtil                                                  : loaded 2 times (x 71B)
Class com.google.common.util.concurrent.AbstractFuture$SetFuture                      : loaded 2 times (x 75B)
Class com.google.common.cache.AbstractCache$StatsCounter                              : loaded 2 times (x 70B)
Class com.google.common.collect.Iterators$MergingIterator                             : loaded 2 times (x 81B)
Class com.google.common.collect.RegularImmutableSet                                   : loaded 2 times (x 149B)
Class org.gradle.internal.installation.GradleInstallation                             : loaded 2 times (x 75B)
Class com.google.common.collect.Iterables                                             : loaded 2 times (x 71B)

---------------  S Y S T E M  ---------------

OS:
 Windows 11 , 64 bit Build 26100 (10.0.26100.7920)
OS uptime: 5 days 6:50 hours

CPU: total 16 (initial active 16) (8 cores per cpu, 2 threads per core) family 6 model 186 stepping 2 microcode 0x410e, cx8, cmov, fxsr, ht, mmx, 3dnowpref, sse, sse2, sse3, ssse3, sse4.1, sse4.2, popcnt, lzcnt, tsc, tscinvbit, avx, avx2, aes, erms, clmul, bmi1, bmi2, adx, sha, fma, vzeroupper, clflush, clflushopt, clwb, serialize, rdtscp, rdpid, fsrm, f16c, pku, cet_ibt, cet_ss
Processor Information for processor 0
  Max Mhz: 2600, Current Mhz: 2600, Mhz Limit: 2600
Processor Information for processor 1
  Max Mhz: 2600, Current Mhz: 2600, Mhz Limit: 2600
Processor Information for processor 2
  Max Mhz: 2600, Current Mhz: 2600, Mhz Limit: 2600
Processor Information for processor 3
  Max Mhz: 2600, Current Mhz: 2600, Mhz Limit: 2600
Processor Information for processor 4
  Max Mhz: 2600, Current Mhz: 2600, Mhz Limit: 2600
Processor Information for processor 5
  Max Mhz: 2600, Current Mhz: 2600, Mhz Limit: 2600
Processor Information for processor 6
  Max Mhz: 2600, Current Mhz: 2600, Mhz Limit: 2600
Processor Information for processor 7
  Max Mhz: 2600, Current Mhz: 2600, Mhz Limit: 2600
Processor Information for processor 8
  Max Mhz: 2600, Current Mhz: 1900, Mhz Limit: 1898
Processor Information for processor 9
  Max Mhz: 2600, Current Mhz: 1500, Mhz Limit: 1898
Processor Information for processor 10
  Max Mhz: 2600, Current Mhz: 1500, Mhz Limit: 1898
Processor Information for processor 11
  Max Mhz: 2600, Current Mhz: 1500, Mhz Limit: 1898
Processor Information for processor 12
  Max Mhz: 2600, Current Mhz: 1900, Mhz Limit: 1898
Processor Information for processor 13
  Max Mhz: 2600, Current Mhz: 1500, Mhz Limit: 1898
Processor Information for processor 14
  Max Mhz: 2600, Current Mhz: 1500, Mhz Limit: 1898
Processor Information for processor 15
  Max Mhz: 2600, Current Mhz: 1500, Mhz Limit: 1898

Memory: 4k page, system-wide physical 16008M (1505M free)
TotalPageFile size 20104M (AvailPageFile size 110M)
current process WorkingSet (physical memory assigned to process): 887M, peak: 928M
current process commit charge ("private bytes"): 937M, peak: 1120M

vm_info: OpenJDK 64-Bit Server VM (21.0.9+-14787801-b1163.94) for windows-amd64 JRE (21.0.9+-14787801-b1163.94), built on 2026-01-27T21:15:44Z by "builder" with MS VC++ 16.10 / 16.11 (VS2019)

END.
