#
# There is insufficient memory for the Java Runtime Environment to continue.
# Native memory allocation (mmap) failed to map 228589568 bytes. Error detail: G1 virtual space
# Possible reasons:
#   The system is out of physical RAM or swap space
#   This process is running with CompressedOops enabled, and the Java Heap may be blocking the growth of the native heap
# Possible solutions:
#   Reduce memory load on the system
#   Increase physical memory or swap space
#   Check if swap backing store is full
#   Decrease Java heap size (-Xmx/-Xms)
#   Decrease number of Java threads
#   Decrease Java thread stack sizes (-Xss)
#   Set larger code cache with -XX:ReservedCodeCacheSize=
#   JVM is running with Zero Based Compressed Oops mode in which the Java heap is
#     placed in the first 32GB address space. The Java Heap base address is the
#     maximum limit for the native heap growth. Please use -XX:HeapBaseMinAddress
#     to set the Java Heap base and to place the Java Heap above 32GB virtual address.
# This output file may be truncated or incomplete.
#
#  Out of Memory Error (os_windows.cpp:3925), pid=16404, tid=7500
#
# JRE version: OpenJDK Runtime Environment (21.0.9) (build 21.0.9+-14787801-b1163.94)
# Java VM: OpenJDK 64-Bit Server VM (21.0.9+-14787801-b1163.94, mixed mode, tiered, compressed oops, compressed class ptrs, g1 gc, windows-amd64)
# No core dump will be written. Minidumps are not enabled by default on client versions of Windows
#

---------------  S U M M A R Y ------------

Command Line: --add-opens=java.base/java.lang=ALL-UNNAMED --add-opens=java.base/java.lang.invoke=ALL-UNNAMED --add-opens=java.base/java.util=ALL-UNNAMED --add-opens=java.prefs/java.util.prefs=ALL-UNNAMED --add-exports=jdk.compiler/com.sun.tools.javac.api=ALL-UNNAMED --add-exports=jdk.compiler/com.sun.tools.javac.util=ALL-UNNAMED --add-opens=java.base/java.util=ALL-UNNAMED --add-opens=java.prefs/java.util.prefs=ALL-UNNAMED --add-opens=java.base/java.nio.charset=ALL-UNNAMED --add-opens=java.base/java.net=ALL-UNNAMED --add-opens=java.base/java.util.concurrent.atomic=ALL-UNNAMED --add-opens=java.xml/javax.xml.namespace=ALL-UNNAMED -XX:MaxMetaspaceSize=1024m -Xmx4096m -Dfile.encoding=UTF-8 -Duser.country=US -Duser.language=en -Duser.variant -javaagent:C:\Users\ADMIN\.gradle\wrapper\dists\gradle-8.13-bin\5xuhj0ry160q40clulazy9h7d\gradle-8.13\lib\agents\gradle-instrumentation-agent-8.13.jar org.gradle.launcher.daemon.bootstrap.GradleDaemon 8.13

Host: 13th Gen Intel(R) Core(TM) i5-13500H, 16 cores, 15G,  Windows 11 , 64 bit Build 26100 (10.0.26100.7920)
Time: Mon Mar 23 21:21:16 2026 SE Asia Standard Time elapsed time: 15.334262 seconds (0d 0h 0m 15s)

---------------  T H R E A D  ---------------

Current thread (0x000002d36f03ca60):  VMThread "VM Thread"          [id=7500, stack(0x000000f9db900000,0x000000f9dba00000) (1024K)]

Stack: [0x000000f9db900000,0x000000f9dba00000]
Native frames: (J=compiled Java code, j=interpreted, Vv=VM code, C=native code)
V  [jvm.dll+0x6d6c99]
V  [jvm.dll+0x866b83]
V  [jvm.dll+0x8691ae]
V  [jvm.dll+0x869893]
V  [jvm.dll+0x280776]
V  [jvm.dll+0x6d3555]
V  [jvm.dll+0x6c6bea]
V  [jvm.dll+0x3587fb]
V  [jvm.dll+0x360476]
V  [jvm.dll+0x3b2646]
V  [jvm.dll+0x3b2918]
V  [jvm.dll+0x32af0c]
V  [jvm.dll+0x32af97]
V  [jvm.dll+0x370e7c]
V  [jvm.dll+0x36f62e]
V  [jvm.dll+0x32a661]
V  [jvm.dll+0x36ed30]
V  [jvm.dll+0x86f618]
V  [jvm.dll+0x870994]
V  [jvm.dll+0x870ed0]
V  [jvm.dll+0x871163]
V  [jvm.dll+0x80f118]
V  [jvm.dll+0x6d54ed]
C  [ucrtbase.dll+0x37b0]
C  [KERNEL32.DLL+0x2e8d7]
C  [ntdll.dll+0x8c48c]

VM_Operation (0x000000f9eb8fd000): G1CollectForAllocation, mode: safepoint, requested by thread 0x000002d3713f7170


---------------  P R O C E S S  ---------------

Threads class SMR info:
_java_thread_list=0x000002d37e0b5cf0, length=250, elements={
0x000002d34de491e0, 0x000002d36f0c3490, 0x000002d36f0c8ce0, 0x000002d36f0d2c30,
0x000002d36f101770, 0x000002d36f1021d0, 0x000002d36f1037a0, 0x000002d36f104d70,
0x000002d36f106670, 0x000002d36f107db0, 0x000002d36f2e32f0, 0x000002d36f2fe340,
0x000002d36f444100, 0x000002d36f445550, 0x000002d36f7997c0, 0x000002d37032ef00,
0x000002d3717cac10, 0x000002d371bc1370, 0x000002d3718eeb80, 0x000002d37084b2c0,
0x000002d371601780, 0x000002d371516b70, 0x000002d3715171e0, 0x000002d37054fce0,
0x000002d37054e930, 0x000002d37054d580, 0x000002d37054cef0, 0x000002d370550370,
0x000002d37054dc10, 0x000002d37054f650, 0x000002d375966070, 0x000002d375963fa0,
0x000002d375964cc0, 0x000002d375967ab0, 0x000002d3759659e0, 0x000002d375966700,
0x000002d375966d90, 0x000002d375964630, 0x000002d375968e60, 0x000002d3759687d0,
0x000002d375967420, 0x000002d37596b5c0, 0x000002d3759694f0, 0x000002d375969b80,
0x000002d37596af30, 0x000002d37596a8a0, 0x000002d375fbe760, 0x000002d375fbd3b0,
0x000002d375fbcd20, 0x000002d375fbda40, 0x000002d375fbe0d0, 0x000002d375fbc690,
0x000002d375fbedf0, 0x000002d375fbf480, 0x000002d375fc2900, 0x000002d375fc2270,
0x000002d375fc2f90, 0x000002d375fc1be0, 0x000002d375fc01a0, 0x000002d375fbfb10,
0x000002d375fc3cb0, 0x000002d375fc0ec0, 0x000002d375fc0830, 0x000002d375fc1550,
0x000002d3750b4880, 0x000002d3750b4f10, 0x000002d3750b34d0, 0x000002d3750b41f0,
0x000002d3750b2120, 0x000002d3750b1a90, 0x000002d3750b27b0, 0x000002d3750b3b60,
0x000002d3750b2e40, 0x000002d3756d71d0, 0x000002d3756d7ef0, 0x000002d3756d9930,
0x000002d3756dc090, 0x000002d3756d92a0, 0x000002d3756dcdb0, 0x000002d3756ddad0,
0x000002d3756da650, 0x000002d3756de7f0, 0x000002d3756dd440, 0x000002d3756de160,
0x000002d37684ac20, 0x000002d37684b940, 0x000002d37684d380, 0x000002d37684bfd0,
0x000002d37684b2b0, 0x000002d37684c660, 0x000002d37684ccf0, 0x000002d37684da10,
0x000002d37684a590, 0x000002d376850e90, 0x000002d37684edc0, 0x000002d37684fae0,
0x000002d376850170, 0x000002d37684f450, 0x000002d376850800, 0x000002d376851520,
0x000002d37684e730, 0x000002d37684e0a0, 0x000002d376851bb0, 0x000002d376730dd0,
0x000002d376730740, 0x000002d37672dfe0, 0x000002d37672ed00, 0x000002d376731460,
0x000002d37672f390, 0x000002d376731af0, 0x000002d37672fa20, 0x000002d37672e670,
0x000002d376732180, 0x000002d376732810, 0x000002d376732ea0, 0x000002d376733530,
0x000002d3767300b0, 0x000002d376733bc0, 0x000002d376734250, 0x000002d376735600,
0x000002d3765d3b30, 0x000002d3765d34a0, 0x000002d3765d9710, 0x000002d376734f70,
0x000002d375343560, 0x000002d375343bf0, 0x000002d372d05100, 0x000002d375342840,
0x000002d375344280, 0x000002d375348420, 0x000002d3753469e0, 0x000002d375344fa0,
0x000002d375348ab0, 0x000002d375347700, 0x000002d375345630, 0x000002d375345cc0,
0x000002d375346350, 0x000002d375347070, 0x000002d3765d9da0, 0x000002d3765da430,
0x000002d3765daac0, 0x000002d37cc06960, 0x000002d37cc07d10, 0x000002d37cc06ff0,
0x000002d37cc08a30, 0x000002d37cc090c0, 0x000002d37cc09de0, 0x000002d37cc0a470,
0x000002d37cc0ab00, 0x000002d37cc083a0, 0x000002d37cc07680, 0x000002d37cc0beb0,
0x000002d37cc0d260, 0x000002d37cc0b820, 0x000002d37cc0b190, 0x000002d37cc0d8f0,
0x000002d37cc0c540, 0x000002d37cc0cbd0, 0x000002d37c129c60, 0x000002d37c12a2f0,
0x000002d37c12a980, 0x000002d37c12b010, 0x000002d37c12b6a0, 0x000002d37c1295d0,
0x000002d37c12f1b0, 0x000002d37c12f840, 0x000002d37c12d0e0, 0x000002d37c12e490,
0x000002d37c12ca50, 0x000002d37c12de00, 0x000002d37c12fed0, 0x000002d37c12d770,
0x000002d37c12eb20, 0x000002d37c130560, 0x000002d37c394390, 0x000002d37c394a20,
0x000002d36f52c590, 0x000002d37c395dd0, 0x000002d37c393d00, 0x000002d37c395740,
0x000002d37c393670, 0x000002d37c392950, 0x000002d37c396460, 0x000002d37c392fe0,
0x000002d37c398530, 0x000002d37c396af0, 0x000002d37c398bc0, 0x000002d37c39a600,
0x000002d37c399f70, 0x000002d37c397180, 0x000002d37c39ac90, 0x000002d37c397810,
0x000002d37c3a01e0, 0x000002d372d9e630, 0x000002d372d9b1b0, 0x000002d372d9c560,
0x000002d372d9dfa0, 0x000002d372d9d280, 0x000002d372d9d910, 0x000002d372d9cbf0,
0x000002d372d9b840, 0x000002d372d9ecc0, 0x000002d372da0070, 0x000002d372d9f350,
0x000002d372da1ab0, 0x000002d372d9bed0, 0x000002d372da34f0, 0x000002d372da1420,
0x000002d372da0d90, 0x000002d372da0700, 0x000002d372da2140, 0x000002d372da27d0,
0x000002d372da2e60, 0x000002d372d9f9e0, 0x000002d372da5c50, 0x000002d372da4f30,
0x000002d372da62e0, 0x000002d372da55c0, 0x000002d372da7000, 0x000002d372da3b80,
0x000002d372da6970, 0x000002d372da7690, 0x000002d372da4210, 0x000002d372da7d20,
0x000002d372da48a0, 0x000002d372da9760, 0x000002d372da83b0, 0x000002d372da8a40,
0x000002d372da90d0, 0x000002d372da9df0, 0x000002d372daa480, 0x000002d3713f4380,
0x000002d3713f3660, 0x000002d3713f3cf0, 0x000002d3713f4a10, 0x000002d3713f1590,
0x000002d3713f50a0, 0x000002d3713f1c20, 0x000002d3713f2940, 0x000002d3713f7170,
0x000002d3713f6450, 0x000002d3713f7800, 0x000002d3713f5dc0, 0x000002d3713f8520,
0x000002d3713f6ae0, 0x000002d3713f7e90, 0x000002d3713f8bb0, 0x000002d3713f5730,
0x000002d36f52cc60, 0x000002d36f52a380
}

Java Threads: ( => current thread )
  0x000002d34de491e0 JavaThread "main"                              [_thread_blocked, id=11596, stack(0x000000f9db200000,0x000000f9db300000) (1024K)]
  0x000002d36f0c3490 JavaThread "Common-Cleaner"             daemon [_thread_blocked, id=17748, stack(0x000000f9dba00000,0x000000f9dbb00000) (1024K)]
  0x000002d36f0c8ce0 JavaThread "Reference Handler"          daemon [_thread_blocked, id=3704, stack(0x000000f9dbb00000,0x000000f9dbc00000) (1024K)]
  0x000002d36f0d2c30 JavaThread "Finalizer"                  daemon [_thread_blocked, id=456, stack(0x000000f9dbc00000,0x000000f9dbd00000) (1024K)]
  0x000002d36f101770 JavaThread "Signal Dispatcher"          daemon [_thread_blocked, id=16992, stack(0x000000f9dbd00000,0x000000f9dbe00000) (1024K)]
  0x000002d36f1021d0 JavaThread "Attach Listener"            daemon [_thread_blocked, id=22432, stack(0x000000f9dbe00000,0x000000f9dbf00000) (1024K)]
  0x000002d36f1037a0 JavaThread "Service Thread"             daemon [_thread_blocked, id=496, stack(0x000000f9dbf00000,0x000000f9dc000000) (1024K)]
  0x000002d36f104d70 JavaThread "Monitor Deflation Thread"   daemon [_thread_blocked, id=21508, stack(0x000000f9dc000000,0x000000f9dc100000) (1024K)]
  0x000002d36f106670 JavaThread "C2 CompilerThread0"         daemon [_thread_blocked, id=12064, stack(0x000000f9dc100000,0x000000f9dc200000) (1024K)]
  0x000002d36f107db0 JavaThread "C1 CompilerThread0"         daemon [_thread_blocked, id=19396, stack(0x000000f9dc200000,0x000000f9dc300000) (1024K)]
  0x000002d36f2e32f0 JavaThread "C1 CompilerThread1"         daemon [_thread_blocked, id=10280, stack(0x000000f9dc300000,0x000000f9dc400000) (1024K)]
  0x000002d36f2fe340 JavaThread "C1 CompilerThread2"         daemon [_thread_blocked, id=15236, stack(0x000000f9dc400000,0x000000f9dc500000) (1024K)]
  0x000002d36f444100 JavaThread "Notification Thread"        daemon [_thread_blocked, id=14712, stack(0x000000f9dc500000,0x000000f9dc600000) (1024K)]
  0x000002d36f445550 JavaThread "C2 CompilerThread1"         daemon [_thread_blocked, id=14668, stack(0x000000f9dc600000,0x000000f9dc700000) (1024K)]
  0x000002d36f7997c0 JavaThread "C2 CompilerThread2"         daemon [_thread_blocked, id=12812, stack(0x000000f9dc700000,0x000000f9dc800000) (1024K)]
  0x000002d37032ef00 JavaThread "C1 CompilerThread3"         daemon [_thread_blocked, id=19504, stack(0x000000f9dcf00000,0x000000f9dd000000) (1024K)]
  0x000002d3717cac10 JavaThread "Daemon health stats"               [_thread_blocked, id=9920, stack(0x000000f9dce00000,0x000000f9dcf00000) (1024K)]
  0x000002d371bc1370 JavaThread "Incoming local TCP Connector on port 59372"        [_thread_in_native, id=19180, stack(0x000000f9dd000000,0x000000f9dd100000) (1024K)]
  0x000002d3718eeb80 JavaThread "Daemon periodic checks"            [_thread_blocked, id=22212, stack(0x000000f9dd100000,0x000000f9dd200000) (1024K)]
  0x000002d37084b2c0 JavaThread "Daemon"                            [_thread_blocked, id=7344, stack(0x000000f9dd200000,0x000000f9dd300000) (1024K)]
  0x000002d371601780 JavaThread "Handler for socket connection from /127.0.0.1:59372 to /127.0.0.1:59373"        [_thread_in_native, id=20044, stack(0x000000f9dd300000,0x000000f9dd400000) (1024K)]
  0x000002d371516b70 JavaThread "Cancel handler"                    [_thread_blocked, id=20056, stack(0x000000f9dd400000,0x000000f9dd500000) (1024K)]
  0x000002d3715171e0 JavaThread "Daemon worker"                     [_thread_blocked, id=24052, stack(0x000000f9dd500000,0x000000f9dd600000) (1024K)]
  0x000002d37054fce0 JavaThread "Asynchronous log dispatcher for DefaultDaemonConnection: socket connection from /127.0.0.1:59372 to /127.0.0.1:59373"        [_thread_blocked, id=8708, stack(0x000000f9dd600000,0x000000f9dd700000) (1024K)]
  0x000002d37054e930 JavaThread "Stdin handler"                     [_thread_blocked, id=12232, stack(0x000000f9dd700000,0x000000f9dd800000) (1024K)]
  0x000002d37054d580 JavaThread "Daemon client event forwarder"        [_thread_blocked, id=3960, stack(0x000000f9dd800000,0x000000f9dd900000) (1024K)]
  0x000002d37054cef0 JavaThread "Cache worker for journal cache (C:\Users\ADMIN\.gradle\caches\journal-1)"        [_thread_blocked, id=21720, stack(0x000000f9de200000,0x000000f9de300000) (1024K)]
  0x000002d370550370 JavaThread "File lock request listener"        [_thread_in_native, id=17984, stack(0x000000f9de300000,0x000000f9de400000) (1024K)]
  0x000002d37054dc10 JavaThread "Cache worker for file hash cache (C:\Users\ADMIN\.gradle\caches\8.13\fileHashes)"        [_thread_blocked, id=15676, stack(0x000000f9de400000,0x000000f9de500000) (1024K)]
  0x000002d37054f650 JavaThread "Cache worker for file hash cache (D:\AndroidStudioProjects\DACN_1\FinFit\.gradle\8.13\fileHashes)"        [_thread_blocked, id=19400, stack(0x000000f9de500000,0x000000f9de600000) (1024K)]
  0x000002d375966070 JavaThread "Cache worker for Build Output Cleanup Cache (D:\AndroidStudioProjects\DACN_1\FinFit\.gradle\buildOutputCleanup)"        [_thread_blocked, id=13056, stack(0x000000f9de600000,0x000000f9de700000) (1024K)]
  0x000002d375963fa0 JavaThread "File watcher server"        daemon [_thread_blocked, id=19156, stack(0x000000f9de700000,0x000000f9de800000) (1024K)]
  0x000002d375964cc0 JavaThread "File watcher consumer"      daemon [_thread_blocked, id=19412, stack(0x000000f9de800000,0x000000f9de900000) (1024K)]
  0x000002d375967ab0 JavaThread "jar transforms"                    [_thread_blocked, id=8852, stack(0x000000f9de900000,0x000000f9dea00000) (1024K)]
  0x000002d3759659e0 JavaThread "jar transforms Thread 2"           [_thread_blocked, id=12448, stack(0x000000f9dea00000,0x000000f9deb00000) (1024K)]
  0x000002d375966700 JavaThread "Cache worker for checksums cache (D:\AndroidStudioProjects\DACN_1\FinFit\.gradle\8.13\checksums)"        [_thread_blocked, id=6204, stack(0x000000f9dec00000,0x000000f9ded00000) (1024K)]
  0x000002d375966d90 JavaThread "Cache worker for file content cache (C:\Users\ADMIN\.gradle\caches\8.13\fileContent)"        [_thread_blocked, id=14264, stack(0x000000f9ded00000,0x000000f9dee00000) (1024K)]
  0x000002d375964630 JavaThread "jar transforms Thread 3"           [_thread_blocked, id=18732, stack(0x000000f9dee00000,0x000000f9def00000) (1024K)]
  0x000002d375968e60 JavaThread "Cache worker for cache directory md-supplier (C:\Users\ADMIN\.gradle\caches\8.13\md-supplier)"        [_thread_blocked, id=10848, stack(0x000000f9def00000,0x000000f9df000000) (1024K)]
  0x000002d3759687d0 JavaThread "Cache worker for cache directory md-rule (C:\Users\ADMIN\.gradle\caches\8.13\md-rule)"        [_thread_blocked, id=13864, stack(0x000000f9df000000,0x000000f9df100000) (1024K)]
  0x000002d375967420 JavaThread "Unconstrained build operations"        [_thread_blocked, id=21528, stack(0x000000f9df100000,0x000000f9df200000) (1024K)]
  0x000002d37596b5c0 JavaThread "Unconstrained build operations Thread 2"        [_thread_blocked, id=18872, stack(0x000000f9df200000,0x000000f9df300000) (1024K)]
  0x000002d3759694f0 JavaThread "Unconstrained build operations Thread 3"        [_thread_blocked, id=2996, stack(0x000000f9df300000,0x000000f9df400000) (1024K)]
  0x000002d375969b80 JavaThread "Unconstrained build operations Thread 4"        [_thread_blocked, id=20208, stack(0x000000f9df400000,0x000000f9df500000) (1024K)]
  0x000002d37596af30 JavaThread "Unconstrained build operations Thread 5"        [_thread_blocked, id=18176, stack(0x000000f9df500000,0x000000f9df600000) (1024K)]
  0x000002d37596a8a0 JavaThread "Unconstrained build operations Thread 6"        [_thread_blocked, id=5084, stack(0x000000f9df600000,0x000000f9df700000) (1024K)]
  0x000002d375fbe760 JavaThread "Unconstrained build operations Thread 7"        [_thread_blocked, id=19416, stack(0x000000f9df700000,0x000000f9df800000) (1024K)]
  0x000002d375fbd3b0 JavaThread "Unconstrained build operations Thread 8"        [_thread_blocked, id=19676, stack(0x000000f9df800000,0x000000f9df900000) (1024K)]
  0x000002d375fbcd20 JavaThread "Unconstrained build operations Thread 9"        [_thread_blocked, id=23728, stack(0x000000f9df900000,0x000000f9dfa00000) (1024K)]
  0x000002d375fbda40 JavaThread "Unconstrained build operations Thread 10"        [_thread_blocked, id=3852, stack(0x000000f9dfa00000,0x000000f9dfb00000) (1024K)]
  0x000002d375fbe0d0 JavaThread "Unconstrained build operations Thread 11"        [_thread_blocked, id=10080, stack(0x000000f9dfb00000,0x000000f9dfc00000) (1024K)]
  0x000002d375fbc690 JavaThread "Unconstrained build operations Thread 12"        [_thread_blocked, id=12796, stack(0x000000f9dfc00000,0x000000f9dfd00000) (1024K)]
  0x000002d375fbedf0 JavaThread "Unconstrained build operations Thread 13"        [_thread_blocked, id=15776, stack(0x000000f9dfd00000,0x000000f9dfe00000) (1024K)]
  0x000002d375fbf480 JavaThread "Unconstrained build operations Thread 14"        [_thread_blocked, id=13632, stack(0x000000f9dfe00000,0x000000f9dff00000) (1024K)]
  0x000002d375fc2900 JavaThread "Unconstrained build operations Thread 15"        [_thread_blocked, id=13736, stack(0x000000f9dff00000,0x000000f9e0000000) (1024K)]
  0x000002d375fc2270 JavaThread "Unconstrained build operations Thread 16"        [_thread_blocked, id=22044, stack(0x000000f9e0000000,0x000000f9e0100000) (1024K)]
  0x000002d375fc2f90 JavaThread "Unconstrained build operations Thread 17"        [_thread_blocked, id=1720, stack(0x000000f9e0100000,0x000000f9e0200000) (1024K)]
  0x000002d375fc1be0 JavaThread "Unconstrained build operations Thread 18"        [_thread_blocked, id=18092, stack(0x000000f9e0200000,0x000000f9e0300000) (1024K)]
  0x000002d375fc01a0 JavaThread "Unconstrained build operations Thread 19"        [_thread_blocked, id=19288, stack(0x000000f9e0300000,0x000000f9e0400000) (1024K)]
  0x000002d375fbfb10 JavaThread "Unconstrained build operations Thread 20"        [_thread_blocked, id=20680, stack(0x000000f9e0400000,0x000000f9e0500000) (1024K)]
  0x000002d375fc3cb0 JavaThread "jar transforms Thread 4"           [_thread_blocked, id=21144, stack(0x000000f9e0500000,0x000000f9e0600000) (1024K)]
  0x000002d375fc0ec0 JavaThread "jar transforms Thread 5"           [_thread_blocked, id=10188, stack(0x000000f9e0600000,0x000000f9e0700000) (1024K)]
  0x000002d375fc0830 JavaThread "Unconstrained build operations Thread 21"        [_thread_blocked, id=23784, stack(0x000000f9e0700000,0x000000f9e0800000) (1024K)]
  0x000002d375fc1550 JavaThread "Unconstrained build operations Thread 22"        [_thread_blocked, id=22192, stack(0x000000f9e0800000,0x000000f9e0900000) (1024K)]
  0x000002d3750b4880 JavaThread "Unconstrained build operations Thread 23"        [_thread_blocked, id=23924, stack(0x000000f9e0900000,0x000000f9e0a00000) (1024K)]
  0x000002d3750b4f10 JavaThread "Unconstrained build operations Thread 24"        [_thread_blocked, id=12992, stack(0x000000f9e0a00000,0x000000f9e0b00000) (1024K)]
  0x000002d3750b34d0 JavaThread "Unconstrained build operations Thread 25"        [_thread_blocked, id=23168, stack(0x000000f9e0b00000,0x000000f9e0c00000) (1024K)]
  0x000002d3750b41f0 JavaThread "Unconstrained build operations Thread 26"        [_thread_blocked, id=21388, stack(0x000000f9e0c00000,0x000000f9e0d00000) (1024K)]
  0x000002d3750b2120 JavaThread "Unconstrained build operations Thread 27"        [_thread_blocked, id=9704, stack(0x000000f9e0d00000,0x000000f9e0e00000) (1024K)]
  0x000002d3750b1a90 JavaThread "Unconstrained build operations Thread 28"        [_thread_blocked, id=23900, stack(0x000000f9e0e00000,0x000000f9e0f00000) (1024K)]
  0x000002d3750b27b0 JavaThread "Unconstrained build operations Thread 29"        [_thread_blocked, id=19556, stack(0x000000f9e0f00000,0x000000f9e1000000) (1024K)]
  0x000002d3750b3b60 JavaThread "Unconstrained build operations Thread 30"        [_thread_blocked, id=18088, stack(0x000000f9e1000000,0x000000f9e1100000) (1024K)]
  0x000002d3750b2e40 JavaThread "jar transforms Thread 6"           [_thread_blocked, id=17252, stack(0x000000f9e1100000,0x000000f9e1200000) (1024K)]
  0x000002d3756d71d0 JavaThread "jar transforms Thread 7"           [_thread_blocked, id=2116, stack(0x000000f9e1200000,0x000000f9e1300000) (1024K)]
  0x000002d3756d7ef0 JavaThread "jar transforms Thread 8"           [_thread_blocked, id=15392, stack(0x000000f9e1300000,0x000000f9e1400000) (1024K)]
  0x000002d3756d9930 JavaThread "Unconstrained build operations Thread 31"        [_thread_blocked, id=15284, stack(0x000000f9dcd00000,0x000000f9dce00000) (1024K)]
  0x000002d3756dc090 JavaThread "Unconstrained build operations Thread 32"        [_thread_blocked, id=15792, stack(0x000000f9deb00000,0x000000f9dec00000) (1024K)]
  0x000002d3756d92a0 JavaThread "Unconstrained build operations Thread 33"        [_thread_blocked, id=12168, stack(0x000000f9e1400000,0x000000f9e1500000) (1024K)]
  0x000002d3756dcdb0 JavaThread "Unconstrained build operations Thread 34"        [_thread_blocked, id=12096, stack(0x000000f9e1500000,0x000000f9e1600000) (1024K)]
  0x000002d3756ddad0 JavaThread "Unconstrained build operations Thread 35"        [_thread_blocked, id=10892, stack(0x000000f9e1600000,0x000000f9e1700000) (1024K)]
  0x000002d3756da650 JavaThread "Unconstrained build operations Thread 36"        [_thread_blocked, id=5316, stack(0x000000f9e1700000,0x000000f9e1800000) (1024K)]
  0x000002d3756de7f0 JavaThread "Unconstrained build operations Thread 37"        [_thread_blocked, id=14408, stack(0x000000f9e1800000,0x000000f9e1900000) (1024K)]
  0x000002d3756dd440 JavaThread "Unconstrained build operations Thread 38"        [_thread_blocked, id=11108, stack(0x000000f9e1900000,0x000000f9e1a00000) (1024K)]
  0x000002d3756de160 JavaThread "Unconstrained build operations Thread 39"        [_thread_blocked, id=11292, stack(0x000000f9e1a00000,0x000000f9e1b00000) (1024K)]
  0x000002d37684ac20 JavaThread "Unconstrained build operations Thread 40"        [_thread_blocked, id=9984, stack(0x000000f9e1b00000,0x000000f9e1c00000) (1024K)]
  0x000002d37684b940 JavaThread "Unconstrained build operations Thread 41"        [_thread_blocked, id=12236, stack(0x000000f9e1c00000,0x000000f9e1d00000) (1024K)]
  0x000002d37684d380 JavaThread "Unconstrained build operations Thread 42"        [_thread_blocked, id=16888, stack(0x000000f9e1d00000,0x000000f9e1e00000) (1024K)]
  0x000002d37684bfd0 JavaThread "Unconstrained build operations Thread 43"        [_thread_blocked, id=15876, stack(0x000000f9e1e00000,0x000000f9e1f00000) (1024K)]
  0x000002d37684b2b0 JavaThread "Unconstrained build operations Thread 44"        [_thread_blocked, id=11844, stack(0x000000f9e1f00000,0x000000f9e2000000) (1024K)]
  0x000002d37684c660 JavaThread "Unconstrained build operations Thread 45"        [_thread_blocked, id=11424, stack(0x000000f9e2000000,0x000000f9e2100000) (1024K)]
  0x000002d37684ccf0 JavaThread "Unconstrained build operations Thread 46"        [_thread_blocked, id=9636, stack(0x000000f9e2100000,0x000000f9e2200000) (1024K)]
  0x000002d37684da10 JavaThread "Unconstrained build operations Thread 47"        [_thread_blocked, id=7860, stack(0x000000f9e2200000,0x000000f9e2300000) (1024K)]
  0x000002d37684a590 JavaThread "Unconstrained build operations Thread 48"        [_thread_blocked, id=20828, stack(0x000000f9e2300000,0x000000f9e2400000) (1024K)]
  0x000002d376850e90 JavaThread "Unconstrained build operations Thread 49"        [_thread_blocked, id=24280, stack(0x000000f9e2400000,0x000000f9e2500000) (1024K)]
  0x000002d37684edc0 JavaThread "Unconstrained build operations Thread 50"        [_thread_blocked, id=12800, stack(0x000000f9e2500000,0x000000f9e2600000) (1024K)]
  0x000002d37684fae0 JavaThread "Unconstrained build operations Thread 51"        [_thread_blocked, id=3820, stack(0x000000f9e2600000,0x000000f9e2700000) (1024K)]
  0x000002d376850170 JavaThread "Unconstrained build operations Thread 52"        [_thread_blocked, id=21148, stack(0x000000f9e2700000,0x000000f9e2800000) (1024K)]
  0x000002d37684f450 JavaThread "Unconstrained build operations Thread 53"        [_thread_blocked, id=22448, stack(0x000000f9e2800000,0x000000f9e2900000) (1024K)]
  0x000002d376850800 JavaThread "Unconstrained build operations Thread 54"        [_thread_blocked, id=19896, stack(0x000000f9e2900000,0x000000f9e2a00000) (1024K)]
  0x000002d376851520 JavaThread "Unconstrained build operations Thread 55"        [_thread_blocked, id=6344, stack(0x000000f9e2a00000,0x000000f9e2b00000) (1024K)]
  0x000002d37684e730 JavaThread "Unconstrained build operations Thread 56"        [_thread_blocked, id=5024, stack(0x000000f9e2b00000,0x000000f9e2c00000) (1024K)]
  0x000002d37684e0a0 JavaThread "Unconstrained build operations Thread 57"        [_thread_blocked, id=12784, stack(0x000000f9e2c00000,0x000000f9e2d00000) (1024K)]
  0x000002d376851bb0 JavaThread "Unconstrained build operations Thread 58"        [_thread_blocked, id=17180, stack(0x000000f9e2d00000,0x000000f9e2e00000) (1024K)]
  0x000002d376730dd0 JavaThread "Unconstrained build operations Thread 59"        [_thread_blocked, id=13992, stack(0x000000f9e2e00000,0x000000f9e2f00000) (1024K)]
  0x000002d376730740 JavaThread "Unconstrained build operations Thread 60"        [_thread_blocked, id=19384, stack(0x000000f9e2f00000,0x000000f9e3000000) (1024K)]
  0x000002d37672dfe0 JavaThread "Unconstrained build operations Thread 61"        [_thread_blocked, id=3136, stack(0x000000f9e3000000,0x000000f9e3100000) (1024K)]
  0x000002d37672ed00 JavaThread "Unconstrained build operations Thread 62"        [_thread_blocked, id=16056, stack(0x000000f9e3100000,0x000000f9e3200000) (1024K)]
  0x000002d376731460 JavaThread "Unconstrained build operations Thread 63"        [_thread_blocked, id=8588, stack(0x000000f9e3200000,0x000000f9e3300000) (1024K)]
  0x000002d37672f390 JavaThread "Unconstrained build operations Thread 64"        [_thread_blocked, id=3124, stack(0x000000f9e3300000,0x000000f9e3400000) (1024K)]
  0x000002d376731af0 JavaThread "Unconstrained build operations Thread 65"        [_thread_blocked, id=10416, stack(0x000000f9e3400000,0x000000f9e3500000) (1024K)]
  0x000002d37672fa20 JavaThread "Unconstrained build operations Thread 66"        [_thread_blocked, id=17140, stack(0x000000f9e3500000,0x000000f9e3600000) (1024K)]
  0x000002d37672e670 JavaThread "Unconstrained build operations Thread 67"        [_thread_blocked, id=20156, stack(0x000000f9e3600000,0x000000f9e3700000) (1024K)]
  0x000002d376732180 JavaThread "Unconstrained build operations Thread 68"        [_thread_blocked, id=5072, stack(0x000000f9e3700000,0x000000f9e3800000) (1024K)]
  0x000002d376732810 JavaThread "Unconstrained build operations Thread 69"        [_thread_blocked, id=20004, stack(0x000000f9e3800000,0x000000f9e3900000) (1024K)]
  0x000002d376732ea0 JavaThread "Unconstrained build operations Thread 70"        [_thread_blocked, id=16092, stack(0x000000f9e3900000,0x000000f9e3a00000) (1024K)]
  0x000002d376733530 JavaThread "Unconstrained build operations Thread 71"        [_thread_blocked, id=18304, stack(0x000000f9e3a00000,0x000000f9e3b00000) (1024K)]
  0x000002d3767300b0 JavaThread "Unconstrained build operations Thread 72"        [_thread_blocked, id=15768, stack(0x000000f9e3b00000,0x000000f9e3c00000) (1024K)]
  0x000002d376733bc0 JavaThread "Unconstrained build operations Thread 73"        [_thread_blocked, id=11604, stack(0x000000f9e3c00000,0x000000f9e3d00000) (1024K)]
  0x000002d376734250 JavaThread "Unconstrained build operations Thread 74"        [_thread_blocked, id=8108, stack(0x000000f9e3d00000,0x000000f9e3e00000) (1024K)]
  0x000002d376735600 JavaThread "Unconstrained build operations Thread 75"        [_thread_blocked, id=9332, stack(0x000000f9e3e00000,0x000000f9e3f00000) (1024K)]
  0x000002d3765d3b30 JavaThread "jar transforms Thread 9"           [_thread_blocked, id=15308, stack(0x000000f9e4100000,0x000000f9e4200000) (1024K)]
  0x000002d3765d34a0 JavaThread "build event listener"              [_thread_blocked, id=18360, stack(0x000000f9e3f00000,0x000000f9e4000000) (1024K)]
  0x000002d3765d9710 JavaThread "Memory manager"                    [_thread_blocked, id=9008, stack(0x000000f9e4000000,0x000000f9e4100000) (1024K)]
  0x000002d376734f70 JavaThread "build event listener"              [_thread_blocked, id=1320, stack(0x000000f9e4200000,0x000000f9e4300000) (1024K)]
  0x000002d375343560 JavaThread "jar transforms Thread 10"          [_thread_blocked, id=18168, stack(0x000000f9e4300000,0x000000f9e4400000) (1024K)]
  0x000002d375343bf0 JavaThread "Problems report writer"            [_thread_blocked, id=5052, stack(0x000000f9e4400000,0x000000f9e4500000) (1024K)]
  0x000002d372d05100 JavaThread "C2 CompilerThread3"         daemon [_thread_blocked, id=20864, stack(0x000000f9e4500000,0x000000f9e4600000) (1024K)]
  0x000002d375342840 JavaThread "pool-3-thread-1"                   [_thread_blocked, id=11988, stack(0x000000f9e4600000,0x000000f9e4700000) (1024K)]
  0x000002d375344280 JavaThread "build event listener"              [_thread_blocked, id=17856, stack(0x000000f9e4700000,0x000000f9e4800000) (1024K)]
  0x000002d375348420 JavaThread "included builds"                   [_thread_blocked, id=5256, stack(0x000000f9e4800000,0x000000f9e4900000) (1024K)]
  0x000002d3753469e0 JavaThread "Execution worker"                  [_thread_blocked, id=10940, stack(0x000000f9e4900000,0x000000f9e4a00000) (1024K)]
  0x000002d375344fa0 JavaThread "Execution worker Thread 2"         [_thread_blocked, id=8988, stack(0x000000f9e4a00000,0x000000f9e4b00000) (1024K)]
  0x000002d375348ab0 JavaThread "Execution worker Thread 3"         [_thread_blocked, id=14120, stack(0x000000f9e4b00000,0x000000f9e4c00000) (1024K)]
  0x000002d375347700 JavaThread "Execution worker Thread 4"         [_thread_blocked, id=23792, stack(0x000000f9e4c00000,0x000000f9e4d00000) (1024K)]
  0x000002d375345630 JavaThread "Execution worker Thread 5"         [_thread_blocked, id=10220, stack(0x000000f9e4d00000,0x000000f9e4e00000) (1024K)]
  0x000002d375345cc0 JavaThread "Execution worker Thread 6"         [_thread_blocked, id=16152, stack(0x000000f9e4e00000,0x000000f9e4f00000) (1024K)]
  0x000002d375346350 JavaThread "Execution worker Thread 7"         [_thread_blocked, id=22056, stack(0x000000f9e4f00000,0x000000f9e5000000) (1024K)]
  0x000002d375347070 JavaThread "Execution worker Thread 8"         [_thread_blocked, id=20204, stack(0x000000f9e5000000,0x000000f9e5100000) (1024K)]
  0x000002d3765d9da0 JavaThread "Execution worker Thread 9"         [_thread_blocked, id=17504, stack(0x000000f9e5100000,0x000000f9e5200000) (1024K)]
  0x000002d3765da430 JavaThread "Execution worker Thread 10"        [_thread_blocked, id=11908, stack(0x000000f9e5200000,0x000000f9e5300000) (1024K)]
  0x000002d3765daac0 JavaThread "Execution worker Thread 11"        [_thread_blocked, id=11240, stack(0x000000f9e5300000,0x000000f9e5400000) (1024K)]
  0x000002d37cc06960 JavaThread "Execution worker Thread 12"        [_thread_blocked, id=1416, stack(0x000000f9e5400000,0x000000f9e5500000) (1024K)]
  0x000002d37cc07d10 JavaThread "Execution worker Thread 13"        [_thread_blocked, id=18896, stack(0x000000f9e5500000,0x000000f9e5600000) (1024K)]
  0x000002d37cc06ff0 JavaThread "Execution worker Thread 14"        [_thread_blocked, id=8076, stack(0x000000f9e5600000,0x000000f9e5700000) (1024K)]
  0x000002d37cc08a30 JavaThread "Execution worker Thread 15"        [_thread_blocked, id=2220, stack(0x000000f9e5700000,0x000000f9e5800000) (1024K)]
  0x000002d37cc090c0 JavaThread "Cache worker for execution history cache (D:\AndroidStudioProjects\DACN_1\FinFit\.gradle\8.13\executionHistory)"        [_thread_blocked, id=4980, stack(0x000000f9e5800000,0x000000f9e5900000) (1024K)]
  0x000002d37cc09de0 JavaThread "Unconstrained build operations Thread 76"        [_thread_blocked, id=9368, stack(0x000000f9e5900000,0x000000f9e5a00000) (1024K)]
  0x000002d37cc0a470 JavaThread "Unconstrained build operations Thread 77"        [_thread_blocked, id=20960, stack(0x000000f9e5a00000,0x000000f9e5b00000) (1024K)]
  0x000002d37cc0ab00 JavaThread "Unconstrained build operations Thread 78"        [_thread_blocked, id=8236, stack(0x000000f9e5b00000,0x000000f9e5c00000) (1024K)]
  0x000002d37cc083a0 JavaThread "Unconstrained build operations Thread 79"        [_thread_blocked, id=14256, stack(0x000000f9e5c00000,0x000000f9e5d00000) (1024K)]
  0x000002d37cc07680 JavaThread "Unconstrained build operations Thread 80"        [_thread_blocked, id=19324, stack(0x000000f9e5d00000,0x000000f9e5e00000) (1024K)]
  0x000002d37cc0beb0 JavaThread "Unconstrained build operations Thread 81"        [_thread_blocked, id=18324, stack(0x000000f9e5e00000,0x000000f9e5f00000) (1024K)]
  0x000002d37cc0d260 JavaThread "Unconstrained build operations Thread 82"        [_thread_blocked, id=13184, stack(0x000000f9e5f00000,0x000000f9e6000000) (1024K)]
  0x000002d37cc0b820 JavaThread "Unconstrained build operations Thread 83"        [_thread_blocked, id=15084, stack(0x000000f9e6000000,0x000000f9e6100000) (1024K)]
  0x000002d37cc0b190 JavaThread "Unconstrained build operations Thread 84"        [_thread_blocked, id=4940, stack(0x000000f9e6100000,0x000000f9e6200000) (1024K)]
  0x000002d37cc0d8f0 JavaThread "Unconstrained build operations Thread 85"        [_thread_blocked, id=14316, stack(0x000000f9e6200000,0x000000f9e6300000) (1024K)]
  0x000002d37cc0c540 JavaThread "Unconstrained build operations Thread 86"        [_thread_blocked, id=24324, stack(0x000000f9e6300000,0x000000f9e6400000) (1024K)]
  0x000002d37cc0cbd0 JavaThread "Unconstrained build operations Thread 87"        [_thread_blocked, id=12476, stack(0x000000f9e6400000,0x000000f9e6500000) (1024K)]
  0x000002d37c129c60 JavaThread "Unconstrained build operations Thread 88"        [_thread_blocked, id=11584, stack(0x000000f9e6500000,0x000000f9e6600000) (1024K)]
  0x000002d37c12a2f0 JavaThread "Unconstrained build operations Thread 89"        [_thread_blocked, id=792, stack(0x000000f9e6600000,0x000000f9e6700000) (1024K)]
  0x000002d37c12a980 JavaThread "Unconstrained build operations Thread 90"        [_thread_blocked, id=12596, stack(0x000000f9e6700000,0x000000f9e6800000) (1024K)]
  0x000002d37c12b010 JavaThread "Unconstrained build operations Thread 91"        [_thread_blocked, id=15636, stack(0x000000f9e6800000,0x000000f9e6900000) (1024K)]
  0x000002d37c12b6a0 JavaThread "Unconstrained build operations Thread 92"        [_thread_blocked, id=21584, stack(0x000000f9e6900000,0x000000f9e6a00000) (1024K)]
  0x000002d37c1295d0 JavaThread "Unconstrained build operations Thread 93"        [_thread_blocked, id=20544, stack(0x000000f9e6a00000,0x000000f9e6b00000) (1024K)]
  0x000002d37c12f1b0 JavaThread "Unconstrained build operations Thread 94"        [_thread_blocked, id=13528, stack(0x000000f9e6b00000,0x000000f9e6c00000) (1024K)]
  0x000002d37c12f840 JavaThread "Unconstrained build operations Thread 95"        [_thread_blocked, id=10056, stack(0x000000f9e6c00000,0x000000f9e6d00000) (1024K)]
  0x000002d37c12d0e0 JavaThread "Unconstrained build operations Thread 96"        [_thread_blocked, id=8744, stack(0x000000f9e6d00000,0x000000f9e6e00000) (1024K)]
  0x000002d37c12e490 JavaThread "Unconstrained build operations Thread 97"        [_thread_blocked, id=20344, stack(0x000000f9e6e00000,0x000000f9e6f00000) (1024K)]
  0x000002d37c12ca50 JavaThread "Unconstrained build operations Thread 98"        [_thread_blocked, id=12920, stack(0x000000f9e6f00000,0x000000f9e7000000) (1024K)]
  0x000002d37c12de00 JavaThread "Unconstrained build operations Thread 99"        [_thread_blocked, id=8848, stack(0x000000f9e7000000,0x000000f9e7100000) (1024K)]
  0x000002d37c12fed0 JavaThread "Unconstrained build operations Thread 100"        [_thread_blocked, id=18172, stack(0x000000f9e7100000,0x000000f9e7200000) (1024K)]
  0x000002d37c12d770 JavaThread "Unconstrained build operations Thread 101"        [_thread_blocked, id=16636, stack(0x000000f9e7200000,0x000000f9e7300000) (1024K)]
  0x000002d37c12eb20 JavaThread "Unconstrained build operations Thread 102"        [_thread_blocked, id=2140, stack(0x000000f9e7300000,0x000000f9e7400000) (1024K)]
  0x000002d37c130560 JavaThread "Unconstrained build operations Thread 103"        [_thread_blocked, id=20408, stack(0x000000f9e7400000,0x000000f9e7500000) (1024K)]
  0x000002d37c394390 JavaThread "Unconstrained build operations Thread 104"        [_thread_blocked, id=24180, stack(0x000000f9e7500000,0x000000f9e7600000) (1024K)]
  0x000002d37c394a20 JavaThread "Unconstrained build operations Thread 105"        [_thread_blocked, id=2016, stack(0x000000f9e7600000,0x000000f9e7700000) (1024K)]
  0x000002d36f52c590 JavaThread "C2 CompilerThread4"         daemon [_thread_blocked, id=13396, stack(0x000000f9e7700000,0x000000f9e7800000) (1024K)]
  0x000002d37c395dd0 JavaThread "Unconstrained build operations Thread 106"        [_thread_blocked, id=17420, stack(0x000000f9e7800000,0x000000f9e7900000) (1024K)]
  0x000002d37c393d00 JavaThread "Unconstrained build operations Thread 107"        [_thread_blocked, id=22296, stack(0x000000f9e7900000,0x000000f9e7a00000) (1024K)]
  0x000002d37c395740 JavaThread "Unconstrained build operations Thread 108"        [_thread_blocked, id=12580, stack(0x000000f9e7a00000,0x000000f9e7b00000) (1024K)]
  0x000002d37c393670 JavaThread "Unconstrained build operations Thread 109"        [_thread_blocked, id=1316, stack(0x000000f9e7b00000,0x000000f9e7c00000) (1024K)]
  0x000002d37c392950 JavaThread "Unconstrained build operations Thread 110"        [_thread_blocked, id=17688, stack(0x000000f9e7c00000,0x000000f9e7d00000) (1024K)]
  0x000002d37c396460 JavaThread "Unconstrained build operations Thread 111"        [_thread_blocked, id=22876, stack(0x000000f9e7d00000,0x000000f9e7e00000) (1024K)]
  0x000002d37c392fe0 JavaThread "Unconstrained build operations Thread 112"        [_thread_blocked, id=20016, stack(0x000000f9e7e00000,0x000000f9e7f00000) (1024K)]
  0x000002d37c398530 JavaThread "Unconstrained build operations Thread 113"        [_thread_blocked, id=5484, stack(0x000000f9e7f00000,0x000000f9e8000000) (1024K)]
  0x000002d37c396af0 JavaThread "Unconstrained build operations Thread 114"        [_thread_blocked, id=8292, stack(0x000000f9e8000000,0x000000f9e8100000) (1024K)]
  0x000002d37c398bc0 JavaThread "Unconstrained build operations Thread 115"        [_thread_blocked, id=21124, stack(0x000000f9e8100000,0x000000f9e8200000) (1024K)]
  0x000002d37c39a600 JavaThread "Unconstrained build operations Thread 116"        [_thread_blocked, id=19952, stack(0x000000f9e8200000,0x000000f9e8300000) (1024K)]
  0x000002d37c399f70 JavaThread "Unconstrained build operations Thread 117"        [_thread_blocked, id=20244, stack(0x000000f9e8300000,0x000000f9e8400000) (1024K)]
  0x000002d37c397180 JavaThread "Unconstrained build operations Thread 118"        [_thread_blocked, id=24192, stack(0x000000f9e8400000,0x000000f9e8500000) (1024K)]
  0x000002d37c39ac90 JavaThread "Unconstrained build operations Thread 119"        [_thread_blocked, id=15592, stack(0x000000f9e8500000,0x000000f9e8600000) (1024K)]
  0x000002d37c397810 JavaThread "Unconstrained build operations Thread 120"        [_thread_blocked, id=15148, stack(0x000000f9e8600000,0x000000f9e8700000) (1024K)]
  0x000002d37c3a01e0 JavaThread "Unconstrained build operations Thread 121"        [_thread_blocked, id=16952, stack(0x000000f9e8800000,0x000000f9e8900000) (1024K)]
  0x000002d372d9e630 JavaThread "Unconstrained build operations Thread 122"        [_thread_blocked, id=13996, stack(0x000000f9e8900000,0x000000f9e8a00000) (1024K)]
  0x000002d372d9b1b0 JavaThread "Unconstrained build operations Thread 123"        [_thread_blocked, id=2540, stack(0x000000f9e8a00000,0x000000f9e8b00000) (1024K)]
  0x000002d372d9c560 JavaThread "Unconstrained build operations Thread 124"        [_thread_blocked, id=15892, stack(0x000000f9e8b00000,0x000000f9e8c00000) (1024K)]
  0x000002d372d9dfa0 JavaThread "Unconstrained build operations Thread 125"        [_thread_blocked, id=15000, stack(0x000000f9e8c00000,0x000000f9e8d00000) (1024K)]
  0x000002d372d9d280 JavaThread "Unconstrained build operations Thread 126"        [_thread_blocked, id=3484, stack(0x000000f9e8d00000,0x000000f9e8e00000) (1024K)]
  0x000002d372d9d910 JavaThread "Unconstrained build operations Thread 127"        [_thread_blocked, id=3088, stack(0x000000f9e8e00000,0x000000f9e8f00000) (1024K)]
  0x000002d372d9cbf0 JavaThread "Unconstrained build operations Thread 128"        [_thread_blocked, id=17972, stack(0x000000f9e8f00000,0x000000f9e9000000) (1024K)]
  0x000002d372d9b840 JavaThread "Unconstrained build operations Thread 129"        [_thread_blocked, id=16232, stack(0x000000f9e9000000,0x000000f9e9100000) (1024K)]
  0x000002d372d9ecc0 JavaThread "Unconstrained build operations Thread 130"        [_thread_blocked, id=23580, stack(0x000000f9e9100000,0x000000f9e9200000) (1024K)]
  0x000002d372da0070 JavaThread "Unconstrained build operations Thread 131"        [_thread_blocked, id=11816, stack(0x000000f9e9200000,0x000000f9e9300000) (1024K)]
  0x000002d372d9f350 JavaThread "Unconstrained build operations Thread 132"        [_thread_blocked, id=10976, stack(0x000000f9e9300000,0x000000f9e9400000) (1024K)]
  0x000002d372da1ab0 JavaThread "Unconstrained build operations Thread 133"        [_thread_blocked, id=3956, stack(0x000000f9e9400000,0x000000f9e9500000) (1024K)]
  0x000002d372d9bed0 JavaThread "Unconstrained build operations Thread 134"        [_thread_blocked, id=15748, stack(0x000000f9e9500000,0x000000f9e9600000) (1024K)]
  0x000002d372da34f0 JavaThread "Unconstrained build operations Thread 135"        [_thread_blocked, id=18864, stack(0x000000f9e9600000,0x000000f9e9700000) (1024K)]
  0x000002d372da1420 JavaThread "Unconstrained build operations Thread 136"        [_thread_blocked, id=19760, stack(0x000000f9e9700000,0x000000f9e9800000) (1024K)]
  0x000002d372da0d90 JavaThread "Unconstrained build operations Thread 137"        [_thread_blocked, id=21204, stack(0x000000f9e9800000,0x000000f9e9900000) (1024K)]
  0x000002d372da0700 JavaThread "Unconstrained build operations Thread 138"        [_thread_blocked, id=17012, stack(0x000000f9e9900000,0x000000f9e9a00000) (1024K)]
  0x000002d372da2140 JavaThread "Unconstrained build operations Thread 139"        [_thread_blocked, id=21884, stack(0x000000f9e9a00000,0x000000f9e9b00000) (1024K)]
  0x000002d372da27d0 JavaThread "Unconstrained build operations Thread 140"        [_thread_blocked, id=21436, stack(0x000000f9e9b00000,0x000000f9e9c00000) (1024K)]
  0x000002d372da2e60 JavaThread "Unconstrained build operations Thread 141"        [_thread_blocked, id=20760, stack(0x000000f9e9c00000,0x000000f9e9d00000) (1024K)]
  0x000002d372d9f9e0 JavaThread "Unconstrained build operations Thread 142"        [_thread_blocked, id=8992, stack(0x000000f9e9d00000,0x000000f9e9e00000) (1024K)]
  0x000002d372da5c50 JavaThread "Unconstrained build operations Thread 143"        [_thread_blocked, id=3504, stack(0x000000f9e9e00000,0x000000f9e9f00000) (1024K)]
  0x000002d372da4f30 JavaThread "Unconstrained build operations Thread 144"        [_thread_blocked, id=17416, stack(0x000000f9e9f00000,0x000000f9ea000000) (1024K)]
  0x000002d372da62e0 JavaThread "Unconstrained build operations Thread 145"        [_thread_blocked, id=6796, stack(0x000000f9ea000000,0x000000f9ea100000) (1024K)]
  0x000002d372da55c0 JavaThread "Unconstrained build operations Thread 146"        [_thread_blocked, id=11120, stack(0x000000f9ea100000,0x000000f9ea200000) (1024K)]
  0x000002d372da7000 JavaThread "Unconstrained build operations Thread 147"        [_thread_blocked, id=18004, stack(0x000000f9ea200000,0x000000f9ea300000) (1024K)]
  0x000002d372da3b80 JavaThread "Unconstrained build operations Thread 148"        [_thread_blocked, id=14344, stack(0x000000f9ea300000,0x000000f9ea400000) (1024K)]
  0x000002d372da6970 JavaThread "Unconstrained build operations Thread 149"        [_thread_blocked, id=22608, stack(0x000000f9ea400000,0x000000f9ea500000) (1024K)]
  0x000002d372da7690 JavaThread "Unconstrained build operations Thread 150"        [_thread_blocked, id=22932, stack(0x000000f9ea500000,0x000000f9ea600000) (1024K)]
  0x000002d372da4210 JavaThread "Unconstrained build operations Thread 151"        [_thread_blocked, id=16720, stack(0x000000f9ea600000,0x000000f9ea700000) (1024K)]
  0x000002d372da7d20 JavaThread "Unconstrained build operations Thread 152"        [_thread_blocked, id=12616, stack(0x000000f9ea700000,0x000000f9ea800000) (1024K)]
  0x000002d372da48a0 JavaThread "Unconstrained build operations Thread 153"        [_thread_blocked, id=17880, stack(0x000000f9ea800000,0x000000f9ea900000) (1024K)]
  0x000002d372da9760 JavaThread "Unconstrained build operations Thread 154"        [_thread_blocked, id=9680, stack(0x000000f9ea900000,0x000000f9eaa00000) (1024K)]
  0x000002d372da83b0 JavaThread "Unconstrained build operations Thread 155"        [_thread_blocked, id=13968, stack(0x000000f9eaa00000,0x000000f9eab00000) (1024K)]
  0x000002d372da8a40 JavaThread "Unconstrained build operations Thread 156"        [_thread_blocked, id=18836, stack(0x000000f9eab00000,0x000000f9eac00000) (1024K)]
  0x000002d372da90d0 JavaThread "Unconstrained build operations Thread 157"        [_thread_blocked, id=18372, stack(0x000000f9eac00000,0x000000f9ead00000) (1024K)]
  0x000002d372da9df0 JavaThread "Unconstrained build operations Thread 158"        [_thread_blocked, id=4604, stack(0x000000f9ead00000,0x000000f9eae00000) (1024K)]
  0x000002d372daa480 JavaThread "Unconstrained build operations Thread 159"        [_thread_blocked, id=10920, stack(0x000000f9eb000000,0x000000f9eb100000) (1024K)]
  0x000002d3713f4380 JavaThread "Unconstrained build operations Thread 160"        [_thread_blocked, id=23772, stack(0x000000f9eb100000,0x000000f9eb200000) (1024K)]
  0x000002d3713f3660 JavaThread "WorkerExecutor Queue"              [_thread_blocked, id=22404, stack(0x000000f9e8700000,0x000000f9e8800000) (1024K)]
  0x000002d3713f3cf0 JavaThread "WorkerExecutor Queue Thread 2"        [_thread_blocked, id=19920, stack(0x000000f9eb200000,0x000000f9eb300000) (1024K)]
  0x000002d3713f4a10 JavaThread "WorkerExecutor Queue Thread 3"        [_thread_blocked, id=8700, stack(0x000000f9eb300000,0x000000f9eb400000) (1024K)]
  0x000002d3713f1590 JavaThread "WorkerExecutor Queue Thread 4"        [_thread_blocked, id=3680, stack(0x000000f9eb400000,0x000000f9eb500000) (1024K)]
  0x000002d3713f50a0 JavaThread "WorkerExecutor Queue Thread 5"        [_thread_blocked, id=13580, stack(0x000000f9eb500000,0x000000f9eb600000) (1024K)]
  0x000002d3713f1c20 JavaThread "WorkerExecutor Queue Thread 6"        [_thread_blocked, id=8120, stack(0x000000f9eb600000,0x000000f9eb700000) (1024K)]
  0x000002d3713f2940 JavaThread "WorkerExecutor Queue Thread 7"        [_thread_blocked, id=10368, stack(0x000000f9eb700000,0x000000f9eb800000) (1024K)]
  0x000002d3713f7170 JavaThread "WorkerExecutor Queue Thread 8"        [_thread_blocked, id=17308, stack(0x000000f9eb800000,0x000000f9eb900000) (1024K)]
  0x000002d3713f6450 JavaThread "WorkerExecutor Queue Thread 9"        [_thread_blocked, id=21808, stack(0x000000f9eb900000,0x000000f9eba00000) (1024K)]
  0x000002d3713f7800 JavaThread "WorkerExecutor Queue Thread 10"        [_thread_blocked, id=13668, stack(0x000000f9eba00000,0x000000f9ebb00000) (1024K)]
  0x000002d3713f5dc0 JavaThread "WorkerExecutor Queue Thread 11"        [_thread_blocked, id=22008, stack(0x000000f9ebb00000,0x000000f9ebc00000) (1024K)]
  0x000002d3713f8520 JavaThread "WorkerExecutor Queue Thread 12"        [_thread_blocked, id=18244, stack(0x000000f9ebc00000,0x000000f9ebd00000) (1024K)]
  0x000002d3713f6ae0 JavaThread "WorkerExecutor Queue Thread 13"        [_thread_blocked, id=19512, stack(0x000000f9ebd00000,0x000000f9ebe00000) (1024K)]
  0x000002d3713f7e90 JavaThread "WorkerExecutor Queue Thread 14"        [_thread_blocked, id=21832, stack(0x000000f9ebe00000,0x000000f9ebf00000) (1024K)]
  0x000002d3713f8bb0 JavaThread "WorkerExecutor Queue Thread 15"        [_thread_blocked, id=13472, stack(0x000000f9ebf00000,0x000000f9ec000000) (1024K)]
  0x000002d3713f5730 JavaThread "WorkerExecutor Queue Thread 16"        [_thread_blocked, id=22104, stack(0x000000f9ec000000,0x000000f9ec100000) (1024K)]
  0x000002d36f52cc60 JavaThread "C2 CompilerThread5"         daemon [_thread_blocked, id=19528, stack(0x000000f9ec100000,0x000000f9ec200000) (1024K)]
  0x000002d36f52a380 JavaThread "C2 CompilerThread6"         daemon [_thread_blocked, id=2640, stack(0x000000f9ec200000,0x000000f9ec300000) (1024K)]
Total: 250

Other Threads:
=>0x000002d36f03ca60 VMThread "VM Thread"                           [id=7500, stack(0x000000f9db900000,0x000000f9dba00000) (1024K)]
  0x000002d36ab1e620 WatcherThread "VM Periodic Task Thread"        [id=1528, stack(0x000000f9db800000,0x000000f9db900000) (1024K)]
  0x000002d3501686f0 WorkerThread "GC Thread#0"                     [id=8616, stack(0x000000f9db300000,0x000000f9db400000) (1024K)]
  0x000002d36fb98750 WorkerThread "GC Thread#1"                     [id=21200, stack(0x000000f9dc800000,0x000000f9dc900000) (1024K)]
  0x000002d36fb98af0 WorkerThread "GC Thread#2"                     [id=20576, stack(0x000000f9dc900000,0x000000f9dca00000) (1024K)]
  0x000002d36f8436e0 WorkerThread "GC Thread#3"                     [id=6696, stack(0x000000f9dca00000,0x000000f9dcb00000) (1024K)]
  0x000002d36f843a80 WorkerThread "GC Thread#4"                     [id=6516, stack(0x000000f9dcb00000,0x000000f9dcc00000) (1024K)]
  0x000002d36f843e20 WorkerThread "GC Thread#5"                     [id=8008, stack(0x000000f9dcc00000,0x000000f9dcd00000) (1024K)]
  0x000002d3715f4a50 WorkerThread "GC Thread#6"                     [id=12532, stack(0x000000f9dd900000,0x000000f9dda00000) (1024K)]
  0x000002d3717e65c0 WorkerThread "GC Thread#7"                     [id=13036, stack(0x000000f9dda00000,0x000000f9ddb00000) (1024K)]
  0x000002d3719ae220 WorkerThread "GC Thread#8"                     [id=20132, stack(0x000000f9ddb00000,0x000000f9ddc00000) (1024K)]
  0x000002d3719adae0 WorkerThread "GC Thread#9"                     [id=21664, stack(0x000000f9ddc00000,0x000000f9ddd00000) (1024K)]
  0x000002d3719ae5c0 WorkerThread "GC Thread#10"                    [id=19516, stack(0x000000f9ddd00000,0x000000f9dde00000) (1024K)]
  0x000002d3719ae960 WorkerThread "GC Thread#11"                    [id=23344, stack(0x000000f9dde00000,0x000000f9ddf00000) (1024K)]
  0x000002d3719aed00 WorkerThread "GC Thread#12"                    [id=11512, stack(0x000000f9ddf00000,0x000000f9de000000) (1024K)]
  0x000002d3501795e0 ConcurrentGCThread "G1 Main Marker"            [id=2652, stack(0x000000f9db400000,0x000000f9db500000) (1024K)]
  0x000002d350179ff0 WorkerThread "G1 Conc#0"                       [id=19772, stack(0x000000f9db500000,0x000000f9db600000) (1024K)]
  0x000002d3719ade80 WorkerThread "G1 Conc#1"                       [id=2656, stack(0x000000f9de000000,0x000000f9de100000) (1024K)]
  0x000002d3719af0a0 WorkerThread "G1 Conc#2"                       [id=17636, stack(0x000000f9de100000,0x000000f9de200000) (1024K)]
  0x000002d36a9f1c90 ConcurrentGCThread "G1 Refine#0"               [id=16648, stack(0x000000f9db600000,0x000000f9db700000) (1024K)]
  0x000002d36a9f35c0 ConcurrentGCThread "G1 Service"                [id=10040, stack(0x000000f9db700000,0x000000f9db800000) (1024K)]
Total: 21

Threads with active compile tasks:
C2 CompilerThread0  15348 22357       4       com.android.tools.r8.internal.fn::a (1189 bytes)
C1 CompilerThread0  15348 23187       3       com.android.tools.r8.internal.th2::b (277 bytes)
C1 CompilerThread1  15348 23193       3       com.android.tools.r8.internal.nv2::d0 (55 bytes)
C2 CompilerThread1  15348 22201       4       com.android.tools.r8.internal.nv2::a (372 bytes)
C2 CompilerThread2  15348 22423       4       com.android.tools.r8.internal.nv2::a (500 bytes)
C2 CompilerThread3  15348 21174 %     4       com.android.tools.r8.internal.l32::a @ 1747 (2024 bytes)
C2 CompilerThread4  15348 23184       4       com.android.tools.r8.graph.i6::a (145 bytes)
C2 CompilerThread5  15348 22172       4       com.android.tools.r8.internal.l32::c (803 bytes)
C2 CompilerThread6  15348 22297       4       com.android.tools.r8.graph.u2::a (439 bytes)
Total: 9

VM state: at safepoint (normal execution)

VM Mutex/Monitor currently owned by a thread:  ([mutex/lock_event])
[0x00007ff8afb68690] Threads_lock - owner thread: 0x000002d36f03ca60
[0x00007ff8afb68790] Heap_lock - owner thread: 0x000002d3713f7170

Heap address: 0x0000000700000000, size: 4096 MB, Compressed Oops mode: Zero based, Oop shift amount: 3

CDS archive(s) not mapped
Compressed class space mapped at: 0x0000000800000000-0x0000000834000000, reserved size: 872415232
Narrow klass base: 0x0000000800000000, Narrow klass shift: 0, Narrow klass range: 0x34000000

GC Precious Log:
 CardTable entry size: 512
 Card Set container configuration: InlinePtr #cards 4 size 8 Array Of Cards #cards 16 size 48 Howl #buckets 8 coarsen threshold 3686 Howl Bitmap #cards 512 size 80 coarsen threshold 460 Card regions per heap region 1 cards per card region 4096
 CPUs: 16 total, 16 available
 Memory: 16008M
 Large Page Support: Disabled
 NUMA Support: Disabled
 Compressed Oops: Enabled (Zero based)
 Heap Region Size: 2M
 Heap Min Capacity: 8M
 Heap Initial Capacity: 252M
 Heap Max Capacity: 4G
 Pre-touch: Disabled
 Parallel Workers: 13
 Concurrent Workers: 3
 Concurrent Refinement Workers: 13
 Periodic GC: Disabled

Heap:
 garbage-first heap   total 376832K, used 198387K [0x0000000700000000, 0x0000000800000000)
  region size 2048K, 6 young (12288K), 6 survivors (12288K)
 Metaspace       used 152419K, committed 154752K, reserved 1048576K
  class space    used 21983K, committed 23104K, reserved 851968K

Heap Regions: E=young(eden), S=young(survivor), O=old, HS=humongous(starts), HC=humongous(continues), CS=collection set, F=free, TAMS=top-at-mark-start, PB=parsable bottom
|   0|0x0000000700000000, 0x0000000700200000, 0x0000000700200000|100%|HS|  |TAMS 0x0000000700000000| PB 0x0000000700000000| Complete 
|   1|0x0000000700200000, 0x0000000700400000, 0x0000000700400000|100%|HC|  |TAMS 0x0000000700200000| PB 0x0000000700200000| Complete 
|   2|0x0000000700400000, 0x0000000700600000, 0x0000000700600000|100%| O|  |TAMS 0x0000000700400000| PB 0x0000000700400000| Untracked 
|   3|0x0000000700600000, 0x0000000700800000, 0x0000000700800000|100%| O|  |TAMS 0x0000000700600000| PB 0x0000000700600000| Untracked 
|   4|0x0000000700800000, 0x0000000700a00000, 0x0000000700a00000|100%| O|  |TAMS 0x0000000700800000| PB 0x0000000700800000| Untracked 
|   5|0x0000000700a00000, 0x0000000700c00000, 0x0000000700c00000|100%| O|  |TAMS 0x0000000700a00000| PB 0x0000000700a00000| Untracked 
|   6|0x0000000700c00000, 0x0000000700e00000, 0x0000000700e00000|100%| O|  |TAMS 0x0000000700c00000| PB 0x0000000700c00000| Untracked 
|   7|0x0000000700e00000, 0x0000000701000000, 0x0000000701000000|100%| O|  |TAMS 0x0000000700e00000| PB 0x0000000700e00000| Untracked 
|   8|0x0000000701000000, 0x0000000701200000, 0x0000000701200000|100%| O|  |TAMS 0x0000000701000000| PB 0x0000000701000000| Untracked 
|   9|0x0000000701200000, 0x0000000701400000, 0x0000000701400000|100%|HS|  |TAMS 0x0000000701200000| PB 0x0000000701200000| Complete 
|  10|0x0000000701400000, 0x0000000701600000, 0x0000000701600000|100%| O|  |TAMS 0x0000000701400000| PB 0x0000000701400000| Untracked 
|  11|0x0000000701600000, 0x0000000701800000, 0x0000000701800000|100%| O|  |TAMS 0x0000000701600000| PB 0x0000000701600000| Untracked 
|  12|0x0000000701800000, 0x0000000701a00000, 0x0000000701a00000|100%| O|  |TAMS 0x0000000701800000| PB 0x0000000701800000| Untracked 
|  13|0x0000000701a00000, 0x0000000701c00000, 0x0000000701c00000|100%| O|  |TAMS 0x0000000701a00000| PB 0x0000000701a00000| Untracked 
|  14|0x0000000701c00000, 0x0000000701e00000, 0x0000000701e00000|100%| O|  |TAMS 0x0000000701c00000| PB 0x0000000701c00000| Untracked 
|  15|0x0000000701e00000, 0x0000000702000000, 0x0000000702000000|100%| O|  |TAMS 0x0000000701e00000| PB 0x0000000701e00000| Untracked 
|  16|0x0000000702000000, 0x0000000702200000, 0x0000000702200000|100%| O|  |TAMS 0x0000000702000000| PB 0x0000000702000000| Untracked 
|  17|0x0000000702200000, 0x0000000702400000, 0x0000000702400000|100%| O|  |TAMS 0x0000000702200000| PB 0x0000000702200000| Untracked 
|  18|0x0000000702400000, 0x0000000702600000, 0x0000000702600000|100%| O|  |TAMS 0x0000000702400000| PB 0x0000000702400000| Untracked 
|  19|0x0000000702600000, 0x0000000702800000, 0x0000000702800000|100%| O|  |TAMS 0x0000000702600000| PB 0x0000000702600000| Untracked 
|  20|0x0000000702800000, 0x0000000702a00000, 0x0000000702a00000|100%| O|  |TAMS 0x0000000702800000| PB 0x0000000702800000| Untracked 
|  21|0x0000000702a00000, 0x0000000702c00000, 0x0000000702c00000|100%| O|  |TAMS 0x0000000702a00000| PB 0x0000000702a00000| Untracked 
|  22|0x0000000702c00000, 0x0000000702e00000, 0x0000000702e00000|100%|HS|  |TAMS 0x0000000702c00000| PB 0x0000000702c00000| Complete 
|  23|0x0000000702e00000, 0x0000000703000000, 0x0000000703000000|100%| O|  |TAMS 0x0000000702e00000| PB 0x0000000702e00000| Untracked 
|  24|0x0000000703000000, 0x0000000703200000, 0x0000000703200000|100%|HS|  |TAMS 0x0000000703000000| PB 0x0000000703000000| Complete 
|  25|0x0000000703200000, 0x0000000703400000, 0x0000000703400000|100%|HS|  |TAMS 0x0000000703200000| PB 0x0000000703200000| Complete 
|  26|0x0000000703400000, 0x0000000703600000, 0x0000000703600000|100%|HC|  |TAMS 0x0000000703400000| PB 0x0000000703400000| Complete 
|  27|0x0000000703600000, 0x0000000703800000, 0x0000000703800000|100%| O|  |TAMS 0x0000000703600000| PB 0x0000000703600000| Untracked 
|  28|0x0000000703800000, 0x0000000703a00000, 0x0000000703a00000|100%| O|  |TAMS 0x0000000703800000| PB 0x0000000703800000| Untracked 
|  29|0x0000000703a00000, 0x0000000703c00000, 0x0000000703c00000|100%| O|  |TAMS 0x0000000703a00000| PB 0x0000000703a00000| Untracked 
|  30|0x0000000703c00000, 0x0000000703e00000, 0x0000000703e00000|100%| O|  |TAMS 0x0000000703c00000| PB 0x0000000703c00000| Untracked 
|  31|0x0000000703e00000, 0x0000000703e00000, 0x0000000704000000|  0%| F|  |TAMS 0x0000000703e00000| PB 0x0000000703e00000| Untracked 
|  32|0x0000000704000000, 0x0000000704200000, 0x0000000704200000|100%| O|  |TAMS 0x0000000704000000| PB 0x0000000704000000| Untracked 
|  33|0x0000000704200000, 0x0000000704400000, 0x0000000704400000|100%| O|  |TAMS 0x0000000704200000| PB 0x0000000704200000| Untracked 
|  34|0x0000000704400000, 0x0000000704600000, 0x0000000704600000|100%| O|  |TAMS 0x0000000704400000| PB 0x0000000704400000| Untracked 
|  35|0x0000000704600000, 0x0000000704800000, 0x0000000704800000|100%| O|  |TAMS 0x0000000704600000| PB 0x0000000704600000| Untracked 
|  36|0x0000000704800000, 0x0000000704a00000, 0x0000000704a00000|100%|HS|  |TAMS 0x0000000704800000| PB 0x0000000704800000| Complete 
|  37|0x0000000704a00000, 0x0000000704c00000, 0x0000000704c00000|100%|HC|  |TAMS 0x0000000704a00000| PB 0x0000000704a00000| Complete 
|  38|0x0000000704c00000, 0x0000000704e00000, 0x0000000704e00000|100%| O|  |TAMS 0x0000000704c00000| PB 0x0000000704c00000| Untracked 
|  39|0x0000000704e00000, 0x0000000705000000, 0x0000000705000000|100%| O|  |TAMS 0x0000000704e00000| PB 0x0000000704e00000| Untracked 
|  40|0x0000000705000000, 0x0000000705200000, 0x0000000705200000|100%| O|  |TAMS 0x0000000705000000| PB 0x0000000705000000| Untracked 
|  41|0x0000000705200000, 0x0000000705400000, 0x0000000705400000|100%| O|  |TAMS 0x0000000705200000| PB 0x0000000705200000| Untracked 
|  42|0x0000000705400000, 0x0000000705600000, 0x0000000705600000|100%| O|  |TAMS 0x0000000705400000| PB 0x0000000705400000| Untracked 
|  43|0x0000000705600000, 0x0000000705800000, 0x0000000705800000|100%| O|  |TAMS 0x0000000705600000| PB 0x0000000705600000| Untracked 
|  44|0x0000000705800000, 0x0000000705a00000, 0x0000000705a00000|100%| O|  |TAMS 0x0000000705800000| PB 0x0000000705800000| Untracked 
|  45|0x0000000705a00000, 0x0000000705c00000, 0x0000000705c00000|100%| O|  |TAMS 0x0000000705a00000| PB 0x0000000705a00000| Untracked 
|  46|0x0000000705c00000, 0x0000000705e00000, 0x0000000705e00000|100%| O|  |TAMS 0x0000000705c00000| PB 0x0000000705c00000| Untracked 
|  47|0x0000000705e00000, 0x0000000706000000, 0x0000000706000000|100%| O|  |TAMS 0x0000000705e00000| PB 0x0000000705e00000| Untracked 
|  48|0x0000000706000000, 0x0000000706200000, 0x0000000706200000|100%| O|  |TAMS 0x0000000706000000| PB 0x0000000706000000| Untracked 
|  49|0x0000000706200000, 0x0000000706400000, 0x0000000706400000|100%| O|  |TAMS 0x0000000706200000| PB 0x0000000706200000| Untracked 
|  50|0x0000000706400000, 0x0000000706600000, 0x0000000706600000|100%| O|  |TAMS 0x0000000706400000| PB 0x0000000706400000| Untracked 
|  51|0x0000000706600000, 0x0000000706800000, 0x0000000706800000|100%| O|  |TAMS 0x0000000706600000| PB 0x0000000706600000| Untracked 
|  52|0x0000000706800000, 0x0000000706a00000, 0x0000000706a00000|100%| O|  |TAMS 0x0000000706800000| PB 0x0000000706800000| Untracked 
|  53|0x0000000706a00000, 0x0000000706c00000, 0x0000000706c00000|100%| O|  |TAMS 0x0000000706a00000| PB 0x0000000706a00000| Untracked 
|  54|0x0000000706c00000, 0x0000000706e00000, 0x0000000706e00000|100%| O|  |TAMS 0x0000000706c00000| PB 0x0000000706c00000| Untracked 
|  55|0x0000000706e00000, 0x0000000707000000, 0x0000000707000000|100%| O|  |TAMS 0x0000000706e00000| PB 0x0000000706e00000| Untracked 
|  56|0x0000000707000000, 0x0000000707200000, 0x0000000707200000|100%| O|  |TAMS 0x0000000707000000| PB 0x0000000707000000| Untracked 
|  57|0x0000000707200000, 0x0000000707400000, 0x0000000707400000|100%| O|  |TAMS 0x0000000707200000| PB 0x0000000707200000| Untracked 
|  58|0x0000000707400000, 0x0000000707600000, 0x0000000707600000|100%| O|  |TAMS 0x0000000707400000| PB 0x0000000707400000| Untracked 
|  59|0x0000000707600000, 0x0000000707800000, 0x0000000707800000|100%| O|  |TAMS 0x0000000707600000| PB 0x0000000707600000| Untracked 
|  60|0x0000000707800000, 0x0000000707a00000, 0x0000000707a00000|100%| O|  |TAMS 0x0000000707800000| PB 0x0000000707800000| Untracked 
|  61|0x0000000707a00000, 0x0000000707c00000, 0x0000000707c00000|100%| O|  |TAMS 0x0000000707a00000| PB 0x0000000707a00000| Untracked 
|  62|0x0000000707c00000, 0x0000000707e00000, 0x0000000707e00000|100%| O|  |TAMS 0x0000000707c00000| PB 0x0000000707c00000| Untracked 
|  63|0x0000000707e00000, 0x0000000708000000, 0x0000000708000000|100%| O|  |TAMS 0x0000000707e00000| PB 0x0000000707e00000| Untracked 
|  64|0x0000000708000000, 0x0000000708200000, 0x0000000708200000|100%| O|  |TAMS 0x0000000708000000| PB 0x0000000708000000| Untracked 
|  65|0x0000000708200000, 0x0000000708400000, 0x0000000708400000|100%| O|  |TAMS 0x0000000708200000| PB 0x0000000708200000| Untracked 
|  66|0x0000000708400000, 0x0000000708600000, 0x0000000708600000|100%| O|  |TAMS 0x0000000708400000| PB 0x0000000708400000| Untracked 
|  67|0x0000000708600000, 0x0000000708800000, 0x0000000708800000|100%| O|  |TAMS 0x0000000708600000| PB 0x0000000708600000| Untracked 
|  68|0x0000000708800000, 0x0000000708a00000, 0x0000000708a00000|100%| O|  |TAMS 0x0000000708800000| PB 0x0000000708800000| Untracked 
|  69|0x0000000708a00000, 0x0000000708c00000, 0x0000000708c00000|100%| O|  |TAMS 0x0000000708a00000| PB 0x0000000708a00000| Untracked 
|  70|0x0000000708c00000, 0x0000000708c5d050, 0x0000000708e00000| 18%| O|  |TAMS 0x0000000708c00000| PB 0x0000000708c00000| Untracked 
|  71|0x0000000708e00000, 0x0000000709000000, 0x0000000709000000|100%| O|  |TAMS 0x0000000708e00000| PB 0x0000000708e00000| Untracked 
|  72|0x0000000709000000, 0x0000000709200000, 0x0000000709200000|100%| O|  |TAMS 0x0000000709000000| PB 0x0000000709000000| Untracked 
|  73|0x0000000709200000, 0x0000000709400000, 0x0000000709400000|100%| O|  |TAMS 0x0000000709200000| PB 0x0000000709200000| Untracked 
|  74|0x0000000709400000, 0x0000000709600000, 0x0000000709600000|100%| O|  |TAMS 0x0000000709400000| PB 0x0000000709400000| Untracked 
|  75|0x0000000709600000, 0x0000000709800000, 0x0000000709800000|100%| O|  |TAMS 0x0000000709600000| PB 0x0000000709600000| Untracked 
|  76|0x0000000709800000, 0x0000000709a00000, 0x0000000709a00000|100%| O|  |TAMS 0x0000000709800000| PB 0x0000000709800000| Untracked 
|  77|0x0000000709a00000, 0x0000000709c00000, 0x0000000709c00000|100%| O|  |TAMS 0x0000000709a00000| PB 0x0000000709a00000| Untracked 
|  78|0x0000000709c00000, 0x0000000709e00000, 0x0000000709e00000|100%| O|  |TAMS 0x0000000709c00000| PB 0x0000000709c00000| Untracked 
|  79|0x0000000709e00000, 0x0000000709e00000, 0x000000070a000000|  0%| F|  |TAMS 0x0000000709e00000| PB 0x0000000709e00000| Untracked 
|  80|0x000000070a000000, 0x000000070a200000, 0x000000070a200000|100%| O|  |TAMS 0x000000070a000000| PB 0x000000070a000000| Untracked 
|  81|0x000000070a200000, 0x000000070a400000, 0x000000070a400000|100%| O|  |TAMS 0x000000070a200000| PB 0x000000070a200000| Untracked 
|  82|0x000000070a400000, 0x000000070a400000, 0x000000070a600000|  0%| F|  |TAMS 0x000000070a400000| PB 0x000000070a400000| Untracked 
|  83|0x000000070a600000, 0x000000070a800000, 0x000000070a800000|100%| O|  |TAMS 0x000000070a600000| PB 0x000000070a600000| Untracked 
|  84|0x000000070a800000, 0x000000070a800000, 0x000000070aa00000|  0%| F|  |TAMS 0x000000070a800000| PB 0x000000070a800000| Untracked 
|  85|0x000000070aa00000, 0x000000070ab5fd50, 0x000000070ac00000| 68%| S|CS|TAMS 0x000000070aa00000| PB 0x000000070aa00000| Complete 
|  86|0x000000070ac00000, 0x000000070ae00000, 0x000000070ae00000|100%| S|CS|TAMS 0x000000070ac00000| PB 0x000000070ac00000| Complete 
|  87|0x000000070ae00000, 0x000000070b000000, 0x000000070b000000|100%| S|CS|TAMS 0x000000070ae00000| PB 0x000000070ae00000| Complete 
|  88|0x000000070b000000, 0x000000070b000000, 0x000000070b200000|  0%| F|  |TAMS 0x000000070b000000| PB 0x000000070b000000| Untracked 
|  89|0x000000070b200000, 0x000000070b200000, 0x000000070b400000|  0%| F|  |TAMS 0x000000070b200000| PB 0x000000070b200000| Untracked 
|  90|0x000000070b400000, 0x000000070b400000, 0x000000070b600000|  0%| F|  |TAMS 0x000000070b400000| PB 0x000000070b400000| Untracked 
|  91|0x000000070b600000, 0x000000070b600000, 0x000000070b800000|  0%| F|  |TAMS 0x000000070b600000| PB 0x000000070b600000| Untracked 
|  92|0x000000070b800000, 0x000000070ba00000, 0x000000070ba00000|100%| S|CS|TAMS 0x000000070b800000| PB 0x000000070b800000| Complete 
|  93|0x000000070ba00000, 0x000000070bc00000, 0x000000070bc00000|100%| S|CS|TAMS 0x000000070ba00000| PB 0x000000070ba00000| Complete 
|  94|0x000000070bc00000, 0x000000070be00000, 0x000000070be00000|100%| S|CS|TAMS 0x000000070bc00000| PB 0x000000070bc00000| Complete 
|  95|0x000000070be00000, 0x000000070be00000, 0x000000070c000000|  0%| F|  |TAMS 0x000000070be00000| PB 0x000000070be00000| Untracked 
|  96|0x000000070c000000, 0x000000070c000000, 0x000000070c200000|  0%| F|  |TAMS 0x000000070c000000| PB 0x000000070c000000| Untracked 
|  97|0x000000070c200000, 0x000000070c200000, 0x000000070c400000|  0%| F|  |TAMS 0x000000070c200000| PB 0x000000070c200000| Untracked 
|  98|0x000000070c400000, 0x000000070c400000, 0x000000070c600000|  0%| F|  |TAMS 0x000000070c400000| PB 0x000000070c400000| Untracked 
|  99|0x000000070c600000, 0x000000070c600000, 0x000000070c800000|  0%| F|  |TAMS 0x000000070c600000| PB 0x000000070c600000| Untracked 
| 100|0x000000070c800000, 0x000000070c800000, 0x000000070ca00000|  0%| F|  |TAMS 0x000000070c800000| PB 0x000000070c800000| Untracked 
| 101|0x000000070ca00000, 0x000000070ca00000, 0x000000070cc00000|  0%| F|  |TAMS 0x000000070ca00000| PB 0x000000070ca00000| Untracked 
| 102|0x000000070cc00000, 0x000000070cc00000, 0x000000070ce00000|  0%| F|  |TAMS 0x000000070cc00000| PB 0x000000070cc00000| Untracked 
| 103|0x000000070ce00000, 0x000000070ce00000, 0x000000070d000000|  0%| F|  |TAMS 0x000000070ce00000| PB 0x000000070ce00000| Untracked 
| 104|0x000000070d000000, 0x000000070d000000, 0x000000070d200000|  0%| F|  |TAMS 0x000000070d000000| PB 0x000000070d000000| Untracked 
| 105|0x000000070d200000, 0x000000070d200000, 0x000000070d400000|  0%| F|  |TAMS 0x000000070d200000| PB 0x000000070d200000| Untracked 
| 106|0x000000070d400000, 0x000000070d400000, 0x000000070d600000|  0%| F|  |TAMS 0x000000070d400000| PB 0x000000070d400000| Untracked 
| 107|0x000000070d600000, 0x000000070d600000, 0x000000070d800000|  0%| F|  |TAMS 0x000000070d600000| PB 0x000000070d600000| Untracked 
| 108|0x000000070d800000, 0x000000070d800000, 0x000000070da00000|  0%| F|  |TAMS 0x000000070d800000| PB 0x000000070d800000| Untracked 
| 109|0x000000070da00000, 0x000000070da00000, 0x000000070dc00000|  0%| F|  |TAMS 0x000000070da00000| PB 0x000000070da00000| Untracked 
| 110|0x000000070dc00000, 0x000000070dc00000, 0x000000070de00000|  0%| F|  |TAMS 0x000000070dc00000| PB 0x000000070dc00000| Untracked 
| 111|0x000000070de00000, 0x000000070de00000, 0x000000070e000000|  0%| F|  |TAMS 0x000000070de00000| PB 0x000000070de00000| Untracked 
| 112|0x000000070e000000, 0x000000070e000000, 0x000000070e200000|  0%| F|  |TAMS 0x000000070e000000| PB 0x000000070e000000| Untracked 
| 113|0x000000070e200000, 0x000000070e200000, 0x000000070e400000|  0%| F|  |TAMS 0x000000070e200000| PB 0x000000070e200000| Untracked 
| 114|0x000000070e400000, 0x000000070e400000, 0x000000070e600000|  0%| F|  |TAMS 0x000000070e400000| PB 0x000000070e400000| Untracked 
| 115|0x000000070e600000, 0x000000070e600000, 0x000000070e800000|  0%| F|  |TAMS 0x000000070e600000| PB 0x000000070e600000| Untracked 
| 116|0x000000070e800000, 0x000000070e800000, 0x000000070ea00000|  0%| F|  |TAMS 0x000000070e800000| PB 0x000000070e800000| Untracked 
| 117|0x000000070ea00000, 0x000000070ea00000, 0x000000070ec00000|  0%| F|  |TAMS 0x000000070ea00000| PB 0x000000070ea00000| Untracked 
| 118|0x000000070ec00000, 0x000000070ec00000, 0x000000070ee00000|  0%| F|  |TAMS 0x000000070ec00000| PB 0x000000070ec00000| Untracked 
| 119|0x000000070ee00000, 0x000000070ee00000, 0x000000070f000000|  0%| F|  |TAMS 0x000000070ee00000| PB 0x000000070ee00000| Untracked 
| 120|0x000000070f000000, 0x000000070f000000, 0x000000070f200000|  0%| F|  |TAMS 0x000000070f000000| PB 0x000000070f000000| Untracked 
| 121|0x000000070f200000, 0x000000070f200000, 0x000000070f400000|  0%| F|  |TAMS 0x000000070f200000| PB 0x000000070f200000| Untracked 
| 122|0x000000070f400000, 0x000000070f400000, 0x000000070f600000|  0%| F|  |TAMS 0x000000070f400000| PB 0x000000070f400000| Untracked 
| 123|0x000000070f600000, 0x000000070f600000, 0x000000070f800000|  0%| F|  |TAMS 0x000000070f600000| PB 0x000000070f600000| Untracked 
| 124|0x000000070f800000, 0x000000070f800000, 0x000000070fa00000|  0%| F|  |TAMS 0x000000070f800000| PB 0x000000070f800000| Untracked 
| 125|0x000000070fa00000, 0x000000070fa00000, 0x000000070fc00000|  0%| F|  |TAMS 0x000000070fa00000| PB 0x000000070fa00000| Untracked 
| 126|0x000000070fc00000, 0x000000070fc00000, 0x000000070fe00000|  0%| F|  |TAMS 0x000000070fc00000| PB 0x000000070fc00000| Untracked 
| 127|0x000000070fe00000, 0x000000070fe00000, 0x0000000710000000|  0%| F|  |TAMS 0x000000070fe00000| PB 0x000000070fe00000| Untracked 
| 128|0x0000000710000000, 0x0000000710000000, 0x0000000710200000|  0%| F|  |TAMS 0x0000000710000000| PB 0x0000000710000000| Untracked 
| 129|0x0000000710200000, 0x0000000710200000, 0x0000000710400000|  0%| F|  |TAMS 0x0000000710200000| PB 0x0000000710200000| Untracked 
| 130|0x0000000710400000, 0x0000000710400000, 0x0000000710600000|  0%| F|  |TAMS 0x0000000710400000| PB 0x0000000710400000| Untracked 
| 131|0x0000000710600000, 0x0000000710600000, 0x0000000710800000|  0%| F|  |TAMS 0x0000000710600000| PB 0x0000000710600000| Untracked 
| 132|0x0000000710800000, 0x0000000710800000, 0x0000000710a00000|  0%| F|  |TAMS 0x0000000710800000| PB 0x0000000710800000| Untracked 
| 133|0x0000000710a00000, 0x0000000710a00000, 0x0000000710c00000|  0%| F|  |TAMS 0x0000000710a00000| PB 0x0000000710a00000| Untracked 
| 134|0x0000000710c00000, 0x0000000710c00000, 0x0000000710e00000|  0%| F|  |TAMS 0x0000000710c00000| PB 0x0000000710c00000| Untracked 
| 135|0x0000000710e00000, 0x0000000710e00000, 0x0000000711000000|  0%| F|  |TAMS 0x0000000710e00000| PB 0x0000000710e00000| Untracked 
| 136|0x0000000711000000, 0x0000000711000000, 0x0000000711200000|  0%| F|  |TAMS 0x0000000711000000| PB 0x0000000711000000| Untracked 
| 137|0x0000000711200000, 0x0000000711200000, 0x0000000711400000|  0%| F|  |TAMS 0x0000000711200000| PB 0x0000000711200000| Untracked 
| 138|0x0000000711400000, 0x0000000711400000, 0x0000000711600000|  0%| F|  |TAMS 0x0000000711400000| PB 0x0000000711400000| Untracked 
| 139|0x0000000711600000, 0x0000000711600000, 0x0000000711800000|  0%| F|  |TAMS 0x0000000711600000| PB 0x0000000711600000| Untracked 
| 140|0x0000000711800000, 0x0000000711800000, 0x0000000711a00000|  0%| F|  |TAMS 0x0000000711800000| PB 0x0000000711800000| Untracked 
| 141|0x0000000711a00000, 0x0000000711a00000, 0x0000000711c00000|  0%| F|  |TAMS 0x0000000711a00000| PB 0x0000000711a00000| Untracked 
| 142|0x0000000711c00000, 0x0000000711c00000, 0x0000000711e00000|  0%| F|  |TAMS 0x0000000711c00000| PB 0x0000000711c00000| Untracked 
| 143|0x0000000711e00000, 0x0000000711e00000, 0x0000000712000000|  0%| F|  |TAMS 0x0000000711e00000| PB 0x0000000711e00000| Untracked 
| 144|0x0000000712000000, 0x0000000712000000, 0x0000000712200000|  0%| F|  |TAMS 0x0000000712000000| PB 0x0000000712000000| Untracked 
| 145|0x0000000712200000, 0x0000000712200000, 0x0000000712400000|  0%| F|  |TAMS 0x0000000712200000| PB 0x0000000712200000| Untracked 
| 146|0x0000000712400000, 0x0000000712400000, 0x0000000712600000|  0%| F|  |TAMS 0x0000000712400000| PB 0x0000000712400000| Untracked 
| 147|0x0000000712600000, 0x0000000712600000, 0x0000000712800000|  0%| F|  |TAMS 0x0000000712600000| PB 0x0000000712600000| Untracked 
| 148|0x0000000712800000, 0x0000000712800000, 0x0000000712a00000|  0%| F|  |TAMS 0x0000000712800000| PB 0x0000000712800000| Untracked 
| 149|0x0000000712a00000, 0x0000000712a00000, 0x0000000712c00000|  0%| F|  |TAMS 0x0000000712a00000| PB 0x0000000712a00000| Untracked 
| 150|0x0000000712c00000, 0x0000000712c00000, 0x0000000712e00000|  0%| F|  |TAMS 0x0000000712c00000| PB 0x0000000712c00000| Untracked 
| 151|0x0000000712e00000, 0x0000000712e00000, 0x0000000713000000|  0%| F|  |TAMS 0x0000000712e00000| PB 0x0000000712e00000| Untracked 
| 152|0x0000000713000000, 0x0000000713000000, 0x0000000713200000|  0%| F|  |TAMS 0x0000000713000000| PB 0x0000000713000000| Untracked 
| 153|0x0000000713200000, 0x0000000713200000, 0x0000000713400000|  0%| F|  |TAMS 0x0000000713200000| PB 0x0000000713200000| Untracked 
| 154|0x0000000713400000, 0x0000000713400000, 0x0000000713600000|  0%| F|  |TAMS 0x0000000713400000| PB 0x0000000713400000| Untracked 
| 155|0x0000000713600000, 0x0000000713600000, 0x0000000713800000|  0%| F|  |TAMS 0x0000000713600000| PB 0x0000000713600000| Untracked 
| 156|0x0000000713800000, 0x0000000713800000, 0x0000000713a00000|  0%| F|  |TAMS 0x0000000713800000| PB 0x0000000713800000| Untracked 
| 157|0x0000000713a00000, 0x0000000713a00000, 0x0000000713c00000|  0%| F|  |TAMS 0x0000000713a00000| PB 0x0000000713a00000| Untracked 
| 158|0x0000000713c00000, 0x0000000713c00000, 0x0000000713e00000|  0%| F|  |TAMS 0x0000000713c00000| PB 0x0000000713c00000| Untracked 
| 159|0x0000000713e00000, 0x0000000713e00000, 0x0000000714000000|  0%| F|  |TAMS 0x0000000713e00000| PB 0x0000000713e00000| Untracked 
| 160|0x0000000714000000, 0x0000000714000000, 0x0000000714200000|  0%| F|  |TAMS 0x0000000714000000| PB 0x0000000714000000| Untracked 
| 161|0x0000000714200000, 0x0000000714200000, 0x0000000714400000|  0%| F|  |TAMS 0x0000000714200000| PB 0x0000000714200000| Untracked 
| 162|0x0000000714400000, 0x0000000714400000, 0x0000000714600000|  0%| F|  |TAMS 0x0000000714400000| PB 0x0000000714400000| Untracked 
| 163|0x0000000714600000, 0x0000000714600000, 0x0000000714800000|  0%| F|  |TAMS 0x0000000714600000| PB 0x0000000714600000| Untracked 
| 164|0x0000000714800000, 0x0000000714800000, 0x0000000714a00000|  0%| F|  |TAMS 0x0000000714800000| PB 0x0000000714800000| Untracked 
| 165|0x0000000714a00000, 0x0000000714a00000, 0x0000000714c00000|  0%| F|  |TAMS 0x0000000714a00000| PB 0x0000000714a00000| Untracked 
| 166|0x0000000714c00000, 0x0000000714c00000, 0x0000000714e00000|  0%| F|  |TAMS 0x0000000714c00000| PB 0x0000000714c00000| Untracked 
| 167|0x0000000714e00000, 0x0000000714e00000, 0x0000000715000000|  0%| F|  |TAMS 0x0000000714e00000| PB 0x0000000714e00000| Untracked 
| 168|0x0000000715000000, 0x0000000715000000, 0x0000000715200000|  0%| F|  |TAMS 0x0000000715000000| PB 0x0000000715000000| Untracked 
|2033|0x00000007fe200000, 0x00000007fe400000, 0x00000007fe400000|100%| O|  |TAMS 0x00000007fe200000| PB 0x00000007fe200000| Untracked 
|2034|0x00000007fe400000, 0x00000007fe600000, 0x00000007fe600000|100%| O|  |TAMS 0x00000007fe400000| PB 0x00000007fe400000| Untracked 
|2035|0x00000007fe600000, 0x00000007fe600000, 0x00000007fe800000|  0%| F|  |TAMS 0x00000007fe600000| PB 0x00000007fe600000| Untracked 
|2036|0x00000007fe800000, 0x00000007fea00000, 0x00000007fea00000|100%| O|  |TAMS 0x00000007fe800000| PB 0x00000007fe800000| Untracked 
|2037|0x00000007fea00000, 0x00000007fea00000, 0x00000007fec00000|  0%| F|  |TAMS 0x00000007fea00000| PB 0x00000007fea00000| Untracked 
|2038|0x00000007fec00000, 0x00000007fee00000, 0x00000007fee00000|100%| O|  |TAMS 0x00000007fec00000| PB 0x00000007fec00000| Untracked 
|2039|0x00000007fee00000, 0x00000007fee00000, 0x00000007ff000000|  0%| F|  |TAMS 0x00000007fee00000| PB 0x00000007fee00000| Untracked 
|2040|0x00000007ff000000, 0x00000007ff200000, 0x00000007ff200000|100%| O|  |TAMS 0x00000007ff000000| PB 0x00000007ff000000| Untracked 
|2041|0x00000007ff200000, 0x00000007ff400000, 0x00000007ff400000|100%| O|  |TAMS 0x00000007ff200000| PB 0x00000007ff200000| Untracked 
|2042|0x00000007ff400000, 0x00000007ff600000, 0x00000007ff600000|100%| O|  |TAMS 0x00000007ff400000| PB 0x00000007ff400000| Untracked 
|2043|0x00000007ff600000, 0x00000007ff600000, 0x00000007ff800000|  0%| F|  |TAMS 0x00000007ff600000| PB 0x00000007ff600000| Untracked 
|2044|0x00000007ff800000, 0x00000007ffa00000, 0x00000007ffa00000|100%| O|  |TAMS 0x00000007ff800000| PB 0x00000007ff800000| Untracked 
|2045|0x00000007ffa00000, 0x00000007ffc00000, 0x00000007ffc00000|100%| O|  |TAMS 0x00000007ffa00000| PB 0x00000007ffa00000| Untracked 
|2046|0x00000007ffc00000, 0x00000007ffe00000, 0x00000007ffe00000|100%| O|  |TAMS 0x00000007ffc00000| PB 0x00000007ffc00000| Untracked 
|2047|0x00000007ffe00000, 0x00000007fffffff8, 0x0000000800000000| 99%| O|  |TAMS 0x00000007ffe00000| PB 0x00000007ffe00000| Untracked 

Card table byte_map: [0x000002d3632e0000,0x000002d363ae0000] _byte_map_base: 0x000002d35fae0000

Marking Bits: (CMBitMap*) 0x000002d350168d00
 Bits: [0x000002d363ae0000, 0x000002d367ae0000)

Polling page: 0x000002d34e0d0000

Metaspace:

Usage:
  Non-class:    127.38 MB used.
      Class:     21.47 MB used.
       Both:    148.85 MB used.

Virtual space:
  Non-class space:      192.00 MB reserved,     128.56 MB ( 67%) committed,  3 nodes.
      Class space:      832.00 MB reserved,      22.56 MB (  3%) committed,  1 nodes.
             Both:        1.00 GB reserved,     151.12 MB ( 15%) committed. 

Chunk freelists:
   Non-Class:  15.33 MB
       Class:  9.47 MB
        Both:  24.80 MB

MaxMetaspaceSize: 1.00 GB
CompressedClassSpaceSize: 832.00 MB
Initial GC threshold: 21.00 MB
Current GC threshold: 250.00 MB
CDS: off
 - commit_granule_bytes: 65536.
 - commit_granule_words: 8192.
 - virtual_space_node_default_size: 8388608.
 - enlarge_chunks_in_place: 1.
 - use_allocation_guard: 0.


Internal statistics:

num_allocs_failed_limit: 9.
num_arena_births: 4666.
num_arena_deaths: 116.
num_vsnodes_births: 4.
num_vsnodes_deaths: 0.
num_space_committed: 2417.
num_space_uncommitted: 0.
num_chunks_returned_to_freelist: 178.
num_chunks_taken_from_freelist: 11198.
num_chunk_merges: 82.
num_chunk_splits: 7417.
num_chunks_enlarged: 4804.
num_inconsistent_stats: 0.

CodeHeap 'non-profiled nmethods': size=119168Kb used=11981Kb max_used=12459Kb free=107186Kb
 bounds [0x000002d35ae00000, 0x000002d35ba80000, 0x000002d362260000]
CodeHeap 'profiled nmethods': size=119104Kb used=38003Kb max_used=38003Kb free=81100Kb
 bounds [0x000002d353260000, 0x000002d355780000, 0x000002d35a6b0000]
CodeHeap 'non-nmethods': size=7488Kb used=4478Kb max_used=4647Kb free=3009Kb
 bounds [0x000002d35a6b0000, 0x000002d35ab40000, 0x000002d35ae00000]
CodeCache: size=245760Kb, used=54462Kb, max_used=55109Kb, free=191295Kb
 total_blobs=19395, nmethods=18337, adapters=956, full_count=0
Compilation: enabled, stopped_count=0, restarted_count=0

Compilation events (20 events):
Event: 14.274 Thread 0x000002d36f2e32f0 23181       3       com.android.tools.r8.dex.o1::b (28 bytes)
Event: 14.275 Thread 0x000002d36f2e32f0 nmethod 23181 0x000002d355779310 code [0x000002d3557794e0, 0x000002d3557797e0]
Event: 14.275 Thread 0x000002d36f2e32f0 23182       3       com.android.tools.r8.internal.r31::a (73 bytes)
Event: 14.275 Thread 0x000002d36f2fe340 23185       2       com.android.tools.r8.internal.l32::a (196 bytes)
Event: 14.275 Thread 0x000002d37032ef00 23186       3       com.android.tools.r8.internal.ej::a (31 bytes)
Event: 14.275 Thread 0x000002d36f107db0 23187       3       com.android.tools.r8.internal.th2::b (277 bytes)
Event: 14.275 Thread 0x000002d36f2e32f0 nmethod 23182 0x000002d355779910 code [0x000002d355779b40, 0x000002d35577a0e0]
Event: 14.275 Thread 0x000002d37032ef00 nmethod 23186 0x000002d35577a390 code [0x000002d35577a580, 0x000002d35577a9c8]
Event: 14.276 Thread 0x000002d37032ef00 23188       3       com.android.tools.r8.graph.l6::hashCode (8 bytes)
Event: 14.276 Thread 0x000002d37032ef00 nmethod 23188 0x000002d35577ac10 code [0x000002d35577adc0, 0x000002d35577af00]
Event: 14.277 Thread 0x000002d36f52c590 nmethod 22159 0x000002d35ba64f10 code [0x000002d35ba65cc0, 0x000002d35ba6ccb8]
Event: 14.277 Thread 0x000002d37032ef00 23189       2       com.android.tools.r8.internal.uj0::a (18 bytes)
Event: 14.277 Thread 0x000002d36f2e32f0 23190       2       com.android.tools.r8.dex.l0$$Lambda/0x0000000801645850::compare (16 bytes)
Event: 14.277 Thread 0x000002d37032ef00 nmethod 23189 0x000002d35577af90 code [0x000002d35577b180, 0x000002d35577b3e8]
Event: 14.277 Thread 0x000002d37032ef00 23191       2       com.android.tools.r8.dex.l0::a (25 bytes)
Event: 14.278 Thread 0x000002d36f52c590 23184       4       com.android.tools.r8.graph.i6::a (145 bytes)
Event: 14.278 Thread 0x000002d36f2e32f0 nmethod 23190 0x000002d35577b610 code [0x000002d35577b7e0, 0x000002d35577bac8]
Event: 14.278 Thread 0x000002d36f2e32f0 23193       3       com.android.tools.r8.internal.nv2::d0 (55 bytes)
Event: 14.278 Thread 0x000002d36f2fe340 nmethod 23185 0x000002d35577bc90 code [0x000002d35577bf60, 0x000002d35577c790]
Event: 14.278 Thread 0x000002d37032ef00 nmethod 23191 0x000002d35577cd10 code [0x000002d35577cee0, 0x000002d35577d118]

GC Heap History (20 events):
Event: 12.289 GC heap after
{Heap after GC invocations=46 (full 0):
 garbage-first heap   total 307200K, used 168540K [0x0000000700000000, 0x0000000800000000)
  region size 2048K, 9 young (18432K), 9 survivors (18432K)
 Metaspace       used 134611K, committed 136896K, reserved 983040K
  class space    used 18911K, committed 20032K, reserved 851968K
}
Event: 12.625 GC heap before
{Heap before GC invocations=46 (full 0):
 garbage-first heap   total 307200K, used 275036K [0x0000000700000000, 0x0000000800000000)
  region size 2048K, 62 young (126976K), 9 survivors (18432K)
 Metaspace       used 141643K, committed 143936K, reserved 983040K
  class space    used 20319K, committed 21440K, reserved 851968K
}
Event: 12.636 GC heap after
{Heap after GC invocations=47 (full 0):
 garbage-first heap   total 313344K, used 184412K [0x0000000700000000, 0x0000000800000000)
  region size 2048K, 8 young (16384K), 8 survivors (16384K)
 Metaspace       used 141643K, committed 143936K, reserved 983040K
  class space    used 20319K, committed 21440K, reserved 851968K
}
Event: 12.928 GC heap before
{Heap before GC invocations=48 (full 0):
 garbage-first heap   total 313344K, used 278620K [0x0000000700000000, 0x0000000800000000)
  region size 2048K, 55 young (112640K), 8 survivors (16384K)
 Metaspace       used 147384K, committed 149696K, reserved 983040K
  class space    used 21272K, committed 22400K, reserved 851968K
}
Event: 12.936 GC heap after
{Heap after GC invocations=49 (full 0):
 garbage-first heap   total 313344K, used 192647K [0x0000000700000000, 0x0000000800000000)
  region size 2048K, 5 young (10240K), 5 survivors (10240K)
 Metaspace       used 147384K, committed 149696K, reserved 983040K
  class space    used 21272K, committed 22400K, reserved 851968K
}
Event: 13.107 GC heap before
{Heap before GC invocations=49 (full 0):
 garbage-first heap   total 313344K, used 282759K [0x0000000700000000, 0x0000000800000000)
  region size 2048K, 49 young (100352K), 5 survivors (10240K)
 Metaspace       used 149221K, committed 151616K, reserved 983040K
  class space    used 21485K, committed 22656K, reserved 851968K
}
Event: 13.112 GC heap after
{Heap after GC invocations=50 (full 0):
 garbage-first heap   total 313344K, used 194156K [0x0000000700000000, 0x0000000800000000)
  region size 2048K, 2 young (4096K), 2 survivors (4096K)
 Metaspace       used 149221K, committed 151616K, reserved 983040K
  class space    used 21485K, committed 22656K, reserved 851968K
}
Event: 13.215 GC heap before
{Heap before GC invocations=50 (full 0):
 garbage-first heap   total 313344K, used 286316K [0x0000000700000000, 0x0000000800000000)
  region size 2048K, 47 young (96256K), 2 survivors (4096K)
 Metaspace       used 150082K, committed 152512K, reserved 983040K
  class space    used 21614K, committed 22784K, reserved 851968K
}
Event: 13.218 GC heap after
{Heap after GC invocations=51 (full 0):
 garbage-first heap   total 376832K, used 195594K [0x0000000700000000, 0x0000000800000000)
  region size 2048K, 3 young (6144K), 3 survivors (6144K)
 Metaspace       used 150082K, committed 152512K, reserved 983040K
  class space    used 21614K, committed 22784K, reserved 851968K
}
Event: 13.473 GC heap before
{Heap before GC invocations=52 (full 0):
 garbage-first heap   total 376832K, used 338954K [0x0000000700000000, 0x0000000800000000)
  region size 2048K, 74 young (151552K), 3 survivors (6144K)
 Metaspace       used 151005K, committed 153280K, reserved 983040K
  class space    used 21747K, committed 22848K, reserved 851968K
}
Event: 13.478 GC heap after
{Heap after GC invocations=53 (full 0):
 garbage-first heap   total 376832K, used 197352K [0x0000000700000000, 0x0000000800000000)
  region size 2048K, 4 young (8192K), 4 survivors (8192K)
 Metaspace       used 151005K, committed 153280K, reserved 983040K
  class space    used 21747K, committed 22848K, reserved 851968K
}
Event: 13.613 GC heap before
{Heap before GC invocations=53 (full 0):
 garbage-first heap   total 376832K, used 344808K [0x0000000700000000, 0x0000000800000000)
  region size 2048K, 77 young (157696K), 4 survivors (8192K)
 Metaspace       used 151214K, committed 153472K, reserved 983040K
  class space    used 21787K, committed 22912K, reserved 851968K
}
Event: 13.618 GC heap after
{Heap after GC invocations=54 (full 0):
 garbage-first heap   total 376832K, used 194375K [0x0000000700000000, 0x0000000800000000)
  region size 2048K, 3 young (6144K), 3 survivors (6144K)
 Metaspace       used 151214K, committed 153472K, reserved 983040K
  class space    used 21787K, committed 22912K, reserved 851968K
}
Event: 13.764 GC heap before
{Heap before GC invocations=54 (full 0):
 garbage-first heap   total 376832K, used 352071K [0x0000000700000000, 0x0000000800000000)
  region size 2048K, 80 young (163840K), 3 survivors (6144K)
 Metaspace       used 151316K, committed 153600K, reserved 983040K
  class space    used 21797K, committed 22912K, reserved 851968K
}
Event: 13.769 GC heap after
{Heap after GC invocations=55 (full 0):
 garbage-first heap   total 376832K, used 195554K [0x0000000700000000, 0x0000000800000000)
  region size 2048K, 4 young (8192K), 4 survivors (8192K)
 Metaspace       used 151316K, committed 153600K, reserved 983040K
  class space    used 21797K, committed 22912K, reserved 851968K
}
Event: 13.946 GC heap before
{Heap before GC invocations=55 (full 0):
 garbage-first heap   total 376832K, used 351202K [0x0000000700000000, 0x0000000800000000)
  region size 2048K, 81 young (165888K), 4 survivors (8192K)
 Metaspace       used 151360K, committed 153600K, reserved 983040K
  class space    used 21802K, committed 22912K, reserved 851968K
}
Event: 13.950 GC heap after
{Heap after GC invocations=56 (full 0):
 garbage-first heap   total 376832K, used 194978K [0x0000000700000000, 0x0000000800000000)
  region size 2048K, 4 young (8192K), 4 survivors (8192K)
 Metaspace       used 151360K, committed 153600K, reserved 983040K
  class space    used 21802K, committed 22912K, reserved 851968K
}
Event: 14.093 GC heap before
{Heap before GC invocations=57 (full 0):
 garbage-first heap   total 376832K, used 352674K [0x0000000700000000, 0x0000000800000000)
  region size 2048K, 81 young (165888K), 4 survivors (8192K)
 Metaspace       used 151981K, committed 154240K, reserved 1048576K
  class space    used 21932K, committed 23040K, reserved 851968K
}
Event: 14.098 GC heap after
{Heap after GC invocations=58 (full 0):
 garbage-first heap   total 376832K, used 195871K [0x0000000700000000, 0x0000000800000000)
  region size 2048K, 4 young (8192K), 4 survivors (8192K)
 Metaspace       used 151981K, committed 154240K, reserved 1048576K
  class space    used 21932K, committed 23040K, reserved 851968K
}
Event: 14.278 GC heap before
{Heap before GC invocations=58 (full 0):
 garbage-first heap   total 376832K, used 351519K [0x0000000700000000, 0x0000000800000000)
  region size 2048K, 81 young (165888K), 4 survivors (8192K)
 Metaspace       used 152419K, committed 154752K, reserved 1048576K
  class space    used 21983K, committed 23104K, reserved 851968K
}

Dll operation events (3 events):
Event: 0.005 Loaded shared library C:\Program Files\Android\Android Studio\jbr\bin\java.dll
Event: 0.008 Loaded shared library C:\Program Files\Android\Android Studio\jbr\bin\zip.dll
Event: 0.408 Loaded shared library C:\Program Files\Android\Android Studio\jbr\bin\verify.dll

Deoptimization events (20 events):
Event: 14.219 Thread 0x000002d3713f50a0 DEOPT PACKING pc=0x000002d353d90697 sp=0x000000f9eb5fbc50
Event: 14.219 Thread 0x000002d3713f50a0 DEOPT UNPACKING pc=0x000002d35a704bc2 sp=0x000000f9eb5fb1d8 mode 0
Event: 14.249 Thread 0x000002d3713f7170 DEOPT PACKING pc=0x000002d355394bb1 sp=0x000000f9eb8fd0e0
Event: 14.249 Thread 0x000002d3713f7170 DEOPT UNPACKING pc=0x000002d35a704bc2 sp=0x000000f9eb8fc5f0 mode 0
Event: 14.264 Thread 0x000002d3713f7170 Uncommon trap: trap_request=0xffffffe4 fr.pc=0x000002d35ae16e4c relative=0x000000000000030c
Event: 14.264 Thread 0x000002d3713f7170 Uncommon trap: reason=range_check action=make_not_entrant pc=0x000002d35ae16e4c method=com.android.tools.r8.graph.i6.a(Lcom/android/tools/r8/graph/i6;)I @ 26 c2
Event: 14.264 Thread 0x000002d3713f7170 DEOPT PACKING pc=0x000002d35ae16e4c sp=0x000000f9eb8fd4e0
Event: 14.265 Thread 0x000002d3713f7170 DEOPT UNPACKING pc=0x000002d35a704422 sp=0x000000f9eb8fd450 mode 2
Event: 14.268 Thread 0x000002d3713f50a0 DEOPT PACKING pc=0x000002d353d90697 sp=0x000000f9eb5fba40
Event: 14.268 Thread 0x000002d3713f50a0 DEOPT UNPACKING pc=0x000002d35a704bc2 sp=0x000000f9eb5fafc8 mode 0
Event: 14.270 Thread 0x000002d3713f3cf0 DEOPT PACKING pc=0x000002d35516f67d sp=0x000000f9eb2fb7b0
Event: 14.270 Thread 0x000002d3713f3cf0 DEOPT UNPACKING pc=0x000002d35a704bc2 sp=0x000000f9eb2faea0 mode 0
Event: 14.274 Thread 0x000002d3713f1c20 DEOPT PACKING pc=0x000002d35516f514 sp=0x000000f9eb6fbac0
Event: 14.274 Thread 0x000002d3713f1c20 DEOPT UNPACKING pc=0x000002d35a704bc2 sp=0x000000f9eb6fb1b0 mode 0
Event: 14.275 Thread 0x000002d3713f1c20 DEOPT PACKING pc=0x000002d353d906bd sp=0x000000f9eb6fb920
Event: 14.276 Thread 0x000002d3713f1c20 DEOPT UNPACKING pc=0x000002d35a704bc2 sp=0x000000f9eb6faeb8 mode 0
Event: 14.276 Thread 0x000002d3713f1590 DEOPT PACKING pc=0x000002d35516f514 sp=0x000000f9eb4fb7e0
Event: 14.276 Thread 0x000002d3713f1590 DEOPT UNPACKING pc=0x000002d35a704bc2 sp=0x000000f9eb4faed0 mode 0
Event: 14.278 Thread 0x000002d3713f1c20 DEOPT PACKING pc=0x000002d353d90697 sp=0x000000f9eb6fba50
Event: 14.278 Thread 0x000002d3713f1c20 DEOPT UNPACKING pc=0x000002d35a704bc2 sp=0x000000f9eb6fafd8 mode 0

Classes loaded (20 events):
Event: 12.958 Loading class java/util/concurrent/ConcurrentHashMap$TreeNode
Event: 12.959 Loading class java/util/concurrent/ConcurrentHashMap$TreeNode done
Event: 12.959 Loading class java/util/concurrent/ConcurrentHashMap$TreeBin
Event: 12.959 Loading class java/util/concurrent/ConcurrentHashMap$TreeBin done
Event: 13.329 Loading class java/nio/ShortBuffer
Event: 13.330 Loading class java/nio/ShortBuffer done
Event: 13.388 Loading class java/nio/ByteBufferAsShortBufferL
Event: 13.389 Loading class java/nio/ByteBufferAsShortBufferL done
Event: 13.414 Loading class java/util/zip/Adler32
Event: 13.414 Loading class java/util/zip/Adler32 done
Event: 13.418 Loading class java/util/zip/Deflater
Event: 13.419 Loading class java/util/zip/Deflater done
Event: 13.420 Loading class java/util/zip/Deflater$DeflaterZStreamRef
Event: 13.421 Loading class java/util/zip/Deflater$DeflaterZStreamRef done
Event: 13.424 Loading class java/util/zip/ZipOutputStream$XEntry
Event: 13.424 Loading class java/util/zip/ZipOutputStream$XEntry done
Event: 13.431 Loading class java/util/Vector$Itr
Event: 13.431 Loading class java/util/Vector$Itr done
Event: 14.195 Loading class java/nio/file/Path$1
Event: 14.196 Loading class java/nio/file/Path$1 done

Classes unloaded (20 events):
Event: 13.353 Thread 0x000002d36f03ca60 Unloading class 0x0000000801429c00 'java/lang/invoke/LambdaForm$DMH+0x0000000801429c00'
Event: 13.353 Thread 0x000002d36f03ca60 Unloading class 0x0000000801429400 'java/lang/invoke/LambdaForm$DMH+0x0000000801429400'
Event: 13.353 Thread 0x000002d36f03ca60 Unloading class 0x0000000801429000 'java/lang/invoke/LambdaForm$DMH+0x0000000801429000'
Event: 13.353 Thread 0x000002d36f03ca60 Unloading class 0x0000000801428c00 'java/lang/invoke/LambdaForm$DMH+0x0000000801428c00'
Event: 13.353 Thread 0x000002d36f03ca60 Unloading class 0x0000000801428400 'java/lang/invoke/LambdaForm$DMH+0x0000000801428400'
Event: 13.353 Thread 0x000002d36f03ca60 Unloading class 0x0000000801428800 'java/lang/invoke/LambdaForm$DMH+0x0000000801428800'
Event: 13.353 Thread 0x000002d36f03ca60 Unloading class 0x0000000801429800 'java/lang/invoke/LambdaForm$DMH+0x0000000801429800'
Event: 13.353 Thread 0x000002d36f03ca60 Unloading class 0x000000080139b000 'java/lang/invoke/LambdaForm$DMH+0x000000080139b000'
Event: 13.353 Thread 0x000002d36f03ca60 Unloading class 0x000000080139ac00 'java/lang/invoke/LambdaForm$DMH+0x000000080139ac00'
Event: 13.353 Thread 0x000002d36f03ca60 Unloading class 0x000000080139a800 'java/lang/invoke/LambdaForm$DMH+0x000000080139a800'
Event: 13.353 Thread 0x000002d36f03ca60 Unloading class 0x000000080139a400 'java/lang/invoke/LambdaForm$DMH+0x000000080139a400'
Event: 13.353 Thread 0x000002d36f03ca60 Unloading class 0x0000000801399c00 'java/lang/invoke/LambdaForm$DMH+0x0000000801399c00'
Event: 13.353 Thread 0x000002d36f03ca60 Unloading class 0x0000000801399800 'java/lang/invoke/LambdaForm$DMH+0x0000000801399800'
Event: 13.353 Thread 0x000002d36f03ca60 Unloading class 0x0000000801399400 'java/lang/invoke/LambdaForm$DMH+0x0000000801399400'
Event: 13.353 Thread 0x000002d36f03ca60 Unloading class 0x0000000801398000 'java/lang/invoke/LambdaForm$DMH+0x0000000801398000'
Event: 13.353 Thread 0x000002d36f03ca60 Unloading class 0x0000000801398800 'java/lang/invoke/LambdaForm$DMH+0x0000000801398800'
Event: 13.353 Thread 0x000002d36f03ca60 Unloading class 0x0000000801398c00 'java/lang/invoke/LambdaForm$DMH+0x0000000801398c00'
Event: 13.353 Thread 0x000002d36f03ca60 Unloading class 0x0000000801399000 'java/lang/invoke/LambdaForm$DMH+0x0000000801399000'
Event: 13.353 Thread 0x000002d36f03ca60 Unloading class 0x000000080139a000 'java/lang/invoke/LambdaForm$DMH+0x000000080139a000'
Event: 13.353 Thread 0x000002d36f03ca60 Unloading class 0x0000000801300400 'java/lang/invoke/LambdaForm$DMH+0x0000000801300400'

Classes redefined (0 events):
No events

Internal exceptions (20 events):
Event: 14.239 Thread 0x000002d3713f2940 Exception <a 'sun/nio/fs/WindowsException'{0x000000070e5e4430}> (0x000000070e5e4430) 
thrown [s\src\hotspot\share\prims\jni.cpp, line 537]
Event: 14.241 Thread 0x000002d3713f2940 Exception <a 'sun/nio/fs/WindowsException'{0x000000070e5ebdd0}> (0x000000070e5ebdd0) 
thrown [s\src\hotspot\share\prims\jni.cpp, line 537]
Event: 14.242 Thread 0x000002d3713f2940 Exception <a 'sun/nio/fs/WindowsException'{0x000000070d887a98}> (0x000000070d887a98) 
thrown [s\src\hotspot\share\prims\jni.cpp, line 537]
Event: 14.244 Thread 0x000002d3713f2940 Exception <a 'sun/nio/fs/WindowsException'{0x000000070d890668}> (0x000000070d890668) 
thrown [s\src\hotspot\share\prims\jni.cpp, line 537]
Event: 14.244 Thread 0x000002d3713f4a10 Exception <a 'sun/nio/fs/WindowsException'{0x000000070db0cd78}> (0x000000070db0cd78) 
thrown [s\src\hotspot\share\prims\jni.cpp, line 537]
Event: 14.246 Thread 0x000002d3713f2940 Exception <a 'sun/nio/fs/WindowsException'{0x000000070d750bb0}> (0x000000070d750bb0) 
thrown [s\src\hotspot\share\prims\jni.cpp, line 537]
Event: 14.246 Thread 0x000002d3713f2940 Exception <a 'sun/nio/fs/WindowsException'{0x000000070d7516b0}> (0x000000070d7516b0) 
thrown [s\src\hotspot\share\prims\jni.cpp, line 537]
Event: 14.249 Thread 0x000002d3713f2940 Exception <a 'sun/nio/fs/WindowsException'{0x000000070d79c3b8}> (0x000000070d79c3b8) 
thrown [s\src\hotspot\share\prims\jni.cpp, line 537]
Event: 14.251 Thread 0x000002d3713f2940 Exception <a 'sun/nio/fs/WindowsException'{0x000000070d5f6068}> (0x000000070d5f6068) 
thrown [s\src\hotspot\share\prims\jni.cpp, line 537]
Event: 14.254 Thread 0x000002d3713f2940 Exception <a 'sun/nio/fs/WindowsException'{0x000000070d339ff0}> (0x000000070d339ff0) 
thrown [s\src\hotspot\share\prims\jni.cpp, line 537]
Event: 14.257 Thread 0x000002d3713f2940 Exception <a 'sun/nio/fs/WindowsException'{0x000000070d385738}> (0x000000070d385738) 
thrown [s\src\hotspot\share\prims\jni.cpp, line 537]
Event: 14.259 Thread 0x000002d3713f2940 Exception <a 'sun/nio/fs/WindowsException'{0x000000070d1d2ca8}> (0x000000070d1d2ca8) 
thrown [s\src\hotspot\share\prims\jni.cpp, line 537]
Event: 14.261 Thread 0x000002d3713f4a10 Exception <a 'sun/nio/fs/WindowsException'{0x000000070db162a0}> (0x000000070db162a0) 
thrown [s\src\hotspot\share\prims\jni.cpp, line 537]
Event: 14.261 Thread 0x000002d3713f2940 Exception <a 'sun/nio/fs/WindowsException'{0x000000070d1e82c0}> (0x000000070d1e82c0) 
thrown [s\src\hotspot\share\prims\jni.cpp, line 537]
Event: 14.263 Thread 0x000002d3713f2940 Exception <a 'sun/nio/fs/WindowsException'{0x000000070d1f3a50}> (0x000000070d1f3a50) 
thrown [s\src\hotspot\share\prims\jni.cpp, line 537]
Event: 14.264 Thread 0x000002d3713f4a10 Exception <a 'sun/nio/fs/WindowsException'{0x000000070db1de28}> (0x000000070db1de28) 
thrown [s\src\hotspot\share\prims\jni.cpp, line 537]
Event: 14.266 Thread 0x000002d3713f2940 Exception <a 'sun/nio/fs/WindowsException'{0x000000070d1fb1d0}> (0x000000070d1fb1d0) 
thrown [s\src\hotspot\share\prims\jni.cpp, line 537]
Event: 14.270 Thread 0x000002d3713f2940 Exception <a 'sun/nio/fs/WindowsException'{0x000000070c4f40c0}> (0x000000070c4f40c0) 
thrown [s\src\hotspot\share\prims\jni.cpp, line 537]
Event: 14.271 Thread 0x000002d3713f4a10 Exception <a 'sun/nio/fs/WindowsException'{0x000000070db25448}> (0x000000070db25448) 
thrown [s\src\hotspot\share\prims\jni.cpp, line 537]
Event: 14.278 Thread 0x000002d3713f2940 Exception <a 'sun/nio/fs/WindowsException'{0x000000070c53b570}> (0x000000070c53b570) 
thrown [s\src\hotspot\share\prims\jni.cpp, line 537]

ZGC Phase Switch (0 events):
No events

VM Operations (20 events):
Event: 13.950 Executing VM operation: G1CollectForAllocation (G1 Evacuation Pause) done
Event: 13.970 Executing VM operation: G1PauseCleanup
Event: 13.971 Executing VM operation: G1PauseCleanup done
Event: 14.058 Executing VM operation: HandshakeAllThreads (Deoptimize)
Event: 14.060 Executing VM operation: HandshakeAllThreads (Deoptimize) done
Event: 14.084 Executing VM operation: ICBufferFull
Event: 14.085 Executing VM operation: ICBufferFull done
Event: 14.093 Executing VM operation: G1CollectForAllocation (G1 Evacuation Pause)
Event: 14.098 Executing VM operation: G1CollectForAllocation (G1 Evacuation Pause) done
Event: 14.107 Executing VM operation: HandshakeAllThreads (Deoptimize)
Event: 14.108 Executing VM operation: HandshakeAllThreads (Deoptimize) done
Event: 14.129 Executing VM operation: HandshakeAllThreads (Deoptimize)
Event: 14.130 Executing VM operation: HandshakeAllThreads (Deoptimize) done
Event: 14.176 Executing VM operation: ICBufferFull
Event: 14.176 Executing VM operation: ICBufferFull done
Event: 14.191 Executing VM operation: HandshakeAllThreads (Deoptimize)
Event: 14.192 Executing VM operation: HandshakeAllThreads (Deoptimize) done
Event: 14.258 Executing VM operation: ICBufferFull
Event: 14.258 Executing VM operation: ICBufferFull done
Event: 14.278 Executing VM operation: G1CollectForAllocation (G1 Evacuation Pause)

Memory protections (0 events):
No events

Nmethod flushes (20 events):
Event: 13.902 Thread 0x000002d36f03ca60 flushing  nmethod 0x000002d354fa0310
Event: 13.902 Thread 0x000002d36f03ca60 flushing  nmethod 0x000002d354fa2690
Event: 13.902 Thread 0x000002d36f03ca60 flushing  nmethod 0x000002d354fa5910
Event: 13.902 Thread 0x000002d36f03ca60 flushing  nmethod 0x000002d354fa9090
Event: 13.902 Thread 0x000002d36f03ca60 flushing  nmethod 0x000002d354faa010
Event: 13.902 Thread 0x000002d36f03ca60 flushing  nmethod 0x000002d354faac10
Event: 13.902 Thread 0x000002d36f03ca60 flushing  nmethod 0x000002d354fab090
Event: 13.902 Thread 0x000002d36f03ca60 flushing  nmethod 0x000002d354fac610
Event: 13.902 Thread 0x000002d36f03ca60 flushing  nmethod 0x000002d3552b4410
Event: 13.902 Thread 0x000002d36f03ca60 flushing  nmethod 0x000002d3552b6c10
Event: 13.902 Thread 0x000002d36f03ca60 flushing  nmethod 0x000002d3552b9990
Event: 13.902 Thread 0x000002d36f03ca60 flushing  nmethod 0x000002d355325a10
Event: 13.902 Thread 0x000002d36f03ca60 flushing  nmethod 0x000002d355328210
Event: 13.902 Thread 0x000002d36f03ca60 flushing  nmethod 0x000002d355328990
Event: 13.902 Thread 0x000002d36f03ca60 flushing  nmethod 0x000002d35532d290
Event: 13.902 Thread 0x000002d36f03ca60 flushing  nmethod 0x000002d35532d690
Event: 13.902 Thread 0x000002d36f03ca60 flushing  nmethod 0x000002d355370190
Event: 13.902 Thread 0x000002d36f03ca60 flushing  nmethod 0x000002d355371690
Event: 13.902 Thread 0x000002d36f03ca60 flushing  nmethod 0x000002d355371b10
Event: 13.902 Thread 0x000002d36f03ca60 flushing  nmethod 0x000002d355372c90

Events (20 events):
Event: 10.833 Thread 0x000002d375347700 Thread added: 0x000002d3713f4380
Event: 11.723 Thread 0x000002d36f52bec0 Thread exited: 0x000002d36f52bec0
Event: 11.750 Thread 0x000002d3765daac0 Thread added: 0x000002d3713f3660
Event: 11.751 Thread 0x000002d3765daac0 Thread added: 0x000002d3713f3cf0
Event: 11.751 Thread 0x000002d3765daac0 Thread added: 0x000002d3713f4a10
Event: 11.751 Thread 0x000002d3765daac0 Thread added: 0x000002d3713f1590
Event: 11.752 Thread 0x000002d3765daac0 Thread added: 0x000002d3713f50a0
Event: 11.753 Thread 0x000002d3765daac0 Thread added: 0x000002d3713f1c20
Event: 11.754 Thread 0x000002d3765daac0 Thread added: 0x000002d3713f2940
Event: 11.755 Thread 0x000002d3765daac0 Thread added: 0x000002d3713f7170
Event: 11.762 Thread 0x000002d3765daac0 Thread added: 0x000002d3713f6450
Event: 11.763 Thread 0x000002d3765daac0 Thread added: 0x000002d3713f7800
Event: 11.764 Thread 0x000002d3765daac0 Thread added: 0x000002d3713f5dc0
Event: 11.765 Thread 0x000002d3765daac0 Thread added: 0x000002d3713f8520
Event: 11.766 Thread 0x000002d3765daac0 Thread added: 0x000002d3713f6ae0
Event: 11.766 Thread 0x000002d3765daac0 Thread added: 0x000002d3713f7e90
Event: 11.766 Thread 0x000002d3765daac0 Thread added: 0x000002d3713f8bb0
Event: 11.767 Thread 0x000002d3765daac0 Thread added: 0x000002d3713f5730
Event: 12.193 Thread 0x000002d37032ef00 Thread added: 0x000002d36f52cc60
Event: 12.408 Thread 0x000002d36f2e32f0 Thread added: 0x000002d36f52a380


Dynamic libraries:
0x00007ff75c330000 - 0x00007ff75c33a000 	C:\Program Files\Android\Android Studio\jbr\bin\java.exe
0x00007ff931a00000 - 0x00007ff931c67000 	C:\WINDOWS\SYSTEM32\ntdll.dll
0x00007ff930b30000 - 0x00007ff930bf9000 	C:\WINDOWS\System32\KERNEL32.DLL
0x00007ff92e4f0000 - 0x00007ff92e8e1000 	C:\WINDOWS\System32\KERNELBASE.dll
0x00007ff92ec40000 - 0x00007ff92ed8b000 	C:\WINDOWS\System32\ucrtbase.dll
0x00007ff8eb7c0000 - 0x00007ff8eb7d8000 	C:\Program Files\Android\Android Studio\jbr\bin\jli.dll
0x00007ff931770000 - 0x00007ff931935000 	C:\WINDOWS\System32\USER32.dll
0x00007ff92ed90000 - 0x00007ff92edb7000 	C:\WINDOWS\System32\win32u.dll
0x00007ff930c00000 - 0x00007ff930c2b000 	C:\WINDOWS\System32\GDI32.dll
0x00007ff908740000 - 0x00007ff90875b000 	C:\Program Files\Android\Android Studio\jbr\bin\VCRUNTIME140.dll
0x00007ff92eb10000 - 0x00007ff92ec3b000 	C:\WINDOWS\System32\gdi32full.dll
0x00007ff92e8f0000 - 0x00007ff92e993000 	C:\WINDOWS\System32\msvcp_win.dll
0x00007ff917100000 - 0x00007ff917393000 	C:\WINDOWS\WinSxS\amd64_microsoft.windows.common-controls_6595b64144ccf1df_6.0.26100.8037_none_3e092faae333b53b\COMCTL32.dll
0x00007ff9306f0000 - 0x00007ff930799000 	C:\WINDOWS\System32\msvcrt.dll
0x00007ff930f70000 - 0x00007ff930fa1000 	C:\WINDOWS\System32\IMM32.DLL
0x00007ff922190000 - 0x00007ff92219c000 	C:\Program Files\Android\Android Studio\jbr\bin\vcruntime140_1.dll
0x00007ff8e9730000 - 0x00007ff8e97bd000 	C:\Program Files\Android\Android Studio\jbr\bin\msvcp140.dll
0x00007ff8aefb0000 - 0x00007ff8afc46000 	C:\Program Files\Android\Android Studio\jbr\bin\server\jvm.dll
0x00007ff931530000 - 0x00007ff9315eb000 	C:\WINDOWS\System32\ADVAPI32.dll
0x00007ff92f8b0000 - 0x00007ff92f957000 	C:\WINDOWS\System32\sechost.dll
0x00007ff931610000 - 0x00007ff931728000 	C:\WINDOWS\System32\RPCRT4.dll
0x00007ff930670000 - 0x00007ff9306e4000 	C:\WINDOWS\System32\WS2_32.dll
0x00007ff92e140000 - 0x00007ff92e19e000 	C:\WINDOWS\SYSTEM32\POWRPROF.dll
0x00007ff9228c0000 - 0x00007ff9228f5000 	C:\WINDOWS\SYSTEM32\WINMM.dll
0x00007ff91b640000 - 0x00007ff91b64b000 	C:\WINDOWS\SYSTEM32\VERSION.dll
0x00007ff92e120000 - 0x00007ff92e134000 	C:\WINDOWS\SYSTEM32\UMPDC.dll
0x00007ff92d070000 - 0x00007ff92d08b000 	C:\WINDOWS\SYSTEM32\kernel.appcore.dll
0x00007ff918710000 - 0x00007ff91871a000 	C:\Program Files\Android\Android Studio\jbr\bin\jimage.dll
0x00007ff92c140000 - 0x00007ff92c382000 	C:\WINDOWS\SYSTEM32\DBGHELP.DLL
0x00007ff9307a0000 - 0x00007ff930b22000 	C:\WINDOWS\System32\combase.dll
0x00007ff930230000 - 0x00007ff930307000 	C:\WINDOWS\System32\OLEAUT32.dll
0x00007ff914950000 - 0x00007ff91498b000 	C:\WINDOWS\SYSTEM32\dbgcore.DLL
0x00007ff92f6f0000 - 0x00007ff92f795000 	C:\WINDOWS\System32\bcryptPrimitives.dll
0x00007ff92b200000 - 0x00007ff92b20e000 	C:\Program Files\Android\Android Studio\jbr\bin\instrument.dll
0x00007ff903590000 - 0x00007ff9035b0000 	C:\Program Files\Android\Android Studio\jbr\bin\java.dll
0x00007ff902960000 - 0x00007ff902978000 	C:\Program Files\Android\Android Studio\jbr\bin\zip.dll
0x00007ff92f960000 - 0x00007ff9300bf000 	C:\WINDOWS\System32\SHELL32.dll
0x00007ff92e9a0000 - 0x00007ff92eb0a000 	C:\WINDOWS\System32\wintypes.dll
0x00007ff92edc0000 - 0x00007ff92f624000 	C:\WINDOWS\System32\windows.storage.dll
0x00007ff930cd0000 - 0x00007ff930dc7000 	C:\WINDOWS\System32\SHCORE.dll
0x00007ff930310000 - 0x00007ff930377000 	C:\WINDOWS\System32\shlwapi.dll
0x00007ff92e200000 - 0x00007ff92e229000 	C:\WINDOWS\SYSTEM32\profapi.dll
0x00007ff911f00000 - 0x00007ff911f10000 	C:\Program Files\Android\Android Studio\jbr\bin\net.dll
0x00007ff928df0000 - 0x00007ff928f17000 	C:\WINDOWS\SYSTEM32\WINHTTP.dll
0x00007ff92d5e0000 - 0x00007ff92d64b000 	C:\WINDOWS\system32\mswsock.dll
0x00007ff902910000 - 0x00007ff902926000 	C:\Program Files\Android\Android Studio\jbr\bin\nio.dll
0x00007ff903240000 - 0x00007ff903250000 	C:\Program Files\Android\Android Studio\jbr\bin\verify.dll
0x00007ff908810000 - 0x00007ff908837000 	C:\Users\ADMIN\.gradle\native\1def1411415f61bf3af743bc5b6707747c0891f09f0c88961ee8f79bc544acac\windows-amd64\native-platform.dll
0x00007ff8e9680000 - 0x00007ff8e96f8000 	C:\Users\ADMIN\.gradle\native\0.2.7\x86_64-windows-gnu\gradle-fileevents.dll
0x00007ff90dca0000 - 0x00007ff90dca9000 	C:\Program Files\Android\Android Studio\jbr\bin\management.dll
0x00007ff907760000 - 0x00007ff90776b000 	C:\Program Files\Android\Android Studio\jbr\bin\management_ext.dll
0x00007ff931520000 - 0x00007ff931528000 	C:\WINDOWS\System32\PSAPI.DLL
0x00007ff92ca80000 - 0x00007ff92cab3000 	C:\WINDOWS\SYSTEM32\IPHLPAPI.DLL
0x00007ff931760000 - 0x00007ff93176a000 	C:\WINDOWS\System32\NSI.dll
0x00007ff90df40000 - 0x00007ff90df49000 	C:\Program Files\Android\Android Studio\jbr\bin\extnet.dll
0x00007ff92d8c0000 - 0x00007ff92d8db000 	C:\WINDOWS\SYSTEM32\CRYPTSP.dll
0x00007ff92cfd0000 - 0x00007ff92d009000 	C:\WINDOWS\system32\rsaenh.dll
0x00007ff92d690000 - 0x00007ff92d6c2000 	C:\WINDOWS\SYSTEM32\USERENV.dll
0x00007ff92e1d0000 - 0x00007ff92e1fa000 	C:\WINDOWS\SYSTEM32\bcrypt.dll
0x00007ff92d8e0000 - 0x00007ff92d8ec000 	C:\WINDOWS\SYSTEM32\CRYPTBASE.dll
0x00007ff914100000 - 0x00007ff914108000 	C:\WINDOWS\system32\wshunix.dll
0x00007ff90c870000 - 0x00007ff90c888000 	C:\WINDOWS\system32\napinsp.dll
0x00007ff92cac0000 - 0x00007ff92cbea000 	C:\WINDOWS\SYSTEM32\DNSAPI.dll
0x00007ff908910000 - 0x00007ff908922000 	C:\WINDOWS\System32\winrnr.dll
0x00007ff908840000 - 0x00007ff908862000 	C:\WINDOWS\system32\nlansp_c.dll
0x00007ff9087f0000 - 0x00007ff908806000 	C:\WINDOWS\system32\wshbth.dll
0x00007ff928520000 - 0x00007ff92852b000 	C:\Windows\System32\rasadhlp.dll
0x00007ff929d60000 - 0x00007ff929de6000 	C:\WINDOWS\System32\fwpuclnt.dll

JVMTI agents:
C:\Users\ADMIN\.gradle\wrapper\dists\gradle-8.13-bin\5xuhj0ry160q40clulazy9h7d\gradle-8.13\lib\agents\gradle-instrumentation-agent-8.13.jar path:C:\Program Files\Android\Android Studio\jbr\bin\instrument.dll, loaded, initialized, instrumentlib options:none

dbghelp: loaded successfully - version: 4.0.5 - missing functions: none
symbol engine: initialized successfully - sym options: 0x614 - pdb path: .;C:\Program Files\Android\Android Studio\jbr\bin;C:\WINDOWS\SYSTEM32;C:\WINDOWS\WinSxS\amd64_microsoft.windows.common-controls_6595b64144ccf1df_6.0.26100.8037_none_3e092faae333b53b;C:\Program Files\Android\Android Studio\jbr\bin\server;C:\Users\ADMIN\.gradle\native\1def1411415f61bf3af743bc5b6707747c0891f09f0c88961ee8f79bc544acac\windows-amd64;C:\Users\ADMIN\.gradle\native\0.2.7\x86_64-windows-gnu

VM Arguments:
jvm_args: --add-opens=java.base/java.lang=ALL-UNNAMED --add-opens=java.base/java.lang.invoke=ALL-UNNAMED --add-opens=java.base/java.util=ALL-UNNAMED --add-opens=java.prefs/java.util.prefs=ALL-UNNAMED --add-exports=jdk.compiler/com.sun.tools.javac.api=ALL-UNNAMED --add-exports=jdk.compiler/com.sun.tools.javac.util=ALL-UNNAMED --add-opens=java.base/java.util=ALL-UNNAMED --add-opens=java.prefs/java.util.prefs=ALL-UNNAMED --add-opens=java.base/java.nio.charset=ALL-UNNAMED --add-opens=java.base/java.net=ALL-UNNAMED --add-opens=java.base/java.util.concurrent.atomic=ALL-UNNAMED --add-opens=java.xml/javax.xml.namespace=ALL-UNNAMED -XX:MaxMetaspaceSize=1024m -Xmx4096m -Dfile.encoding=UTF-8 -Duser.country=US -Duser.language=en -Duser.variant -javaagent:C:\Users\ADMIN\.gradle\wrapper\dists\gradle-8.13-bin\5xuhj0ry160q40clulazy9h7d\gradle-8.13\lib\agents\gradle-instrumentation-agent-8.13.jar 
java_command: org.gradle.launcher.daemon.bootstrap.GradleDaemon 8.13
java_class_path (initial): C:\Users\ADMIN\.gradle\wrapper\dists\gradle-8.13-bin\5xuhj0ry160q40clulazy9h7d\gradle-8.13\lib\gradle-daemon-main-8.13.jar
Launcher Type: SUN_STANDARD

[Global flags]
     intx CICompilerCount                          = 12                                        {product} {ergonomic}
   size_t CompressedClassSpaceSize                 = 872415232                                 {product} {ergonomic}
     uint ConcGCThreads                            = 3                                         {product} {ergonomic}
     uint G1ConcRefinementThreads                  = 13                                        {product} {ergonomic}
   size_t G1HeapRegionSize                         = 2097152                                   {product} {ergonomic}
    uintx GCDrainStackTargetSize                   = 64                                        {product} {ergonomic}
   size_t InitialHeapSize                          = 264241152                                 {product} {ergonomic}
   size_t MarkStackSize                            = 4194304                                   {product} {ergonomic}
   size_t MaxHeapSize                              = 4294967296                                {product} {command line}
   size_t MaxMetaspaceSize                         = 1073741824                                {product} {command line}
   size_t MaxNewSize                               = 2575302656                                {product} {ergonomic}
   size_t MinHeapDeltaBytes                        = 2097152                                   {product} {ergonomic}
   size_t MinHeapSize                              = 8388608                                   {product} {ergonomic}
    uintx NonNMethodCodeHeapSize                   = 7602480                                {pd product} {ergonomic}
    uintx NonProfiledCodeHeapSize                  = 122027880                              {pd product} {ergonomic}
    uintx ProfiledCodeHeapSize                     = 122027880                              {pd product} {ergonomic}
    uintx ReservedCodeCacheSize                    = 251658240                              {pd product} {ergonomic}
     bool SegmentedCodeCache                       = true                                      {product} {ergonomic}
   size_t SoftMaxHeapSize                          = 4294967296                             {manageable} {ergonomic}
     bool UseCompressedOops                        = true                           {product lp64_product} {ergonomic}
     bool UseG1GC                                  = true                                      {product} {ergonomic}
     bool UseLargePagesIndividualAllocation        = false                                  {pd product} {ergonomic}

Logging:
Log output configuration:
 #0: stdout all=warning uptime,level,tags foldmultilines=false
 #1: stderr all=off uptime,level,tags foldmultilines=false

Release file:
JAVA_VERSION="21.0.9" 
MODULES="java.base java.compiler java.datatransfer java.xml java.prefs java.desktop java.instrument java.logging java.management java.security.sasl java.naming java.rmi java.management.rmi java.net.http java.scripting java.security.jgss java.transaction.xa java.sql java.sql.rowset java.xml.crypto java.se java.smartcardio jdk.accessibility jdk.internal.jvmstat jdk.attach jdk.charsets jdk.internal.opt jdk.zipfs jdk.compiler jdk.crypto.ec jdk.crypto.cryptoki jdk.dynalink jdk.hotspot.agent jdk.httpserver jdk.internal.ed jdk.internal.le jdk.internal.vm.ci jdk.jartool jdk.javadoc jdk.jcmd jdk.jdeps jdk.jdwp.agent jdk.jdi jdk.jfr jdk.jlink jdk.jsobject jdk.localedata jdk.management jdk.management.agent jdk.management.jfr jdk.naming.dns jdk.naming.rmi jdk.net jdk.sctp jdk.security.auth jdk.security.jgss jdk.unsupported jdk.unsupported.desktop jdk.xml.dom" 
IMPLEMENTOR="JetBrains s.r.o." 
JAVA_RUNTIME_VERSION="21.0.9+-14787801-b1163.94" 
LIBC="default" 
OS_ARCH="x86_64" 
OS_NAME="Windows" 
SOURCE=".:git:0c757ddc9f2f" 

Environment Variables:
JAVA_HOME=C:\Program Files\Java\jdk-21
PATH=D:\VMWare\bin\;D:\Python\Scripts\;D:\Python\;C:\Program Files\Common Files\Oracle\Java\javapath;C:\Program Files (x86)\Common Files\Oracle\Java\javapath;C:\WINDOWS\system32;C:\WINDOWS;C:\WINDOWS\System32\Wbem;C:\WINDOWS\System32\WindowsPowerShell\v1.0\;C:\WINDOWS\System32\OpenSSH\;C:\Program Files (x86)\Microsoft SQL Server\160\Tools\Binn\;C:\Program Files\Microsoft SQL Server\160\Tools\Binn\;C:\Program Files\Microsoft SQL Server\Client SDK\ODBC\170\Tools\Binn\;C:\Program Files\Microsoft SQL Server\160\DTS\Binn\;C:\Program Files (x86)\Microsoft SQL Server\160\DTS\Binn\;C:\Program Files\Azure Data Studio\bin;C:\Program Files\Git\cmd;C:\xampp\php;C:\ProgramData\ComposerSetup\bin;C:\Users\ADMIN\apache-maven-3.9.9\bin;C:\scrcpy-win64-v3.2;C:\Program Files\Java\jdk-17\bin\;C:\Program Files\Zulu\zulu-21\bin\;C:\Users\ADMIN\Downloads\ffmpeg-8.0-essentials_build\ffmpeg-8.0-essentials_build\bin;C:\Program Files\Microsoft SQL Server\170\Tools\Binn\;C:\Program Files\Microsoft SQL Server\130\DTS\Binn\;C:\Program Files\Microsoft SQL Server\140\DTS\Binn\;C:\Program Files\Microsoft SQL Server\150\DTS\Binn\;C:\Program Files\Microsoft SQL Server\170\DTS\Binn\;C:\Users\ADMIN\AppData\Local\Microsoft\WindowsApps;C:\Program Files\Azure Data Studio\bin;C:\Users\ADMIN\AppData\Roaming\Composer\vendor\bin;C:\Program Files\JetBrains\IntelliJ IDEA 2024.3.1.1\bin;;C:\Program Files\JetBrains\IntelliJ IDEA Community Edition 2024.3.1.1\bin;;C:\Users\ADMIN\Downloads\platform-tools;C:\Users\ADMIN\AppData\Local\Programs\Microsoft VS Code\bin;C:\Users\ADMIN\Downloads\ffmpeg-8.0-essentials_build\ffmpeg-8.0-essentials_build\bin;C:\Users\ADMIN\AppData\Local\Programs\Antigravity\bin
USERNAME=ADMIN
OS=Windows_NT
PROCESSOR_IDENTIFIER=Intel64 Family 6 Model 186 Stepping 2, GenuineIntel
TMP=C:\Users\ADMIN\AppData\Local\Temp
TEMP=C:\Users\ADMIN\AppData\Local\Temp




Periodic native trim disabled

JNI global refs:
JNI global refs: 45, weak refs: 289

JNI global refs memory usage: 835, weak refs: 3993

Process memory usage:
Resident Set Size: 834416K (5% of 16393140K total physical memory with 1641248K free physical memory)

OOME stack traces (most recent first):
Classloader memory used:
Loader org.gradle.internal.classloader.VisitableURLClassLoader$InstrumentingVisitableURLClassLoader: 60463K
Loader org.gradle.internal.classloader.VisitableURLClassLoader                         : 46329K
Loader bootstrap                                                                       : 30434K
Loader org.gradle.initialization.MixInLegacyTypesClassLoader                           : 13495K
Loader jdk.internal.loader.ClassLoaders$PlatformClassLoader                            : 515K
Loader jdk.internal.reflect.DelegatingClassLoader                                      : 474K
Loader org.gradle.groovy.scripts.internal.DefaultScriptCompilationHandler$ScriptClassLoader: 248K
Loader jdk.internal.loader.ClassLoaders$AppClassLoader                                 : 235K
Loader org.gradle.internal.classloader.VisitableURLClassLoader                         : 192K
Loader org.codehaus.groovy.runtime.callsite.CallSiteClassLoader                        : 31168B

Classes loaded by more than one classloader:
Class Program                                                                         : loaded 3 times (x 72B)
Class com.google.common.base.Equivalence$Identity                                     : loaded 2 times (x 82B)
Class com.google.common.collect.RegularImmutableMap$KeySet                            : loaded 2 times (x 152B)
Class org.gradle.internal.classloader.FilteringClassLoader                            : loaded 2 times (x 105B)
Class com.google.common.base.CharMatcher$IsEither                                     : loaded 2 times (x 111B)
Class org.gradle.internal.classloader.ClassLoaderHierarchy                            : loaded 2 times (x 70B)
Class com.google.common.collect.ImmutableEnumSet                                      : loaded 2 times (x 146B)
Class com.google.common.util.concurrent.ExecutionError                                : loaded 2 times (x 82B)
Class com.google.common.collect.ImmutableList$1                                       : loaded 2 times (x 97B)
Class org.gradle.api.internal.classpath.ManifestUtil                                  : loaded 2 times (x 71B)
Class com.google.common.io.ByteArrayDataOutput                                        : loaded 2 times (x 70B)
Class com.google.common.collect.RegularImmutableMap                                   : loaded 2 times (x 121B)
Class com.google.common.collect.ImmutableMap$MapViewOfValuesAsSingletonSets           : loaded 2 times (x 126B)
Class [Lorg.objectweb.asm.Symbol;                                                     : loaded 2 times (x 69B)
Class org.objectweb.asm.ClassVisitor                                                  : loaded 2 times (x 88B)
Class com.google.common.collect.UnmodifiableListIterator                              : loaded 2 times (x 95B)
Class com.google.common.base.Platform$JdkPatternCompiler                              : loaded 2 times (x 75B)
Class org.objectweb.asm.MethodTooLargeException                                       : loaded 2 times (x 83B)
Class [Lcom.google.common.cache.CacheBuilder$OneWeigher;                              : loaded 2 times (x 69B)
Class com.google.common.base.Suppliers                                                : loaded 2 times (x 71B)
Class org.gradle.internal.classloader.DefaultClassLoaderFactory                       : loaded 2 times (x 82B)
Class org.gradle.internal.classloader.ClassLoaderVisitor                              : loaded 2 times (x 76B)
Class [Lcom.google.common.collect.ImmutableMapEntry;                                  : loaded 2 times (x 69B)
Class org.gradle.api.internal.classpath.EffectiveClassPath                            : loaded 2 times (x 90B)
Class com.google.common.collect.ImmutableRangeSet                                     : loaded 2 times (x 115B)
Class com.google.common.collect.ListMultimap                                          : loaded 2 times (x 70B)
Class com.google.common.collect.ImmutableEnumMap                                      : loaded 2 times (x 126B)
Class com.google.common.collect.Sets$1                                                : loaded 2 times (x 139B)
Class org.objectweb.asm.AnnotationVisitor                                             : loaded 2 times (x 78B)
Class org.gradle.api.internal.DefaultClassPathProvider                                : loaded 2 times (x 76B)
Class com.google.common.collect.Sets$2                                                : loaded 2 times (x 139B)
Class [Lorg.gradle.api.internal.ClassPathProvider;                                    : loaded 2 times (x 69B)
Class org.gradle.api.internal.ClassPathProvider                                       : loaded 2 times (x 70B)
Class [Lorg.objectweb.asm.AnnotationVisitor;                                          : loaded 2 times (x 69B)
Class com.google.common.collect.Sets$3                                                : loaded 2 times (x 139B)
Class com.google.common.util.concurrent.AbstractFuture$SafeAtomicHelper               : loaded 2 times (x 79B)
Class com.google.common.cache.LocalCache$LocalLoadingCache                            : loaded 2 times (x 134B)
Class org.gradle.internal.service.UnknownServiceException                             : loaded 2 times (x 83B)
Class com.google.common.io.ByteArrayDataInput                                         : loaded 2 times (x 70B)
Class com.google.common.collect.Sets$4                                                : loaded 2 times (x 139B)
Class org.objectweb.asm.ModuleVisitor                                                 : loaded 2 times (x 81B)
Class com.google.common.cache.LocalCache$Strength$1                                   : loaded 2 times (x 81B)
Class com.google.common.util.concurrent.SettableFuture                                : loaded 2 times (x 114B)
Class com.google.common.cache.LocalCache$Strength$2                                   : loaded 2 times (x 81B)
Class com.google.common.io.ByteStreams                                                : loaded 2 times (x 71B)
Class com.google.common.cache.LocalCache$Strength$3                                   : loaded 2 times (x 81B)
Class com.google.common.collect.MapDifference                                         : loaded 2 times (x 70B)
Class org.objectweb.asm.FieldWriter                                                   : loaded 2 times (x 78B)
Class com.google.common.cache.CacheBuilder$NullListener                               : loaded 2 times (x 82B)
Class org.gradle.internal.classpath.TransformedClassPath                              : loaded 2 times (x 96B)
Class org.gradle.internal.classloader.InstrumentingClassLoader                        : loaded 2 times (x 70B)
Class com.google.common.collect.ImmutableRangeSet$AsSet                               : loaded 2 times (x 300B)
Class com.google.common.cache.CacheLoader$FunctionToCacheLoader                       : loaded 2 times (x 75B)
Class com.google.common.collect.Iterators$ArrayItr                                    : loaded 2 times (x 97B)
Class com.google.common.collect.ImmutableCollection$Builder                           : loaded 2 times (x 76B)
Class com.google.common.base.Joiner                                                   : loaded 2 times (x 79B)
Class com.google.common.base.MoreObjects                                              : loaded 2 times (x 71B)
Class com.google.common.collect.Platform                                              : loaded 2 times (x 71B)
Class [Lorg.objectweb.asm.Type;                                                       : loaded 2 times (x 69B)
Class com.google.common.collect.UnmodifiableIterator                                  : loaded 2 times (x 80B)
Class org.gradle.internal.service.ServiceLocator                                      : loaded 2 times (x 70B)
Class com.google.common.base.Ascii                                                    : loaded 2 times (x 71B)
Class com.google.common.collect.SingletonImmutableBiMap                               : loaded 2 times (x 143B)
Class com.google.common.cache.LocalCache$1                                            : loaded 2 times (x 89B)
Class com.google.common.collect.AbstractMapEntry                                      : loaded 2 times (x 81B)
Class ijJvmDebugger1_amxldhla0sgtknc2p75ob1gmp$_run_closure1$_closure2                : loaded 2 times (x 140B)
Class com.google.common.collect.Sets$ImprovedAbstractSet                              : loaded 2 times (x 135B)
Class com.google.common.collect.ImmutableList$Builder                                 : loaded 2 times (x 77B)
Class com.google.common.collect.AbstractMultimap                                      : loaded 2 times (x 123B)
Class com.google.common.cache.LocalCache$2                                            : loaded 2 times (x 142B)
Class com.google.common.collect.ImmutableRangeSet$1                                   : loaded 2 times (x 210B)
Class com.google.common.util.concurrent.AbstractFuture$UnsafeAtomicHelper$1           : loaded 2 times (x 76B)
Class com.google.common.collect.RegularImmutableAsList                                : loaded 2 times (x 217B)
Class com.google.common.collect.Range                                                 : loaded 2 times (x 87B)
Class com.google.common.util.concurrent.AbstractFuture$Trusted                        : loaded 2 times (x 70B)
Class com.google.common.collect.Iterators                                             : loaded 2 times (x 71B)
Class com.google.common.collect.Lists$StringAsImmutableList                           : loaded 2 times (x 207B)
Class com.google.common.util.concurrent.UncheckedExecutionException                   : loaded 2 times (x 82B)
Class org.gradle.internal.InternalTransformer                                         : loaded 2 times (x 70B)
Class com.google.common.collect.AbstractMapBasedMultimap$KeySet$1                     : loaded 2 times (x 82B)
Class org.objectweb.asm.ClassWriter                                                   : loaded 2 times (x 106B)
Class com.google.common.base.CharMatcher$And                                          : loaded 2 times (x 112B)
Class com.google.common.cache.CacheLoader$UnsupportedLoadingOperationException        : loaded 2 times (x 82B)
Class org.gradle.internal.classloader.ClasspathUtil$1                                 : loaded 2 times (x 76B)
Class com.google.common.base.Objects                                                  : loaded 2 times (x 71B)
Class org.objectweb.asm.FieldVisitor                                                  : loaded 2 times (x 77B)
Class com.google.common.collect.IndexedImmutableSet                                   : loaded 2 times (x 152B)
Class com.google.common.collect.ImmutableMap$1                                        : loaded 2 times (x 81B)
Class com.google.common.collect.BiMap                                                 : loaded 2 times (x 70B)
Class org.gradle.api.internal.classpath.DefaultModuleRegistry$DefaultModule           : loaded 2 times (x 86B)
Class com.google.common.primitives.Ints                                               : loaded 2 times (x 71B)
Class com.google.common.collect.AbstractIterator                                      : loaded 2 times (x 82B)
Class com.google.common.collect.ObjectArrays                                          : loaded 2 times (x 71B)
Class com.google.common.collect.Multiset                                              : loaded 2 times (x 70B)
Class com.google.common.collect.ArrayListMultimapGwtSerializationDependencies         : loaded 2 times (x 172B)
Class com.google.common.collect.AbstractIndexedListIterator                           : loaded 2 times (x 96B)
Class com.google.common.math.MathPreconditions                                        : loaded 2 times (x 71B)
Class com.google.common.collect.ImmutableMapEntrySet                                  : loaded 2 times (x 152B)
Class org.gradle.api.internal.classpath.Module                                        : loaded 2 times (x 70B)
Class com.google.common.cache.Weigher                                                 : loaded 2 times (x 70B)
Class org.gradle.api.internal.classpath.UnknownModuleException                        : loaded 2 times (x 82B)
Class com.google.common.base.Stopwatch                                                : loaded 2 times (x 72B)
Class com.google.common.cache.LocalCache$Strength                                     : loaded 2 times (x 81B)
Class com.google.common.cache.Cache                                                   : loaded 2 times (x 70B)
Class com.google.common.base.NullnessCasts                                            : loaded 2 times (x 71B)
Class com.google.common.util.concurrent.AbstractFuture$Cancellation                   : loaded 2 times (x 72B)
Class com.google.common.collect.ImmutableMap$Builder                                  : loaded 2 times (x 82B)
Class com.google.common.cache.RemovalListener                                         : loaded 2 times (x 70B)
Class org.gradle.api.internal.DefaultClassPathRegistry                                : loaded 2 times (x 76B)
Class com.google.common.primitives.IntsMethodsForWeb                                  : loaded 2 times (x 71B)
Class com.google.common.collect.Multimap                                              : loaded 2 times (x 70B)
Class org.gradle.api.internal.ClassPathRegistry                                       : loaded 2 times (x 70B)
Class org.gradle.internal.classpath.DefaultClassPath$ImmutableUniqueList              : loaded 2 times (x 199B)
Class com.google.common.base.ExtraObjectsMethodsForWeb                                : loaded 2 times (x 71B)
Class com.google.common.cache.CacheBuilder                                            : loaded 2 times (x 72B)
Class com.google.common.collect.SingletonImmutableList                                : loaded 2 times (x 207B)
Class com.google.common.base.PairwiseEquivalence                                      : loaded 2 times (x 83B)
Class Settings_gradle$1                                                               : loaded 2 times (x 74B)
Class ijKotlinCoroutineJvmDebugInit1_d5t7rhvdx4fr9ghubjyipk6vu$_run_closure1$_closure2: loaded 2 times (x 139B)
Class org.gradle.internal.classpath.ClassPath                                         : loaded 2 times (x 70B)
Class org.gradle.api.UncheckedIOException                                             : loaded 2 times (x 82B)
Class com.google.common.base.JdkPattern                                               : loaded 2 times (x 75B)
Class com.google.common.collect.ImmutableList$ReverseImmutableList                    : loaded 2 times (x 209B)
Class org.objectweb.asm.SymbolTable$Entry                                             : loaded 2 times (x 74B)
Class com.google.common.util.concurrent.AbstractFuture$AtomicHelper                   : loaded 2 times (x 78B)
Class org.objectweb.asm.Edge                                                          : loaded 2 times (x 72B)
Class com.google.common.base.Suppliers$SupplierOfInstance                             : loaded 2 times (x 79B)
Class com.google.common.collect.Iterators$1                                           : loaded 2 times (x 81B)
Class com.google.common.cache.LocalCache$ComputingValueReference                      : loaded 2 times (x 96B)
Class com.google.common.collect.SingletonImmutableSet                                 : loaded 2 times (x 146B)
Class com.google.common.collect.ImmutableMap$IteratorBasedImmutableMap                : loaded 2 times (x 126B)
Class com.google.common.cache.LocalCache$Segment                                      : loaded 2 times (x 154B)
Class com.google.common.collect.SortedIterable                                        : loaded 2 times (x 70B)
Class com.google.common.collect.AbstractListMultimap                                  : loaded 2 times (x 172B)
Class [Lorg.objectweb.asm.SymbolTable$Entry;                                          : loaded 2 times (x 69B)
Class com.google.common.cache.CacheLoader                                             : loaded 2 times (x 74B)
Class com.google.common.collect.Iterators$4                                           : loaded 2 times (x 82B)
Class com.google.common.collect.ImmutableBiMap                                        : loaded 2 times (x 143B)
Class org.gradle.internal.installation.GradleInstallation$1                           : loaded 2 times (x 75B)
Class org.gradle.api.internal.classpath.ModuleRegistry                                : loaded 2 times (x 70B)
Class com.google.common.util.concurrent.internal.InternalFutureFailureAccess          : loaded 2 times (x 72B)
Class com.google.common.collect.Iterators$5                                           : loaded 2 times (x 82B)
Class com.google.common.collect.ImmutableSet$JdkBackedSetBuilderImpl                  : loaded 2 times (x 76B)
Class com.google.common.util.concurrent.AbstractFuture$UnsafeAtomicHelper             : loaded 2 times (x 78B)
Class com.google.common.base.CharMatcher$ForPredicate                                 : loaded 2 times (x 112B)
Class com.google.common.cache.LocalCache$LocalManualCache$1                           : loaded 2 times (x 75B)
Class com.google.common.base.CharMatcher$AnyOf                                        : loaded 2 times (x 112B)
Class com.google.common.collect.ImmutableCollection                                   : loaded 2 times (x 125B)
Class ijKotlinCoroutineJvmDebugInit1_d5t7rhvdx4fr9ghubjyipk6vu                        : loaded 2 times (x 179B)
Class org.gradle.api.internal.classpath.DefaultModuleRegistry                         : loaded 2 times (x 86B)
Class com.google.common.collect.Lists                                                 : loaded 2 times (x 71B)
Class com.google.common.util.concurrent.ListenableFuture                              : loaded 2 times (x 70B)
Class com.google.common.cache.ReferenceEntry                                          : loaded 2 times (x 70B)
Class com.google.common.base.Converter                                                : loaded 2 times (x 90B)
Class com.google.common.collect.ImmutableSet$CachingAsList                            : loaded 2 times (x 148B)
Class build_3fxlyzhy5s3jp78mlf672qaxo                                                 : loaded 2 times (x 180B)
Class com.google.common.collect.AbstractMapBasedMultimap                              : loaded 2 times (x 139B)
Class com.google.common.util.concurrent.AbstractFuture                                : loaded 2 times (x 106B)
Class com.google.common.base.FunctionalEquivalence                                    : loaded 2 times (x 83B)
Class com.google.common.collect.Iterators$9                                           : loaded 2 times (x 81B)
Class com.google.common.collect.ImmutableAsList                                       : loaded 2 times (x 209B)
Class org.objectweb.asm.RecordComponentVisitor                                        : loaded 2 times (x 77B)
Class com.google.common.cache.CacheLoader$SupplierToCacheLoader                       : loaded 2 times (x 75B)
Class com.google.common.collect.Maps$EntryTransformer                                 : loaded 2 times (x 70B)
Class org.gradle.internal.service.ServiceLookupException                              : loaded 2 times (x 82B)
Class com.google.common.collect.ImmutableSortedSet                                    : loaded 2 times (x 300B)
Class [Lcom.google.common.cache.LocalCache$EntryFactory;                              : loaded 2 times (x 69B)
Class org.gradle.internal.classloader.ClassLoaderFactory                              : loaded 2 times (x 70B)
Class com.google.common.base.CommonPattern                                            : loaded 2 times (x 74B)
Class com.google.common.base.CharMatcher$IsNot                                        : loaded 2 times (x 111B)
Class com.google.common.cache.LocalCache$LocalManualCache                             : loaded 2 times (x 99B)
Class org.gradle.internal.service.CachingServiceLocator                               : loaded 2 times (x 82B)
Class com.google.common.collect.AbstractMapBasedMultimap$KeySet                       : loaded 2 times (x 137B)
Class com.google.common.collect.RegularImmutableSortedSet                             : loaded 2 times (x 300B)
Class com.google.common.math.IntMath                                                  : loaded 2 times (x 71B)
Class com.google.common.collect.ImmutableMapEntry                                     : loaded 2 times (x 85B)
Class com.google.common.base.Equivalence                                              : loaded 2 times (x 82B)
Class com.google.common.base.Function                                                 : loaded 2 times (x 70B)
Class com.google.common.collect.ImmutableMapEntry$NonTerminalImmutableMapEntry        : loaded 2 times (x 85B)
Class com.google.common.collect.IndexedImmutableSet$1                                 : loaded 2 times (x 213B)
Class com.google.common.cache.CacheBuilder$OneWeigher                                 : loaded 2 times (x 82B)
Class com.google.common.collect.RegularImmutableList                                  : loaded 2 times (x 213B)
Class org.gradle.internal.classloader.ClasspathUtil                                   : loaded 2 times (x 71B)
Class com.google.common.base.Charsets                                                 : loaded 2 times (x 71B)
Class com.google.common.util.concurrent.Uninterruptibles                              : loaded 2 times (x 71B)
Class com.google.common.collect.Maps                                                  : loaded 2 times (x 71B)
Class ijKotlinCoroutineJvmDebugInit1_d5t7rhvdx4fr9ghubjyipk6vu$_run_closure1          : loaded 2 times (x 139B)
Class org.gradle.api.specs.Spec                                                       : loaded 2 times (x 70B)
Class [Lcom.google.common.collect.ImmutableEntry;                                     : loaded 2 times (x 69B)
Class com.google.common.cache.LocalCache$LoadingValueReference                        : loaded 2 times (x 96B)
Class com.google.common.base.Platform                                                 : loaded 2 times (x 71B)
Class [Lorg.objectweb.asm.AnnotationWriter;                                           : loaded 2 times (x 69B)
Class com.google.common.collect.Maps$8                                                : loaded 2 times (x 82B)
Class com.google.common.collect.ImmutableRangeSet$Builder                             : loaded 2 times (x 77B)
Class com.google.common.collect.Sets$SetView                                          : loaded 2 times (x 138B)
Class com.google.common.cache.LocalCache$StrongValueReference                         : loaded 2 times (x 90B)
Class com.google.common.util.concurrent.AbstractFuture$SynchronizedHelper             : loaded 2 times (x 78B)
Class org.objectweb.asm.Type                                                          : loaded 2 times (x 72B)
Class org.gradle.internal.classloader.VisitableURLClassLoader$InstrumentingVisitableURLClassLoader: loaded 2 times (x 123B)
Class org.objectweb.asm.ByteVector                                                    : loaded 2 times (x 79B)
Class [Lcom.google.common.cache.CacheBuilder$NullListener;                            : loaded 2 times (x 69B)
Class com.google.common.math.IntMath$1                                                : loaded 2 times (x 71B)
Class org.gradle.internal.classloader.VisitableURLClassLoader$Spec                    : loaded 2 times (x 74B)
Class org.gradle.internal.classpath.DefaultClassPath                                  : loaded 2 times (x 90B)
Class org.objectweb.asm.Symbol                                                        : loaded 2 times (x 73B)
Class com.google.common.io.Closer                                                     : loaded 2 times (x 78B)
Class com.google.common.base.CharMatcher$Ascii                                        : loaded 2 times (x 112B)
Class com.google.common.base.CharMatcher$BitSetMatcher                                : loaded 2 times (x 112B)
Class com.google.common.collect.RegularImmutableMap$Values                            : loaded 2 times (x 207B)
Class com.google.common.collect.ImmutableSet                                          : loaded 2 times (x 145B)
Class org.gradle.internal.classloader.ClassLoaderSpec                                 : loaded 2 times (x 71B)
Class org.objectweb.asm.AnnotationWriter                                              : loaded 2 times (x 79B)
Class com.google.common.cache.CacheStats                                              : loaded 2 times (x 71B)
Class ijJvmDebugger1_amxldhla0sgtknc2p75ob1gmp                                        : loaded 2 times (x 179B)
Class com.google.common.io.Closer$Suppressor                                          : loaded 2 times (x 70B)
Class org.objectweb.asm.RecordComponentWriter                                         : loaded 2 times (x 78B)
Class com.google.common.util.concurrent.AbstractFuture$Listener                       : loaded 2 times (x 72B)
Class com.google.common.base.CharMatcher$Or                                           : loaded 2 times (x 112B)
Class Settings_gradle$1$1                                                             : loaded 2 times (x 74B)
Class org.objectweb.asm.Attribute                                                     : loaded 2 times (x 77B)
Class com.google.common.base.Supplier                                                 : loaded 2 times (x 70B)
Class org.gradle.internal.classloader.VisitableURLClassLoader                         : loaded 2 times (x 117B)
Class com.google.common.util.concurrent.AbstractFuture$Waiter                         : loaded 2 times (x 72B)
Class Settings_gradle                                                                 : loaded 2 times (x 128B)
Class org.gradle.internal.Cast                                                        : loaded 2 times (x 71B)
Class org.gradle.api.Action                                                           : loaded 2 times (x 70B)
Class com.google.common.base.Strings                                                  : loaded 2 times (x 71B)
Class com.google.common.collect.Sets                                                  : loaded 2 times (x 71B)
Class org.objectweb.asm.Handler                                                       : loaded 2 times (x 72B)
Class com.google.common.base.CharMatcher$FastMatcher                                  : loaded 2 times (x 111B)
Class com.google.common.base.Ticker                                                   : loaded 2 times (x 72B)
Class [Lcom.google.common.cache.LocalCache$Segment;                                   : loaded 2 times (x 69B)
Class com.google.common.base.Predicate                                                : loaded 2 times (x 70B)
Class [Lcom.google.common.cache.LocalCache$Strength;                                  : loaded 2 times (x 69B)
Class com.google.common.cache.CacheBuilder$1                                          : loaded 2 times (x 85B)
Class com.google.common.collect.ImmutableMap                                          : loaded 2 times (x 120B)
Class org.gradle.internal.classpath.DefaultClassPath$ImmutableUniqueList$Builder      : loaded 2 times (x 75B)
Class com.google.common.collect.AbstractRangeSet                                      : loaded 2 times (x 114B)
Class com.google.common.base.CharMatcher$NegatedFastMatcher                           : loaded 2 times (x 113B)
Class com.google.common.cache.LocalCache                                              : loaded 2 times (x 187B)
Class com.google.common.cache.CacheBuilder$2                                          : loaded 2 times (x 79B)
Class com.google.common.collect.ArrayListMultimap                                     : loaded 2 times (x 172B)
Class com.google.common.cache.CacheBuilder$3                                          : loaded 2 times (x 72B)
Class [Lcom.google.common.collect.AbstractMapEntry;                                   : loaded 2 times (x 69B)
Class com.google.common.collect.ImmutableEntry                                        : loaded 2 times (x 82B)
Class org.gradle.api.GradleException                                                  : loaded 2 times (x 82B)
Class com.google.common.base.Suppliers$MemoizingSupplier                              : loaded 2 times (x 79B)
Class com.google.common.collect.CollectPreconditions                                  : loaded 2 times (x 71B)
Class com.google.common.collect.SortedMapDifference                                   : loaded 2 times (x 70B)
Class ijJvmDebugger1_amxldhla0sgtknc2p75ob1gmp$_run_closure1                          : loaded 2 times (x 139B)
Class com.google.common.cache.LocalCache$EntryFactory                                 : loaded 2 times (x 83B)
Class com.google.common.cache.LocalCache$AbstractReferenceEntry                       : loaded 2 times (x 107B)
Class org.gradle.internal.IoActions                                                   : loaded 2 times (x 71B)
Class com.google.common.collect.ImmutableRangeSet$ComplementRanges                    : loaded 2 times (x 207B)
Class org.objectweb.asm.SymbolTable                                                   : loaded 2 times (x 72B)
Class com.google.common.cache.CacheLoader$InvalidCacheLoadException                   : loaded 2 times (x 82B)
Class com.google.common.collect.ImmutableSet$RegularSetBuilderImpl                    : loaded 2 times (x 77B)
Class org.gradle.internal.classloader.SystemClassLoaderSpec                           : loaded 2 times (x 71B)
Class com.google.common.cache.LocalCache$StrongEntry                                  : loaded 2 times (x 108B)
Class com.google.common.util.concurrent.AbstractFuture$TrustedFuture                  : loaded 2 times (x 114B)
Class com.google.common.cache.LoadingCache                                            : loaded 2 times (x 70B)
Class com.google.common.io.ByteStreams$LimitedInputStream                             : loaded 2 times (x 92B)
Class com.google.common.base.Suppliers$NonSerializableMemoizingSupplier               : loaded 2 times (x 79B)
Class org.objectweb.asm.MethodWriter                                                  : loaded 2 times (x 106B)
Class [Lcom.google.common.cache.Weigher;                                              : loaded 2 times (x 69B)
Class com.google.common.collect.RegularImmutableMap$BucketOverflowException           : loaded 2 times (x 82B)
Class com.google.common.collect.RegularImmutableBiMap                                 : loaded 2 times (x 149B)
Class com.google.common.base.CharMatcher$Negated                                      : loaded 2 times (x 113B)
Class com.google.common.base.CharMatcher$Is                                           : loaded 2 times (x 111B)
Class com.google.common.cache.LocalCache$ValueReference                               : loaded 2 times (x 70B)
Class com.google.common.hash.PrimitiveSink                                            : loaded 2 times (x 70B)
Class com.google.common.base.PatternCompiler                                          : loaded 2 times (x 70B)
Class com.google.common.util.concurrent.AbstractFuture$Failure                        : loaded 2 times (x 72B)
Class com.google.common.base.Equivalence$Equals                                       : loaded 2 times (x 82B)
Class com.google.common.collect.Hashing                                               : loaded 2 times (x 71B)
Class com.google.common.base.Preconditions                                            : loaded 2 times (x 71B)
Class com.google.common.base.Joiner$1                                                 : loaded 2 times (x 80B)
Class org.objectweb.asm.Label                                                         : loaded 2 times (x 73B)
Class org.objectweb.asm.CurrentFrame                                                  : loaded 2 times (x 73B)
Class org.objectweb.asm.ClassTooLargeException                                        : loaded 2 times (x 83B)
Class com.google.common.base.CharMatcher                                              : loaded 2 times (x 111B)
Class com.google.common.collect.PeekingIterator                                       : loaded 2 times (x 70B)
Class com.google.common.collect.Maps$IteratorBasedAbstractMap                         : loaded 2 times (x 125B)
Class com.google.common.collect.RangeGwtSerializationDependencies                     : loaded 2 times (x 71B)
Class com.google.common.base.Joiner$2                                                 : loaded 2 times (x 79B)
Class org.objectweb.asm.Frame                                                         : loaded 2 times (x 73B)
Class org.objectweb.asm.MethodVisitor                                                 : loaded 2 times (x 105B)
Class com.google.common.base.CharMatcher$1                                            : loaded 2 times (x 113B)
Class com.google.common.base.CharMatcher$NamedFastMatcher                             : loaded 2 times (x 112B)
Class com.google.common.cache.LocalCache$EntryFactory$1                               : loaded 2 times (x 83B)
Class [Lcom.google.common.cache.RemovalListener;                                      : loaded 2 times (x 69B)
Class build_3fxlyzhy5s3jp78mlf672qaxo$_run_closure1                                   : loaded 2 times (x 139B)
Class com.google.common.collect.RangeSet                                              : loaded 2 times (x 70B)
Class com.google.common.cache.LocalCache$EntryFactory$2                               : loaded 2 times (x 83B)
Class org.gradle.api.internal.classpath.GlobalCacheRootsProvider                      : loaded 2 times (x 70B)
Class com.google.common.collect.CollectCollectors                                     : loaded 2 times (x 71B)
Class org.objectweb.asm.ModuleWriter                                                  : loaded 2 times (x 82B)
Class com.google.common.cache.LocalCache$EntryFactory$3                               : loaded 2 times (x 83B)
Class com.google.common.base.Ticker$1                                                 : loaded 2 times (x 72B)
Class com.google.common.collect.Maps$BiMapConverter                                   : loaded 2 times (x 90B)
Class com.google.common.collect.ImmutableMapEntrySet$RegularEntrySet                  : loaded 2 times (x 152B)
Class com.google.common.base.CharMatcher$InRange                                      : loaded 2 times (x 111B)
Class com.google.common.cache.LocalCache$EntryFactory$4                               : loaded 2 times (x 83B)
Class com.google.common.collect.ImmutableSet$Builder                                  : loaded 2 times (x 85B)
Class com.google.common.io.ByteStreams$1                                              : loaded 2 times (x 85B)
Class com.google.common.cache.LocalCache$EntryFactory$5                               : loaded 2 times (x 83B)
Class com.google.common.cache.LocalCache$EntryFactory$6                               : loaded 2 times (x 83B)
Class org.gradle.internal.installation.CurrentGradleInstallationLocator               : loaded 2 times (x 71B)
Class com.google.common.collect.Maps$KeySet                                           : loaded 2 times (x 137B)
Class com.google.common.cache.LocalCache$EntryFactory$7                               : loaded 2 times (x 83B)
Class com.google.common.collect.ImmutableSet$EmptySetBuilderImpl                      : loaded 2 times (x 76B)
Class com.google.common.collect.ImmutableList                                         : loaded 2 times (x 206B)
Class org.gradle.internal.service.DefaultServiceLocator                               : loaded 2 times (x 83B)
Class com.google.common.cache.LocalCache$EntryFactory$8                               : loaded 2 times (x 83B)
Class com.google.common.collect.ImmutableSet$SetBuilderImpl                           : loaded 2 times (x 76B)
Class org.gradle.internal.installation.CurrentGradleInstallation                      : loaded 2 times (x 73B)
Class com.google.common.cache.CacheLoader$1                                           : loaded 2 times (x 75B)
Class com.google.common.collect.ForwardingObject                                      : loaded 2 times (x 72B)
Class com.google.common.collect.ImmutableList$SubList                                 : loaded 2 times (x 209B)
Class org.gradle.util.internal.GUtil                                                  : loaded 2 times (x 71B)
Class com.google.common.util.concurrent.AbstractFuture$SetFuture                      : loaded 2 times (x 75B)
Class com.google.common.cache.AbstractCache$StatsCounter                              : loaded 2 times (x 70B)
Class com.google.common.collect.Iterators$MergingIterator                             : loaded 2 times (x 81B)
Class com.google.common.collect.RegularImmutableSet                                   : loaded 2 times (x 149B)
Class org.gradle.internal.installation.GradleInstallation                             : loaded 2 times (x 75B)
Class com.google.common.collect.Iterables                                             : loaded 2 times (x 71B)

---------------  S Y S T E M  ---------------

OS:
 Windows 11 , 64 bit Build 26100 (10.0.26100.7920)
OS uptime: 5 days 6:50 hours

CPU: total 16 (initial active 16) (8 cores per cpu, 2 threads per core) family 6 model 186 stepping 2 microcode 0x410e, cx8, cmov, fxsr, ht, mmx, 3dnowpref, sse, sse2, sse3, ssse3, sse4.1, sse4.2, popcnt, lzcnt, tsc, tscinvbit, avx, avx2, aes, erms, clmul, bmi1, bmi2, adx, sha, fma, vzeroupper, clflush, clflushopt, clwb, serialize, rdtscp, rdpid, fsrm, f16c, pku, cet_ibt, cet_ss
Processor Information for processor 0
  Max Mhz: 2600, Current Mhz: 2600, Mhz Limit: 2600
Processor Information for processor 1
  Max Mhz: 2600, Current Mhz: 2600, Mhz Limit: 2600
Processor Information for processor 2
  Max Mhz: 2600, Current Mhz: 2600, Mhz Limit: 2600
Processor Information for processor 3
  Max Mhz: 2600, Current Mhz: 1496, Mhz Limit: 2600
Processor Information for processor 4
  Max Mhz: 2600, Current Mhz: 1496, Mhz Limit: 2600
Processor Information for processor 5
  Max Mhz: 2600, Current Mhz: 2600, Mhz Limit: 2600
Processor Information for processor 6
  Max Mhz: 2600, Current Mhz: 2600, Mhz Limit: 2600
Processor Information for processor 7
  Max Mhz: 2600, Current Mhz: 1496, Mhz Limit: 2600
Processor Information for processor 8
  Max Mhz: 2600, Current Mhz: 1500, Mhz Limit: 1898
Processor Information for processor 9
  Max Mhz: 2600, Current Mhz: 1900, Mhz Limit: 1898
Processor Information for processor 10
  Max Mhz: 2600, Current Mhz: 1900, Mhz Limit: 1898
Processor Information for processor 11
  Max Mhz: 2600, Current Mhz: 1900, Mhz Limit: 1898
Processor Information for processor 12
  Max Mhz: 2600, Current Mhz: 1500, Mhz Limit: 1898
Processor Information for processor 13
  Max Mhz: 2600, Current Mhz: 1900, Mhz Limit: 1898
Processor Information for processor 14
  Max Mhz: 2600, Current Mhz: 1900, Mhz Limit: 1898
Processor Information for processor 15
  Max Mhz: 2600, Current Mhz: 1900, Mhz Limit: 1898

Memory: 4k page, system-wide physical 16008M (1603M free)
TotalPageFile size 20104M (AvailPageFile size 223M)
current process WorkingSet (physical memory assigned to process): 818M, peak: 899M
current process commit charge ("private bytes"): 869M, peak: 1155M

vm_info: OpenJDK 64-Bit Server VM (21.0.9+-14787801-b1163.94) for windows-amd64 JRE (21.0.9+-14787801-b1163.94), built on 2026-01-27T21:15:44Z by "builder" with MS VC++ 16.10 / 16.11 (VS2019)

END.
