#
# There is insufficient memory for the Java Runtime Environment to continue.
# Native memory allocation (mmap) failed to map 773849088 bytes. Error detail: G1 virtual space
# Possible reasons:
#   The system is out of physical RAM or swap space
#   This process is running with CompressedOops enabled, and the Java Heap may be blocking the growth of the native heap
# Possible solutions:
#   Reduce memory load on the system
#   Increase physical memory or swap space
#   Check if swap backing store is full
#   Decrease Java heap size (-Xmx/-Xms)
#   Decrease number of Java threads
#   Decrease Java thread stack sizes (-Xss)
#   Set larger code cache with -XX:ReservedCodeCacheSize=
#   JVM is running with Zero Based Compressed Oops mode in which the Java heap is
#     placed in the first 32GB address space. The Java Heap base address is the
#     maximum limit for the native heap growth. Please use -XX:HeapBaseMinAddress
#     to set the Java Heap base and to place the Java Heap above 32GB virtual address.
# This output file may be truncated or incomplete.
#
#  Out of Memory Error (os_windows.cpp:3925), pid=11896, tid=1756
#
# JRE version: OpenJDK Runtime Environment (21.0.9) (build 21.0.9+-14787801-b1163.94)
# Java VM: OpenJDK 64-Bit Server VM (21.0.9+-14787801-b1163.94, mixed mode, tiered, compressed oops, compressed class ptrs, g1 gc, windows-amd64)
# No core dump will be written. Minidumps are not enabled by default on client versions of Windows
#

---------------  S U M M A R Y ------------

Command Line: --add-opens=java.base/java.lang=ALL-UNNAMED --add-opens=java.base/java.lang.invoke=ALL-UNNAMED --add-opens=java.base/java.util=ALL-UNNAMED --add-opens=java.prefs/java.util.prefs=ALL-UNNAMED --add-exports=jdk.compiler/com.sun.tools.javac.api=ALL-UNNAMED --add-exports=jdk.compiler/com.sun.tools.javac.util=ALL-UNNAMED --add-opens=java.base/java.util=ALL-UNNAMED --add-opens=java.prefs/java.util.prefs=ALL-UNNAMED --add-opens=java.base/java.nio.charset=ALL-UNNAMED --add-opens=java.base/java.net=ALL-UNNAMED --add-opens=java.base/java.util.concurrent.atomic=ALL-UNNAMED --add-opens=java.xml/javax.xml.namespace=ALL-UNNAMED -XX:MaxMetaspaceSize=1024m -Xmx4096m -Dfile.encoding=UTF-8 -Duser.country=US -Duser.language=en -Duser.variant -javaagent:C:\Users\ADMIN\.gradle\wrapper\dists\gradle-8.13-bin\5xuhj0ry160q40clulazy9h7d\gradle-8.13\lib\agents\gradle-instrumentation-agent-8.13.jar org.gradle.launcher.daemon.bootstrap.GradleDaemon 8.13

Host: 13th Gen Intel(R) Core(TM) i5-13500H, 16 cores, 15G,  Windows 11 , 64 bit Build 26100 (10.0.26100.7920)
Time: Mon Mar 23 22:15:16 2026 SE Asia Standard Time elapsed time: 18.322062 seconds (0d 0h 0m 18s)

---------------  T H R E A D  ---------------

Current thread (0x0000026aef1b5270):  VMThread "VM Thread"          [id=1756, stack(0x000000a01b200000,0x000000a01b300000) (1024K)]

Stack: [0x000000a01b200000,0x000000a01b300000]
Native frames: (J=compiled Java code, j=interpreted, Vv=VM code, C=native code)
V  [jvm.dll+0x6d6c99]
V  [jvm.dll+0x866b83]
V  [jvm.dll+0x8691ae]
V  [jvm.dll+0x869893]
V  [jvm.dll+0x280776]
V  [jvm.dll+0x6d3555]
V  [jvm.dll+0x6c6bea]
V  [jvm.dll+0x3587fb]
V  [jvm.dll+0x360476]
V  [jvm.dll+0x3b2646]
V  [jvm.dll+0x3b2918]
V  [jvm.dll+0x32af0c]
V  [jvm.dll+0x32af97]
V  [jvm.dll+0x370e7c]
V  [jvm.dll+0x36f62e]
V  [jvm.dll+0x32a661]
V  [jvm.dll+0x36ed30]
V  [jvm.dll+0x86f618]
V  [jvm.dll+0x870994]
V  [jvm.dll+0x870ed0]
V  [jvm.dll+0x871163]
V  [jvm.dll+0x80f118]
V  [jvm.dll+0x6d54ed]
C  [ucrtbase.dll+0x37b0]
C  [KERNEL32.DLL+0x2e8d7]
C  [ntdll.dll+0x8c48c]

VM_Operation (0x000000a0281fbb20): G1CollectForAllocation, mode: safepoint, requested by thread 0x0000026af61d6130


---------------  P R O C E S S  ---------------

Threads class SMR info:
_java_thread_list=0x0000026a849ebae0, length=270, elements={
0x0000026ad2f48910, 0x0000026af40a6b80, 0x0000026af40ab030, 0x0000026af40ab6a0,
0x0000026af40c8f70, 0x0000026af40d41f0, 0x0000026af40d4860, 0x0000026af40d7e20,
0x0000026af40dd440, 0x0000026af40ffb10, 0x0000026af41a1f80, 0x0000026af41a11e0,
0x0000026af43fdff0, 0x0000026af5910330, 0x0000026af6af4c30, 0x0000026af4a19d80,
0x0000026af6e905d0, 0x0000026af6e8f220, 0x0000026af6e90c60, 0x0000026af6e8f8b0,
0x0000026af6e912f0, 0x0000026af6e91980, 0x0000026af6e92010, 0x0000026af6e926a0,
0x0000026af6de4080, 0x0000026af6de5430, 0x0000026af6de3360, 0x0000026af6de5ac0,
0x0000026af6de6150, 0x0000026af6de4da0, 0x0000026af6de2cd0, 0x0000026af6de39f0,
0x0000026af9e0b330, 0x0000026af9e0b9c0, 0x0000026af9e0cd70, 0x0000026af9e0d400,
0x0000026af9e09f80, 0x0000026af9e0a610, 0x0000026af9e0aca0, 0x0000026af9e0ee40,
0x0000026af9e10f10, 0x0000026af9e10880, 0x0000026af9e0e120, 0x0000026af9e0f4d0,
0x0000026af9e101f0, 0x0000026af9e0e7b0, 0x0000026af9e0fb60, 0x0000026af9606960,
0x0000026af9604f20, 0x0000026af96055b0, 0x0000026af9606ff0, 0x0000026af9604200,
0x0000026af9605c40, 0x0000026af9603b70, 0x0000026af9607680, 0x0000026af96062d0,
0x0000026af9604890, 0x0000026af9607d10, 0x0000026af9608a30, 0x0000026af96083a0,
0x0000026af960b190, 0x0000026af96090c0, 0x0000026af9609750, 0x0000026af9609de0,
0x0000026af960ab00, 0x0000026af994ef00, 0x0000026af994db50, 0x0000026af994e870,
0x0000026af994fc20, 0x0000026af994e1e0, 0x0000026af994f590, 0x0000026af994c7a0,
0x0000026af9951cf0, 0x0000026af9950fd0, 0x0000026af9952a10, 0x0000026af9953730,
0x0000026af9953dc0, 0x0000026af9951660, 0x0000026af9950940, 0x0000026afc78a750,
0x0000026afc78a0c0, 0x0000026afc78d540, 0x0000026afc78ade0, 0x0000026afc78b470,
0x0000026afc78bb00, 0x0000026afc78c190, 0x0000026afc78c820, 0x0000026afc78ceb0,
0x0000026af9c58620, 0x0000026af9c57900, 0x0000026af9c57f90, 0x0000026af9c551a0,
0x0000026af9c58cb0, 0x0000026af9c55830, 0x0000026af9c59340, 0x0000026af9c55ec0,
0x0000026af9c599d0, 0x0000026af9c56550, 0x0000026af9c56be0, 0x0000026af9c5a060,
0x0000026af9c5a6f0, 0x0000026af9c57270, 0x0000026af9c5b410, 0x0000026af9c5ad80,
0x0000026af9c5baa0, 0x0000026af9c5c130, 0x0000026af9c5c7c0, 0x0000026af9caa050,
0x0000026af9caad70, 0x0000026af9caa6e0, 0x0000026af9ca99c0, 0x0000026af9ca9330,
0x0000026af9cab400, 0x0000026af9caba90, 0x0000026af9cac120, 0x0000026af9ca8ca0,
0x0000026af9cae1f0, 0x0000026af9cae880, 0x0000026af9cace40, 0x0000026af9cad4d0,
0x0000026af9a194f0, 0x0000026af7573770, 0x0000026af7574490, 0x0000026af7575ed0,
0x0000026af7577910, 0x0000026af7578630, 0x0000026afc211010, 0x0000026afc210980,
0x0000026afc2102f0, 0x0000026afc213e00, 0x0000026afc215ed0, 0x0000026afc215840,
0x0000026afc216bf0, 0x0000026afc217910, 0x0000026afc216560, 0x0000026afc214490,
0x0000026af9a18e60, 0x0000026af9a19b80, 0x0000026af9cafc30, 0x0000026af9cac7b0,
0x0000026af9952380, 0x0000026afca2a2f0, 0x0000026afca2a980, 0x0000026afca2b6a0,
0x0000026afca29c60, 0x0000026afca2bd30, 0x0000026afca28f40, 0x0000026afca288b0,
0x0000026afca2c3c0, 0x0000026afca2ca50, 0x0000026afca295d0, 0x0000026afca2eb20,
0x0000026afca2f1b0, 0x0000026afca30560, 0x0000026afca2d0e0, 0x0000026afca2e490,
0x0000026afca2d770, 0x0000026afca36140, 0x0000026afca374f0, 0x0000026afc214b20,
0x0000026afc2151b0, 0x0000026afd203070, 0x0000026afd205140, 0x0000026afd2057d0,
0x0000026afd203700, 0x0000026afd203d90, 0x0000026afd2029e0, 0x0000026afd204420,
0x0000026afd204ab0, 0x0000026afd202350, 0x0000026afd2092e0, 0x0000026afd2064f0,
0x0000026afd207f30, 0x0000026afd2078a0, 0x0000026afd207210, 0x0000026afd2085c0,
0x0000026afd205e60, 0x0000026afd209970, 0x0000026afd206b80, 0x0000026afca2fed0,
0x0000026afca31280, 0x0000026afca2de00, 0x0000026afca32630, 0x0000026afca33350,
0x0000026afca31910, 0x0000026afca34d90, 0x0000026afca34700, 0x0000026afca31fa0,
0x0000026afca367d0, 0x0000026afca35420, 0x0000026afca36e60, 0x0000026afca35ab0,
0x0000026afc217280, 0x0000026af61cb000, 0x0000026af61cb690, 0x0000026af61ca970,
0x0000026af61cbd20, 0x0000026af61cd0d0, 0x0000026af61c9c50, 0x0000026af61cca40,
0x0000026af61cc3b0, 0x0000026af61d0550, 0x0000026af61cd760, 0x0000026af61ca2e0,
0x0000026af61ceb10, 0x0000026af61cddf0, 0x0000026af61ce480, 0x0000026af61cfec0,
0x0000026af61d0be0, 0x0000026af61d1270, 0x0000026af61d2620, 0x0000026af61d1900,
0x0000026af61d1f90, 0x0000026af61cf1a0, 0x0000026af61cf830, 0x0000026af61d2cb0,
0x0000026af61d4060, 0x0000026af61d39d0, 0x0000026af61d6130, 0x0000026af61d67c0,
0x0000026af61d3340, 0x0000026af61d8200, 0x0000026af61d8890, 0x0000026af61d8f20,
0x0000026af61d74e0, 0x0000026af61d6e50, 0x0000026af61d7b70, 0x0000026afca37b80,
0x0000026afe937d10, 0x0000026afe9383a0, 0x0000026afe938a30, 0x0000026afe9355b0,
0x0000026af9f98080, 0x0000026af9f96c10, 0x0000026af9f950d0, 0x0000026af41a0440,
0x0000026afe92f9d0, 0x0000026afe92ecb0, 0x0000026afe932130, 0x0000026afe930060,
0x0000026afe9306f0, 0x0000026afe931aa0, 0x0000026afe9327c0, 0x0000026afe92f340,
0x0000026afe934f20, 0x0000026afe932e50, 0x0000026afe9362d0, 0x0000026afe9334e0,
0x0000026afe936ff0, 0x0000026afe933b70, 0x0000026afe937680, 0x0000026afe934890,
0x0000026afd92b180, 0x0000026afd929dd0, 0x0000026afd928a20, 0x0000026afd92c530,
0x0000026afd9290b0, 0x0000026afd92cbc0, 0x0000026afd929740, 0x0000026afd92f9b0,
0x0000026afd92d8e0, 0x0000026afd930040, 0x0000026afd92f320, 0x0000026afd9306d0,
0x0000026afd92ec90, 0x0000026afd92d250, 0x0000026afb331620, 0x0000026afb32dfa0,
0x0000026afb331cf0, 0x0000026afb32e670
}

Java Threads: ( => current thread )
  0x0000026ad2f48910 JavaThread "main"                              [_thread_blocked, id=9972, stack(0x000000a01ab00000,0x000000a01ac00000) (1024K)]
  0x0000026af40a6b80 JavaThread "Common-Cleaner"             daemon [_thread_blocked, id=13380, stack(0x000000a01b300000,0x000000a01b400000) (1024K)]
  0x0000026af40ab030 JavaThread "Reference Handler"          daemon [_thread_blocked, id=16712, stack(0x000000a01b400000,0x000000a01b500000) (1024K)]
  0x0000026af40ab6a0 JavaThread "Finalizer"                  daemon [_thread_blocked, id=14564, stack(0x000000a01b500000,0x000000a01b600000) (1024K)]
  0x0000026af40c8f70 JavaThread "Signal Dispatcher"          daemon [_thread_blocked, id=7612, stack(0x000000a01b600000,0x000000a01b700000) (1024K)]
  0x0000026af40d41f0 JavaThread "Attach Listener"            daemon [_thread_blocked, id=4696, stack(0x000000a01b700000,0x000000a01b800000) (1024K)]
  0x0000026af40d4860 JavaThread "Service Thread"             daemon [_thread_blocked, id=13580, stack(0x000000a01b800000,0x000000a01b900000) (1024K)]
  0x0000026af40d7e20 JavaThread "Monitor Deflation Thread"   daemon [_thread_blocked, id=19012, stack(0x000000a01b900000,0x000000a01ba00000) (1024K)]
  0x0000026af40dd440 JavaThread "C2 CompilerThread0"         daemon [_thread_blocked, id=17460, stack(0x000000a01ba00000,0x000000a01bb00000) (1024K)]
  0x0000026af40ffb10 JavaThread "C1 CompilerThread0"         daemon [_thread_blocked, id=6860, stack(0x000000a01bb00000,0x000000a01bc00000) (1024K)]
  0x0000026af41a1f80 JavaThread "C1 CompilerThread1"         daemon [_thread_blocked, id=13020, stack(0x000000a01bc00000,0x000000a01bd00000) (1024K)]
  0x0000026af41a11e0 JavaThread "C1 CompilerThread2"         daemon [_thread_blocked, id=21148, stack(0x000000a01bd00000,0x000000a01be00000) (1024K)]
  0x0000026af43fdff0 JavaThread "Notification Thread"        daemon [_thread_blocked, id=17984, stack(0x000000a01bf00000,0x000000a01c000000) (1024K)]
  0x0000026af5910330 JavaThread "Daemon health stats"               [_thread_blocked, id=11808, stack(0x000000a01c900000,0x000000a01ca00000) (1024K)]
  0x0000026af6af4c30 JavaThread "Incoming local TCP Connector on port 57424"        [_thread_in_native, id=8320, stack(0x000000a01ca00000,0x000000a01cb00000) (1024K)]
  0x0000026af4a19d80 JavaThread "Daemon periodic checks"            [_thread_blocked, id=7264, stack(0x000000a01cb00000,0x000000a01cc00000) (1024K)]
  0x0000026af6e905d0 JavaThread "Daemon"                            [_thread_blocked, id=22204, stack(0x000000a01cc00000,0x000000a01cd00000) (1024K)]
  0x0000026af6e8f220 JavaThread "Handler for socket connection from /127.0.0.1:57424 to /127.0.0.1:57427"        [_thread_in_native, id=18144, stack(0x000000a01cd00000,0x000000a01ce00000) (1024K)]
  0x0000026af6e90c60 JavaThread "Cancel handler"                    [_thread_blocked, id=12140, stack(0x000000a01ce00000,0x000000a01cf00000) (1024K)]
  0x0000026af6e8f8b0 JavaThread "Daemon worker"                     [_thread_blocked, id=23504, stack(0x000000a01cf00000,0x000000a01d000000) (1024K)]
  0x0000026af6e912f0 JavaThread "Asynchronous log dispatcher for DefaultDaemonConnection: socket connection from /127.0.0.1:57424 to /127.0.0.1:57427"        [_thread_blocked, id=19016, stack(0x000000a01d000000,0x000000a01d100000) (1024K)]
  0x0000026af6e91980 JavaThread "Stdin handler"                     [_thread_blocked, id=22404, stack(0x000000a01d100000,0x000000a01d200000) (1024K)]
  0x0000026af6e92010 JavaThread "Daemon client event forwarder"        [_thread_blocked, id=4752, stack(0x000000a01d200000,0x000000a01d300000) (1024K)]
  0x0000026af6e926a0 JavaThread "Cache worker for journal cache (C:\Users\ADMIN\.gradle\caches\journal-1)"        [_thread_blocked, id=2908, stack(0x000000a01dc00000,0x000000a01dd00000) (1024K)]
  0x0000026af6de4080 JavaThread "File lock request listener"        [_thread_in_native, id=23928, stack(0x000000a01dd00000,0x000000a01de00000) (1024K)]
  0x0000026af6de5430 JavaThread "Cache worker for file hash cache (C:\Users\ADMIN\.gradle\caches\8.13\fileHashes)"        [_thread_blocked, id=6044, stack(0x000000a01de00000,0x000000a01df00000) (1024K)]
  0x0000026af6de3360 JavaThread "Cache worker for file hash cache (D:\AndroidStudioProjects\DACN_1\FinFit\.gradle\8.13\fileHashes)"        [_thread_blocked, id=2640, stack(0x000000a01df00000,0x000000a01e000000) (1024K)]
  0x0000026af6de5ac0 JavaThread "Cache worker for Build Output Cleanup Cache (D:\AndroidStudioProjects\DACN_1\FinFit\.gradle\buildOutputCleanup)"        [_thread_blocked, id=12864, stack(0x000000a01e000000,0x000000a01e100000) (1024K)]
  0x0000026af6de6150 JavaThread "File watcher server"        daemon [_thread_blocked, id=8636, stack(0x000000a01e100000,0x000000a01e200000) (1024K)]
  0x0000026af6de4da0 JavaThread "File watcher consumer"      daemon [_thread_blocked, id=9312, stack(0x000000a01e200000,0x000000a01e300000) (1024K)]
  0x0000026af6de2cd0 JavaThread "jar transforms"                    [_thread_blocked, id=1308, stack(0x000000a01e300000,0x000000a01e400000) (1024K)]
  0x0000026af6de39f0 JavaThread "jar transforms Thread 2"           [_thread_blocked, id=1840, stack(0x000000a01e400000,0x000000a01e500000) (1024K)]
  0x0000026af9e0b330 JavaThread "Cache worker for checksums cache (D:\AndroidStudioProjects\DACN_1\FinFit\.gradle\8.13\checksums)"        [_thread_blocked, id=2144, stack(0x000000a01e500000,0x000000a01e600000) (1024K)]
  0x0000026af9e0b9c0 JavaThread "Cache worker for file content cache (C:\Users\ADMIN\.gradle\caches\8.13\fileContent)"        [_thread_blocked, id=21900, stack(0x000000a01e600000,0x000000a01e700000) (1024K)]
  0x0000026af9e0cd70 JavaThread "jar transforms Thread 3"           [_thread_blocked, id=10732, stack(0x000000a01e700000,0x000000a01e800000) (1024K)]
  0x0000026af9e0d400 JavaThread "Cache worker for cache directory md-supplier (C:\Users\ADMIN\.gradle\caches\8.13\md-supplier)"        [_thread_blocked, id=5216, stack(0x000000a01e800000,0x000000a01e900000) (1024K)]
  0x0000026af9e09f80 JavaThread "Cache worker for cache directory md-rule (C:\Users\ADMIN\.gradle\caches\8.13\md-rule)"        [_thread_blocked, id=10560, stack(0x000000a01e900000,0x000000a01ea00000) (1024K)]
  0x0000026af9e0a610 JavaThread "Unconstrained build operations"        [_thread_blocked, id=14576, stack(0x000000a01ea00000,0x000000a01eb00000) (1024K)]
  0x0000026af9e0aca0 JavaThread "Unconstrained build operations Thread 2"        [_thread_blocked, id=20864, stack(0x000000a01eb00000,0x000000a01ec00000) (1024K)]
  0x0000026af9e0ee40 JavaThread "Unconstrained build operations Thread 3"        [_thread_blocked, id=17880, stack(0x000000a01ec00000,0x000000a01ed00000) (1024K)]
  0x0000026af9e10f10 JavaThread "Unconstrained build operations Thread 4"        [_thread_blocked, id=2280, stack(0x000000a01ed00000,0x000000a01ee00000) (1024K)]
  0x0000026af9e10880 JavaThread "Unconstrained build operations Thread 5"        [_thread_blocked, id=21904, stack(0x000000a01ee00000,0x000000a01ef00000) (1024K)]
  0x0000026af9e0e120 JavaThread "Unconstrained build operations Thread 6"        [_thread_blocked, id=19536, stack(0x000000a01ef00000,0x000000a01f000000) (1024K)]
  0x0000026af9e0f4d0 JavaThread "Unconstrained build operations Thread 7"        [_thread_blocked, id=17140, stack(0x000000a01f000000,0x000000a01f100000) (1024K)]
  0x0000026af9e101f0 JavaThread "Unconstrained build operations Thread 8"        [_thread_blocked, id=14096, stack(0x000000a01f100000,0x000000a01f200000) (1024K)]
  0x0000026af9e0e7b0 JavaThread "Unconstrained build operations Thread 9"        [_thread_blocked, id=9912, stack(0x000000a01f200000,0x000000a01f300000) (1024K)]
  0x0000026af9e0fb60 JavaThread "Unconstrained build operations Thread 10"        [_thread_blocked, id=24236, stack(0x000000a01f300000,0x000000a01f400000) (1024K)]
  0x0000026af9606960 JavaThread "Unconstrained build operations Thread 11"        [_thread_blocked, id=11424, stack(0x000000a01f400000,0x000000a01f500000) (1024K)]
  0x0000026af9604f20 JavaThread "Unconstrained build operations Thread 12"        [_thread_blocked, id=10456, stack(0x000000a01f500000,0x000000a01f600000) (1024K)]
  0x0000026af96055b0 JavaThread "Unconstrained build operations Thread 13"        [_thread_blocked, id=5720, stack(0x000000a01f600000,0x000000a01f700000) (1024K)]
  0x0000026af9606ff0 JavaThread "Unconstrained build operations Thread 14"        [_thread_blocked, id=11676, stack(0x000000a01f700000,0x000000a01f800000) (1024K)]
  0x0000026af9604200 JavaThread "Unconstrained build operations Thread 15"        [_thread_blocked, id=23020, stack(0x000000a01f800000,0x000000a01f900000) (1024K)]
  0x0000026af9605c40 JavaThread "Unconstrained build operations Thread 16"        [_thread_blocked, id=15824, stack(0x000000a01f900000,0x000000a01fa00000) (1024K)]
  0x0000026af9603b70 JavaThread "Unconstrained build operations Thread 17"        [_thread_blocked, id=3868, stack(0x000000a01fa00000,0x000000a01fb00000) (1024K)]
  0x0000026af9607680 JavaThread "Unconstrained build operations Thread 18"        [_thread_blocked, id=16120, stack(0x000000a01fb00000,0x000000a01fc00000) (1024K)]
  0x0000026af96062d0 JavaThread "Unconstrained build operations Thread 19"        [_thread_blocked, id=18372, stack(0x000000a01fc00000,0x000000a01fd00000) (1024K)]
  0x0000026af9604890 JavaThread "Unconstrained build operations Thread 20"        [_thread_blocked, id=14252, stack(0x000000a01fd00000,0x000000a01fe00000) (1024K)]
  0x0000026af9607d10 JavaThread "jar transforms Thread 4"           [_thread_blocked, id=17324, stack(0x000000a01fe00000,0x000000a01ff00000) (1024K)]
  0x0000026af9608a30 JavaThread "jar transforms Thread 5"           [_thread_blocked, id=2672, stack(0x000000a01ff00000,0x000000a020000000) (1024K)]
  0x0000026af96083a0 JavaThread "Unconstrained build operations Thread 21"        [_thread_blocked, id=15964, stack(0x000000a020000000,0x000000a020100000) (1024K)]
  0x0000026af960b190 JavaThread "Unconstrained build operations Thread 22"        [_thread_blocked, id=19300, stack(0x000000a020100000,0x000000a020200000) (1024K)]
  0x0000026af96090c0 JavaThread "Unconstrained build operations Thread 23"        [_thread_blocked, id=12144, stack(0x000000a020200000,0x000000a020300000) (1024K)]
  0x0000026af9609750 JavaThread "Unconstrained build operations Thread 24"        [_thread_blocked, id=21056, stack(0x000000a020300000,0x000000a020400000) (1024K)]
  0x0000026af9609de0 JavaThread "Unconstrained build operations Thread 25"        [_thread_blocked, id=20732, stack(0x000000a020400000,0x000000a020500000) (1024K)]
  0x0000026af960ab00 JavaThread "Unconstrained build operations Thread 26"        [_thread_blocked, id=2148, stack(0x000000a020500000,0x000000a020600000) (1024K)]
  0x0000026af994ef00 JavaThread "Unconstrained build operations Thread 27"        [_thread_blocked, id=13336, stack(0x000000a020600000,0x000000a020700000) (1024K)]
  0x0000026af994db50 JavaThread "Unconstrained build operations Thread 28"        [_thread_blocked, id=3264, stack(0x000000a020700000,0x000000a020800000) (1024K)]
  0x0000026af994e870 JavaThread "Unconstrained build operations Thread 29"        [_thread_blocked, id=16172, stack(0x000000a020800000,0x000000a020900000) (1024K)]
  0x0000026af994fc20 JavaThread "Unconstrained build operations Thread 30"        [_thread_blocked, id=19760, stack(0x000000a020900000,0x000000a020a00000) (1024K)]
  0x0000026af994e1e0 JavaThread "jar transforms Thread 6"           [_thread_blocked, id=20060, stack(0x000000a020a00000,0x000000a020b00000) (1024K)]
  0x0000026af994f590 JavaThread "jar transforms Thread 7"           [_thread_blocked, id=19660, stack(0x000000a020b00000,0x000000a020c00000) (1024K)]
  0x0000026af994c7a0 JavaThread "jar transforms Thread 8"           [_thread_blocked, id=18168, stack(0x000000a020c00000,0x000000a020d00000) (1024K)]
  0x0000026af9951cf0 JavaThread "Unconstrained build operations Thread 31"        [_thread_blocked, id=21984, stack(0x000000a01c800000,0x000000a01c900000) (1024K)]
  0x0000026af9950fd0 JavaThread "Unconstrained build operations Thread 32"        [_thread_blocked, id=21804, stack(0x000000a020d00000,0x000000a020e00000) (1024K)]
  0x0000026af9952a10 JavaThread "Unconstrained build operations Thread 33"        [_thread_blocked, id=20280, stack(0x000000a020e00000,0x000000a020f00000) (1024K)]
  0x0000026af9953730 JavaThread "Unconstrained build operations Thread 34"        [_thread_blocked, id=21560, stack(0x000000a020f00000,0x000000a021000000) (1024K)]
  0x0000026af9953dc0 JavaThread "Unconstrained build operations Thread 35"        [_thread_blocked, id=16104, stack(0x000000a021000000,0x000000a021100000) (1024K)]
  0x0000026af9951660 JavaThread "Unconstrained build operations Thread 36"        [_thread_blocked, id=9520, stack(0x000000a021100000,0x000000a021200000) (1024K)]
  0x0000026af9950940 JavaThread "Unconstrained build operations Thread 37"        [_thread_blocked, id=13508, stack(0x000000a021200000,0x000000a021300000) (1024K)]
  0x0000026afc78a750 JavaThread "Unconstrained build operations Thread 38"        [_thread_blocked, id=22724, stack(0x000000a021300000,0x000000a021400000) (1024K)]
  0x0000026afc78a0c0 JavaThread "Unconstrained build operations Thread 39"        [_thread_blocked, id=11868, stack(0x000000a021400000,0x000000a021500000) (1024K)]
  0x0000026afc78d540 JavaThread "Unconstrained build operations Thread 40"        [_thread_blocked, id=20168, stack(0x000000a021500000,0x000000a021600000) (1024K)]
  0x0000026afc78ade0 JavaThread "Unconstrained build operations Thread 41"        [_thread_blocked, id=12900, stack(0x000000a021600000,0x000000a021700000) (1024K)]
  0x0000026afc78b470 JavaThread "Unconstrained build operations Thread 42"        [_thread_blocked, id=21224, stack(0x000000a021700000,0x000000a021800000) (1024K)]
  0x0000026afc78bb00 JavaThread "Unconstrained build operations Thread 43"        [_thread_blocked, id=11620, stack(0x000000a021800000,0x000000a021900000) (1024K)]
  0x0000026afc78c190 JavaThread "Unconstrained build operations Thread 44"        [_thread_blocked, id=13412, stack(0x000000a021900000,0x000000a021a00000) (1024K)]
  0x0000026afc78c820 JavaThread "Unconstrained build operations Thread 45"        [_thread_blocked, id=22044, stack(0x000000a021a00000,0x000000a021b00000) (1024K)]
  0x0000026afc78ceb0 JavaThread "Unconstrained build operations Thread 46"        [_thread_blocked, id=7228, stack(0x000000a021b00000,0x000000a021c00000) (1024K)]
  0x0000026af9c58620 JavaThread "Unconstrained build operations Thread 47"        [_thread_blocked, id=7572, stack(0x000000a021c00000,0x000000a021d00000) (1024K)]
  0x0000026af9c57900 JavaThread "Unconstrained build operations Thread 48"        [_thread_blocked, id=20032, stack(0x000000a021d00000,0x000000a021e00000) (1024K)]
  0x0000026af9c57f90 JavaThread "Unconstrained build operations Thread 49"        [_thread_blocked, id=22336, stack(0x000000a021e00000,0x000000a021f00000) (1024K)]
  0x0000026af9c551a0 JavaThread "Unconstrained build operations Thread 50"        [_thread_blocked, id=10892, stack(0x000000a021f00000,0x000000a022000000) (1024K)]
  0x0000026af9c58cb0 JavaThread "Unconstrained build operations Thread 51"        [_thread_blocked, id=8772, stack(0x000000a022000000,0x000000a022100000) (1024K)]
  0x0000026af9c55830 JavaThread "Unconstrained build operations Thread 52"        [_thread_blocked, id=11844, stack(0x000000a022100000,0x000000a022200000) (1024K)]
  0x0000026af9c59340 JavaThread "Unconstrained build operations Thread 53"        [_thread_blocked, id=15648, stack(0x000000a022200000,0x000000a022300000) (1024K)]
  0x0000026af9c55ec0 JavaThread "Unconstrained build operations Thread 54"        [_thread_blocked, id=12068, stack(0x000000a022300000,0x000000a022400000) (1024K)]
  0x0000026af9c599d0 JavaThread "Unconstrained build operations Thread 55"        [_thread_blocked, id=20788, stack(0x000000a022400000,0x000000a022500000) (1024K)]
  0x0000026af9c56550 JavaThread "Unconstrained build operations Thread 56"        [_thread_blocked, id=3388, stack(0x000000a022500000,0x000000a022600000) (1024K)]
  0x0000026af9c56be0 JavaThread "Unconstrained build operations Thread 57"        [_thread_blocked, id=22408, stack(0x000000a022600000,0x000000a022700000) (1024K)]
  0x0000026af9c5a060 JavaThread "Unconstrained build operations Thread 58"        [_thread_blocked, id=9040, stack(0x000000a022700000,0x000000a022800000) (1024K)]
  0x0000026af9c5a6f0 JavaThread "Unconstrained build operations Thread 59"        [_thread_blocked, id=13484, stack(0x000000a022800000,0x000000a022900000) (1024K)]
  0x0000026af9c57270 JavaThread "Unconstrained build operations Thread 60"        [_thread_blocked, id=11120, stack(0x000000a022900000,0x000000a022a00000) (1024K)]
  0x0000026af9c5b410 JavaThread "Unconstrained build operations Thread 61"        [_thread_blocked, id=18484, stack(0x000000a022a00000,0x000000a022b00000) (1024K)]
  0x0000026af9c5ad80 JavaThread "Unconstrained build operations Thread 62"        [_thread_blocked, id=12476, stack(0x000000a022b00000,0x000000a022c00000) (1024K)]
  0x0000026af9c5baa0 JavaThread "Unconstrained build operations Thread 63"        [_thread_blocked, id=12000, stack(0x000000a022c00000,0x000000a022d00000) (1024K)]
  0x0000026af9c5c130 JavaThread "Unconstrained build operations Thread 64"        [_thread_blocked, id=9008, stack(0x000000a022d00000,0x000000a022e00000) (1024K)]
  0x0000026af9c5c7c0 JavaThread "Unconstrained build operations Thread 65"        [_thread_blocked, id=1644, stack(0x000000a022e00000,0x000000a022f00000) (1024K)]
  0x0000026af9caa050 JavaThread "Unconstrained build operations Thread 66"        [_thread_blocked, id=5288, stack(0x000000a022f00000,0x000000a023000000) (1024K)]
  0x0000026af9caad70 JavaThread "Unconstrained build operations Thread 67"        [_thread_blocked, id=9760, stack(0x000000a023000000,0x000000a023100000) (1024K)]
  0x0000026af9caa6e0 JavaThread "Unconstrained build operations Thread 68"        [_thread_blocked, id=22496, stack(0x000000a023100000,0x000000a023200000) (1024K)]
  0x0000026af9ca99c0 JavaThread "Unconstrained build operations Thread 69"        [_thread_blocked, id=14668, stack(0x000000a023200000,0x000000a023300000) (1024K)]
  0x0000026af9ca9330 JavaThread "Unconstrained build operations Thread 70"        [_thread_blocked, id=22860, stack(0x000000a023300000,0x000000a023400000) (1024K)]
  0x0000026af9cab400 JavaThread "Unconstrained build operations Thread 71"        [_thread_blocked, id=23564, stack(0x000000a023400000,0x000000a023500000) (1024K)]
  0x0000026af9caba90 JavaThread "Unconstrained build operations Thread 72"        [_thread_blocked, id=22808, stack(0x000000a023500000,0x000000a023600000) (1024K)]
  0x0000026af9cac120 JavaThread "Unconstrained build operations Thread 73"        [_thread_blocked, id=24340, stack(0x000000a023600000,0x000000a023700000) (1024K)]
  0x0000026af9ca8ca0 JavaThread "Unconstrained build operations Thread 74"        [_thread_blocked, id=11908, stack(0x000000a023700000,0x000000a023800000) (1024K)]
  0x0000026af9cae1f0 JavaThread "Unconstrained build operations Thread 75"        [_thread_blocked, id=10588, stack(0x000000a023800000,0x000000a023900000) (1024K)]
  0x0000026af9cae880 JavaThread "jar transforms Thread 9"           [_thread_blocked, id=17416, stack(0x000000a023a00000,0x000000a023b00000) (1024K)]
  0x0000026af9cace40 JavaThread "build event listener"              [_thread_blocked, id=15148, stack(0x000000a023900000,0x000000a023a00000) (1024K)]
  0x0000026af9cad4d0 JavaThread "Memory manager"                    [_thread_blocked, id=8236, stack(0x000000a023b00000,0x000000a023c00000) (1024K)]
  0x0000026af9a194f0 JavaThread "build event listener"              [_thread_blocked, id=23016, stack(0x000000a023c00000,0x000000a023d00000) (1024K)]
  0x0000026af7573770 JavaThread "jar transforms Thread 10"          [_thread_blocked, id=7564, stack(0x000000a01c100000,0x000000a01c200000) (1024K)]
  0x0000026af7574490 JavaThread "Problems report writer"            [_thread_blocked, id=15388, stack(0x000000a01c700000,0x000000a01c800000) (1024K)]
  0x0000026af7575ed0 JavaThread "pool-3-thread-1"                   [_thread_blocked, id=21268, stack(0x000000a023f00000,0x000000a024000000) (1024K)]
  0x0000026af7577910 JavaThread "build event listener"              [_thread_blocked, id=15160, stack(0x000000a024000000,0x000000a024100000) (1024K)]
  0x0000026af7578630 JavaThread "included builds"                   [_thread_blocked, id=24440, stack(0x000000a024100000,0x000000a024200000) (1024K)]
  0x0000026afc211010 JavaThread "Execution worker"                  [_thread_blocked, id=15380, stack(0x000000a024200000,0x000000a024300000) (1024K)]
  0x0000026afc210980 JavaThread "Execution worker Thread 2"         [_thread_blocked, id=2668, stack(0x000000a024300000,0x000000a024400000) (1024K)]
  0x0000026afc2102f0 JavaThread "Execution worker Thread 3"         [_thread_blocked, id=18440, stack(0x000000a024400000,0x000000a024500000) (1024K)]
  0x0000026afc213e00 JavaThread "Execution worker Thread 4"         [_thread_blocked, id=16972, stack(0x000000a024500000,0x000000a024600000) (1024K)]
  0x0000026afc215ed0 JavaThread "Execution worker Thread 5"         [_thread_blocked, id=13340, stack(0x000000a024600000,0x000000a024700000) (1024K)]
  0x0000026afc215840 JavaThread "Execution worker Thread 6"         [_thread_blocked, id=10236, stack(0x000000a024700000,0x000000a024800000) (1024K)]
  0x0000026afc216bf0 JavaThread "Execution worker Thread 7"         [_thread_blocked, id=19388, stack(0x000000a024800000,0x000000a024900000) (1024K)]
  0x0000026afc217910 JavaThread "Execution worker Thread 8"         [_thread_blocked, id=23160, stack(0x000000a024900000,0x000000a024a00000) (1024K)]
  0x0000026afc216560 JavaThread "Execution worker Thread 9"         [_thread_blocked, id=18260, stack(0x000000a024a00000,0x000000a024b00000) (1024K)]
  0x0000026afc214490 JavaThread "Execution worker Thread 10"        [_thread_blocked, id=20580, stack(0x000000a024b00000,0x000000a024c00000) (1024K)]
  0x0000026af9a18e60 JavaThread "Execution worker Thread 11"        [_thread_blocked, id=1996, stack(0x000000a024c00000,0x000000a024d00000) (1024K)]
  0x0000026af9a19b80 JavaThread "Execution worker Thread 12"        [_thread_blocked, id=22832, stack(0x000000a024d00000,0x000000a024e00000) (1024K)]
  0x0000026af9cafc30 JavaThread "Execution worker Thread 13"        [_thread_blocked, id=18628, stack(0x000000a024e00000,0x000000a024f00000) (1024K)]
  0x0000026af9cac7b0 JavaThread "Execution worker Thread 14"        [_thread_blocked, id=1372, stack(0x000000a024f00000,0x000000a025000000) (1024K)]
  0x0000026af9952380 JavaThread "Execution worker Thread 15"        [_thread_blocked, id=14560, stack(0x000000a025000000,0x000000a025100000) (1024K)]
  0x0000026afca2a2f0 JavaThread "Cache worker for execution history cache (D:\AndroidStudioProjects\DACN_1\FinFit\.gradle\8.13\executionHistory)"        [_thread_blocked, id=20244, stack(0x000000a025100000,0x000000a025200000) (1024K)]
  0x0000026afca2a980 JavaThread "Unconstrained build operations Thread 76"        [_thread_blocked, id=10628, stack(0x000000a025200000,0x000000a025300000) (1024K)]
  0x0000026afca2b6a0 JavaThread "Unconstrained build operations Thread 77"        [_thread_blocked, id=15336, stack(0x000000a025300000,0x000000a025400000) (1024K)]
  0x0000026afca29c60 JavaThread "Unconstrained build operations Thread 78"        [_thread_blocked, id=9344, stack(0x000000a025400000,0x000000a025500000) (1024K)]
  0x0000026afca2bd30 JavaThread "Unconstrained build operations Thread 79"        [_thread_blocked, id=18032, stack(0x000000a025500000,0x000000a025600000) (1024K)]
  0x0000026afca28f40 JavaThread "Unconstrained build operations Thread 80"        [_thread_blocked, id=8116, stack(0x000000a025600000,0x000000a025700000) (1024K)]
  0x0000026afca288b0 JavaThread "Unconstrained build operations Thread 81"        [_thread_blocked, id=20400, stack(0x000000a025700000,0x000000a025800000) (1024K)]
  0x0000026afca2c3c0 JavaThread "Unconstrained build operations Thread 82"        [_thread_blocked, id=4744, stack(0x000000a025800000,0x000000a025900000) (1024K)]
  0x0000026afca2ca50 JavaThread "Unconstrained build operations Thread 83"        [_thread_blocked, id=9140, stack(0x000000a025900000,0x000000a025a00000) (1024K)]
  0x0000026afca295d0 JavaThread "Unconstrained build operations Thread 84"        [_thread_blocked, id=13436, stack(0x000000a025a00000,0x000000a025b00000) (1024K)]
  0x0000026afca2eb20 JavaThread "Unconstrained build operations Thread 85"        [_thread_blocked, id=22368, stack(0x000000a025b00000,0x000000a025c00000) (1024K)]
  0x0000026afca2f1b0 JavaThread "Unconstrained build operations Thread 86"        [_thread_blocked, id=2556, stack(0x000000a025c00000,0x000000a025d00000) (1024K)]
  0x0000026afca30560 JavaThread "Unconstrained build operations Thread 87"        [_thread_blocked, id=21856, stack(0x000000a025d00000,0x000000a025e00000) (1024K)]
  0x0000026afca2d0e0 JavaThread "Unconstrained build operations Thread 88"        [_thread_blocked, id=1980, stack(0x000000a025e00000,0x000000a025f00000) (1024K)]
  0x0000026afca2e490 JavaThread "Unconstrained build operations Thread 89"        [_thread_blocked, id=15676, stack(0x000000a025f00000,0x000000a026000000) (1024K)]
  0x0000026afca2d770 JavaThread "Unconstrained build operations Thread 90"        [_thread_blocked, id=18928, stack(0x000000a026000000,0x000000a026100000) (1024K)]
  0x0000026afca36140 JavaThread "Unconstrained build operations Thread 91"        [_thread_blocked, id=8008, stack(0x000000a026100000,0x000000a026200000) (1024K)]
  0x0000026afca374f0 JavaThread "Unconstrained build operations Thread 92"        [_thread_blocked, id=6588, stack(0x000000a026200000,0x000000a026300000) (1024K)]
  0x0000026afc214b20 JavaThread "Unconstrained build operations Thread 93"        [_thread_blocked, id=15232, stack(0x000000a026300000,0x000000a026400000) (1024K)]
  0x0000026afc2151b0 JavaThread "Unconstrained build operations Thread 94"        [_thread_blocked, id=4004, stack(0x000000a026400000,0x000000a026500000) (1024K)]
  0x0000026afd203070 JavaThread "Unconstrained build operations Thread 95"        [_thread_blocked, id=22448, stack(0x000000a026500000,0x000000a026600000) (1024K)]
  0x0000026afd205140 JavaThread "Unconstrained build operations Thread 96"        [_thread_blocked, id=11528, stack(0x000000a026600000,0x000000a026700000) (1024K)]
  0x0000026afd2057d0 JavaThread "Unconstrained build operations Thread 97"        [_thread_blocked, id=16556, stack(0x000000a026700000,0x000000a026800000) (1024K)]
  0x0000026afd203700 JavaThread "Unconstrained build operations Thread 98"        [_thread_blocked, id=6612, stack(0x000000a026800000,0x000000a026900000) (1024K)]
  0x0000026afd203d90 JavaThread "Unconstrained build operations Thread 99"        [_thread_blocked, id=17480, stack(0x000000a026900000,0x000000a026a00000) (1024K)]
  0x0000026afd2029e0 JavaThread "Unconstrained build operations Thread 100"        [_thread_blocked, id=14972, stack(0x000000a026a00000,0x000000a026b00000) (1024K)]
  0x0000026afd204420 JavaThread "Unconstrained build operations Thread 101"        [_thread_blocked, id=15236, stack(0x000000a026b00000,0x000000a026c00000) (1024K)]
  0x0000026afd204ab0 JavaThread "Unconstrained build operations Thread 102"        [_thread_blocked, id=21320, stack(0x000000a026c00000,0x000000a026d00000) (1024K)]
  0x0000026afd202350 JavaThread "Unconstrained build operations Thread 103"        [_thread_blocked, id=18748, stack(0x000000a026d00000,0x000000a026e00000) (1024K)]
  0x0000026afd2092e0 JavaThread "Unconstrained build operations Thread 104"        [_thread_blocked, id=23424, stack(0x000000a026e00000,0x000000a026f00000) (1024K)]
  0x0000026afd2064f0 JavaThread "Unconstrained build operations Thread 105"        [_thread_blocked, id=21924, stack(0x000000a026f00000,0x000000a027000000) (1024K)]
  0x0000026afd207f30 JavaThread "Unconstrained build operations Thread 106"        [_thread_blocked, id=23360, stack(0x000000a027000000,0x000000a027100000) (1024K)]
  0x0000026afd2078a0 JavaThread "Unconstrained build operations Thread 107"        [_thread_blocked, id=20176, stack(0x000000a027100000,0x000000a027200000) (1024K)]
  0x0000026afd207210 JavaThread "Unconstrained build operations Thread 108"        [_thread_blocked, id=1180, stack(0x000000a027200000,0x000000a027300000) (1024K)]
  0x0000026afd2085c0 JavaThread "Unconstrained build operations Thread 109"        [_thread_blocked, id=19588, stack(0x000000a027300000,0x000000a027400000) (1024K)]
  0x0000026afd205e60 JavaThread "Unconstrained build operations Thread 110"        [_thread_blocked, id=6232, stack(0x000000a027400000,0x000000a027500000) (1024K)]
  0x0000026afd209970 JavaThread "Unconstrained build operations Thread 111"        [_thread_blocked, id=9968, stack(0x000000a027500000,0x000000a027600000) (1024K)]
  0x0000026afd206b80 JavaThread "Unconstrained build operations Thread 112"        [_thread_blocked, id=15968, stack(0x000000a027600000,0x000000a027700000) (1024K)]
  0x0000026afca2fed0 JavaThread "Unconstrained build operations Thread 113"        [_thread_blocked, id=3800, stack(0x000000a027700000,0x000000a027800000) (1024K)]
  0x0000026afca31280 JavaThread "Unconstrained build operations Thread 114"        [_thread_blocked, id=13732, stack(0x000000a027800000,0x000000a027900000) (1024K)]
  0x0000026afca2de00 JavaThread "Unconstrained build operations Thread 115"        [_thread_blocked, id=17716, stack(0x000000a027900000,0x000000a027a00000) (1024K)]
  0x0000026afca32630 JavaThread "Unconstrained build operations Thread 116"        [_thread_blocked, id=16312, stack(0x000000a027a00000,0x000000a027b00000) (1024K)]
  0x0000026afca33350 JavaThread "Unconstrained build operations Thread 117"        [_thread_blocked, id=14408, stack(0x000000a027b00000,0x000000a027c00000) (1024K)]
  0x0000026afca31910 JavaThread "Unconstrained build operations Thread 118"        [_thread_blocked, id=12760, stack(0x000000a027c00000,0x000000a027d00000) (1024K)]
  0x0000026afca34d90 JavaThread "Unconstrained build operations Thread 119"        [_thread_blocked, id=10064, stack(0x000000a027d00000,0x000000a027e00000) (1024K)]
  0x0000026afca34700 JavaThread "Unconstrained build operations Thread 120"        [_thread_blocked, id=21168, stack(0x000000a027e00000,0x000000a027f00000) (1024K)]
  0x0000026afca31fa0 JavaThread "Unconstrained build operations Thread 121"        [_thread_blocked, id=17948, stack(0x000000a028200000,0x000000a028300000) (1024K)]
  0x0000026afca367d0 JavaThread "Unconstrained build operations Thread 122"        [_thread_blocked, id=23724, stack(0x000000a028300000,0x000000a028400000) (1024K)]
  0x0000026afca35420 JavaThread "Unconstrained build operations Thread 123"        [_thread_blocked, id=10596, stack(0x000000a028400000,0x000000a028500000) (1024K)]
  0x0000026afca36e60 JavaThread "Unconstrained build operations Thread 124"        [_thread_blocked, id=23688, stack(0x000000a028500000,0x000000a028600000) (1024K)]
  0x0000026afca35ab0 JavaThread "Unconstrained build operations Thread 125"        [_thread_blocked, id=9820, stack(0x000000a028600000,0x000000a028700000) (1024K)]
  0x0000026afc217280 JavaThread "Unconstrained build operations Thread 126"        [_thread_blocked, id=456, stack(0x000000a028700000,0x000000a028800000) (1024K)]
  0x0000026af61cb000 JavaThread "Unconstrained build operations Thread 127"        [_thread_blocked, id=7324, stack(0x000000a028800000,0x000000a028900000) (1024K)]
  0x0000026af61cb690 JavaThread "Unconstrained build operations Thread 128"        [_thread_blocked, id=20744, stack(0x000000a028900000,0x000000a028a00000) (1024K)]
  0x0000026af61ca970 JavaThread "Unconstrained build operations Thread 129"        [_thread_blocked, id=17404, stack(0x000000a028a00000,0x000000a028b00000) (1024K)]
  0x0000026af61cbd20 JavaThread "Unconstrained build operations Thread 130"        [_thread_blocked, id=19920, stack(0x000000a028b00000,0x000000a028c00000) (1024K)]
  0x0000026af61cd0d0 JavaThread "Unconstrained build operations Thread 131"        [_thread_blocked, id=18064, stack(0x000000a028c00000,0x000000a028d00000) (1024K)]
  0x0000026af61c9c50 JavaThread "Unconstrained build operations Thread 132"        [_thread_blocked, id=3532, stack(0x000000a028d00000,0x000000a028e00000) (1024K)]
  0x0000026af61cca40 JavaThread "Unconstrained build operations Thread 133"        [_thread_blocked, id=2956, stack(0x000000a028e00000,0x000000a028f00000) (1024K)]
  0x0000026af61cc3b0 JavaThread "Unconstrained build operations Thread 134"        [_thread_blocked, id=14756, stack(0x000000a028f00000,0x000000a029000000) (1024K)]
  0x0000026af61d0550 JavaThread "Unconstrained build operations Thread 135"        [_thread_blocked, id=13420, stack(0x000000a029000000,0x000000a029100000) (1024K)]
  0x0000026af61cd760 JavaThread "Unconstrained build operations Thread 136"        [_thread_blocked, id=13704, stack(0x000000a029100000,0x000000a029200000) (1024K)]
  0x0000026af61ca2e0 JavaThread "Unconstrained build operations Thread 137"        [_thread_blocked, id=19524, stack(0x000000a029200000,0x000000a029300000) (1024K)]
  0x0000026af61ceb10 JavaThread "Unconstrained build operations Thread 138"        [_thread_blocked, id=11748, stack(0x000000a029300000,0x000000a029400000) (1024K)]
  0x0000026af61cddf0 JavaThread "Unconstrained build operations Thread 139"        [_thread_blocked, id=10512, stack(0x000000a029400000,0x000000a029500000) (1024K)]
  0x0000026af61ce480 JavaThread "Unconstrained build operations Thread 140"        [_thread_blocked, id=20316, stack(0x000000a029500000,0x000000a029600000) (1024K)]
  0x0000026af61cfec0 JavaThread "Unconstrained build operations Thread 141"        [_thread_blocked, id=18324, stack(0x000000a029600000,0x000000a029700000) (1024K)]
  0x0000026af61d0be0 JavaThread "Unconstrained build operations Thread 142"        [_thread_blocked, id=13204, stack(0x000000a029700000,0x000000a029800000) (1024K)]
  0x0000026af61d1270 JavaThread "Unconstrained build operations Thread 143"        [_thread_blocked, id=9724, stack(0x000000a029800000,0x000000a029900000) (1024K)]
  0x0000026af61d2620 JavaThread "Unconstrained build operations Thread 144"        [_thread_blocked, id=18060, stack(0x000000a029900000,0x000000a029a00000) (1024K)]
  0x0000026af61d1900 JavaThread "Unconstrained build operations Thread 145"        [_thread_blocked, id=17872, stack(0x000000a029a00000,0x000000a029b00000) (1024K)]
  0x0000026af61d1f90 JavaThread "Unconstrained build operations Thread 146"        [_thread_blocked, id=13092, stack(0x000000a029b00000,0x000000a029c00000) (1024K)]
  0x0000026af61cf1a0 JavaThread "Unconstrained build operations Thread 147"        [_thread_blocked, id=3576, stack(0x000000a029c00000,0x000000a029d00000) (1024K)]
  0x0000026af61cf830 JavaThread "Unconstrained build operations Thread 148"        [_thread_blocked, id=3528, stack(0x000000a029d00000,0x000000a029e00000) (1024K)]
  0x0000026af61d2cb0 JavaThread "Unconstrained build operations Thread 149"        [_thread_blocked, id=5300, stack(0x000000a029e00000,0x000000a029f00000) (1024K)]
  0x0000026af61d4060 JavaThread "Unconstrained build operations Thread 150"        [_thread_blocked, id=24428, stack(0x000000a029f00000,0x000000a02a000000) (1024K)]
  0x0000026af61d39d0 JavaThread "Unconstrained build operations Thread 151"        [_thread_blocked, id=4164, stack(0x000000a02a000000,0x000000a02a100000) (1024K)]
  0x0000026af61d6130 JavaThread "WorkerExecutor Queue"              [_thread_blocked, id=13464, stack(0x000000a028100000,0x000000a028200000) (1024K)]
  0x0000026af61d67c0 JavaThread "Unconstrained build operations Thread 152"        [_thread_blocked, id=2356, stack(0x000000a02a100000,0x000000a02a200000) (1024K)]
  0x0000026af61d3340 JavaThread "Unconstrained build operations Thread 153"        [_thread_blocked, id=3692, stack(0x000000a02a200000,0x000000a02a300000) (1024K)]
  0x0000026af61d8200 JavaThread "Unconstrained build operations Thread 154"        [_thread_blocked, id=23960, stack(0x000000a02a300000,0x000000a02a400000) (1024K)]
  0x0000026af61d8890 JavaThread "Unconstrained build operations Thread 155"        [_thread_blocked, id=23736, stack(0x000000a02a400000,0x000000a02a500000) (1024K)]
  0x0000026af61d8f20 JavaThread "Unconstrained build operations Thread 156"        [_thread_blocked, id=17400, stack(0x000000a02a500000,0x000000a02a600000) (1024K)]
  0x0000026af61d74e0 JavaThread "Unconstrained build operations Thread 157"        [_thread_blocked, id=15240, stack(0x000000a02a600000,0x000000a02a700000) (1024K)]
  0x0000026af61d6e50 JavaThread "Unconstrained build operations Thread 158"        [_thread_blocked, id=11204, stack(0x000000a02a700000,0x000000a02a800000) (1024K)]
  0x0000026af61d7b70 JavaThread "Unconstrained build operations Thread 159"        [_thread_blocked, id=9196, stack(0x000000a02aa00000,0x000000a02ab00000) (1024K)]
  0x0000026afca37b80 JavaThread "Unconstrained build operations Thread 160"        [_thread_blocked, id=10848, stack(0x000000a02ab00000,0x000000a02ac00000) (1024K)]
  0x0000026afe937d10 JavaThread "WorkerExecutor Queue Thread 2"        [_thread_blocked, id=2092, stack(0x000000a02ac00000,0x000000a02ad00000) (1024K)]
  0x0000026afe9383a0 JavaThread "pool-4-thread-1"                   [_thread_blocked, id=1420, stack(0x000000a02ad00000,0x000000a02ae00000) (1024K)]
  0x0000026afe938a30 JavaThread "stderr"                            [_thread_in_native, id=21664, stack(0x000000a02ae00000,0x000000a02af00000) (1024K)]
  0x0000026afe9355b0 JavaThread "stdout"                            [_thread_in_native, id=23032, stack(0x000000a02af00000,0x000000a02b000000) (1024K)]
  0x0000026af9f98080 JavaThread "C1 CompilerThread3"         daemon [_thread_blocked, id=2968, stack(0x000000a01be00000,0x000000a01bf00000) (1024K)]
  0x0000026af9f96c10 JavaThread "C2 CompilerThread1"         daemon [_thread_blocked, id=20804, stack(0x000000a01c000000,0x000000a01c100000) (1024K)]
  0x0000026af9f950d0 JavaThread "C2 CompilerThread2"         daemon [_thread_blocked, id=15260, stack(0x000000a023d00000,0x000000a023e00000) (1024K)]
  0x0000026af41a0440 JavaThread "C2 CompilerThread3"         daemon [_thread_blocked, id=18976, stack(0x000000a023e00000,0x000000a023f00000) (1024K)]
  0x0000026afe92f9d0 JavaThread "Cache worker for Java compile cache (C:\Users\ADMIN\.gradle\caches\8.13\javaCompile)"        [_thread_blocked, id=21520, stack(0x000000a028000000,0x000000a028100000) (1024K)]
  0x0000026afe92ecb0 JavaThread "Build operations"                  [_thread_blocked, id=14268, stack(0x000000a02b000000,0x000000a02b100000) (1024K)]
  0x0000026afe932130 JavaThread "Build operations Thread 2"         [_thread_blocked, id=19592, stack(0x000000a02b100000,0x000000a02b200000) (1024K)]
  0x0000026afe930060 JavaThread "Build operations Thread 3"         [_thread_blocked, id=12284, stack(0x000000a02b200000,0x000000a02b300000) (1024K)]
  0x0000026afe9306f0 JavaThread "Build operations Thread 4"         [_thread_blocked, id=20344, stack(0x000000a02b300000,0x000000a02b400000) (1024K)]
  0x0000026afe931aa0 JavaThread "Build operations Thread 5"         [_thread_blocked, id=16144, stack(0x000000a02b400000,0x000000a02b500000) (1024K)]
  0x0000026afe9327c0 JavaThread "Build operations Thread 6"         [_thread_blocked, id=21416, stack(0x000000a02b500000,0x000000a02b600000) (1024K)]
  0x0000026afe92f340 JavaThread "Build operations Thread 7"         [_thread_blocked, id=1720, stack(0x000000a02b600000,0x000000a02b700000) (1024K)]
  0x0000026afe934f20 JavaThread "Build operations Thread 8"         [_thread_blocked, id=14160, stack(0x000000a02b700000,0x000000a02b800000) (1024K)]
  0x0000026afe932e50 JavaThread "Build operations Thread 9"         [_thread_blocked, id=16048, stack(0x000000a02b800000,0x000000a02b900000) (1024K)]
  0x0000026afe9362d0 JavaThread "Build operations Thread 10"        [_thread_blocked, id=15084, stack(0x000000a02b900000,0x000000a02ba00000) (1024K)]
  0x0000026afe9334e0 JavaThread "Build operations Thread 11"        [_thread_blocked, id=22796, stack(0x000000a02ba00000,0x000000a02bb00000) (1024K)]
  0x0000026afe936ff0 JavaThread "Build operations Thread 12"        [_thread_blocked, id=8012, stack(0x000000a02bb00000,0x000000a02bc00000) (1024K)]
  0x0000026afe933b70 JavaThread "Build operations Thread 13"        [_thread_blocked, id=15128, stack(0x000000a02bc00000,0x000000a02bd00000) (1024K)]
  0x0000026afe937680 JavaThread "Build operations Thread 14"        [_thread_blocked, id=14948, stack(0x000000a02bd00000,0x000000a02be00000) (1024K)]
  0x0000026afe934890 JavaThread "Build operations Thread 15"        [_thread_blocked, id=17876, stack(0x000000a02be00000,0x000000a02bf00000) (1024K)]
  0x0000026afd92b180 JavaThread "WorkerExecutor Queue Thread 3"        [_thread_blocked, id=22088, stack(0x000000a02bf00000,0x000000a02c000000) (1024K)]
  0x0000026afd929dd0 JavaThread "WorkerExecutor Queue Thread 4"        [_thread_blocked, id=10112, stack(0x000000a02c000000,0x000000a02c100000) (1024K)]
  0x0000026afd928a20 JavaThread "WorkerExecutor Queue Thread 5"        [_thread_blocked, id=13608, stack(0x000000a02c100000,0x000000a02c200000) (1024K)]
  0x0000026afd92c530 JavaThread "WorkerExecutor Queue Thread 6"        [_thread_blocked, id=6284, stack(0x000000a02c200000,0x000000a02c300000) (1024K)]
  0x0000026afd9290b0 JavaThread "WorkerExecutor Queue Thread 7"        [_thread_blocked, id=3488, stack(0x000000a02c300000,0x000000a02c400000) (1024K)]
  0x0000026afd92cbc0 JavaThread "WorkerExecutor Queue Thread 8"        [_thread_blocked, id=20528, stack(0x000000a02c400000,0x000000a02c500000) (1024K)]
  0x0000026afd929740 JavaThread "WorkerExecutor Queue Thread 9"        [_thread_blocked, id=15392, stack(0x000000a02c500000,0x000000a02c600000) (1024K)]
  0x0000026afd92f9b0 JavaThread "WorkerExecutor Queue Thread 10"        [_thread_blocked, id=13144, stack(0x000000a02c600000,0x000000a02c700000) (1024K)]
  0x0000026afd92d8e0 JavaThread "WorkerExecutor Queue Thread 11"        [_thread_blocked, id=8108, stack(0x000000a02c700000,0x000000a02c800000) (1024K)]
  0x0000026afd930040 JavaThread "WorkerExecutor Queue Thread 12"        [_thread_blocked, id=14344, stack(0x000000a02c800000,0x000000a02c900000) (1024K)]
  0x0000026afd92f320 JavaThread "WorkerExecutor Queue Thread 13"        [_thread_blocked, id=13632, stack(0x000000a02c900000,0x000000a02ca00000) (1024K)]
  0x0000026afd9306d0 JavaThread "WorkerExecutor Queue Thread 14"        [_thread_blocked, id=20604, stack(0x000000a02ca00000,0x000000a02cb00000) (1024K)]
  0x0000026afd92ec90 JavaThread "WorkerExecutor Queue Thread 15"        [_thread_blocked, id=21040, stack(0x000000a02cb00000,0x000000a02cc00000) (1024K)]
  0x0000026afd92d250 JavaThread "WorkerExecutor Queue Thread 16"        [_thread_blocked, id=11384, stack(0x000000a02cc00000,0x000000a02cd00000) (1024K)]
  0x0000026afb331620 JavaThread "C2 CompilerThread4"         daemon [_thread_blocked, id=16840, stack(0x000000a027f00000,0x000000a028000000) (1024K)]
  0x0000026afb32dfa0 JavaThread "C2 CompilerThread5"         daemon [_thread_blocked, id=11492, stack(0x000000a02cd00000,0x000000a02ce00000) (1024K)]
  0x0000026afb331cf0 JavaThread "C2 CompilerThread6"         daemon [_thread_blocked, id=16616, stack(0x000000a02ce00000,0x000000a02cf00000) (1024K)]
  0x0000026afb32e670 JavaThread "C2 CompilerThread7"         daemon [_thread_blocked, id=21388, stack(0x000000a02cf00000,0x000000a02d000000) (1024K)]
Total: 270

Other Threads:
=>0x0000026aef1b5270 VMThread "VM Thread"                           [id=1756, stack(0x000000a01b200000,0x000000a01b300000) (1024K)]
  0x0000026aef19eb70 WatcherThread "VM Periodic Task Thread"        [id=22380, stack(0x000000a01b100000,0x000000a01b200000) (1024K)]
  0x0000026ad5447c20 WorkerThread "GC Thread#0"                     [id=13660, stack(0x000000a01ac00000,0x000000a01ad00000) (1024K)]
  0x0000026aef1b60f0 WorkerThread "GC Thread#1"                     [id=9984, stack(0x000000a01c200000,0x000000a01c300000) (1024K)]
  0x0000026aef1b4ed0 WorkerThread "GC Thread#2"                     [id=21048, stack(0x000000a01c300000,0x000000a01c400000) (1024K)]
  0x0000026aef1b5d50 WorkerThread "GC Thread#3"                     [id=13652, stack(0x000000a01c400000,0x000000a01c500000) (1024K)]
  0x0000026aef1b59b0 WorkerThread "GC Thread#4"                     [id=3864, stack(0x000000a01c500000,0x000000a01c600000) (1024K)]
  0x0000026aef1b5610 WorkerThread "GC Thread#5"                     [id=10416, stack(0x000000a01c600000,0x000000a01c700000) (1024K)]
  0x0000026af6d1fe80 WorkerThread "GC Thread#6"                     [id=12880, stack(0x000000a01d300000,0x000000a01d400000) (1024K)]
  0x0000026af6d205c0 WorkerThread "GC Thread#7"                     [id=16984, stack(0x000000a01d400000,0x000000a01d500000) (1024K)]
  0x0000026af6d23140 WorkerThread "GC Thread#8"                     [id=15952, stack(0x000000a01d500000,0x000000a01d600000) (1024K)]
  0x0000026af6d23880 WorkerThread "GC Thread#9"                     [id=9300, stack(0x000000a01d600000,0x000000a01d700000) (1024K)]
  0x0000026af6d22da0 WorkerThread "GC Thread#10"                    [id=15872, stack(0x000000a01d700000,0x000000a01d800000) (1024K)]
  0x0000026af6d217e0 WorkerThread "GC Thread#11"                    [id=22560, stack(0x000000a01d800000,0x000000a01d900000) (1024K)]
  0x0000026af6d234e0 WorkerThread "GC Thread#12"                    [id=4088, stack(0x000000a01d900000,0x000000a01da00000) (1024K)]
  0x0000026ad5458b10 ConcurrentGCThread "G1 Main Marker"            [id=11824, stack(0x000000a01ad00000,0x000000a01ae00000) (1024K)]
  0x0000026ad5459680 WorkerThread "G1 Conc#0"                       [id=11640, stack(0x000000a01ae00000,0x000000a01af00000) (1024K)]
  0x0000026af6d20d00 WorkerThread "G1 Conc#1"                       [id=16664, stack(0x000000a01da00000,0x000000a01db00000) (1024K)]
  0x0000026af6d20960 WorkerThread "G1 Conc#2"                       [id=17500, stack(0x000000a01db00000,0x000000a01dc00000) (1024K)]
  0x0000026aef070fa0 ConcurrentGCThread "G1 Refine#0"               [id=17344, stack(0x000000a01af00000,0x000000a01b000000) (1024K)]
  0x0000026aef0753f0 ConcurrentGCThread "G1 Service"                [id=22140, stack(0x000000a01b000000,0x000000a01b100000) (1024K)]
Total: 21

Threads with active compile tasks:
C2 CompilerThread0  18337 25093       4       com.android.tools.r8.ir.optimize.f0::a (724 bytes)
C2 CompilerThread1  18337 25094       4       com.android.tools.r8.internal.nv2::a (500 bytes)
C2 CompilerThread2  18337 23990 %     4       com.android.tools.r8.internal.l32::a @ 1747 (2024 bytes)
C2 CompilerThread3  18337 24967       4       com.android.tools.r8.internal.ce0::a (1134 bytes)
C2 CompilerThread4  18337 25082       4       com.android.tools.r8.graph.u2::a (439 bytes)
C2 CompilerThread5  18337 25080       4       com.android.tools.r8.ir.optimize.a1::a (278 bytes)
C2 CompilerThread6  18337 24851       4       com.android.tools.r8.internal.l32::a (3042 bytes)
C2 CompilerThread7  18337 24208       4       com.android.tools.r8.internal.l32::c (1731 bytes)
Total: 8

VM state: at safepoint (normal execution)

VM Mutex/Monitor currently owned by a thread:  ([mutex/lock_event])
[0x00007ff8afb68690] Threads_lock - owner thread: 0x0000026aef1b5270
[0x00007ff8afb68790] Heap_lock - owner thread: 0x0000026af61d6130

Heap address: 0x0000000700000000, size: 4096 MB, Compressed Oops mode: Zero based, Oop shift amount: 3

CDS archive(s) not mapped
Compressed class space mapped at: 0x0000000800000000-0x0000000834000000, reserved size: 872415232
Narrow klass base: 0x0000000800000000, Narrow klass shift: 0, Narrow klass range: 0x34000000

GC Precious Log:
 CardTable entry size: 512
 Card Set container configuration: InlinePtr #cards 4 size 8 Array Of Cards #cards 16 size 48 Howl #buckets 8 coarsen threshold 3686 Howl Bitmap #cards 512 size 80 coarsen threshold 460 Card regions per heap region 1 cards per card region 4096
 CPUs: 16 total, 16 available
 Memory: 16008M
 Large Page Support: Disabled
 NUMA Support: Disabled
 Compressed Oops: Enabled (Zero based)
 Heap Region Size: 2M
 Heap Min Capacity: 8M
 Heap Initial Capacity: 252M
 Heap Max Capacity: 4G
 Pre-touch: Disabled
 Parallel Workers: 13
 Concurrent Workers: 3
 Concurrent Refinement Workers: 13
 Periodic GC: Disabled

Heap:
 garbage-first heap   total 391168K, used 228240K [0x0000000700000000, 0x0000000800000000)
  region size 2048K, 4 young (8192K), 4 survivors (8192K)
 Metaspace       used 165280K, committed 167744K, reserved 1048576K
  class space    used 23509K, committed 24704K, reserved 851968K

Heap Regions: E=young(eden), S=young(survivor), O=old, HS=humongous(starts), HC=humongous(continues), CS=collection set, F=free, TAMS=top-at-mark-start, PB=parsable bottom
|   0|0x0000000700000000, 0x0000000700200000, 0x0000000700200000|100%|HS|  |TAMS 0x0000000700200000| PB 0x0000000700000000| Complete 
|   1|0x0000000700200000, 0x0000000700400000, 0x0000000700400000|100%|HC|  |TAMS 0x0000000700400000| PB 0x0000000700200000| Complete 
|   2|0x0000000700400000, 0x0000000700600000, 0x0000000700600000|100%| O|  |TAMS 0x0000000700600000| PB 0x0000000700400000| Untracked 
|   3|0x0000000700600000, 0x0000000700800000, 0x0000000700800000|100%| O|  |TAMS 0x0000000700800000| PB 0x0000000700600000| Untracked 
|   4|0x0000000700800000, 0x0000000700a00000, 0x0000000700a00000|100%| O|  |TAMS 0x0000000700a00000| PB 0x0000000700800000| Untracked 
|   5|0x0000000700a00000, 0x0000000700c00000, 0x0000000700c00000|100%| O|  |TAMS 0x0000000700c00000| PB 0x0000000700a00000| Untracked 
|   6|0x0000000700c00000, 0x0000000700e00000, 0x0000000700e00000|100%| O|  |TAMS 0x0000000700e00000| PB 0x0000000700c00000| Untracked 
|   7|0x0000000700e00000, 0x0000000701000000, 0x0000000701000000|100%| O|  |TAMS 0x0000000701000000| PB 0x0000000700e00000| Untracked 
|   8|0x0000000701000000, 0x0000000701200000, 0x0000000701200000|100%| O|  |TAMS 0x0000000701200000| PB 0x0000000701000000| Untracked 
|   9|0x0000000701200000, 0x0000000701400000, 0x0000000701400000|100%|HS|  |TAMS 0x0000000701400000| PB 0x0000000701200000| Complete 
|  10|0x0000000701400000, 0x0000000701600000, 0x0000000701600000|100%| O|  |TAMS 0x0000000701600000| PB 0x0000000701400000| Untracked 
|  11|0x0000000701600000, 0x0000000701800000, 0x0000000701800000|100%| O|  |TAMS 0x0000000701800000| PB 0x0000000701600000| Untracked 
|  12|0x0000000701800000, 0x0000000701a00000, 0x0000000701a00000|100%| O|  |TAMS 0x0000000701a00000| PB 0x0000000701800000| Untracked 
|  13|0x0000000701a00000, 0x0000000701c00000, 0x0000000701c00000|100%| O|  |TAMS 0x0000000701c00000| PB 0x0000000701a00000| Untracked 
|  14|0x0000000701c00000, 0x0000000701e00000, 0x0000000701e00000|100%| O|  |TAMS 0x0000000701e00000| PB 0x0000000701c00000| Untracked 
|  15|0x0000000701e00000, 0x0000000702000000, 0x0000000702000000|100%| O|  |TAMS 0x0000000702000000| PB 0x0000000701e00000| Untracked 
|  16|0x0000000702000000, 0x0000000702200000, 0x0000000702200000|100%| O|  |TAMS 0x0000000702200000| PB 0x0000000702000000| Untracked 
|  17|0x0000000702200000, 0x0000000702400000, 0x0000000702400000|100%| O|  |TAMS 0x0000000702400000| PB 0x0000000702200000| Untracked 
|  18|0x0000000702400000, 0x0000000702600000, 0x0000000702600000|100%| O|  |TAMS 0x0000000702600000| PB 0x0000000702400000| Untracked 
|  19|0x0000000702600000, 0x0000000702800000, 0x0000000702800000|100%| O|  |TAMS 0x0000000702800000| PB 0x0000000702600000| Untracked 
|  20|0x0000000702800000, 0x0000000702a00000, 0x0000000702a00000|100%|HS|  |TAMS 0x0000000702a00000| PB 0x0000000702800000| Complete 
|  21|0x0000000702a00000, 0x0000000702c00000, 0x0000000702c00000|100%|HS|  |TAMS 0x0000000702c00000| PB 0x0000000702a00000| Complete 
|  22|0x0000000702c00000, 0x0000000702e00000, 0x0000000702e00000|100%| O|  |TAMS 0x0000000702e00000| PB 0x0000000702c00000| Untracked 
|  23|0x0000000702e00000, 0x0000000703000000, 0x0000000703000000|100%| O|  |TAMS 0x0000000703000000| PB 0x0000000702e00000| Untracked 
|  24|0x0000000703000000, 0x0000000703200000, 0x0000000703200000|100%|HS|  |TAMS 0x0000000703200000| PB 0x0000000703000000| Complete 
|  25|0x0000000703200000, 0x0000000703400000, 0x0000000703400000|100%|HC|  |TAMS 0x0000000703400000| PB 0x0000000703200000| Complete 
|  26|0x0000000703400000, 0x0000000703600000, 0x0000000703600000|100%| O|  |TAMS 0x0000000703600000| PB 0x0000000703400000| Untracked 
|  27|0x0000000703600000, 0x0000000703800000, 0x0000000703800000|100%| O|  |TAMS 0x0000000703800000| PB 0x0000000703600000| Untracked 
|  28|0x0000000703800000, 0x0000000703a00000, 0x0000000703a00000|100%| O|  |TAMS 0x0000000703a00000| PB 0x0000000703800000| Untracked 
|  29|0x0000000703a00000, 0x0000000703c00000, 0x0000000703c00000|100%| O|  |TAMS 0x0000000703c00000| PB 0x0000000703a00000| Untracked 
|  30|0x0000000703c00000, 0x0000000703e00000, 0x0000000703e00000|100%| O|  |TAMS 0x0000000703e00000| PB 0x0000000703c00000| Untracked 
|  31|0x0000000703e00000, 0x0000000704000000, 0x0000000704000000|100%| O|  |TAMS 0x0000000704000000| PB 0x0000000703e00000| Untracked 
|  32|0x0000000704000000, 0x0000000704200000, 0x0000000704200000|100%| O|  |TAMS 0x0000000704200000| PB 0x0000000704000000| Untracked 
|  33|0x0000000704200000, 0x0000000704400000, 0x0000000704400000|100%| O|  |TAMS 0x0000000704400000| PB 0x0000000704200000| Untracked 
|  34|0x0000000704400000, 0x0000000704600000, 0x0000000704600000|100%| O|  |TAMS 0x0000000704600000| PB 0x0000000704400000| Untracked 
|  35|0x0000000704600000, 0x0000000704800000, 0x0000000704800000|100%|HS|  |TAMS 0x0000000704800000| PB 0x0000000704600000| Complete 
|  36|0x0000000704800000, 0x0000000704a00000, 0x0000000704a00000|100%|HC|  |TAMS 0x0000000704a00000| PB 0x0000000704800000| Complete 
|  37|0x0000000704a00000, 0x0000000704c00000, 0x0000000704c00000|100%| O|  |TAMS 0x0000000704c00000| PB 0x0000000704a00000| Untracked 
|  38|0x0000000704c00000, 0x0000000704e00000, 0x0000000704e00000|100%| O|  |TAMS 0x0000000704e00000| PB 0x0000000704c00000| Untracked 
|  39|0x0000000704e00000, 0x0000000705000000, 0x0000000705000000|100%| O|  |TAMS 0x0000000705000000| PB 0x0000000704e00000| Untracked 
|  40|0x0000000705000000, 0x0000000705200000, 0x0000000705200000|100%| O|  |TAMS 0x0000000705200000| PB 0x0000000705000000| Untracked 
|  41|0x0000000705200000, 0x0000000705400000, 0x0000000705400000|100%| O|  |TAMS 0x0000000705400000| PB 0x0000000705200000| Untracked 
|  42|0x0000000705400000, 0x0000000705600000, 0x0000000705600000|100%| O|  |TAMS 0x0000000705600000| PB 0x0000000705400000| Untracked 
|  43|0x0000000705600000, 0x0000000705800000, 0x0000000705800000|100%| O|  |TAMS 0x0000000705800000| PB 0x0000000705600000| Untracked 
|  44|0x0000000705800000, 0x0000000705a00000, 0x0000000705a00000|100%| O|  |TAMS 0x0000000705a00000| PB 0x0000000705800000| Untracked 
|  45|0x0000000705a00000, 0x0000000705c00000, 0x0000000705c00000|100%| O|  |TAMS 0x0000000705c00000| PB 0x0000000705a00000| Untracked 
|  46|0x0000000705c00000, 0x0000000705e00000, 0x0000000705e00000|100%| O|  |TAMS 0x0000000705e00000| PB 0x0000000705c00000| Untracked 
|  47|0x0000000705e00000, 0x0000000706000000, 0x0000000706000000|100%| O|  |TAMS 0x0000000706000000| PB 0x0000000705e00000| Untracked 
|  48|0x0000000706000000, 0x0000000706200000, 0x0000000706200000|100%| O|  |TAMS 0x0000000706200000| PB 0x0000000706000000| Untracked 
|  49|0x0000000706200000, 0x0000000706400000, 0x0000000706400000|100%| O|  |TAMS 0x0000000706400000| PB 0x0000000706200000| Untracked 
|  50|0x0000000706400000, 0x0000000706600000, 0x0000000706600000|100%| O|  |TAMS 0x0000000706600000| PB 0x0000000706400000| Untracked 
|  51|0x0000000706600000, 0x0000000706800000, 0x0000000706800000|100%| O|  |TAMS 0x0000000706800000| PB 0x0000000706600000| Untracked 
|  52|0x0000000706800000, 0x0000000706a00000, 0x0000000706a00000|100%| O|  |TAMS 0x0000000706a00000| PB 0x0000000706800000| Untracked 
|  53|0x0000000706a00000, 0x0000000706c00000, 0x0000000706c00000|100%| O|  |TAMS 0x0000000706c00000| PB 0x0000000706a00000| Untracked 
|  54|0x0000000706c00000, 0x0000000706e00000, 0x0000000706e00000|100%| O|  |TAMS 0x0000000706e00000| PB 0x0000000706c00000| Untracked 
|  55|0x0000000706e00000, 0x0000000707000000, 0x0000000707000000|100%| O|  |TAMS 0x0000000707000000| PB 0x0000000706e00000| Untracked 
|  56|0x0000000707000000, 0x0000000707200000, 0x0000000707200000|100%| O|  |TAMS 0x0000000707200000| PB 0x0000000707000000| Untracked 
|  57|0x0000000707200000, 0x0000000707400000, 0x0000000707400000|100%| O|  |TAMS 0x0000000707400000| PB 0x0000000707200000| Untracked 
|  58|0x0000000707400000, 0x0000000707600000, 0x0000000707600000|100%| O|  |TAMS 0x0000000707600000| PB 0x0000000707400000| Untracked 
|  59|0x0000000707600000, 0x0000000707800000, 0x0000000707800000|100%| O|  |TAMS 0x0000000707800000| PB 0x0000000707600000| Untracked 
|  60|0x0000000707800000, 0x0000000707a00000, 0x0000000707a00000|100%| O|  |TAMS 0x0000000707a00000| PB 0x0000000707800000| Untracked 
|  61|0x0000000707a00000, 0x0000000707c00000, 0x0000000707c00000|100%| O|  |TAMS 0x0000000707c00000| PB 0x0000000707a00000| Untracked 
|  62|0x0000000707c00000, 0x0000000707e00000, 0x0000000707e00000|100%| O|  |TAMS 0x0000000707e00000| PB 0x0000000707c00000| Untracked 
|  63|0x0000000707e00000, 0x0000000708000000, 0x0000000708000000|100%| O|  |TAMS 0x0000000708000000| PB 0x0000000707e00000| Untracked 
|  64|0x0000000708000000, 0x0000000708200000, 0x0000000708200000|100%| O|  |TAMS 0x0000000708200000| PB 0x0000000708000000| Untracked 
|  65|0x0000000708200000, 0x0000000708400000, 0x0000000708400000|100%| O|  |TAMS 0x0000000708400000| PB 0x0000000708200000| Untracked 
|  66|0x0000000708400000, 0x0000000708400000, 0x0000000708600000|  0%| F|  |TAMS 0x0000000708400000| PB 0x0000000708400000| Untracked 
|  67|0x0000000708600000, 0x00000007087e1568, 0x0000000708800000| 94%| O|  |TAMS 0x00000007087e1568| PB 0x0000000708600000| Untracked 
|  68|0x0000000708800000, 0x0000000708a00000, 0x0000000708a00000|100%| O|  |TAMS 0x0000000708a00000| PB 0x0000000708800000| Untracked 
|  69|0x0000000708a00000, 0x0000000708a00000, 0x0000000708c00000|  0%| F|  |TAMS 0x0000000708a00000| PB 0x0000000708a00000| Untracked 
|  70|0x0000000708c00000, 0x0000000708e00000, 0x0000000708e00000|100%| O|  |TAMS 0x0000000708e00000| PB 0x0000000708c00000| Untracked 
|  71|0x0000000708e00000, 0x0000000709000000, 0x0000000709000000|100%| O|  |TAMS 0x0000000709000000| PB 0x0000000708e00000| Untracked 
|  72|0x0000000709000000, 0x0000000709000000, 0x0000000709200000|  0%| F|  |TAMS 0x0000000709000000| PB 0x0000000709000000| Untracked 
|  73|0x0000000709200000, 0x0000000709200000, 0x0000000709400000|  0%| F|  |TAMS 0x0000000709200000| PB 0x0000000709200000| Untracked 
|  74|0x0000000709400000, 0x0000000709600000, 0x0000000709600000|100%| O|  |TAMS 0x0000000709600000| PB 0x0000000709400000| Untracked 
|  75|0x0000000709600000, 0x0000000709800000, 0x0000000709800000|100%| O|  |TAMS 0x0000000709800000| PB 0x0000000709600000| Untracked 
|  76|0x0000000709800000, 0x0000000709a00000, 0x0000000709a00000|100%| O|  |TAMS 0x0000000709a00000| PB 0x0000000709800000| Untracked 
|  77|0x0000000709a00000, 0x0000000709c00000, 0x0000000709c00000|100%| O|  |TAMS 0x0000000709c00000| PB 0x0000000709a00000| Untracked 
|  78|0x0000000709c00000, 0x0000000709e00000, 0x0000000709e00000|100%| O|  |TAMS 0x0000000709e00000| PB 0x0000000709c00000| Untracked 
|  79|0x0000000709e00000, 0x000000070a000000, 0x000000070a000000|100%| O|  |TAMS 0x000000070a000000| PB 0x0000000709e00000| Untracked 
|  80|0x000000070a000000, 0x000000070a000000, 0x000000070a200000|  0%| F|  |TAMS 0x000000070a000000| PB 0x000000070a000000| Untracked 
|  81|0x000000070a200000, 0x000000070a200000, 0x000000070a400000|  0%| F|  |TAMS 0x000000070a200000| PB 0x000000070a200000| Untracked 
|  82|0x000000070a400000, 0x000000070a400000, 0x000000070a600000|  0%| F|  |TAMS 0x000000070a400000| PB 0x000000070a400000| Untracked 
|  83|0x000000070a600000, 0x000000070a800000, 0x000000070a800000|100%| O|  |TAMS 0x000000070a800000| PB 0x000000070a600000| Untracked 
|  84|0x000000070a800000, 0x000000070aa00000, 0x000000070aa00000|100%| O|  |TAMS 0x000000070aa00000| PB 0x000000070a800000| Untracked 
|  85|0x000000070aa00000, 0x000000070ac00000, 0x000000070ac00000|100%| O|  |TAMS 0x000000070ac00000| PB 0x000000070aa00000| Untracked 
|  86|0x000000070ac00000, 0x000000070ae00000, 0x000000070ae00000|100%| O|  |TAMS 0x000000070ae00000| PB 0x000000070ac00000| Untracked 
|  87|0x000000070ae00000, 0x000000070b000000, 0x000000070b000000|100%| O|  |TAMS 0x000000070b000000| PB 0x000000070ae00000| Untracked 
|  88|0x000000070b000000, 0x000000070b200000, 0x000000070b200000|100%| O|  |TAMS 0x000000070b200000| PB 0x000000070b000000| Untracked 
|  89|0x000000070b200000, 0x000000070b400000, 0x000000070b400000|100%| O|  |TAMS 0x000000070b400000| PB 0x000000070b200000| Untracked 
|  90|0x000000070b400000, 0x000000070b600000, 0x000000070b600000|100%| O|  |TAMS 0x000000070b600000| PB 0x000000070b400000| Untracked 
|  91|0x000000070b600000, 0x000000070b800000, 0x000000070b800000|100%| O|  |TAMS 0x000000070b800000| PB 0x000000070b600000| Untracked 
|  92|0x000000070b800000, 0x000000070ba00000, 0x000000070ba00000|100%| O|  |TAMS 0x000000070ba00000| PB 0x000000070b800000| Untracked 
|  93|0x000000070ba00000, 0x000000070bc00000, 0x000000070bc00000|100%| O|  |TAMS 0x000000070bc00000| PB 0x000000070ba00000| Untracked 
|  94|0x000000070bc00000, 0x000000070be00000, 0x000000070be00000|100%| O|  |TAMS 0x000000070be00000| PB 0x000000070bc00000| Untracked 
|  95|0x000000070be00000, 0x000000070c000000, 0x000000070c000000|100%| O|  |TAMS 0x000000070c000000| PB 0x000000070be00000| Untracked 
|  96|0x000000070c000000, 0x000000070c200000, 0x000000070c200000|100%| O|  |TAMS 0x000000070c200000| PB 0x000000070c000000| Untracked 
|  97|0x000000070c200000, 0x000000070c400000, 0x000000070c400000|100%| O|  |TAMS 0x000000070c400000| PB 0x000000070c200000| Untracked 
|  98|0x000000070c400000, 0x000000070c600000, 0x000000070c600000|100%| O|  |TAMS 0x000000070c600000| PB 0x000000070c400000| Untracked 
|  99|0x000000070c600000, 0x000000070c800000, 0x000000070c800000|100%| O|  |TAMS 0x000000070c800000| PB 0x000000070c600000| Untracked 
| 100|0x000000070c800000, 0x000000070ca00000, 0x000000070ca00000|100%| O|  |TAMS 0x000000070ca00000| PB 0x000000070c800000| Untracked 
| 101|0x000000070ca00000, 0x000000070cc00000, 0x000000070cc00000|100%| O|  |TAMS 0x000000070cc00000| PB 0x000000070ca00000| Untracked 
| 102|0x000000070cc00000, 0x000000070cc00000, 0x000000070ce00000|  0%| F|  |TAMS 0x000000070cc00000| PB 0x000000070cc00000| Untracked 
| 103|0x000000070ce00000, 0x000000070ce00000, 0x000000070d000000|  0%| F|  |TAMS 0x000000070ce00000| PB 0x000000070ce00000| Untracked 
| 104|0x000000070d000000, 0x000000070d000000, 0x000000070d200000|  0%| F|  |TAMS 0x000000070d000000| PB 0x000000070d000000| Untracked 
| 105|0x000000070d200000, 0x000000070d302c78, 0x000000070d400000| 50%| S|CS|TAMS 0x000000070d200000| PB 0x000000070d200000| Complete 
| 106|0x000000070d400000, 0x000000070d600000, 0x000000070d600000|100%| S|CS|TAMS 0x000000070d400000| PB 0x000000070d400000| Complete 
| 107|0x000000070d600000, 0x000000070d800000, 0x000000070d800000|100%| S|CS|TAMS 0x000000070d600000| PB 0x000000070d600000| Complete 
| 108|0x000000070d800000, 0x000000070da00000, 0x000000070da00000|100%| S|CS|TAMS 0x000000070d800000| PB 0x000000070d800000| Complete 
| 109|0x000000070da00000, 0x000000070da00000, 0x000000070dc00000|  0%| F|  |TAMS 0x000000070da00000| PB 0x000000070da00000| Untracked 
| 110|0x000000070dc00000, 0x000000070dc00000, 0x000000070de00000|  0%| F|  |TAMS 0x000000070dc00000| PB 0x000000070dc00000| Untracked 
| 111|0x000000070de00000, 0x000000070de00000, 0x000000070e000000|  0%| F|  |TAMS 0x000000070de00000| PB 0x000000070de00000| Untracked 
| 112|0x000000070e000000, 0x000000070e000000, 0x000000070e200000|  0%| F|  |TAMS 0x000000070e000000| PB 0x000000070e000000| Untracked 
| 113|0x000000070e200000, 0x000000070e200000, 0x000000070e400000|  0%| F|  |TAMS 0x000000070e200000| PB 0x000000070e200000| Untracked 
| 114|0x000000070e400000, 0x000000070e400000, 0x000000070e600000|  0%| F|  |TAMS 0x000000070e400000| PB 0x000000070e400000| Untracked 
| 115|0x000000070e600000, 0x000000070e600000, 0x000000070e800000|  0%| F|  |TAMS 0x000000070e600000| PB 0x000000070e600000| Untracked 
| 116|0x000000070e800000, 0x000000070e800000, 0x000000070ea00000|  0%| F|  |TAMS 0x000000070e800000| PB 0x000000070e800000| Untracked 
| 117|0x000000070ea00000, 0x000000070ea00000, 0x000000070ec00000|  0%| F|  |TAMS 0x000000070ea00000| PB 0x000000070ea00000| Untracked 
| 118|0x000000070ec00000, 0x000000070ec00000, 0x000000070ee00000|  0%| F|  |TAMS 0x000000070ec00000| PB 0x000000070ec00000| Untracked 
| 119|0x000000070ee00000, 0x000000070ee00000, 0x000000070f000000|  0%| F|  |TAMS 0x000000070ee00000| PB 0x000000070ee00000| Untracked 
| 120|0x000000070f000000, 0x000000070f000000, 0x000000070f200000|  0%| F|  |TAMS 0x000000070f000000| PB 0x000000070f000000| Untracked 
| 121|0x000000070f200000, 0x000000070f200000, 0x000000070f400000|  0%| F|  |TAMS 0x000000070f200000| PB 0x000000070f200000| Untracked 
| 122|0x000000070f400000, 0x000000070f400000, 0x000000070f600000|  0%| F|  |TAMS 0x000000070f400000| PB 0x000000070f400000| Untracked 
| 123|0x000000070f600000, 0x000000070f600000, 0x000000070f800000|  0%| F|  |TAMS 0x000000070f600000| PB 0x000000070f600000| Untracked 
| 124|0x000000070f800000, 0x000000070f800000, 0x000000070fa00000|  0%| F|  |TAMS 0x000000070f800000| PB 0x000000070f800000| Untracked 
| 125|0x000000070fa00000, 0x000000070fa00000, 0x000000070fc00000|  0%| F|  |TAMS 0x000000070fa00000| PB 0x000000070fa00000| Untracked 
| 126|0x000000070fc00000, 0x000000070fc00000, 0x000000070fe00000|  0%| F|  |TAMS 0x000000070fc00000| PB 0x000000070fc00000| Untracked 
| 127|0x000000070fe00000, 0x000000070fe00000, 0x0000000710000000|  0%| F|  |TAMS 0x000000070fe00000| PB 0x000000070fe00000| Untracked 
| 128|0x0000000710000000, 0x0000000710000000, 0x0000000710200000|  0%| F|  |TAMS 0x0000000710000000| PB 0x0000000710000000| Untracked 
| 129|0x0000000710200000, 0x0000000710200000, 0x0000000710400000|  0%| F|  |TAMS 0x0000000710200000| PB 0x0000000710200000| Untracked 
| 130|0x0000000710400000, 0x0000000710400000, 0x0000000710600000|  0%| F|  |TAMS 0x0000000710400000| PB 0x0000000710400000| Untracked 
| 131|0x0000000710600000, 0x0000000710600000, 0x0000000710800000|  0%| F|  |TAMS 0x0000000710600000| PB 0x0000000710600000| Untracked 
| 132|0x0000000710800000, 0x0000000710800000, 0x0000000710a00000|  0%| F|  |TAMS 0x0000000710800000| PB 0x0000000710800000| Untracked 
| 133|0x0000000710a00000, 0x0000000710a00000, 0x0000000710c00000|  0%| F|  |TAMS 0x0000000710a00000| PB 0x0000000710a00000| Untracked 
| 134|0x0000000710c00000, 0x0000000710c00000, 0x0000000710e00000|  0%| F|  |TAMS 0x0000000710c00000| PB 0x0000000710c00000| Untracked 
| 135|0x0000000710e00000, 0x0000000710e00000, 0x0000000711000000|  0%| F|  |TAMS 0x0000000710e00000| PB 0x0000000710e00000| Untracked 
| 136|0x0000000711000000, 0x0000000711000000, 0x0000000711200000|  0%| F|  |TAMS 0x0000000711000000| PB 0x0000000711000000| Untracked 
| 137|0x0000000711200000, 0x0000000711200000, 0x0000000711400000|  0%| F|  |TAMS 0x0000000711200000| PB 0x0000000711200000| Untracked 
| 138|0x0000000711400000, 0x0000000711400000, 0x0000000711600000|  0%| F|  |TAMS 0x0000000711400000| PB 0x0000000711400000| Untracked 
| 139|0x0000000711600000, 0x0000000711600000, 0x0000000711800000|  0%| F|  |TAMS 0x0000000711600000| PB 0x0000000711600000| Untracked 
| 140|0x0000000711800000, 0x0000000711800000, 0x0000000711a00000|  0%| F|  |TAMS 0x0000000711800000| PB 0x0000000711800000| Untracked 
| 141|0x0000000711a00000, 0x0000000711a00000, 0x0000000711c00000|  0%| F|  |TAMS 0x0000000711a00000| PB 0x0000000711a00000| Untracked 
| 142|0x0000000711c00000, 0x0000000711c00000, 0x0000000711e00000|  0%| F|  |TAMS 0x0000000711c00000| PB 0x0000000711c00000| Untracked 
| 143|0x0000000711e00000, 0x0000000711e00000, 0x0000000712000000|  0%| F|  |TAMS 0x0000000711e00000| PB 0x0000000711e00000| Untracked 
| 144|0x0000000712000000, 0x0000000712000000, 0x0000000712200000|  0%| F|  |TAMS 0x0000000712000000| PB 0x0000000712000000| Untracked 
| 145|0x0000000712200000, 0x0000000712200000, 0x0000000712400000|  0%| F|  |TAMS 0x0000000712200000| PB 0x0000000712200000| Untracked 
| 146|0x0000000712400000, 0x0000000712400000, 0x0000000712600000|  0%| F|  |TAMS 0x0000000712400000| PB 0x0000000712400000| Untracked 
| 147|0x0000000712600000, 0x0000000712600000, 0x0000000712800000|  0%| F|  |TAMS 0x0000000712600000| PB 0x0000000712600000| Untracked 
| 148|0x0000000712800000, 0x0000000712800000, 0x0000000712a00000|  0%| F|  |TAMS 0x0000000712800000| PB 0x0000000712800000| Untracked 
| 149|0x0000000712a00000, 0x0000000712a00000, 0x0000000712c00000|  0%| F|  |TAMS 0x0000000712a00000| PB 0x0000000712a00000| Untracked 
| 150|0x0000000712c00000, 0x0000000712c00000, 0x0000000712e00000|  0%| F|  |TAMS 0x0000000712c00000| PB 0x0000000712c00000| Untracked 
| 151|0x0000000712e00000, 0x0000000712e00000, 0x0000000713000000|  0%| F|  |TAMS 0x0000000712e00000| PB 0x0000000712e00000| Untracked 
| 152|0x0000000713000000, 0x0000000713000000, 0x0000000713200000|  0%| F|  |TAMS 0x0000000713000000| PB 0x0000000713000000| Untracked 
| 153|0x0000000713200000, 0x0000000713200000, 0x0000000713400000|  0%| F|  |TAMS 0x0000000713200000| PB 0x0000000713200000| Untracked 
| 154|0x0000000713400000, 0x0000000713400000, 0x0000000713600000|  0%| F|  |TAMS 0x0000000713400000| PB 0x0000000713400000| Untracked 
| 155|0x0000000713600000, 0x0000000713600000, 0x0000000713800000|  0%| F|  |TAMS 0x0000000713600000| PB 0x0000000713600000| Untracked 
| 156|0x0000000713800000, 0x0000000713800000, 0x0000000713a00000|  0%| F|  |TAMS 0x0000000713800000| PB 0x0000000713800000| Untracked 
| 157|0x0000000713a00000, 0x0000000713a00000, 0x0000000713c00000|  0%| F|  |TAMS 0x0000000713a00000| PB 0x0000000713a00000| Untracked 
| 158|0x0000000713c00000, 0x0000000713c00000, 0x0000000713e00000|  0%| F|  |TAMS 0x0000000713c00000| PB 0x0000000713c00000| Untracked 
| 159|0x0000000713e00000, 0x0000000713e00000, 0x0000000714000000|  0%| F|  |TAMS 0x0000000713e00000| PB 0x0000000713e00000| Untracked 
| 160|0x0000000714000000, 0x0000000714000000, 0x0000000714200000|  0%| F|  |TAMS 0x0000000714000000| PB 0x0000000714000000| Untracked 
| 161|0x0000000714200000, 0x0000000714200000, 0x0000000714400000|  0%| F|  |TAMS 0x0000000714200000| PB 0x0000000714200000| Untracked 
| 162|0x0000000714400000, 0x0000000714400000, 0x0000000714600000|  0%| F|  |TAMS 0x0000000714400000| PB 0x0000000714400000| Untracked 
| 163|0x0000000714600000, 0x0000000714600000, 0x0000000714800000|  0%| F|  |TAMS 0x0000000714600000| PB 0x0000000714600000| Untracked 
| 164|0x0000000714800000, 0x0000000714800000, 0x0000000714a00000|  0%| F|  |TAMS 0x0000000714800000| PB 0x0000000714800000| Untracked 
| 165|0x0000000714a00000, 0x0000000714a00000, 0x0000000714c00000|  0%| F|  |TAMS 0x0000000714a00000| PB 0x0000000714a00000| Untracked 
| 166|0x0000000714c00000, 0x0000000714c00000, 0x0000000714e00000|  0%| F|  |TAMS 0x0000000714c00000| PB 0x0000000714c00000| Untracked 
| 167|0x0000000714e00000, 0x0000000714e00000, 0x0000000715000000|  0%| F|  |TAMS 0x0000000714e00000| PB 0x0000000714e00000| Untracked 
| 168|0x0000000715000000, 0x0000000715000000, 0x0000000715200000|  0%| F|  |TAMS 0x0000000715000000| PB 0x0000000715000000| Untracked 
| 169|0x0000000715200000, 0x0000000715200000, 0x0000000715400000|  0%| F|  |TAMS 0x0000000715200000| PB 0x0000000715200000| Untracked 
|2027|0x00000007fd600000, 0x00000007fd600000, 0x00000007fd800000|  0%| F|  |TAMS 0x00000007fd600000| PB 0x00000007fd600000| Untracked 
|2028|0x00000007fd800000, 0x00000007fd800000, 0x00000007fda00000|  0%| F|  |TAMS 0x00000007fd800000| PB 0x00000007fd800000| Untracked 
|2029|0x00000007fda00000, 0x00000007fda00000, 0x00000007fdc00000|  0%| F|  |TAMS 0x00000007fda00000| PB 0x00000007fda00000| Untracked 
|2030|0x00000007fdc00000, 0x00000007fdc00000, 0x00000007fde00000|  0%| F|  |TAMS 0x00000007fdc00000| PB 0x00000007fdc00000| Untracked 
|2031|0x00000007fde00000, 0x00000007fe000000, 0x00000007fe000000|100%| O|  |TAMS 0x00000007fe000000| PB 0x00000007fde00000| Untracked 
|2032|0x00000007fe000000, 0x00000007fe200000, 0x00000007fe200000|100%| O|  |TAMS 0x00000007fe200000| PB 0x00000007fe000000| Untracked 
|2033|0x00000007fe200000, 0x00000007fe400000, 0x00000007fe400000|100%| O|  |TAMS 0x00000007fe400000| PB 0x00000007fe200000| Untracked 
|2034|0x00000007fe400000, 0x00000007fe600000, 0x00000007fe600000|100%| O|  |TAMS 0x00000007fe600000| PB 0x00000007fe400000| Untracked 
|2035|0x00000007fe600000, 0x00000007fe600000, 0x00000007fe800000|  0%| F|  |TAMS 0x00000007fe600000| PB 0x00000007fe600000| Untracked 
|2036|0x00000007fe800000, 0x00000007fea00000, 0x00000007fea00000|100%| O|  |TAMS 0x00000007fea00000| PB 0x00000007fe800000| Untracked 
|2037|0x00000007fea00000, 0x00000007fea00000, 0x00000007fec00000|  0%| F|  |TAMS 0x00000007fea00000| PB 0x00000007fea00000| Untracked 
|2038|0x00000007fec00000, 0x00000007fec00000, 0x00000007fee00000|  0%| F|  |TAMS 0x00000007fec00000| PB 0x00000007fec00000| Untracked 
|2039|0x00000007fee00000, 0x00000007fee00000, 0x00000007ff000000|  0%| F|  |TAMS 0x00000007fee00000| PB 0x00000007fee00000| Untracked 
|2040|0x00000007ff000000, 0x00000007ff200000, 0x00000007ff200000|100%| O|  |TAMS 0x00000007ff200000| PB 0x00000007ff000000| Untracked 
|2041|0x00000007ff200000, 0x00000007ff400000, 0x00000007ff400000|100%| O|  |TAMS 0x00000007ff400000| PB 0x00000007ff200000| Untracked 
|2042|0x00000007ff400000, 0x00000007ff600000, 0x00000007ff600000|100%| O|  |TAMS 0x00000007ff600000| PB 0x00000007ff400000| Untracked 
|2043|0x00000007ff600000, 0x00000007ff800000, 0x00000007ff800000|100%| O|  |TAMS 0x00000007ff800000| PB 0x00000007ff600000| Untracked 
|2044|0x00000007ff800000, 0x00000007ffa00000, 0x00000007ffa00000|100%| O|  |TAMS 0x00000007ffa00000| PB 0x00000007ff800000| Untracked 
|2045|0x00000007ffa00000, 0x00000007ffc00000, 0x00000007ffc00000|100%| O|  |TAMS 0x00000007ffc00000| PB 0x00000007ffa00000| Untracked 
|2046|0x00000007ffc00000, 0x00000007ffe00000, 0x00000007ffe00000|100%| O|  |TAMS 0x00000007ffe00000| PB 0x00000007ffc00000| Untracked 
|2047|0x00000007ffe00000, 0x0000000800000000, 0x0000000800000000|100%| O|  |TAMS 0x0000000800000000| PB 0x00000007ffe00000| Untracked 

Card table byte_map: [0x0000026ae85c0000,0x0000026ae8dc0000] _byte_map_base: 0x0000026ae4dc0000

Marking Bits: (CMBitMap*) 0x0000026ad5448230
 Bits: [0x0000026ae8dc0000, 0x0000026aecdc0000)

Polling page: 0x0000026ad31e0000

Metaspace:

Usage:
  Non-class:    138.45 MB used.
      Class:     22.96 MB used.
       Both:    161.41 MB used.

Virtual space:
  Non-class space:      192.00 MB reserved,     139.69 MB ( 73%) committed,  3 nodes.
      Class space:      832.00 MB reserved,      24.12 MB (  3%) committed,  1 nodes.
             Both:        1.00 GB reserved,     163.81 MB ( 16%) committed. 

Chunk freelists:
   Non-Class:  4.23 MB
       Class:  7.90 MB
        Both:  12.13 MB

MaxMetaspaceSize: 1.00 GB
CompressedClassSpaceSize: 832.00 MB
Initial GC threshold: 21.00 MB
Current GC threshold: 272.75 MB
CDS: off
 - commit_granule_bytes: 65536.
 - commit_granule_words: 8192.
 - virtual_space_node_default_size: 8388608.
 - enlarge_chunks_in_place: 1.
 - use_allocation_guard: 0.


Internal statistics:

num_allocs_failed_limit: 9.
num_arena_births: 4860.
num_arena_deaths: 128.
num_vsnodes_births: 4.
num_vsnodes_deaths: 0.
num_space_committed: 2622.
num_space_uncommitted: 2.
num_chunks_returned_to_freelist: 217.
num_chunks_taken_from_freelist: 11929.
num_chunk_merges: 94.
num_chunk_splits: 7911.
num_chunks_enlarged: 5162.
num_inconsistent_stats: 0.

CodeHeap 'non-profiled nmethods': size=119168Kb used=14594Kb max_used=14890Kb free=104573Kb
 bounds [0x0000026ae00e0000, 0x0000026ae0f70000, 0x0000026ae7540000]
CodeHeap 'profiled nmethods': size=119104Kb used=42317Kb max_used=43144Kb free=76786Kb
 bounds [0x0000026ad8540000, 0x0000026adaf70000, 0x0000026adf990000]
CodeHeap 'non-nmethods': size=7488Kb used=4505Kb max_used=4631Kb free=2982Kb
 bounds [0x0000026adf990000, 0x0000026adfe20000, 0x0000026ae00e0000]
CodeCache: size=245760Kb, used=61416Kb, max_used=62665Kb, free=184341Kb
 total_blobs=21337, nmethods=20255, adapters=980, full_count=0
Compilation: enabled, stopped_count=0, restarted_count=0

Compilation events (20 events):
Event: 16.920 Thread 0x0000026af40dd440 25154       4       com.android.tools.r8.internal.l32::d (65 bytes)
Event: 16.920 Thread 0x0000026af41a1f80 nmethod 25179 0x0000026ae0285410 code [0x0000026ae02855a0, 0x0000026ae0285670]
Event: 16.920 Thread 0x0000026af41a11e0 nmethod 25177 0x0000026ad866bd90 code [0x0000026ad866bf40, 0x0000026ad866c208]
Event: 16.920 Thread 0x0000026af40ffb10 nmethod 25176 0x0000026ad9013e90 code [0x0000026ad9014060, 0x0000026ad90143a0]
Event: 16.920 Thread 0x0000026af40ffb10 25180       2       com.android.tools.r8.internal.j90::<init> (23 bytes)
Event: 16.921 Thread 0x0000026af40ffb10 nmethod 25180 0x0000026ad938f490 code [0x0000026ad938f640, 0x0000026ad938f8c0]
Event: 16.924 Thread 0x0000026af40dd440 nmethod 25154 0x0000026ae0153310 code [0x0000026ae01534e0, 0x0000026ae0153750]
Event: 16.924 Thread 0x0000026af40dd440 25093       4       com.android.tools.r8.ir.optimize.f0::a (724 bytes)
Event: 16.924 Thread 0x0000026af9f98080 25182       2       com.android.tools.r8.internal.nb::a (60 bytes)
Event: 16.925 Thread 0x0000026af9f98080 nmethod 25182 0x0000026ad94b4890 code [0x0000026ad94b4a40, 0x0000026ad94b4d30]
Event: 16.931 Thread 0x0000026af9f98080 25185       2       com.android.tools.r8.internal.w84::a (38 bytes)
Event: 16.931 Thread 0x0000026af40ffb10 25186       2       com.android.tools.r8.internal.w84::a (305 bytes)
Event: 16.931 Thread 0x0000026af41a11e0 25187       2       com.android.tools.r8.internal.rd4$$Lambda/0x0000000801737330::accept (14 bytes)
Event: 16.931 Thread 0x0000026af9f98080 nmethod 25185 0x0000026ad9730c10 code [0x0000026ad9730de0, 0x0000026ad9731020]
Event: 16.932 Thread 0x0000026af41a11e0 nmethod 25187 0x0000026ada761090 code [0x0000026ada761240, 0x0000026ada7613b8]
Event: 16.932 Thread 0x0000026af40ffb10 nmethod 25186 0x0000026ad8899690 code [0x0000026ad8899940, 0x0000026ad8899fc8]
Event: 16.933 Thread 0x0000026af9f98080 25189       1       com.android.tools.r8.internal.zf0::x (2 bytes)
Event: 16.933 Thread 0x0000026af9f98080 nmethod 25189 0x0000026ae0285110 code [0x0000026ae02852a0, 0x0000026ae0285368]
Event: 16.934 Thread 0x0000026af41a1f80 25190       2       com.android.tools.r8.internal.k44::a (54 bytes)
Event: 16.935 Thread 0x0000026af41a1f80 nmethod 25190 0x0000026ad90ea810 code [0x0000026ad90ea9e0, 0x0000026ad90eacb0]

GC Heap History (20 events):
Event: 13.920 GC heap after
{Heap after GC invocations=48 (full 0):
 garbage-first heap   total 309248K, used 183220K [0x0000000700000000, 0x0000000800000000)
  region size 2048K, 7 young (14336K), 7 survivors (14336K)
 Metaspace       used 138525K, committed 140864K, reserved 983040K
  class space    used 19022K, committed 20160K, reserved 851968K
}
Event: 14.398 GC heap before
{Heap before GC invocations=48 (full 0):
 garbage-first heap   total 309248K, used 275380K [0x0000000700000000, 0x0000000800000000)
  region size 2048K, 53 young (108544K), 7 survivors (14336K)
 Metaspace       used 140897K, committed 143296K, reserved 983040K
  class space    used 19301K, committed 20480K, reserved 851968K
}
Event: 14.409 GC heap after
{Heap after GC invocations=49 (full 0):
 garbage-first heap   total 309248K, used 192555K [0x0000000700000000, 0x0000000800000000)
  region size 2048K, 7 young (14336K), 7 survivors (14336K)
 Metaspace       used 140897K, committed 143296K, reserved 983040K
  class space    used 19301K, committed 20480K, reserved 851968K
}
Event: 14.761 GC heap before
{Heap before GC invocations=50 (full 0):
 garbage-first heap   total 325632K, used 272427K [0x0000000700000000, 0x0000000800000000)
  region size 2048K, 47 young (96256K), 7 survivors (14336K)
 Metaspace       used 142375K, committed 144768K, reserved 983040K
  class space    used 19532K, committed 20672K, reserved 851968K
}
Event: 14.771 GC heap after
{Heap after GC invocations=51 (full 0):
 garbage-first heap   total 325632K, used 203756K [0x0000000700000000, 0x0000000800000000)
  region size 2048K, 6 young (12288K), 6 survivors (12288K)
 Metaspace       used 142375K, committed 144768K, reserved 983040K
  class space    used 19532K, committed 20672K, reserved 851968K
}
Event: 15.146 GC heap before
{Heap before GC invocations=51 (full 0):
 garbage-first heap   total 325632K, used 285676K [0x0000000700000000, 0x0000000800000000)
  region size 2048K, 47 young (96256K), 6 survivors (12288K)
 Metaspace       used 147346K, committed 149696K, reserved 983040K
  class space    used 20380K, committed 21504K, reserved 851968K
}
Event: 15.155 GC heap after
{Heap after GC invocations=52 (full 0):
 garbage-first heap   total 325632K, used 210805K [0x0000000700000000, 0x0000000800000000)
  region size 2048K, 5 young (10240K), 5 survivors (10240K)
 Metaspace       used 147346K, committed 149696K, reserved 983040K
  class space    used 20380K, committed 21504K, reserved 851968K
}
Event: 15.485 GC heap before
{Heap before GC invocations=52 (full 0):
 garbage-first heap   total 325632K, used 288629K [0x0000000700000000, 0x0000000800000000)
  region size 2048K, 44 young (90112K), 5 survivors (10240K)
 Metaspace       used 153952K, committed 156352K, reserved 1048576K
  class space    used 21617K, committed 22784K, reserved 851968K
}
Event: 15.492 GC heap after
{Heap after GC invocations=53 (full 0):
 garbage-first heap   total 391168K, used 219837K [0x0000000700000000, 0x0000000800000000)
  region size 2048K, 5 young (10240K), 5 survivors (10240K)
 Metaspace       used 153952K, committed 156352K, reserved 1048576K
  class space    used 21617K, committed 22784K, reserved 851968K
}
Event: 15.868 GC heap before
{Heap before GC invocations=54 (full 0):
 garbage-first heap   total 391168K, used 336573K [0x0000000700000000, 0x0000000800000000)
  region size 2048K, 64 young (131072K), 5 survivors (10240K)
 Metaspace       used 160335K, committed 162880K, reserved 1048576K
  class space    used 22907K, committed 24128K, reserved 851968K
}
Event: 15.880 GC heap after
{Heap after GC invocations=55 (full 0):
 garbage-first heap   total 391168K, used 234542K [0x0000000700000000, 0x0000000800000000)
  region size 2048K, 8 young (16384K), 8 survivors (16384K)
 Metaspace       used 160335K, committed 162880K, reserved 1048576K
  class space    used 22907K, committed 24128K, reserved 851968K
}
Event: 16.206 GC heap before
{Heap before GC invocations=55 (full 0):
 garbage-first heap   total 391168K, used 345134K [0x0000000700000000, 0x0000000800000000)
  region size 2048K, 62 young (126976K), 8 survivors (16384K)
 Metaspace       used 163436K, committed 165952K, reserved 1048576K
  class space    used 23258K, committed 24512K, reserved 851968K
}
Event: 16.215 GC heap after
{Heap after GC invocations=56 (full 0):
 garbage-first heap   total 391168K, used 232936K [0x0000000700000000, 0x0000000800000000)
  region size 2048K, 2 young (4096K), 2 survivors (4096K)
 Metaspace       used 163436K, committed 165952K, reserved 1048576K
  class space    used 23258K, committed 24512K, reserved 851968K
}
Event: 16.397 GC heap before
{Heap before GC invocations=56 (full 0):
 garbage-first heap   total 391168K, used 349672K [0x0000000700000000, 0x0000000800000000)
  region size 2048K, 59 young (120832K), 2 survivors (4096K)
 Metaspace       used 164407K, committed 166976K, reserved 1048576K
  class space    used 23401K, committed 24640K, reserved 851968K
}
Event: 16.402 GC heap after
{Heap after GC invocations=57 (full 0):
 garbage-first heap   total 391168K, used 235395K [0x0000000700000000, 0x0000000800000000)
  region size 2048K, 4 young (8192K), 4 survivors (8192K)
 Metaspace       used 164407K, committed 166976K, reserved 1048576K
  class space    used 23401K, committed 24640K, reserved 851968K
}
Event: 16.670 GC heap before
{Heap before GC invocations=58 (full 0):
 garbage-first heap   total 391168K, used 348035K [0x0000000700000000, 0x0000000800000000)
  region size 2048K, 62 young (126976K), 4 survivors (8192K)
 Metaspace       used 165029K, committed 167616K, reserved 1048576K
  class space    used 23467K, committed 24704K, reserved 851968K
}
Event: 16.675 GC heap after
{Heap after GC invocations=59 (full 0):
 garbage-first heap   total 391168K, used 230919K [0x0000000700000000, 0x0000000800000000)
  region size 2048K, 3 young (6144K), 3 survivors (6144K)
 Metaspace       used 165029K, committed 167616K, reserved 1048576K
  class space    used 23467K, committed 24704K, reserved 851968K
}
Event: 16.802 GC heap before
{Heap before GC invocations=59 (full 0):
 garbage-first heap   total 391168K, used 355847K [0x0000000700000000, 0x0000000800000000)
  region size 2048K, 65 young (133120K), 3 survivors (6144K)
 Metaspace       used 165212K, committed 167680K, reserved 1048576K
  class space    used 23500K, committed 24704K, reserved 851968K
}
Event: 16.809 GC heap after
{Heap after GC invocations=60 (full 0):
 garbage-first heap   total 391168K, used 225920K [0x0000000700000000, 0x0000000800000000)
  region size 2048K, 3 young (6144K), 3 survivors (6144K)
 Metaspace       used 165212K, committed 167680K, reserved 1048576K
  class space    used 23500K, committed 24704K, reserved 851968K
}
Event: 16.942 GC heap before
{Heap before GC invocations=60 (full 0):
 garbage-first heap   total 391168K, used 359040K [0x0000000700000000, 0x0000000800000000)
  region size 2048K, 69 young (141312K), 3 survivors (6144K)
 Metaspace       used 165280K, committed 167744K, reserved 1048576K
  class space    used 23509K, committed 24704K, reserved 851968K
}

Dll operation events (3 events):
Event: 0.007 Loaded shared library C:\Program Files\Android\Android Studio\jbr\bin\java.dll
Event: 0.011 Loaded shared library C:\Program Files\Android\Android Studio\jbr\bin\zip.dll
Event: 0.297 Loaded shared library C:\Program Files\Android\Android Studio\jbr\bin\verify.dll

Deoptimization events (20 events):
Event: 16.885 Thread 0x0000026af61d6130 DEOPT PACKING pc=0x0000026ad8727d5c sp=0x000000a0281fb430
Event: 16.885 Thread 0x0000026af61d6130 DEOPT UNPACKING pc=0x0000026adf9e4bc2 sp=0x000000a0281fa8e0 mode 0
Event: 16.890 Thread 0x0000026afd92b180 DEOPT PACKING pc=0x0000026adaa40169 sp=0x000000a02bffb0f0
Event: 16.890 Thread 0x0000026afd92b180 DEOPT UNPACKING pc=0x0000026adf9e4bc2 sp=0x000000a02bffa7d8 mode 0
Event: 16.892 Thread 0x0000026afd929dd0 Uncommon trap: trap_request=0xffffff45 fr.pc=0x0000026ae01a2120 relative=0x0000000000000260
Event: 16.892 Thread 0x0000026afd929dd0 Uncommon trap: reason=unstable_if action=reinterpret pc=0x0000026ae01a2120 method=java.util.HashMap.getNode(Ljava/lang/Object;)Ljava/util/HashMap$Node; @ 85 c2
Event: 16.892 Thread 0x0000026afd929dd0 DEOPT PACKING pc=0x0000026ae01a2120 sp=0x000000a02c0fbec0
Event: 16.892 Thread 0x0000026afd929dd0 DEOPT UNPACKING pc=0x0000026adf9e4422 sp=0x000000a02c0fbdc8 mode 2
Event: 16.900 Thread 0x0000026afd92cbc0 DEOPT PACKING pc=0x0000026adaa40214 sp=0x000000a02c4fb720
Event: 16.900 Thread 0x0000026afd92cbc0 DEOPT UNPACKING pc=0x0000026adf9e4bc2 sp=0x000000a02c4fae10 mode 0
Event: 16.911 Thread 0x0000026afd92b180 DEOPT PACKING pc=0x0000026ada7389a4 sp=0x000000a02bffb600
Event: 16.911 Thread 0x0000026afd92b180 DEOPT UNPACKING pc=0x0000026adf9e4bc2 sp=0x000000a02bffaba8 mode 0
Event: 16.917 Thread 0x0000026af61d6130 DEOPT PACKING pc=0x0000026adaa40214 sp=0x000000a0281fbb60
Event: 16.917 Thread 0x0000026af61d6130 DEOPT UNPACKING pc=0x0000026adf9e4bc2 sp=0x000000a0281fb250 mode 0
Event: 16.932 Thread 0x0000026afd92cbc0 DEOPT PACKING pc=0x0000026ada7389a4 sp=0x000000a02c4fb360
Event: 16.932 Thread 0x0000026afd92cbc0 DEOPT UNPACKING pc=0x0000026adf9e4bc2 sp=0x000000a02c4fa908 mode 0
Event: 16.934 Thread 0x0000026afd92cbc0 DEOPT PACKING pc=0x0000026adaa40214 sp=0x000000a02c4fb720
Event: 16.934 Thread 0x0000026afd92cbc0 DEOPT UNPACKING pc=0x0000026adf9e4bc2 sp=0x000000a02c4fae10 mode 0
Event: 16.934 Thread 0x0000026afd92cbc0 DEOPT PACKING pc=0x0000026ada7389a4 sp=0x000000a02c4fb580
Event: 16.934 Thread 0x0000026afd92cbc0 DEOPT UNPACKING pc=0x0000026adf9e4bc2 sp=0x000000a02c4fab28 mode 0

Classes loaded (20 events):
Event: 15.808 Loading class java/util/stream/SliceOps$1$1
Event: 15.808 Loading class java/util/stream/SliceOps$1$1 done
Event: 16.006 Loading class java/util/concurrent/ConcurrentHashMap$TreeNode
Event: 16.007 Loading class java/util/concurrent/ConcurrentHashMap$TreeNode done
Event: 16.008 Loading class java/util/concurrent/ConcurrentHashMap$TreeBin
Event: 16.009 Loading class java/util/concurrent/ConcurrentHashMap$TreeBin done
Event: 16.458 Loading class java/nio/ShortBuffer
Event: 16.459 Loading class java/nio/ShortBuffer done
Event: 16.510 Loading class java/nio/ByteBufferAsShortBufferL
Event: 16.510 Loading class java/nio/ByteBufferAsShortBufferL done
Event: 16.539 Loading class java/util/zip/Adler32
Event: 16.539 Loading class java/util/zip/Adler32 done
Event: 16.628 Loading class java/util/zip/Deflater
Event: 16.629 Loading class java/util/zip/Deflater done
Event: 16.630 Loading class java/util/zip/Deflater$DeflaterZStreamRef
Event: 16.630 Loading class java/util/zip/Deflater$DeflaterZStreamRef done
Event: 16.635 Loading class java/util/zip/ZipOutputStream$XEntry
Event: 16.635 Loading class java/util/zip/ZipOutputStream$XEntry done
Event: 16.641 Loading class java/util/Vector$Itr
Event: 16.641 Loading class java/util/Vector$Itr done

Classes unloaded (20 events):
Event: 16.557 Thread 0x0000026aef1b5270 Unloading class 0x0000000801623000 'java/lang/invoke/LambdaForm$DMH+0x0000000801623000'
Event: 16.557 Thread 0x0000026aef1b5270 Unloading class 0x0000000801593400 'java/lang/invoke/LambdaForm$DMH+0x0000000801593400'
Event: 16.557 Thread 0x0000026aef1b5270 Unloading class 0x0000000801593000 'java/lang/invoke/LambdaForm$DMH+0x0000000801593000'
Event: 16.557 Thread 0x0000026aef1b5270 Unloading class 0x0000000801592c00 'java/lang/invoke/LambdaForm$DMH+0x0000000801592c00'
Event: 16.557 Thread 0x0000026aef1b5270 Unloading class 0x0000000801592800 'java/lang/invoke/LambdaForm$DMH+0x0000000801592800'
Event: 16.557 Thread 0x0000026aef1b5270 Unloading class 0x0000000801592400 'java/lang/invoke/LambdaForm$DMH+0x0000000801592400'
Event: 16.557 Thread 0x0000026aef1b5270 Unloading class 0x0000000801592000 'java/lang/invoke/LambdaForm$DMH+0x0000000801592000'
Event: 16.557 Thread 0x0000026aef1b5270 Unloading class 0x0000000801591c00 'java/lang/invoke/LambdaForm$DMH+0x0000000801591c00'
Event: 16.557 Thread 0x0000026aef1b5270 Unloading class 0x0000000801591800 'java/lang/invoke/LambdaForm$DMH+0x0000000801591800'
Event: 16.557 Thread 0x0000026aef1b5270 Unloading class 0x0000000801590800 'java/lang/invoke/LambdaForm$DMH+0x0000000801590800'
Event: 16.557 Thread 0x0000026aef1b5270 Unloading class 0x0000000801590c00 'java/lang/invoke/LambdaForm$DMH+0x0000000801590c00'
Event: 16.557 Thread 0x0000026aef1b5270 Unloading class 0x0000000801591400 'java/lang/invoke/LambdaForm$DMH+0x0000000801591400'
Event: 16.557 Thread 0x0000026aef1b5270 Unloading class 0x0000000801591000 'java/lang/invoke/LambdaForm$DMH+0x0000000801591000'
Event: 16.557 Thread 0x0000026aef1b5270 Unloading class 0x0000000801590400 'java/lang/invoke/LambdaForm$DMH+0x0000000801590400'
Event: 16.557 Thread 0x0000026aef1b5270 Unloading class 0x00000008014e5800 'java/lang/invoke/LambdaForm$DMH+0x00000008014e5800'
Event: 16.557 Thread 0x0000026aef1b5270 Unloading class 0x00000008014e4800 'java/lang/invoke/LambdaForm$DMH+0x00000008014e4800'
Event: 16.557 Thread 0x0000026aef1b5270 Unloading class 0x00000008014e5000 'java/lang/invoke/LambdaForm$DMH+0x00000008014e5000'
Event: 16.557 Thread 0x0000026aef1b5270 Unloading class 0x00000008014e5400 'java/lang/invoke/LambdaForm$DMH+0x00000008014e5400'
Event: 16.557 Thread 0x0000026aef1b5270 Unloading class 0x00000008014e4c00 'java/lang/invoke/LambdaForm$DMH+0x00000008014e4c00'
Event: 16.557 Thread 0x0000026aef1b5270 Unloading class 0x00000008014e4000 'java/lang/invoke/LambdaForm$DMH+0x00000008014e4000'

Classes redefined (0 events):
No events

Internal exceptions (20 events):
Event: 16.767 Thread 0x0000026af61d6130 Exception <a 'sun/nio/fs/WindowsException'{0x0000000710bb3770}> (0x0000000710bb3770) 
thrown [s\src\hotspot\share\prims\jni.cpp, line 537]
Event: 16.779 Thread 0x0000026af61d6130 Exception <a 'sun/nio/fs/WindowsException'{0x0000000710bbb220}> (0x0000000710bbb220) 
thrown [s\src\hotspot\share\prims\jni.cpp, line 537]
Event: 16.780 Thread 0x0000026af61d6130 Exception <a 'sun/nio/fs/WindowsException'{0x0000000710bc22b0}> (0x0000000710bc22b0) 
thrown [s\src\hotspot\share\prims\jni.cpp, line 537]
Event: 16.781 Thread 0x0000026af61d6130 Exception <a 'sun/nio/fs/WindowsException'{0x0000000710bc9220}> (0x0000000710bc9220) 
thrown [s\src\hotspot\share\prims\jni.cpp, line 537]
Event: 16.782 Thread 0x0000026af61d6130 Exception <a 'sun/nio/fs/WindowsException'{0x0000000710bd0c08}> (0x0000000710bd0c08) 
thrown [s\src\hotspot\share\prims\jni.cpp, line 537]
Event: 16.782 Thread 0x0000026af61d6130 Exception <a 'sun/nio/fs/WindowsException'{0x0000000710bd7c68}> (0x0000000710bd7c68) 
thrown [s\src\hotspot\share\prims\jni.cpp, line 537]
Event: 16.783 Thread 0x0000026af61d6130 Exception <a 'sun/nio/fs/WindowsException'{0x0000000710bdf620}> (0x0000000710bdf620) 
thrown [s\src\hotspot\share\prims\jni.cpp, line 537]
Event: 16.783 Thread 0x0000026af61d6130 Exception <a 'sun/nio/fs/WindowsException'{0x0000000710be6678}> (0x0000000710be6678) 
thrown [s\src\hotspot\share\prims\jni.cpp, line 537]
Event: 16.784 Thread 0x0000026af61d6130 Exception <a 'sun/nio/fs/WindowsException'{0x0000000710bed650}> (0x0000000710bed650) 
thrown [s\src\hotspot\share\prims\jni.cpp, line 537]
Event: 16.784 Thread 0x0000026af61d6130 Exception <a 'sun/nio/fs/WindowsException'{0x000000070f6e7378}> (0x000000070f6e7378) 
thrown [s\src\hotspot\share\prims\jni.cpp, line 537]
Event: 16.791 Thread 0x0000026afe937d10 Exception <a 'sun/nio/fs/WindowsException'{0x000000070f0aaf38}> (0x000000070f0aaf38) 
thrown [s\src\hotspot\share\prims\jni.cpp, line 537]
Event: 16.793 Thread 0x0000026afe937d10 Exception <a 'sun/nio/fs/WindowsException'{0x000000070efb8298}> (0x000000070efb8298) 
thrown [s\src\hotspot\share\prims\jni.cpp, line 537]
Event: 16.795 Thread 0x0000026afe937d10 Exception <a 'sun/nio/fs/WindowsException'{0x000000070efc0590}> (0x000000070efc0590) 
thrown [s\src\hotspot\share\prims\jni.cpp, line 537]
Event: 16.851 Thread 0x0000026afd9290b0 Exception <a 'sun/nio/fs/WindowsException'{0x0000000713d0cbe0}> (0x0000000713d0cbe0) 
thrown [s\src\hotspot\share\prims\jni.cpp, line 537]
Event: 16.854 Thread 0x0000026afd9290b0 Exception <a 'sun/nio/fs/WindowsException'{0x0000000713b99f40}> (0x0000000713b99f40) 
thrown [s\src\hotspot\share\prims\jni.cpp, line 537]
Event: 16.856 Thread 0x0000026afd9290b0 Exception <a 'sun/nio/fs/WindowsException'{0x0000000713ba18d8}> (0x0000000713ba18d8) 
thrown [s\src\hotspot\share\prims\jni.cpp, line 537]
Event: 16.856 Thread 0x0000026afd9290b0 Exception <a 'sun/nio/fs/WindowsException'{0x0000000713ba9240}> (0x0000000713ba9240) 
thrown [s\src\hotspot\share\prims\jni.cpp, line 537]
Event: 16.857 Thread 0x0000026afd9290b0 Exception <a 'sun/nio/fs/WindowsException'{0x0000000713bb0ba0}> (0x0000000713bb0ba0) 
thrown [s\src\hotspot\share\prims\jni.cpp, line 537]
Event: 16.861 Thread 0x0000026afd9290b0 Exception <a 'sun/nio/fs/WindowsException'{0x00000007133abb60}> (0x00000007133abb60) 
thrown [s\src\hotspot\share\prims\jni.cpp, line 537]
Event: 16.875 Thread 0x0000026afd928a20 Exception <a 'sun/nio/fs/WindowsException'{0x000000071249e8c0}> (0x000000071249e8c0) 
thrown [s\src\hotspot\share\prims\jni.cpp, line 537]

ZGC Phase Switch (0 events):
No events

VM Operations (20 events):
Event: 16.523 Executing VM operation: ICBufferFull done
Event: 16.540 Executing VM operation: HandshakeAllThreads (Deoptimize)
Event: 16.553 Executing VM operation: HandshakeAllThreads (Deoptimize) done
Event: 16.556 Executing VM operation: G1PauseRemark
Event: 16.573 Executing VM operation: G1PauseRemark done
Event: 16.602 Executing VM operation: HandshakeAllThreads (Deoptimize)
Event: 16.620 Executing VM operation: HandshakeAllThreads (Deoptimize) done
Event: 16.632 Executing VM operation: HandshakeAllThreads (Deoptimize)
Event: 16.669 Executing VM operation: HandshakeAllThreads (Deoptimize) done
Event: 16.669 Executing VM operation: G1PauseCleanup
Event: 16.670 Executing VM operation: G1PauseCleanup done
Event: 16.670 Executing VM operation: G1CollectForAllocation (G1 Evacuation Pause)
Event: 16.675 Executing VM operation: G1CollectForAllocation (G1 Evacuation Pause) done
Event: 16.733 Executing VM operation: HandshakeAllThreads (Deoptimize)
Event: 16.748 Executing VM operation: HandshakeAllThreads (Deoptimize) done
Event: 16.801 Executing VM operation: G1CollectForAllocation (G1 Evacuation Pause)
Event: 16.809 Executing VM operation: G1CollectForAllocation (G1 Evacuation Pause) done
Event: 16.813 Executing VM operation: HandshakeAllThreads (Deoptimize)
Event: 16.814 Executing VM operation: HandshakeAllThreads (Deoptimize) done
Event: 16.941 Executing VM operation: G1CollectForAllocation (G1 Evacuation Pause)

Memory protections (0 events):
No events

Nmethod flushes (20 events):
Event: 16.571 Thread 0x0000026aef1b5270 flushing  nmethod 0x0000026ad93fcf90
Event: 16.571 Thread 0x0000026aef1b5270 flushing  nmethod 0x0000026ad9400690
Event: 16.571 Thread 0x0000026aef1b5270 flushing  nmethod 0x0000026ad94b4890
Event: 16.571 Thread 0x0000026aef1b5270 flushing  nmethod 0x0000026ad95f7590
Event: 16.571 Thread 0x0000026aef1b5270 flushing  nmethod 0x0000026ad95fe990
Event: 16.571 Thread 0x0000026aef1b5270 flushing  nmethod 0x0000026ad9671a10
Event: 16.571 Thread 0x0000026aef1b5270 flushing  nmethod 0x0000026ad9787690
Event: 16.571 Thread 0x0000026aef1b5270 flushing  nmethod 0x0000026ad9849490
Event: 16.571 Thread 0x0000026aef1b5270 flushing  nmethod 0x0000026ad98f5390
Event: 16.571 Thread 0x0000026aef1b5270 flushing  nmethod 0x0000026ad9a53090
Event: 16.571 Thread 0x0000026aef1b5270 flushing  nmethod 0x0000026ad9e56d10
Event: 16.571 Thread 0x0000026aef1b5270 flushing  nmethod 0x0000026ad9fd9310
Event: 16.571 Thread 0x0000026aef1b5270 flushing  nmethod 0x0000026ada399710
Event: 16.571 Thread 0x0000026aef1b5270 flushing  nmethod 0x0000026ada66da10
Event: 16.571 Thread 0x0000026aef1b5270 flushing  nmethod 0x0000026ada66de90
Event: 16.571 Thread 0x0000026aef1b5270 flushing  nmethod 0x0000026ada66e310
Event: 16.571 Thread 0x0000026aef1b5270 flushing  nmethod 0x0000026ada71f010
Event: 16.571 Thread 0x0000026aef1b5270 flushing  nmethod 0x0000026ada71f810
Event: 16.571 Thread 0x0000026aef1b5270 flushing  nmethod 0x0000026ada71fc10
Event: 16.571 Thread 0x0000026aef1b5270 flushing  nmethod 0x0000026ada720890

Events (20 events):
Event: 14.261 Thread 0x0000026afc213e00 Thread added: 0x0000026afe934890
Event: 14.697 Thread 0x0000026afc213e00 Thread added: 0x0000026afd92b180
Event: 14.697 Thread 0x0000026afc213e00 Thread added: 0x0000026afd929dd0
Event: 14.698 Thread 0x0000026afc213e00 Thread added: 0x0000026afd928a20
Event: 14.698 Thread 0x0000026afc213e00 Thread added: 0x0000026afd92c530
Event: 14.699 Thread 0x0000026afc213e00 Thread added: 0x0000026afd9290b0
Event: 14.699 Thread 0x0000026afc213e00 Thread added: 0x0000026afd92cbc0
Event: 14.699 Thread 0x0000026afc213e00 Thread added: 0x0000026afd929740
Event: 14.700 Thread 0x0000026afc213e00 Thread added: 0x0000026afd92f9b0
Event: 14.704 Thread 0x0000026afc213e00 Thread added: 0x0000026afd92d8e0
Event: 14.705 Thread 0x0000026afc213e00 Thread added: 0x0000026afd930040
Event: 14.706 Thread 0x0000026afc213e00 Thread added: 0x0000026afd92f320
Event: 14.706 Thread 0x0000026afc213e00 Thread added: 0x0000026afd9306d0
Event: 14.707 Thread 0x0000026afc213e00 Thread added: 0x0000026afd92ec90
Event: 14.707 Thread 0x0000026afc213e00 Thread added: 0x0000026afd92d250
Event: 15.044 Thread 0x0000026afb32e670 Thread exited: 0x0000026afb32e670
Event: 15.158 Thread 0x0000026af41a11e0 Thread added: 0x0000026afb331620
Event: 15.163 Thread 0x0000026af41a11e0 Thread added: 0x0000026afb32dfa0
Event: 15.371 Thread 0x0000026af41a1f80 Thread added: 0x0000026afb331cf0
Event: 15.372 Thread 0x0000026af41a1f80 Thread added: 0x0000026afb32e670


Dynamic libraries:
0x00007ff6f8870000 - 0x00007ff6f887a000 	C:\Program Files\Android\Android Studio\jbr\bin\java.exe
0x00007ff931a00000 - 0x00007ff931c67000 	C:\WINDOWS\SYSTEM32\ntdll.dll
0x00007ff930b30000 - 0x00007ff930bf9000 	C:\WINDOWS\System32\KERNEL32.DLL
0x00007ff92e4f0000 - 0x00007ff92e8e1000 	C:\WINDOWS\System32\KERNELBASE.dll
0x00007ff92ec40000 - 0x00007ff92ed8b000 	C:\WINDOWS\System32\ucrtbase.dll
0x00007ff9224d0000 - 0x00007ff9224e8000 	C:\Program Files\Android\Android Studio\jbr\bin\jli.dll
0x00007ff908740000 - 0x00007ff90875b000 	C:\Program Files\Android\Android Studio\jbr\bin\VCRUNTIME140.dll
0x00007ff931770000 - 0x00007ff931935000 	C:\WINDOWS\System32\USER32.dll
0x00007ff92ed90000 - 0x00007ff92edb7000 	C:\WINDOWS\System32\win32u.dll
0x00007ff930c00000 - 0x00007ff930c2b000 	C:\WINDOWS\System32\GDI32.dll
0x00007ff917100000 - 0x00007ff917393000 	C:\WINDOWS\WinSxS\amd64_microsoft.windows.common-controls_6595b64144ccf1df_6.0.26100.8037_none_3e092faae333b53b\COMCTL32.dll
0x00007ff92eb10000 - 0x00007ff92ec3b000 	C:\WINDOWS\System32\gdi32full.dll
0x00007ff9306f0000 - 0x00007ff930799000 	C:\WINDOWS\System32\msvcrt.dll
0x00007ff92e8f0000 - 0x00007ff92e993000 	C:\WINDOWS\System32\msvcp_win.dll
0x00007ff930f70000 - 0x00007ff930fa1000 	C:\WINDOWS\System32\IMM32.DLL
0x00007ff922190000 - 0x00007ff92219c000 	C:\Program Files\Android\Android Studio\jbr\bin\vcruntime140_1.dll
0x00007ff8e9730000 - 0x00007ff8e97bd000 	C:\Program Files\Android\Android Studio\jbr\bin\msvcp140.dll
0x00007ff8aefb0000 - 0x00007ff8afc46000 	C:\Program Files\Android\Android Studio\jbr\bin\server\jvm.dll
0x00007ff931530000 - 0x00007ff9315eb000 	C:\WINDOWS\System32\ADVAPI32.dll
0x00007ff92f8b0000 - 0x00007ff92f957000 	C:\WINDOWS\System32\sechost.dll
0x00007ff931610000 - 0x00007ff931728000 	C:\WINDOWS\System32\RPCRT4.dll
0x00007ff930670000 - 0x00007ff9306e4000 	C:\WINDOWS\System32\WS2_32.dll
0x00007ff92e140000 - 0x00007ff92e19e000 	C:\WINDOWS\SYSTEM32\POWRPROF.dll
0x00007ff91b640000 - 0x00007ff91b64b000 	C:\WINDOWS\SYSTEM32\VERSION.dll
0x00007ff9228c0000 - 0x00007ff9228f5000 	C:\WINDOWS\SYSTEM32\WINMM.dll
0x00007ff92e120000 - 0x00007ff92e134000 	C:\WINDOWS\SYSTEM32\UMPDC.dll
0x00007ff92d070000 - 0x00007ff92d08b000 	C:\WINDOWS\SYSTEM32\kernel.appcore.dll
0x00007ff918710000 - 0x00007ff91871a000 	C:\Program Files\Android\Android Studio\jbr\bin\jimage.dll
0x00007ff92c140000 - 0x00007ff92c382000 	C:\WINDOWS\SYSTEM32\DBGHELP.DLL
0x00007ff9307a0000 - 0x00007ff930b22000 	C:\WINDOWS\System32\combase.dll
0x00007ff930230000 - 0x00007ff930307000 	C:\WINDOWS\System32\OLEAUT32.dll
0x00007ff914950000 - 0x00007ff91498b000 	C:\WINDOWS\SYSTEM32\dbgcore.DLL
0x00007ff92f6f0000 - 0x00007ff92f795000 	C:\WINDOWS\System32\bcryptPrimitives.dll
0x00007ff92b3f0000 - 0x00007ff92b3fe000 	C:\Program Files\Android\Android Studio\jbr\bin\instrument.dll
0x00007ff903590000 - 0x00007ff9035b0000 	C:\Program Files\Android\Android Studio\jbr\bin\java.dll
0x00007ff902960000 - 0x00007ff902978000 	C:\Program Files\Android\Android Studio\jbr\bin\zip.dll
0x00007ff92f960000 - 0x00007ff9300bf000 	C:\WINDOWS\System32\SHELL32.dll
0x00007ff92e9a0000 - 0x00007ff92eb0a000 	C:\WINDOWS\System32\wintypes.dll
0x00007ff92edc0000 - 0x00007ff92f624000 	C:\WINDOWS\System32\windows.storage.dll
0x00007ff930cd0000 - 0x00007ff930dc7000 	C:\WINDOWS\System32\SHCORE.dll
0x00007ff930310000 - 0x00007ff930377000 	C:\WINDOWS\System32\shlwapi.dll
0x00007ff92e200000 - 0x00007ff92e229000 	C:\WINDOWS\SYSTEM32\profapi.dll
0x00007ff911f00000 - 0x00007ff911f10000 	C:\Program Files\Android\Android Studio\jbr\bin\net.dll
0x00007ff928df0000 - 0x00007ff928f17000 	C:\WINDOWS\SYSTEM32\WINHTTP.dll
0x00007ff92d5e0000 - 0x00007ff92d64b000 	C:\WINDOWS\system32\mswsock.dll
0x00007ff902910000 - 0x00007ff902926000 	C:\Program Files\Android\Android Studio\jbr\bin\nio.dll
0x00007ff903240000 - 0x00007ff903250000 	C:\Program Files\Android\Android Studio\jbr\bin\verify.dll
0x00007ff908810000 - 0x00007ff908837000 	C:\Users\ADMIN\.gradle\native\1def1411415f61bf3af743bc5b6707747c0891f09f0c88961ee8f79bc544acac\windows-amd64\native-platform.dll
0x00007ff8fc910000 - 0x00007ff8fc988000 	C:\Users\ADMIN\.gradle\native\0.2.7\x86_64-windows-gnu\gradle-fileevents.dll
0x00007ff90dca0000 - 0x00007ff90dca9000 	C:\Program Files\Android\Android Studio\jbr\bin\management.dll
0x00007ff907760000 - 0x00007ff90776b000 	C:\Program Files\Android\Android Studio\jbr\bin\management_ext.dll
0x00007ff931520000 - 0x00007ff931528000 	C:\WINDOWS\System32\PSAPI.DLL
0x00007ff92ca80000 - 0x00007ff92cab3000 	C:\WINDOWS\SYSTEM32\IPHLPAPI.DLL
0x00007ff931760000 - 0x00007ff93176a000 	C:\WINDOWS\System32\NSI.dll
0x00007ff90df40000 - 0x00007ff90df49000 	C:\Program Files\Android\Android Studio\jbr\bin\extnet.dll
0x00007ff92d8c0000 - 0x00007ff92d8db000 	C:\WINDOWS\SYSTEM32\CRYPTSP.dll
0x00007ff92cfd0000 - 0x00007ff92d009000 	C:\WINDOWS\system32\rsaenh.dll
0x00007ff92d690000 - 0x00007ff92d6c2000 	C:\WINDOWS\SYSTEM32\USERENV.dll
0x00007ff92e1d0000 - 0x00007ff92e1fa000 	C:\WINDOWS\SYSTEM32\bcrypt.dll
0x00007ff92d8e0000 - 0x00007ff92d8ec000 	C:\WINDOWS\SYSTEM32\CRYPTBASE.dll
0x00007ff914100000 - 0x00007ff914108000 	C:\WINDOWS\system32\wshunix.dll
0x00007ff90c870000 - 0x00007ff90c888000 	C:\WINDOWS\system32\napinsp.dll
0x00007ff92cac0000 - 0x00007ff92cbea000 	C:\WINDOWS\SYSTEM32\DNSAPI.dll
0x00007ff908910000 - 0x00007ff908922000 	C:\WINDOWS\System32\winrnr.dll
0x00007ff908840000 - 0x00007ff908862000 	C:\WINDOWS\system32\nlansp_c.dll
0x00007ff9087f0000 - 0x00007ff908806000 	C:\WINDOWS\system32\wshbth.dll
0x00007ff928520000 - 0x00007ff92852b000 	C:\Windows\System32\rasadhlp.dll
0x00007ff929d60000 - 0x00007ff929de6000 	C:\WINDOWS\System32\fwpuclnt.dll

JVMTI agents:
C:\Users\ADMIN\.gradle\wrapper\dists\gradle-8.13-bin\5xuhj0ry160q40clulazy9h7d\gradle-8.13\lib\agents\gradle-instrumentation-agent-8.13.jar path:C:\Program Files\Android\Android Studio\jbr\bin\instrument.dll, loaded, initialized, instrumentlib options:none

dbghelp: loaded successfully - version: 4.0.5 - missing functions: none
symbol engine: initialized successfully - sym options: 0x614 - pdb path: .;C:\Program Files\Android\Android Studio\jbr\bin;C:\WINDOWS\SYSTEM32;C:\WINDOWS\WinSxS\amd64_microsoft.windows.common-controls_6595b64144ccf1df_6.0.26100.8037_none_3e092faae333b53b;C:\Program Files\Android\Android Studio\jbr\bin\server;C:\Users\ADMIN\.gradle\native\1def1411415f61bf3af743bc5b6707747c0891f09f0c88961ee8f79bc544acac\windows-amd64;C:\Users\ADMIN\.gradle\native\0.2.7\x86_64-windows-gnu

VM Arguments:
jvm_args: --add-opens=java.base/java.lang=ALL-UNNAMED --add-opens=java.base/java.lang.invoke=ALL-UNNAMED --add-opens=java.base/java.util=ALL-UNNAMED --add-opens=java.prefs/java.util.prefs=ALL-UNNAMED --add-exports=jdk.compiler/com.sun.tools.javac.api=ALL-UNNAMED --add-exports=jdk.compiler/com.sun.tools.javac.util=ALL-UNNAMED --add-opens=java.base/java.util=ALL-UNNAMED --add-opens=java.prefs/java.util.prefs=ALL-UNNAMED --add-opens=java.base/java.nio.charset=ALL-UNNAMED --add-opens=java.base/java.net=ALL-UNNAMED --add-opens=java.base/java.util.concurrent.atomic=ALL-UNNAMED --add-opens=java.xml/javax.xml.namespace=ALL-UNNAMED -XX:MaxMetaspaceSize=1024m -Xmx4096m -Dfile.encoding=UTF-8 -Duser.country=US -Duser.language=en -Duser.variant -javaagent:C:\Users\ADMIN\.gradle\wrapper\dists\gradle-8.13-bin\5xuhj0ry160q40clulazy9h7d\gradle-8.13\lib\agents\gradle-instrumentation-agent-8.13.jar 
java_command: org.gradle.launcher.daemon.bootstrap.GradleDaemon 8.13
java_class_path (initial): C:\Users\ADMIN\.gradle\wrapper\dists\gradle-8.13-bin\5xuhj0ry160q40clulazy9h7d\gradle-8.13\lib\gradle-daemon-main-8.13.jar
Launcher Type: SUN_STANDARD

[Global flags]
     intx CICompilerCount                          = 12                                        {product} {ergonomic}
   size_t CompressedClassSpaceSize                 = 872415232                                 {product} {ergonomic}
     uint ConcGCThreads                            = 3                                         {product} {ergonomic}
     uint G1ConcRefinementThreads                  = 13                                        {product} {ergonomic}
   size_t G1HeapRegionSize                         = 2097152                                   {product} {ergonomic}
    uintx GCDrainStackTargetSize                   = 64                                        {product} {ergonomic}
   size_t InitialHeapSize                          = 264241152                                 {product} {ergonomic}
   size_t MarkStackSize                            = 4194304                                   {product} {ergonomic}
   size_t MaxHeapSize                              = 4294967296                                {product} {command line}
   size_t MaxMetaspaceSize                         = 1073741824                                {product} {command line}
   size_t MaxNewSize                               = 2575302656                                {product} {ergonomic}
   size_t MinHeapDeltaBytes                        = 2097152                                   {product} {ergonomic}
   size_t MinHeapSize                              = 8388608                                   {product} {ergonomic}
    uintx NonNMethodCodeHeapSize                   = 7602480                                {pd product} {ergonomic}
    uintx NonProfiledCodeHeapSize                  = 122027880                              {pd product} {ergonomic}
    uintx ProfiledCodeHeapSize                     = 122027880                              {pd product} {ergonomic}
    uintx ReservedCodeCacheSize                    = 251658240                              {pd product} {ergonomic}
     bool SegmentedCodeCache                       = true                                      {product} {ergonomic}
   size_t SoftMaxHeapSize                          = 4294967296                             {manageable} {ergonomic}
     bool UseCompressedOops                        = true                           {product lp64_product} {ergonomic}
     bool UseG1GC                                  = true                                      {product} {ergonomic}
     bool UseLargePagesIndividualAllocation        = false                                  {pd product} {ergonomic}

Logging:
Log output configuration:
 #0: stdout all=warning uptime,level,tags foldmultilines=false
 #1: stderr all=off uptime,level,tags foldmultilines=false

Release file:
JAVA_VERSION="21.0.9" 
MODULES="java.base java.compiler java.datatransfer java.xml java.prefs java.desktop java.instrument java.logging java.management java.security.sasl java.naming java.rmi java.management.rmi java.net.http java.scripting java.security.jgss java.transaction.xa java.sql java.sql.rowset java.xml.crypto java.se java.smartcardio jdk.accessibility jdk.internal.jvmstat jdk.attach jdk.charsets jdk.internal.opt jdk.zipfs jdk.compiler jdk.crypto.ec jdk.crypto.cryptoki jdk.dynalink jdk.hotspot.agent jdk.httpserver jdk.internal.ed jdk.internal.le jdk.internal.vm.ci jdk.jartool jdk.javadoc jdk.jcmd jdk.jdeps jdk.jdwp.agent jdk.jdi jdk.jfr jdk.jlink jdk.jsobject jdk.localedata jdk.management jdk.management.agent jdk.management.jfr jdk.naming.dns jdk.naming.rmi jdk.net jdk.sctp jdk.security.auth jdk.security.jgss jdk.unsupported jdk.unsupported.desktop jdk.xml.dom" 
IMPLEMENTOR="JetBrains s.r.o." 
JAVA_RUNTIME_VERSION="21.0.9+-14787801-b1163.94" 
LIBC="default" 
OS_ARCH="x86_64" 
OS_NAME="Windows" 
SOURCE=".:git:0c757ddc9f2f" 

Environment Variables:
JAVA_HOME=C:\Program Files\Java\jdk-21
PATH=D:\VMWare\bin\;D:\Python\Scripts\;D:\Python\;C:\Program Files\Common Files\Oracle\Java\javapath;C:\Program Files (x86)\Common Files\Oracle\Java\javapath;C:\WINDOWS\system32;C:\WINDOWS;C:\WINDOWS\System32\Wbem;C:\WINDOWS\System32\WindowsPowerShell\v1.0\;C:\WINDOWS\System32\OpenSSH\;C:\Program Files (x86)\Microsoft SQL Server\160\Tools\Binn\;C:\Program Files\Microsoft SQL Server\160\Tools\Binn\;C:\Program Files\Microsoft SQL Server\Client SDK\ODBC\170\Tools\Binn\;C:\Program Files\Microsoft SQL Server\160\DTS\Binn\;C:\Program Files (x86)\Microsoft SQL Server\160\DTS\Binn\;C:\Program Files\Azure Data Studio\bin;C:\Program Files\Git\cmd;C:\xampp\php;C:\ProgramData\ComposerSetup\bin;C:\Users\ADMIN\apache-maven-3.9.9\bin;C:\scrcpy-win64-v3.2;C:\Program Files\Java\jdk-17\bin\;C:\Program Files\Zulu\zulu-21\bin\;C:\Users\ADMIN\Downloads\ffmpeg-8.0-essentials_build\ffmpeg-8.0-essentials_build\bin;C:\Program Files\Microsoft SQL Server\170\Tools\Binn\;C:\Program Files\Microsoft SQL Server\130\DTS\Binn\;C:\Program Files\Microsoft SQL Server\140\DTS\Binn\;C:\Program Files\Microsoft SQL Server\150\DTS\Binn\;C:\Program Files\Microsoft SQL Server\170\DTS\Binn\;C:\Users\ADMIN\AppData\Local\Microsoft\WindowsApps;C:\Program Files\Azure Data Studio\bin;C:\Users\ADMIN\AppData\Roaming\Composer\vendor\bin;C:\Program Files\JetBrains\IntelliJ IDEA 2024.3.1.1\bin;;C:\Program Files\JetBrains\IntelliJ IDEA Community Edition 2024.3.1.1\bin;;C:\Users\ADMIN\Downloads\platform-tools;C:\Users\ADMIN\AppData\Local\Programs\Microsoft VS Code\bin;C:\Users\ADMIN\Downloads\ffmpeg-8.0-essentials_build\ffmpeg-8.0-essentials_build\bin;C:\Users\ADMIN\AppData\Local\Programs\Antigravity\bin
USERNAME=ADMIN
OS=Windows_NT
PROCESSOR_IDENTIFIER=Intel64 Family 6 Model 186 Stepping 2, GenuineIntel
TMP=C:\Users\ADMIN\AppData\Local\Temp
TEMP=C:\Users\ADMIN\AppData\Local\Temp




Periodic native trim disabled

JNI global refs:
JNI global refs: 43, weak refs: 125

JNI global refs memory usage: 835, weak refs: 1465

Process memory usage:
Resident Set Size: 936936K (5% of 16393140K total physical memory with 1981732K free physical memory)

OOME stack traces (most recent first):
Classloader memory used:
Loader org.gradle.internal.classloader.VisitableURLClassLoader$InstrumentingVisitableURLClassLoader: 62375K
Loader org.gradle.internal.classloader.VisitableURLClassLoader                         : 47013K
Loader bootstrap                                                                       : 31600K
Loader org.gradle.initialization.MixInLegacyTypesClassLoader                           : 13936K
Loader jdk.internal.loader.ClassLoaders$AppClassLoader                                 : 8578K
Loader jdk.internal.loader.ClassLoaders$PlatformClassLoader                            : 739K
Loader jdk.internal.reflect.DelegatingClassLoader                                      : 525K
Loader org.gradle.groovy.scripts.internal.DefaultScriptCompilationHandler$ScriptClassLoader: 250K
Loader org.gradle.internal.classloader.VisitableURLClassLoader                         : 231K
Loader org.codehaus.groovy.runtime.callsite.CallSiteClassLoader                        : 31176B

Classes loaded by more than one classloader:
Class Program                                                                         : loaded 3 times (x 72B)
Class com.google.common.base.PairwiseEquivalence                                      : loaded 2 times (x 83B)
Class com.google.common.base.Equivalence$Identity                                     : loaded 2 times (x 82B)
Class com.google.common.collect.RegularImmutableMap$KeySet                            : loaded 2 times (x 152B)
Class org.gradle.internal.classloader.FilteringClassLoader                            : loaded 2 times (x 105B)
Class [Lcom.google.common.collect.MapMakerInternalMap$Segment;                        : loaded 2 times (x 69B)
Class com.google.common.io.FileWriteMode                                              : loaded 2 times (x 79B)
Class [Lcom.google.common.base.AbstractIterator$State;                                : loaded 2 times (x 69B)
Class com.google.common.base.CharMatcher$IsEither                                     : loaded 2 times (x 111B)
Class org.gradle.internal.classloader.ClassLoaderHierarchy                            : loaded 2 times (x 70B)
Class com.google.common.collect.AbstractMapBasedMultimap$WrappedCollection            : loaded 2 times (x 124B)
Class com.google.common.collect.ImmutableEnumSet                                      : loaded 2 times (x 146B)
Class com.google.common.util.concurrent.ExecutionError                                : loaded 2 times (x 82B)
Class com.google.common.collect.ImmutableList$1                                       : loaded 2 times (x 97B)
Class org.gradle.api.internal.classpath.ManifestUtil                                  : loaded 2 times (x 71B)
Class com.google.common.io.ByteArrayDataOutput                                        : loaded 2 times (x 70B)
Class com.google.common.collect.RegularImmutableMap                                   : loaded 2 times (x 121B)
Class com.google.common.collect.ImmutableMap$MapViewOfValuesAsSingletonSets           : loaded 2 times (x 126B)
Class [Lorg.objectweb.asm.Symbol;                                                     : loaded 2 times (x 69B)
Class org.objectweb.asm.ClassVisitor                                                  : loaded 2 times (x 88B)
Class com.google.common.collect.UnmodifiableListIterator                              : loaded 2 times (x 95B)
Class com.google.common.collect.MapMakerInternalMap$StrongKeyDummyValueEntry$LinkedStrongKeyDummyValueEntry: loaded 2 times (x 82B)
Class com.google.common.collect.MapMakerInternalMap$Strength                          : loaded 2 times (x 80B)
Class com.google.common.base.Platform$JdkPatternCompiler                              : loaded 2 times (x 75B)
Class org.objectweb.asm.MethodTooLargeException                                       : loaded 2 times (x 83B)
Class [Lcom.google.common.cache.CacheBuilder$OneWeigher;                              : loaded 2 times (x 69B)
Class com.google.common.base.Suppliers                                                : loaded 2 times (x 71B)
Class org.gradle.internal.classloader.DefaultClassLoaderFactory                       : loaded 2 times (x 82B)
Class [Lcom.google.common.collect.AbstractIterator$State;                             : loaded 2 times (x 69B)
Class com.google.common.base.CharMatcher$None                                         : loaded 2 times (x 112B)
Class org.gradle.internal.classloader.ClassLoaderVisitor                              : loaded 2 times (x 76B)
Class [Lcom.google.common.collect.ImmutableMapEntry;                                  : loaded 2 times (x 69B)
Class org.gradle.api.internal.classpath.EffectiveClassPath                            : loaded 2 times (x 90B)
Class com.google.common.collect.ImmutableRangeSet                                     : loaded 2 times (x 115B)
Class com.google.common.collect.ListMultimap                                          : loaded 2 times (x 70B)
Class com.google.common.collect.ImmutableEnumMap                                      : loaded 2 times (x 126B)
Class com.google.common.base.Splitter                                                 : loaded 2 times (x 72B)
Class com.google.common.collect.Sets$1                                                : loaded 2 times (x 139B)
Class org.objectweb.asm.AnnotationVisitor                                             : loaded 2 times (x 78B)
Class org.gradle.api.internal.DefaultClassPathProvider                                : loaded 2 times (x 76B)
Class com.google.common.collect.MapMakerInternalMap$Strength$1                        : loaded 2 times (x 80B)
Class com.google.common.collect.Maps$ViewCachingAbstractMap                           : loaded 2 times (x 125B)
Class com.google.common.collect.Sets$2                                                : loaded 2 times (x 139B)
Class [Lorg.gradle.api.internal.ClassPathProvider;                                    : loaded 2 times (x 69B)
Class org.gradle.api.internal.ClassPathProvider                                       : loaded 2 times (x 70B)
Class com.google.common.collect.MapMakerInternalMap$Strength$2                        : loaded 2 times (x 80B)
Class com.google.common.base.AbstractIterator$State                                   : loaded 2 times (x 79B)
Class [Lorg.objectweb.asm.AnnotationVisitor;                                          : loaded 2 times (x 69B)
Class com.google.common.collect.Sets$3                                                : loaded 2 times (x 139B)
Class com.google.common.util.concurrent.AbstractFuture$SafeAtomicHelper               : loaded 2 times (x 79B)
Class com.google.common.cache.LocalCache$LocalLoadingCache                            : loaded 2 times (x 134B)
Class org.gradle.internal.service.UnknownServiceException                             : loaded 2 times (x 83B)
Class com.google.common.io.ByteArrayDataInput                                         : loaded 2 times (x 70B)
Class com.google.common.collect.MapMakerInternalMap$StrongValueEntry                  : loaded 2 times (x 70B)
Class com.google.common.collect.Sets$4                                                : loaded 2 times (x 139B)
Class org.objectweb.asm.ModuleVisitor                                                 : loaded 2 times (x 81B)
Class com.google.common.cache.LocalCache$Strength$1                                   : loaded 2 times (x 81B)
Class com.google.common.util.concurrent.SettableFuture                                : loaded 2 times (x 114B)
Class com.google.common.cache.LocalCache$Strength$2                                   : loaded 2 times (x 81B)
Class com.google.common.io.ByteStreams                                                : loaded 2 times (x 71B)
Class com.google.common.collect.Interners$InternerImpl                                : loaded 2 times (x 75B)
Class com.google.common.collect.Interner                                              : loaded 2 times (x 70B)
Class com.google.common.base.Splitter$1                                               : loaded 2 times (x 77B)
Class com.google.common.cache.LocalCache$Strength$3                                   : loaded 2 times (x 81B)
Class com.google.common.collect.MapDifference                                         : loaded 2 times (x 70B)
Class com.google.common.collect.MapMaker$Dummy                                        : loaded 2 times (x 79B)
Class org.objectweb.asm.FieldWriter                                                   : loaded 2 times (x 78B)
Class com.google.common.cache.CacheBuilder$NullListener                               : loaded 2 times (x 82B)
Class org.gradle.internal.classpath.TransformedClassPath                              : loaded 2 times (x 96B)
Class org.gradle.internal.classloader.InstrumentingClassLoader                        : loaded 2 times (x 70B)
Class com.google.common.collect.ImmutableListMultimap                                 : loaded 2 times (x 176B)
Class com.google.common.collect.ImmutableRangeSet$AsSet                               : loaded 2 times (x 300B)
Class com.google.common.cache.CacheLoader$FunctionToCacheLoader                       : loaded 2 times (x 75B)
Class com.google.common.collect.Iterators$ArrayItr                                    : loaded 2 times (x 97B)
Class com.google.common.collect.ImmutableCollection$Builder                           : loaded 2 times (x 76B)
Class com.google.common.collect.EmptyImmutableListMultimap                            : loaded 2 times (x 176B)
Class com.google.common.collect.BaseImmutableMultimap                                 : loaded 2 times (x 123B)
Class com.google.common.base.Joiner                                                   : loaded 2 times (x 79B)
Class com.google.common.base.MoreObjects                                              : loaded 2 times (x 71B)
Class com.google.common.collect.Platform                                              : loaded 2 times (x 71B)
Class [Lorg.objectweb.asm.Type;                                                       : loaded 2 times (x 69B)
Class com.google.common.collect.UnmodifiableIterator                                  : loaded 2 times (x 80B)
Class org.gradle.internal.service.ServiceLocator                                      : loaded 2 times (x 70B)
Class com.google.common.collect.HashBiMap$BiEntry                                     : loaded 2 times (x 83B)
Class com.google.common.base.Ascii                                                    : loaded 2 times (x 71B)
Class com.google.common.collect.SingletonImmutableBiMap                               : loaded 2 times (x 143B)
Class com.google.common.cache.LocalCache$1                                            : loaded 2 times (x 89B)
Class com.google.common.collect.AbstractMapEntry                                      : loaded 2 times (x 81B)
Class ijJvmDebugger1_amxldhla0sgtknc2p75ob1gmp$_run_closure1$_closure2                : loaded 2 times (x 140B)
Class com.google.common.collect.MapMakerInternalMap$AbstractStrongKeyEntry            : loaded 2 times (x 80B)
Class com.google.common.collect.Sets$ImprovedAbstractSet                              : loaded 2 times (x 135B)
Class com.google.common.collect.ImmutableList$Builder                                 : loaded 2 times (x 77B)
Class com.google.common.collect.AbstractMultimap                                      : loaded 2 times (x 123B)
Class com.google.common.cache.LocalCache$2                                            : loaded 2 times (x 142B)
Class com.google.common.collect.ImmutableRangeSet$1                                   : loaded 2 times (x 210B)
Class com.google.common.util.concurrent.AbstractFuture$UnsafeAtomicHelper$1           : loaded 2 times (x 76B)
Class com.google.common.collect.RegularImmutableAsList                                : loaded 2 times (x 217B)
Class com.google.common.base.Optional                                                 : loaded 2 times (x 80B)
Class com.google.common.collect.Range                                                 : loaded 2 times (x 87B)
Class com.google.common.util.concurrent.AbstractFuture$Trusted                        : loaded 2 times (x 70B)
Class com.google.common.collect.Iterators                                             : loaded 2 times (x 71B)
Class com.google.common.io.ByteSink$AsCharSink                                        : loaded 2 times (x 80B)
Class com.google.common.collect.Lists$StringAsImmutableList                           : loaded 2 times (x 207B)
Class com.google.common.util.concurrent.UncheckedExecutionException                   : loaded 2 times (x 82B)
Class org.gradle.internal.InternalTransformer                                         : loaded 2 times (x 70B)
Class com.google.common.collect.AbstractMapBasedMultimap$KeySet$1                     : loaded 2 times (x 82B)
Class org.objectweb.asm.ClassWriter                                                   : loaded 2 times (x 106B)
Class com.google.common.base.CharMatcher$And                                          : loaded 2 times (x 112B)
Class com.google.common.cache.CacheLoader$UnsupportedLoadingOperationException        : loaded 2 times (x 82B)
Class org.gradle.internal.classloader.ClasspathUtil$1                                 : loaded 2 times (x 76B)
Class com.google.common.collect.FluentIterable$1                                      : loaded 2 times (x 81B)
Class com.google.common.base.Objects                                                  : loaded 2 times (x 71B)
Class org.objectweb.asm.FieldVisitor                                                  : loaded 2 times (x 77B)
Class com.google.common.collect.IndexedImmutableSet                                   : loaded 2 times (x 152B)
Class com.google.common.collect.ImmutableMap$1                                        : loaded 2 times (x 81B)
Class com.google.common.collect.BiMap                                                 : loaded 2 times (x 70B)
Class org.gradle.api.internal.classpath.DefaultModuleRegistry$DefaultModule           : loaded 2 times (x 86B)
Class com.google.common.base.Absent                                                   : loaded 2 times (x 80B)
Class com.google.common.collect.FluentIterable$2                                      : loaded 2 times (x 81B)
Class com.google.common.primitives.Ints                                               : loaded 2 times (x 71B)
Class com.google.common.collect.AbstractIterator                                      : loaded 2 times (x 82B)
Class com.google.common.collect.FluentIterable$3                                      : loaded 2 times (x 81B)
Class com.google.common.collect.ObjectArrays                                          : loaded 2 times (x 71B)
Class com.google.common.collect.Multiset                                              : loaded 2 times (x 70B)
Class com.google.common.collect.ArrayListMultimapGwtSerializationDependencies         : loaded 2 times (x 172B)
Class com.google.common.collect.AbstractIndexedListIterator                           : loaded 2 times (x 96B)
Class com.google.common.math.MathPreconditions                                        : loaded 2 times (x 71B)
Class com.google.common.collect.ImmutableMapEntrySet                                  : loaded 2 times (x 152B)
Class org.gradle.api.internal.classpath.Module                                        : loaded 2 times (x 70B)
Class com.google.common.cache.Weigher                                                 : loaded 2 times (x 70B)
Class org.gradle.api.internal.classpath.UnknownModuleException                        : loaded 2 times (x 82B)
Class com.google.common.base.Stopwatch                                                : loaded 2 times (x 72B)
Class com.google.common.cache.LocalCache$Strength                                     : loaded 2 times (x 81B)
Class com.google.common.cache.Cache                                                   : loaded 2 times (x 70B)
Class com.google.common.io.Files$2                                                    : loaded 2 times (x 76B)
Class com.google.common.io.AppendableWriter                                           : loaded 2 times (x 100B)
Class com.google.common.base.NullnessCasts                                            : loaded 2 times (x 71B)
Class com.google.common.util.concurrent.AbstractFuture$Cancellation                   : loaded 2 times (x 72B)
Class com.google.common.collect.ImmutableMap$Builder                                  : loaded 2 times (x 82B)
Class com.google.common.base.Present                                                  : loaded 2 times (x 81B)
Class com.google.common.cache.RemovalListener                                         : loaded 2 times (x 70B)
Class org.gradle.api.internal.DefaultClassPathRegistry                                : loaded 2 times (x 76B)
Class com.google.common.collect.ImmutableMultimap$Keys                                : loaded 2 times (x 166B)
Class com.google.common.primitives.IntsMethodsForWeb                                  : loaded 2 times (x 71B)
Class com.google.common.collect.Multimap                                              : loaded 2 times (x 70B)
Class org.gradle.api.internal.ClassPathRegistry                                       : loaded 2 times (x 70B)
Class org.gradle.internal.classpath.DefaultClassPath$ImmutableUniqueList              : loaded 2 times (x 199B)
Class com.google.common.collect.NullnessCasts                                         : loaded 2 times (x 71B)
Class com.google.common.collect.MapMakerInternalMap$Segment                           : loaded 2 times (x 142B)
Class com.google.common.base.ExtraObjectsMethodsForWeb                                : loaded 2 times (x 71B)
Class com.google.common.io.ByteSink                                                   : loaded 2 times (x 76B)
Class com.google.common.cache.CacheBuilder                                            : loaded 2 times (x 72B)
Class com.google.common.collect.SingletonImmutableList                                : loaded 2 times (x 207B)
Class com.google.common.io.LineReader                                                 : loaded 2 times (x 72B)
Class Settings_gradle$1                                                               : loaded 2 times (x 74B)
Class ijKotlinCoroutineJvmDebugInit1_d5t7rhvdx4fr9ghubjyipk6vu$_run_closure1$_closure2: loaded 2 times (x 139B)
Class org.gradle.internal.classpath.ClassPath                                         : loaded 2 times (x 70B)
Class org.gradle.api.UncheckedIOException                                             : loaded 2 times (x 82B)
Class com.google.common.collect.Interners$InternerBuilder                             : loaded 2 times (x 76B)
Class com.google.common.io.Files$FileByteSource                                       : loaded 2 times (x 85B)
Class com.google.common.base.JdkPattern                                               : loaded 2 times (x 75B)
Class com.google.common.collect.ImmutableList$ReverseImmutableList                    : loaded 2 times (x 209B)
Class com.google.common.io.CharStreams$NullWriter                                     : loaded 2 times (x 99B)
Class org.objectweb.asm.SymbolTable$Entry                                             : loaded 2 times (x 74B)
Class com.google.common.util.concurrent.AbstractFuture$AtomicHelper                   : loaded 2 times (x 78B)
Class org.objectweb.asm.Edge                                                          : loaded 2 times (x 72B)
Class com.google.common.base.Suppliers$SupplierOfInstance                             : loaded 2 times (x 79B)
Class com.google.common.collect.Iterators$1                                           : loaded 2 times (x 81B)
Class com.google.common.cache.LocalCache$ComputingValueReference                      : loaded 2 times (x 96B)
Class com.google.common.collect.SingletonImmutableSet                                 : loaded 2 times (x 146B)
Class com.google.common.collect.ImmutableMap$IteratorBasedImmutableMap                : loaded 2 times (x 126B)
Class com.google.common.collect.AbstractMapBasedMultimap$AsMap$AsMapEntries           : loaded 2 times (x 138B)
Class com.google.common.cache.LocalCache$Segment                                      : loaded 2 times (x 154B)
Class com.google.common.collect.SortedIterable                                        : loaded 2 times (x 70B)
Class com.google.common.collect.AbstractListMultimap                                  : loaded 2 times (x 172B)
Class [Lorg.objectweb.asm.SymbolTable$Entry;                                          : loaded 2 times (x 69B)
Class com.google.common.cache.CacheLoader                                             : loaded 2 times (x 74B)
Class com.google.common.collect.Iterators$4                                           : loaded 2 times (x 82B)
Class com.google.common.collect.ImmutableBiMap                                        : loaded 2 times (x 143B)
Class org.gradle.internal.installation.GradleInstallation$1                           : loaded 2 times (x 75B)
Class org.gradle.api.internal.classpath.ModuleRegistry                                : loaded 2 times (x 70B)
Class com.google.common.base.Splitter$SplittingIterator                               : loaded 2 times (x 84B)
Class com.google.common.util.concurrent.internal.InternalFutureFailureAccess          : loaded 2 times (x 72B)
Class com.google.common.collect.Iterators$5                                           : loaded 2 times (x 82B)
Class com.google.common.collect.ImmutableSet$JdkBackedSetBuilderImpl                  : loaded 2 times (x 76B)
Class com.google.common.collect.ImmutableMultimap$Values                              : loaded 2 times (x 126B)
Class com.google.common.collect.HashBiMap$Inverse                                     : loaded 2 times (x 142B)
Class com.google.common.util.concurrent.AbstractFuture$UnsafeAtomicHelper             : loaded 2 times (x 78B)
Class com.google.common.base.CharMatcher$ForPredicate                                 : loaded 2 times (x 112B)
Class com.google.common.cache.LocalCache$LocalManualCache$1                           : loaded 2 times (x 75B)
Class com.google.common.base.CharMatcher$AnyOf                                        : loaded 2 times (x 112B)
Class com.google.common.collect.ImmutableCollection                                   : loaded 2 times (x 125B)
Class ijKotlinCoroutineJvmDebugInit1_d5t7rhvdx4fr9ghubjyipk6vu                        : loaded 2 times (x 179B)
Class org.gradle.api.internal.classpath.DefaultModuleRegistry                         : loaded 2 times (x 86B)
Class com.google.common.collect.Lists                                                 : loaded 2 times (x 71B)
Class com.google.common.util.concurrent.ListenableFuture                              : loaded 2 times (x 70B)
Class com.google.common.cache.ReferenceEntry                                          : loaded 2 times (x 70B)
Class com.google.common.base.Converter                                                : loaded 2 times (x 90B)
Class com.google.common.collect.ImmutableSet$CachingAsList                            : loaded 2 times (x 148B)
Class build_3fxlyzhy5s3jp78mlf672qaxo                                                 : loaded 2 times (x 180B)
Class com.google.common.collect.AbstractMapBasedMultimap                              : loaded 2 times (x 139B)
Class com.google.common.util.concurrent.AbstractFuture                                : loaded 2 times (x 106B)
Class com.google.common.base.FunctionalEquivalence                                    : loaded 2 times (x 83B)
Class com.google.common.collect.Iterators$9                                           : loaded 2 times (x 81B)
Class com.google.common.collect.ImmutableAsList                                       : loaded 2 times (x 209B)
Class com.google.common.io.CharStreams                                                : loaded 2 times (x 71B)
Class com.google.common.collect.ImmutableMultiset                                     : loaded 2 times (x 163B)
Class org.objectweb.asm.RecordComponentVisitor                                        : loaded 2 times (x 77B)
Class com.google.common.cache.CacheLoader$SupplierToCacheLoader                       : loaded 2 times (x 75B)
Class com.google.common.collect.Maps$EntryTransformer                                 : loaded 2 times (x 70B)
Class org.gradle.internal.service.ServiceLookupException                              : loaded 2 times (x 82B)
Class com.google.common.collect.Lists$ReverseList                                     : loaded 2 times (x 200B)
Class com.google.common.collect.ImmutableSortedSet                                    : loaded 2 times (x 300B)
Class [Lcom.google.common.cache.LocalCache$EntryFactory;                              : loaded 2 times (x 69B)
Class org.gradle.internal.classloader.ClassLoaderFactory                              : loaded 2 times (x 70B)
Class com.google.common.base.CommonPattern                                            : loaded 2 times (x 74B)
Class com.google.common.base.CharMatcher$IsNot                                        : loaded 2 times (x 111B)
Class com.google.common.cache.LocalCache$LocalManualCache                             : loaded 2 times (x 99B)
Class org.gradle.internal.service.CachingServiceLocator                               : loaded 2 times (x 82B)
Class com.google.common.collect.AbstractMapBasedMultimap$KeySet                       : loaded 2 times (x 137B)
Class com.google.common.collect.RegularImmutableSortedSet                             : loaded 2 times (x 300B)
Class com.google.common.math.IntMath                                                  : loaded 2 times (x 71B)
Class com.google.common.collect.MapMakerInternalMap$InternalEntry                     : loaded 2 times (x 70B)
Class [Lcom.google.common.collect.HashBiMap$BiEntry;                                  : loaded 2 times (x 69B)
Class com.google.common.collect.ImmutableMapEntry                                     : loaded 2 times (x 85B)
Class com.google.common.collect.ImmutableMultimap                                     : loaded 2 times (x 147B)
Class com.google.common.base.Equivalence                                              : loaded 2 times (x 82B)
Class com.google.common.base.Function                                                 : loaded 2 times (x 70B)
Class com.google.common.collect.ImmutableMapEntry$NonTerminalImmutableMapEntry        : loaded 2 times (x 85B)
Class com.google.common.collect.IndexedImmutableSet$1                                 : loaded 2 times (x 213B)
Class com.google.common.cache.CacheBuilder$OneWeigher                                 : loaded 2 times (x 82B)
Class com.google.common.collect.RegularImmutableList                                  : loaded 2 times (x 213B)
Class org.gradle.internal.classloader.ClasspathUtil                                   : loaded 2 times (x 71B)
Class com.google.common.base.Charsets                                                 : loaded 2 times (x 71B)
Class com.google.common.util.concurrent.Uninterruptibles                              : loaded 2 times (x 71B)
Class com.google.common.collect.Maps                                                  : loaded 2 times (x 71B)
Class ijKotlinCoroutineJvmDebugInit1_d5t7rhvdx4fr9ghubjyipk6vu$_run_closure1          : loaded 2 times (x 139B)
Class org.gradle.api.specs.Spec                                                       : loaded 2 times (x 70B)
Class com.google.common.collect.MapMaker                                              : loaded 2 times (x 72B)
Class [Lcom.google.common.collect.ImmutableEntry;                                     : loaded 2 times (x 69B)
Class com.google.common.cache.LocalCache$LoadingValueReference                        : loaded 2 times (x 96B)
Class com.google.common.collect.MapMakerInternalMap$StrongKeyDummyValueEntry          : loaded 2 times (x 82B)
Class com.google.common.io.LineReader$1                                               : loaded 2 times (x 75B)
Class com.google.common.collect.CollectSpliterators                                   : loaded 2 times (x 71B)
Class com.google.common.collect.AbstractMapBasedMultimap$AsMap                        : loaded 2 times (x 128B)
Class com.google.common.base.Platform                                                 : loaded 2 times (x 71B)
Class com.google.common.collect.AbstractMapBasedMultimap$WrappedList                  : loaded 2 times (x 205B)
Class [Lorg.objectweb.asm.AnnotationWriter;                                           : loaded 2 times (x 69B)
Class com.google.common.collect.Maps$8                                                : loaded 2 times (x 82B)
Class com.google.common.collect.Lists$ReverseList$1                                   : loaded 2 times (x 99B)
Class com.google.common.collect.ImmutableRangeSet$Builder                             : loaded 2 times (x 77B)
Class com.google.common.collect.Sets$SetView                                          : loaded 2 times (x 138B)
Class com.google.common.cache.LocalCache$StrongValueReference                         : loaded 2 times (x 90B)
Class com.google.common.util.concurrent.AbstractFuture$SynchronizedHelper             : loaded 2 times (x 78B)
Class com.google.common.graph.SuccessorsFunction                                      : loaded 2 times (x 70B)
Class org.objectweb.asm.Type                                                          : loaded 2 times (x 72B)
Class org.gradle.internal.classloader.VisitableURLClassLoader$InstrumentingVisitableURLClassLoader: loaded 2 times (x 123B)
Class com.google.common.collect.MapMakerInternalMap$StrongKeyDummyValueEntry$Helper   : loaded 2 times (x 79B)
Class com.google.common.io.Files$FileByteSink                                         : loaded 2 times (x 77B)
Class org.objectweb.asm.ByteVector                                                    : loaded 2 times (x 79B)
Class [Lcom.google.common.cache.CacheBuilder$NullListener;                            : loaded 2 times (x 69B)
Class com.google.common.math.IntMath$1                                                : loaded 2 times (x 71B)
Class org.gradle.internal.classloader.VisitableURLClassLoader$Spec                    : loaded 2 times (x 74B)
Class org.gradle.internal.classpath.DefaultClassPath                                  : loaded 2 times (x 90B)
Class com.google.common.base.AbstractIterator                                         : loaded 2 times (x 80B)
Class org.objectweb.asm.Symbol                                                        : loaded 2 times (x 73B)
Class com.google.common.io.Closer                                                     : loaded 2 times (x 78B)
Class com.google.common.io.Java8Compatibility                                         : loaded 2 times (x 71B)
Class com.google.common.base.CharMatcher$Ascii                                        : loaded 2 times (x 112B)
Class com.google.common.base.CharMatcher$BitSetMatcher                                : loaded 2 times (x 112B)
Class com.google.common.collect.RegularImmutableMap$Values                            : loaded 2 times (x 207B)
Class com.google.common.collect.ImmutableSet                                          : loaded 2 times (x 145B)
Class org.gradle.internal.classloader.ClassLoaderSpec                                 : loaded 2 times (x 71B)
Class org.objectweb.asm.AnnotationWriter                                              : loaded 2 times (x 79B)
Class com.google.common.cache.CacheStats                                              : loaded 2 times (x 71B)
Class ijJvmDebugger1_amxldhla0sgtknc2p75ob1gmp                                        : loaded 2 times (x 179B)
Class com.google.common.collect.Interners                                             : loaded 2 times (x 71B)
Class com.google.common.io.Closer$Suppressor                                          : loaded 2 times (x 70B)
Class com.google.common.io.LineProcessor                                              : loaded 2 times (x 70B)
Class com.google.common.collect.ImmutableMultisetGwtSerializationDependencies         : loaded 2 times (x 125B)
Class org.objectweb.asm.RecordComponentWriter                                         : loaded 2 times (x 78B)
Class com.google.common.util.concurrent.AbstractFuture$Listener                       : loaded 2 times (x 72B)
Class com.google.common.base.CharMatcher$Or                                           : loaded 2 times (x 112B)
Class Settings_gradle$1$1                                                             : loaded 2 times (x 74B)
Class org.objectweb.asm.Attribute                                                     : loaded 2 times (x 77B)
Class com.google.common.base.Supplier                                                 : loaded 2 times (x 70B)
Class org.gradle.internal.classloader.VisitableURLClassLoader                         : loaded 2 times (x 117B)
Class com.google.common.collect.ImmutableList$SerializedForm                          : loaded 2 times (x 73B)
Class com.google.common.util.concurrent.AbstractFuture$Waiter                         : loaded 2 times (x 72B)
Class Settings_gradle                                                                 : loaded 2 times (x 128B)
Class org.gradle.internal.Cast                                                        : loaded 2 times (x 71B)
Class org.gradle.api.Action                                                           : loaded 2 times (x 70B)
Class com.google.common.collect.MapMakerInternalMap                                   : loaded 2 times (x 161B)
Class com.google.common.collect.HashBiMap                                             : loaded 2 times (x 143B)
Class com.google.common.base.Strings                                                  : loaded 2 times (x 71B)
Class com.google.common.collect.Sets                                                  : loaded 2 times (x 71B)
Class org.objectweb.asm.Handler                                                       : loaded 2 times (x 72B)
Class com.google.common.base.CharMatcher$FastMatcher                                  : loaded 2 times (x 111B)
Class com.google.common.base.Ticker                                                   : loaded 2 times (x 72B)
Class [Lcom.google.common.cache.LocalCache$Segment;                                   : loaded 2 times (x 69B)
Class com.google.common.base.Predicate                                                : loaded 2 times (x 70B)
Class [Lcom.google.common.cache.LocalCache$Strength;                                  : loaded 2 times (x 69B)
Class com.google.common.cache.CacheBuilder$1                                          : loaded 2 times (x 85B)
Class com.google.common.collect.ImmutableMap                                          : loaded 2 times (x 120B)
Class org.gradle.internal.classpath.DefaultClassPath$ImmutableUniqueList$Builder      : loaded 2 times (x 75B)
Class com.google.common.collect.MapMakerInternalMap$WeakValueReference                : loaded 2 times (x 70B)
Class com.google.common.collect.AbstractRangeSet                                      : loaded 2 times (x 114B)
Class com.google.common.base.CharMatcher$NegatedFastMatcher                           : loaded 2 times (x 113B)
Class com.google.common.cache.LocalCache                                              : loaded 2 times (x 187B)
Class com.google.common.cache.CacheBuilder$2                                          : loaded 2 times (x 79B)
Class com.google.common.collect.ArrayListMultimap                                     : loaded 2 times (x 172B)
Class com.google.common.cache.CacheBuilder$3                                          : loaded 2 times (x 72B)
Class [Lcom.google.common.collect.AbstractMapEntry;                                   : loaded 2 times (x 69B)
Class com.google.common.collect.ImmutableEntry                                        : loaded 2 times (x 82B)
Class org.gradle.api.GradleException                                                  : loaded 2 times (x 82B)
Class com.google.common.base.Suppliers$MemoizingSupplier                              : loaded 2 times (x 79B)
Class com.google.common.collect.CollectPreconditions                                  : loaded 2 times (x 71B)
Class [Lcom.google.common.collect.MapMakerInternalMap$Strength;                       : loaded 2 times (x 69B)
Class [Lcom.google.common.io.FileWriteMode;                                           : loaded 2 times (x 69B)
Class com.google.common.collect.SortedMapDifference                                   : loaded 2 times (x 70B)
Class ijJvmDebugger1_amxldhla0sgtknc2p75ob1gmp$_run_closure1                          : loaded 2 times (x 139B)
Class com.google.common.collect.MapMakerInternalMap$StrongKeyDummyValueSegment        : loaded 2 times (x 142B)
Class com.google.common.collect.Iterables$4                                           : loaded 2 times (x 81B)
Class com.google.common.io.Files                                                      : loaded 2 times (x 71B)
Class com.google.common.cache.LocalCache$EntryFactory                                 : loaded 2 times (x 83B)
Class [Lcom.google.common.collect.MapMaker$Dummy;                                     : loaded 2 times (x 69B)
Class com.google.common.base.CharMatcher$Whitespace                                   : loaded 2 times (x 112B)
Class com.google.common.base.Splitter$1$1                                             : loaded 2 times (x 86B)
Class com.google.common.cache.LocalCache$AbstractReferenceEntry                       : loaded 2 times (x 107B)
Class org.gradle.internal.IoActions                                                   : loaded 2 times (x 71B)
Class com.google.common.collect.ImmutableMapKeySet                                    : loaded 2 times (x 152B)
Class com.google.common.collect.ImmutableRangeSet$ComplementRanges                    : loaded 2 times (x 207B)
Class org.objectweb.asm.SymbolTable                                                   : loaded 2 times (x 72B)
Class com.google.common.cache.CacheLoader$InvalidCacheLoadException                   : loaded 2 times (x 82B)
Class com.google.common.collect.ImmutableSet$RegularSetBuilderImpl                    : loaded 2 times (x 77B)
Class org.gradle.internal.classloader.SystemClassLoaderSpec                           : loaded 2 times (x 71B)
Class com.google.common.collect.FluentIterable                                        : loaded 2 times (x 81B)
Class com.google.common.cache.LocalCache$StrongEntry                                  : loaded 2 times (x 108B)
Class com.google.common.util.concurrent.AbstractFuture$TrustedFuture                  : loaded 2 times (x 114B)
Class com.google.common.cache.LoadingCache                                            : loaded 2 times (x 70B)
Class com.google.common.io.ByteStreams$LimitedInputStream                             : loaded 2 times (x 92B)
Class com.google.common.base.Suppliers$NonSerializableMemoizingSupplier               : loaded 2 times (x 79B)
Class org.objectweb.asm.MethodWriter                                                  : loaded 2 times (x 106B)
Class [Lcom.google.common.cache.Weigher;                                              : loaded 2 times (x 69B)
Class com.google.common.collect.RegularImmutableMap$BucketOverflowException           : loaded 2 times (x 82B)
Class com.google.common.collect.ImmutableMultimap$1                                   : loaded 2 times (x 82B)
Class com.google.common.collect.AbstractMapBasedMultimap$RandomAccessWrappedList      : loaded 2 times (x 205B)
Class com.google.common.collect.AbstractIterator$State                                : loaded 2 times (x 79B)
Class com.google.common.collect.ImmutableMultimap$2                                   : loaded 2 times (x 81B)
Class com.google.common.collect.RegularImmutableBiMap                                 : loaded 2 times (x 149B)
Class com.google.common.base.CharMatcher$Negated                                      : loaded 2 times (x 113B)
Class com.google.common.base.CharMatcher$Is                                           : loaded 2 times (x 111B)
Class com.google.common.cache.LocalCache$ValueReference                               : loaded 2 times (x 70B)
Class com.google.common.hash.PrimitiveSink                                            : loaded 2 times (x 70B)
Class com.google.common.base.PatternCompiler                                          : loaded 2 times (x 70B)
Class com.google.common.util.concurrent.AbstractFuture$Failure                        : loaded 2 times (x 72B)
Class com.google.common.base.Equivalence$Equals                                       : loaded 2 times (x 82B)
Class com.google.common.collect.Hashing                                               : loaded 2 times (x 71B)
Class com.google.common.base.Preconditions                                            : loaded 2 times (x 71B)
Class com.google.common.io.CharSink                                                   : loaded 2 times (x 79B)
Class com.google.common.base.Joiner$1                                                 : loaded 2 times (x 80B)
Class org.objectweb.asm.Label                                                         : loaded 2 times (x 73B)
Class org.objectweb.asm.CurrentFrame                                                  : loaded 2 times (x 73B)
Class org.objectweb.asm.ClassTooLargeException                                        : loaded 2 times (x 83B)
Class com.google.common.base.CharMatcher                                              : loaded 2 times (x 111B)
Class com.google.common.collect.PeekingIterator                                       : loaded 2 times (x 70B)
Class com.google.common.collect.Table                                                 : loaded 2 times (x 70B)
Class com.google.common.collect.MapMakerInternalMap$InternalEntryHelper               : loaded 2 times (x 70B)
Class com.google.common.collect.Maps$IteratorBasedAbstractMap                         : loaded 2 times (x 125B)
Class com.google.common.collect.RangeGwtSerializationDependencies                     : loaded 2 times (x 71B)
Class com.google.common.base.Joiner$2                                                 : loaded 2 times (x 79B)
Class org.objectweb.asm.Frame                                                         : loaded 2 times (x 73B)
Class org.objectweb.asm.MethodVisitor                                                 : loaded 2 times (x 105B)
Class com.google.common.base.CharMatcher$1                                            : loaded 2 times (x 113B)
Class com.google.common.base.CharMatcher$NamedFastMatcher                             : loaded 2 times (x 112B)
Class com.google.common.cache.LocalCache$EntryFactory$1                               : loaded 2 times (x 83B)
Class [Lcom.google.common.cache.RemovalListener;                                      : loaded 2 times (x 69B)
Class build_3fxlyzhy5s3jp78mlf672qaxo$_run_closure1                                   : loaded 2 times (x 139B)
Class com.google.common.collect.RangeSet                                              : loaded 2 times (x 70B)
Class com.google.common.cache.LocalCache$EntryFactory$2                               : loaded 2 times (x 83B)
Class org.gradle.api.internal.classpath.GlobalCacheRootsProvider                      : loaded 2 times (x 70B)
Class com.google.common.collect.CollectCollectors                                     : loaded 2 times (x 71B)
Class org.objectweb.asm.ModuleWriter                                                  : loaded 2 times (x 82B)
Class com.google.common.cache.LocalCache$EntryFactory$3                               : loaded 2 times (x 83B)
Class com.google.common.base.Ticker$1                                                 : loaded 2 times (x 72B)
Class com.google.common.collect.Maps$BiMapConverter                                   : loaded 2 times (x 90B)
Class com.google.common.collect.ImmutableMapEntrySet$RegularEntrySet                  : loaded 2 times (x 152B)
Class com.google.common.collect.CollectSpliterators$1                                 : loaded 2 times (x 90B)
Class com.google.common.base.CharMatcher$InRange                                      : loaded 2 times (x 111B)
Class com.google.common.cache.LocalCache$EntryFactory$4                               : loaded 2 times (x 83B)
Class com.google.common.collect.ImmutableSet$Builder                                  : loaded 2 times (x 85B)
Class com.google.common.io.ByteStreams$1                                              : loaded 2 times (x 85B)
Class com.google.common.cache.LocalCache$EntryFactory$5                               : loaded 2 times (x 83B)
Class com.google.common.cache.LocalCache$EntryFactory$6                               : loaded 2 times (x 83B)
Class org.gradle.internal.installation.CurrentGradleInstallationLocator               : loaded 2 times (x 71B)
Class com.google.common.collect.ImmutableMultimap$Builder                             : loaded 2 times (x 86B)
Class com.google.common.collect.Maps$KeySet                                           : loaded 2 times (x 137B)
Class com.google.common.cache.LocalCache$EntryFactory$7                               : loaded 2 times (x 83B)
Class com.google.common.collect.ImmutableSet$EmptySetBuilderImpl                      : loaded 2 times (x 76B)
Class com.google.common.collect.ImmutableList                                         : loaded 2 times (x 206B)
Class org.gradle.internal.service.DefaultServiceLocator                               : loaded 2 times (x 83B)
Class com.google.common.collect.ImmutableMultimap$EntryCollection                     : loaded 2 times (x 128B)
Class com.google.common.collect.Maps$EntrySet                                         : loaded 2 times (x 136B)
Class com.google.common.cache.LocalCache$EntryFactory$8                               : loaded 2 times (x 83B)
Class com.google.common.collect.ImmutableSet$SetBuilderImpl                           : loaded 2 times (x 76B)
Class org.gradle.internal.installation.CurrentGradleInstallation                      : loaded 2 times (x 73B)
Class com.google.common.cache.CacheLoader$1                                           : loaded 2 times (x 75B)
Class com.google.common.collect.ForwardingObject                                      : loaded 2 times (x 72B)
Class com.google.common.collect.ImmutableList$SubList                                 : loaded 2 times (x 209B)
Class org.gradle.util.internal.GUtil                                                  : loaded 2 times (x 71B)
Class com.google.common.io.ByteSource                                                 : loaded 2 times (x 84B)
Class com.google.common.util.concurrent.AbstractFuture$SetFuture                      : loaded 2 times (x 75B)
Class com.google.common.cache.AbstractCache$StatsCounter                              : loaded 2 times (x 70B)
Class com.google.common.collect.MapMakerInternalMap$1                                 : loaded 2 times (x 83B)
Class com.google.common.io.LineBuffer                                                 : loaded 2 times (x 75B)
Class com.google.common.collect.Iterators$MergingIterator                             : loaded 2 times (x 81B)
Class com.google.common.collect.RegularImmutableSet                                   : loaded 2 times (x 149B)
Class org.gradle.internal.installation.GradleInstallation                             : loaded 2 times (x 75B)
Class com.google.common.base.Splitter$Strategy                                        : loaded 2 times (x 70B)
Class com.google.common.collect.Iterables                                             : loaded 2 times (x 71B)
Class com.google.common.collect.Lists$RandomAccessReverseList                         : loaded 2 times (x 200B)

---------------  S Y S T E M  ---------------

OS:
 Windows 11 , 64 bit Build 26100 (10.0.26100.7920)
OS uptime: 5 days 7:44 hours

CPU: total 16 (initial active 16) (8 cores per cpu, 2 threads per core) family 6 model 186 stepping 2 microcode 0x410e, cx8, cmov, fxsr, ht, mmx, 3dnowpref, sse, sse2, sse3, ssse3, sse4.1, sse4.2, popcnt, lzcnt, tsc, tscinvbit, avx, avx2, aes, erms, clmul, bmi1, bmi2, adx, sha, fma, vzeroupper, clflush, clflushopt, clwb, serialize, rdtscp, rdpid, fsrm, f16c, pku, cet_ibt, cet_ss
Processor Information for processor 0
  Max Mhz: 2600, Current Mhz: 1496, Mhz Limit: 2600
Processor Information for processor 1
  Max Mhz: 2600, Current Mhz: 2600, Mhz Limit: 2600
Processor Information for processor 2
  Max Mhz: 2600, Current Mhz: 2600, Mhz Limit: 2600
Processor Information for processor 3
  Max Mhz: 2600, Current Mhz: 1496, Mhz Limit: 2600
Processor Information for processor 4
  Max Mhz: 2600, Current Mhz: 2600, Mhz Limit: 2600
Processor Information for processor 5
  Max Mhz: 2600, Current Mhz: 1496, Mhz Limit: 2600
Processor Information for processor 6
  Max Mhz: 2600, Current Mhz: 2600, Mhz Limit: 2600
Processor Information for processor 7
  Max Mhz: 2600, Current Mhz: 2600, Mhz Limit: 2600
Processor Information for processor 8
  Max Mhz: 2600, Current Mhz: 1500, Mhz Limit: 1898
Processor Information for processor 9
  Max Mhz: 2600, Current Mhz: 1900, Mhz Limit: 1898
Processor Information for processor 10
  Max Mhz: 2600, Current Mhz: 1500, Mhz Limit: 1898
Processor Information for processor 11
  Max Mhz: 2600, Current Mhz: 1900, Mhz Limit: 1898
Processor Information for processor 12
  Max Mhz: 2600, Current Mhz: 1900, Mhz Limit: 1898
Processor Information for processor 13
  Max Mhz: 2600, Current Mhz: 1900, Mhz Limit: 1898
Processor Information for processor 14
  Max Mhz: 2600, Current Mhz: 1500, Mhz Limit: 1898
Processor Information for processor 15
  Max Mhz: 2600, Current Mhz: 1500, Mhz Limit: 1898

Memory: 4k page, system-wide physical 16008M (1939M free)
TotalPageFile size 20104M (AvailPageFile size 412M)
current process WorkingSet (physical memory assigned to process): 915M, peak: 930M
current process commit charge ("private bytes"): 962M, peak: 1705M

vm_info: OpenJDK 64-Bit Server VM (21.0.9+-14787801-b1163.94) for windows-amd64 JRE (21.0.9+-14787801-b1163.94), built on 2026-01-27T21:15:44Z by "builder" with MS VC++ 16.10 / 16.11 (VS2019)

END.
