#
# There is insufficient memory for the Java Runtime Environment to continue.
# Native memory allocation (mmap) failed to map 163577856 bytes. Error detail: G1 virtual space
# Possible reasons:
#   The system is out of physical RAM or swap space
#   This process is running with CompressedOops enabled, and the Java Heap may be blocking the growth of the native heap
# Possible solutions:
#   Reduce memory load on the system
#   Increase physical memory or swap space
#   Check if swap backing store is full
#   Decrease Java heap size (-Xmx/-Xms)
#   Decrease number of Java threads
#   Decrease Java thread stack sizes (-Xss)
#   Set larger code cache with -XX:ReservedCodeCacheSize=
#   JVM is running with Zero Based Compressed Oops mode in which the Java heap is
#     placed in the first 32GB address space. The Java Heap base address is the
#     maximum limit for the native heap growth. Please use -XX:HeapBaseMinAddress
#     to set the Java Heap base and to place the Java Heap above 32GB virtual address.
# This output file may be truncated or incomplete.
#
#  Out of Memory Error (os_windows.cpp:3925), pid=16804, tid=23872
#
# JRE version: OpenJDK Runtime Environment (21.0.9) (build 21.0.9+-14787801-b1163.94)
# Java VM: OpenJDK 64-Bit Server VM (21.0.9+-14787801-b1163.94, mixed mode, tiered, compressed oops, compressed class ptrs, g1 gc, windows-amd64)
# No core dump will be written. Minidumps are not enabled by default on client versions of Windows
#

---------------  S U M M A R Y ------------

Command Line: --add-opens=java.base/java.lang=ALL-UNNAMED --add-opens=java.base/java.lang.invoke=ALL-UNNAMED --add-opens=java.base/java.util=ALL-UNNAMED --add-opens=java.prefs/java.util.prefs=ALL-UNNAMED --add-exports=jdk.compiler/com.sun.tools.javac.api=ALL-UNNAMED --add-exports=jdk.compiler/com.sun.tools.javac.util=ALL-UNNAMED --add-opens=java.base/java.util=ALL-UNNAMED --add-opens=java.prefs/java.util.prefs=ALL-UNNAMED --add-opens=java.base/java.nio.charset=ALL-UNNAMED --add-opens=java.base/java.net=ALL-UNNAMED --add-opens=java.base/java.util.concurrent.atomic=ALL-UNNAMED --add-opens=java.xml/javax.xml.namespace=ALL-UNNAMED -XX:MaxMetaspaceSize=1024m -Xmx4096m -Dfile.encoding=UTF-8 -Duser.country=US -Duser.language=en -Duser.variant -javaagent:C:\Users\ADMIN\.gradle\wrapper\dists\gradle-8.13-bin\5xuhj0ry160q40clulazy9h7d\gradle-8.13\lib\agents\gradle-instrumentation-agent-8.13.jar org.gradle.launcher.daemon.bootstrap.GradleDaemon 8.13

Host: 13th Gen Intel(R) Core(TM) i5-13500H, 16 cores, 15G,  Windows 11 , 64 bit Build 26100 (10.0.26100.7920)
Time: Mon Mar 23 21:24:32 2026 SE Asia Standard Time elapsed time: 19.410938 seconds (0d 0h 0m 19s)

---------------  T H R E A D  ---------------

Current thread (0x000002547f24bbd0):  VMThread "VM Thread"          [id=23872, stack(0x0000008dd1800000,0x0000008dd1900000) (1024K)]

Stack: [0x0000008dd1800000,0x0000008dd1900000]
Native frames: (J=compiled Java code, j=interpreted, Vv=VM code, C=native code)
V  [jvm.dll+0x6d6c99]
V  [jvm.dll+0x866b83]
V  [jvm.dll+0x8691ae]
V  [jvm.dll+0x869893]
V  [jvm.dll+0x280776]
V  [jvm.dll+0x6d3555]
V  [jvm.dll+0x6c6bea]
V  [jvm.dll+0x3587fb]
V  [jvm.dll+0x360476]
V  [jvm.dll+0x3b2646]
V  [jvm.dll+0x3b2918]
V  [jvm.dll+0x32af0c]
V  [jvm.dll+0x32af97]
V  [jvm.dll+0x370e7c]
V  [jvm.dll+0x36f62e]
V  [jvm.dll+0x32a661]
V  [jvm.dll+0x36ed30]
V  [jvm.dll+0x86f618]
V  [jvm.dll+0x870994]
V  [jvm.dll+0x870ed0]
V  [jvm.dll+0x871163]
V  [jvm.dll+0x80f118]
V  [jvm.dll+0x6d54ed]
C  [ucrtbase.dll+0x37b0]
C  [KERNEL32.DLL+0x2e8d7]
C  [ntdll.dll+0x8c48c]

VM_Operation (0x0000008de18fbbc0): G1CollectForAllocation, mode: safepoint, requested by thread 0x000002541f0d2df0


---------------  P R O C E S S  ---------------

Threads class SMR info:
_java_thread_list=0x00000254224d1c90, length=253, elements={
0x00000254735ee390, 0x000002547f298e40, 0x000002547f29b9e0, 0x000002547f29c050,
0x000002547f2c48e0, 0x000002547f2c5340, 0x000002547f2c5da0, 0x000002547f2c6800,
0x000002547f2d79b0, 0x000002547f2fcc20, 0x000002547f4b9f70, 0x000002547f4bce50,
0x000002547f4bd500, 0x000002547f66b580, 0x000002547f6828a0, 0x0000025413c9d350,
0x0000025413aea740, 0x0000025413806e80, 0x0000025413bcf080, 0x0000025413648ea0,
0x00000254150a4fa0, 0x0000025413bcf6f0, 0x00000254150ffa00, 0x00000254150fdfc0,
0x00000254150fe650, 0x00000254150fece0, 0x00000254150ff370, 0x00000254150fd2a0,
0x00000254150fc580, 0x00000254150fcc10, 0x00000254154c8be0, 0x00000254154c9270,
0x00000254154c9900, 0x00000254154cb340, 0x00000254154ca620, 0x00000254154cacb0,
0x00000254154c8550, 0x00000254154c7ec0, 0x00000254197ebd80, 0x00000254197eeb70,
0x00000254197ec410, 0x00000254197ee4e0, 0x00000254197eb6f0, 0x00000254197ef200,
0x00000254197ed130, 0x00000254197ef890, 0x00000254197eff20, 0x00000254197ecaa0,
0x00000254197f0c40, 0x00000254197f05b0, 0x00000254197ed7c0, 0x00000254197f1ff0,
0x00000254197f2d10, 0x00000254197f12d0, 0x00000254197f1960, 0x0000025418715a00,
0x0000025418714ce0, 0x0000025418717440, 0x0000025418717ad0, 0x0000025418714650,
0x0000025418718160, 0x0000025418716090, 0x00000254187187f0, 0x0000025418715370,
0x0000025418719ba0, 0x0000025418718e80, 0x0000025418716720, 0x000002541871a230,
0x0000025418716db0, 0x000002541871bc70, 0x000002541871af50, 0x0000025418719510,
0x000002541871a8c0, 0x000002541871b5e0, 0x0000025415fb8480, 0x0000025415fb70d0,
0x0000025415fb5690, 0x0000025415fb8b10, 0x0000025415fb91a0, 0x0000025415fb5d20,
0x0000025415fb9830, 0x0000025415fb9ec0, 0x0000025415fb6a40, 0x0000025415fba550,
0x0000025415fbabe0, 0x0000025415fbb900, 0x0000025415fbb270, 0x0000025415fbbf90,
0x0000025415fbc620, 0x00000254173416b0, 0x0000025417340300, 0x0000025417341d40,
0x0000025417340990, 0x00000254173423d0, 0x000002541733ef50, 0x0000025417342a60,
0x0000025417341020, 0x000002541733f5e0, 0x00000254173430f0, 0x000002541733fc70,
0x0000025417343780, 0x0000025417346570, 0x00000254173444a0, 0x0000025417343e10,
0x0000025417344b30, 0x00000254173451c0, 0x0000025417345850, 0x0000025417345ee0,
0x000002541817dc30, 0x000002541817c880, 0x000002541817c1f0, 0x000002541817d5a0,
0x000002541817cf10, 0x000002541817e2c0, 0x000002541817e950, 0x000002541817b4d0,
0x000002541817efe0, 0x000002541817bb60, 0x000002541817f670, 0x0000025418182af0,
0x000002541817fd00, 0x0000025418182460, 0x0000025418180a20, 0x00000254181810b0,
0x0000025419020080, 0x000002541901b1c0, 0x000002541901d290, 0x000002541a6b1e00,
0x000002541a6b2ba0, 0x000002541a3ca6d0, 0x000002541a3c99b0, 0x000002541a3cad60,
0x000002541a3c9320, 0x000002541a3cba80, 0x000002541a3ce1e0, 0x000002541a3ce870,
0x000002541a3cdb50, 0x000002541a3cb3f0, 0x000002541a3cef00, 0x000002541a3cf590,
0x000002541a3cc110, 0x000002541a3cc7a0, 0x000002541a3cfc20, 0x000002541a3cce30,
0x000002541a3cd4c0, 0x000002541a3d02b0, 0x000002541ad81c30, 0x000002541ad88bc0,
0x000002541ad87ea0, 0x000002541ad86460, 0x000002541ad88530, 0x000002541ad86af0,
0x000002541ad87180, 0x000002541901e640, 0x000002541901bee0, 0x000002541901ecd0,
0x000002541901b850, 0x0000025419020da0, 0x000002541901f9f0, 0x0000025419021ac0,
0x0000025419020710, 0x000002547f81bc40, 0x000002547f81af20, 0x000002541a6b46e0,
0x000002547f81c2d0, 0x000002547f81c960, 0x000002547f81a890, 0x000002547f81ea30,
0x000002547f820470, 0x000002547f81f750, 0x000002547f81cff0, 0x000002547f81fde0,
0x000002547f820b00, 0x000002547f821190, 0x000002547f81dd10, 0x000002547f821820,
0x000002547f81e3a0, 0x000002547f823260, 0x000002547f8238f0, 0x000002547f8259c0,
0x000002547f822540, 0x000002547f826050, 0x000002547f8266e0, 0x000002547f826d70,
0x000002547f825330, 0x000002547f827a90, 0x000002547f827400, 0x000002547f824ca0,
0x000002547f824610, 0x000002547f828120, 0x000002547f8287b0, 0x000002547f828e40,
0x000002547f8294d0, 0x000002541ad87810, 0x000002541a6b4db0, 0x000002541a6b1730,
0x000002541a6b6220, 0x000002541fa0b4a0, 0x000002541fa0bb30, 0x000002541fa0c1c0,
0x000002541fa0ae10, 0x000002541fa0e290, 0x000002541fa0c850, 0x000002541fa0fcd0,
0x000002541fa0cee0, 0x000002541fa0d570, 0x000002541fa11080, 0x000002541fa10360,
0x000002541fa0efb0, 0x000002541fa0dc00, 0x000002541fa11da0, 0x000002541fa11710,
0x000002541fa109f0, 0x000002541fa0f640, 0x000002541fa0e920, 0x000002541fa14b90,
0x000002541fa12ac0, 0x000002541fa12430, 0x000002541fa15220, 0x000002541fa158b0,
0x000002541fa14500, 0x000002541fa15f40, 0x000002541fa165d0, 0x000002541fa13150,
0x000002541fa16c60, 0x000002541fa13e70, 0x000002541fa137e0, 0x000002541fa18d30,
0x000002541fa19a50, 0x000002541fa172f0, 0x000002541fa186a0, 0x000002541fa17980,
0x000002541fa193c0, 0x000002541fa18010, 0x000002547f81f0c0, 0x000002541f0c5560,
0x000002541f0c6910, 0x000002541f0d13b0, 0x000002541f0d2760, 0x000002541f0d1a40,
0x000002541f0d2df0, 0x000002541f0d0690, 0x000002541f0d0d20, 0x000002541f0cf970,
0x000002541f0d3480, 0x000002541a3c8c90, 0x0000025418180390, 0x00000254203b5420,
0x00000254203b74f0, 0x00000254203b4d90, 0x00000254203b67d0, 0x00000254203b6e60,
0x00000254203b4070
}

Java Threads: ( => current thread )
  0x00000254735ee390 JavaThread "main"                              [_thread_blocked, id=14080, stack(0x0000008dd1100000,0x0000008dd1200000) (1024K)]
  0x000002547f298e40 JavaThread "Common-Cleaner"             daemon [_thread_blocked, id=16652, stack(0x0000008dd1900000,0x0000008dd1a00000) (1024K)]
  0x000002547f29b9e0 JavaThread "Reference Handler"          daemon [_thread_blocked, id=22884, stack(0x0000008dd1a00000,0x0000008dd1b00000) (1024K)]
  0x000002547f29c050 JavaThread "Finalizer"                  daemon [_thread_blocked, id=10804, stack(0x0000008dd1b00000,0x0000008dd1c00000) (1024K)]
  0x000002547f2c48e0 JavaThread "Signal Dispatcher"          daemon [_thread_blocked, id=14160, stack(0x0000008dd1c00000,0x0000008dd1d00000) (1024K)]
  0x000002547f2c5340 JavaThread "Attach Listener"            daemon [_thread_blocked, id=19936, stack(0x0000008dd1d00000,0x0000008dd1e00000) (1024K)]
  0x000002547f2c5da0 JavaThread "Service Thread"             daemon [_thread_blocked, id=19748, stack(0x0000008dd1e00000,0x0000008dd1f00000) (1024K)]
  0x000002547f2c6800 JavaThread "Monitor Deflation Thread"   daemon [_thread_blocked, id=12328, stack(0x0000008dd1f00000,0x0000008dd2000000) (1024K)]
  0x000002547f2d79b0 JavaThread "C2 CompilerThread0"         daemon [_thread_blocked, id=9568, stack(0x0000008dd2000000,0x0000008dd2100000) (1024K)]
  0x000002547f2fcc20 JavaThread "C1 CompilerThread0"         daemon [_thread_blocked, id=11056, stack(0x0000008dd2100000,0x0000008dd2200000) (1024K)]
  0x000002547f4b9f70 JavaThread "C1 CompilerThread1"         daemon [_thread_blocked, id=8656, stack(0x0000008dd2200000,0x0000008dd2300000) (1024K)]
  0x000002547f4bce50 JavaThread "C1 CompilerThread2"         daemon [_thread_blocked, id=11076, stack(0x0000008dd2300000,0x0000008dd2400000) (1024K)]
  0x000002547f4bd500 JavaThread "C1 CompilerThread3"         daemon [_thread_blocked, id=10516, stack(0x0000008dd2400000,0x0000008dd2500000) (1024K)]
  0x000002547f66b580 JavaThread "Notification Thread"        daemon [_thread_blocked, id=10364, stack(0x0000008dd2500000,0x0000008dd2600000) (1024K)]
  0x000002547f6828a0 JavaThread "C2 CompilerThread1"         daemon [_thread_blocked, id=19580, stack(0x0000008dd2600000,0x0000008dd2700000) (1024K)]
  0x0000025413c9d350 JavaThread "Daemon health stats"               [_thread_blocked, id=23796, stack(0x0000008dd2e00000,0x0000008dd2f00000) (1024K)]
  0x0000025413aea740 JavaThread "Incoming local TCP Connector on port 51577"        [_thread_in_native, id=6796, stack(0x0000008dd2f00000,0x0000008dd3000000) (1024K)]
  0x0000025413806e80 JavaThread "Daemon periodic checks"            [_thread_blocked, id=23512, stack(0x0000008dd3000000,0x0000008dd3100000) (1024K)]
  0x0000025413bcf080 JavaThread "Daemon"                            [_thread_blocked, id=15128, stack(0x0000008dd3100000,0x0000008dd3200000) (1024K)]
  0x0000025413648ea0 JavaThread "Handler for socket connection from /127.0.0.1:51577 to /127.0.0.1:51578"        [_thread_in_native, id=10080, stack(0x0000008dd3200000,0x0000008dd3300000) (1024K)]
  0x00000254150a4fa0 JavaThread "Cancel handler"                    [_thread_blocked, id=21720, stack(0x0000008dd3300000,0x0000008dd3400000) (1024K)]
  0x0000025413bcf6f0 JavaThread "Daemon worker"                     [_thread_blocked, id=9300, stack(0x0000008dd3400000,0x0000008dd3500000) (1024K)]
  0x00000254150ffa00 JavaThread "Asynchronous log dispatcher for DefaultDaemonConnection: socket connection from /127.0.0.1:51577 to /127.0.0.1:51578"        [_thread_blocked, id=23784, stack(0x0000008dd3500000,0x0000008dd3600000) (1024K)]
  0x00000254150fdfc0 JavaThread "Stdin handler"                     [_thread_blocked, id=20056, stack(0x0000008dd3600000,0x0000008dd3700000) (1024K)]
  0x00000254150fe650 JavaThread "Daemon client event forwarder"        [_thread_blocked, id=2656, stack(0x0000008dd3700000,0x0000008dd3800000) (1024K)]
  0x00000254150fece0 JavaThread "Cache worker for journal cache (C:\Users\ADMIN\.gradle\caches\journal-1)"        [_thread_blocked, id=17576, stack(0x0000008dd4100000,0x0000008dd4200000) (1024K)]
  0x00000254150ff370 JavaThread "File lock request listener"        [_thread_in_native, id=19388, stack(0x0000008dd4200000,0x0000008dd4300000) (1024K)]
  0x00000254150fd2a0 JavaThread "Cache worker for file hash cache (C:\Users\ADMIN\.gradle\caches\8.13\fileHashes)"        [_thread_blocked, id=23944, stack(0x0000008dd4300000,0x0000008dd4400000) (1024K)]
  0x00000254150fc580 JavaThread "Cache worker for file hash cache (D:\AndroidStudioProjects\DACN_1\FinFit\.gradle\8.13\fileHashes)"        [_thread_blocked, id=15292, stack(0x0000008dd2d00000,0x0000008dd2e00000) (1024K)]
  0x00000254150fcc10 JavaThread "Cache worker for Build Output Cleanup Cache (D:\AndroidStudioProjects\DACN_1\FinFit\.gradle\buildOutputCleanup)"        [_thread_blocked, id=24016, stack(0x0000008dd4400000,0x0000008dd4500000) (1024K)]
  0x00000254154c8be0 JavaThread "File watcher server"        daemon [_thread_blocked, id=20748, stack(0x0000008dd4500000,0x0000008dd4600000) (1024K)]
  0x00000254154c9270 JavaThread "File watcher consumer"      daemon [_thread_blocked, id=12628, stack(0x0000008dd4600000,0x0000008dd4700000) (1024K)]
  0x00000254154c9900 JavaThread "jar transforms"                    [_thread_blocked, id=23376, stack(0x0000008dd4700000,0x0000008dd4800000) (1024K)]
  0x00000254154cb340 JavaThread "jar transforms Thread 2"           [_thread_blocked, id=16220, stack(0x0000008dd4800000,0x0000008dd4900000) (1024K)]
  0x00000254154ca620 JavaThread "Cache worker for checksums cache (D:\AndroidStudioProjects\DACN_1\FinFit\.gradle\8.13\checksums)"        [_thread_blocked, id=23644, stack(0x0000008dd4b00000,0x0000008dd4c00000) (1024K)]
  0x00000254154cacb0 JavaThread "Cache worker for file content cache (C:\Users\ADMIN\.gradle\caches\8.13\fileContent)"        [_thread_blocked, id=4500, stack(0x0000008dd4c00000,0x0000008dd4d00000) (1024K)]
  0x00000254154c8550 JavaThread "jar transforms Thread 3"           [_thread_blocked, id=7244, stack(0x0000008dd4d00000,0x0000008dd4e00000) (1024K)]
  0x00000254154c7ec0 JavaThread "jar transforms Thread 4"           [_thread_blocked, id=22812, stack(0x0000008dd4e00000,0x0000008dd4f00000) (1024K)]
  0x00000254197ebd80 JavaThread "jar transforms Thread 5"           [_thread_blocked, id=18240, stack(0x0000008dd4f00000,0x0000008dd5000000) (1024K)]
  0x00000254197eeb70 JavaThread "Cache worker for cache directory md-supplier (C:\Users\ADMIN\.gradle\caches\8.13\md-supplier)"        [_thread_blocked, id=20652, stack(0x0000008dd5000000,0x0000008dd5100000) (1024K)]
  0x00000254197ec410 JavaThread "Cache worker for cache directory md-rule (C:\Users\ADMIN\.gradle\caches\8.13\md-rule)"        [_thread_blocked, id=6068, stack(0x0000008dd5100000,0x0000008dd5200000) (1024K)]
  0x00000254197ee4e0 JavaThread "Unconstrained build operations"        [_thread_blocked, id=24516, stack(0x0000008dd5200000,0x0000008dd5300000) (1024K)]
  0x00000254197eb6f0 JavaThread "Unconstrained build operations Thread 2"        [_thread_blocked, id=17920, stack(0x0000008dd5300000,0x0000008dd5400000) (1024K)]
  0x00000254197ef200 JavaThread "Unconstrained build operations Thread 3"        [_thread_blocked, id=2000, stack(0x0000008dd5400000,0x0000008dd5500000) (1024K)]
  0x00000254197ed130 JavaThread "Unconstrained build operations Thread 4"        [_thread_blocked, id=13388, stack(0x0000008dd5500000,0x0000008dd5600000) (1024K)]
  0x00000254197ef890 JavaThread "Unconstrained build operations Thread 5"        [_thread_blocked, id=15776, stack(0x0000008dd5600000,0x0000008dd5700000) (1024K)]
  0x00000254197eff20 JavaThread "Unconstrained build operations Thread 6"        [_thread_blocked, id=20616, stack(0x0000008dd5700000,0x0000008dd5800000) (1024K)]
  0x00000254197ecaa0 JavaThread "Unconstrained build operations Thread 7"        [_thread_blocked, id=14980, stack(0x0000008dd5800000,0x0000008dd5900000) (1024K)]
  0x00000254197f0c40 JavaThread "Unconstrained build operations Thread 8"        [_thread_blocked, id=2940, stack(0x0000008dd5900000,0x0000008dd5a00000) (1024K)]
  0x00000254197f05b0 JavaThread "Unconstrained build operations Thread 9"        [_thread_blocked, id=11572, stack(0x0000008dd5a00000,0x0000008dd5b00000) (1024K)]
  0x00000254197ed7c0 JavaThread "Unconstrained build operations Thread 10"        [_thread_blocked, id=23364, stack(0x0000008dd5b00000,0x0000008dd5c00000) (1024K)]
  0x00000254197f1ff0 JavaThread "Unconstrained build operations Thread 11"        [_thread_blocked, id=23096, stack(0x0000008dd5c00000,0x0000008dd5d00000) (1024K)]
  0x00000254197f2d10 JavaThread "Unconstrained build operations Thread 12"        [_thread_blocked, id=24208, stack(0x0000008dd5d00000,0x0000008dd5e00000) (1024K)]
  0x00000254197f12d0 JavaThread "Unconstrained build operations Thread 13"        [_thread_blocked, id=16048, stack(0x0000008dd5e00000,0x0000008dd5f00000) (1024K)]
  0x00000254197f1960 JavaThread "Unconstrained build operations Thread 14"        [_thread_blocked, id=9016, stack(0x0000008dd5f00000,0x0000008dd6000000) (1024K)]
  0x0000025418715a00 JavaThread "Unconstrained build operations Thread 15"        [_thread_blocked, id=10712, stack(0x0000008dd6000000,0x0000008dd6100000) (1024K)]
  0x0000025418714ce0 JavaThread "Unconstrained build operations Thread 16"        [_thread_blocked, id=8608, stack(0x0000008dd6100000,0x0000008dd6200000) (1024K)]
  0x0000025418717440 JavaThread "Unconstrained build operations Thread 17"        [_thread_blocked, id=17676, stack(0x0000008dd6200000,0x0000008dd6300000) (1024K)]
  0x0000025418717ad0 JavaThread "Unconstrained build operations Thread 18"        [_thread_blocked, id=544, stack(0x0000008dd6300000,0x0000008dd6400000) (1024K)]
  0x0000025418714650 JavaThread "Unconstrained build operations Thread 19"        [_thread_blocked, id=23540, stack(0x0000008dd6400000,0x0000008dd6500000) (1024K)]
  0x0000025418718160 JavaThread "Unconstrained build operations Thread 20"        [_thread_blocked, id=17756, stack(0x0000008dd6500000,0x0000008dd6600000) (1024K)]
  0x0000025418716090 JavaThread "jar transforms Thread 6"           [_thread_blocked, id=14956, stack(0x0000008dd6600000,0x0000008dd6700000) (1024K)]
  0x00000254187187f0 JavaThread "jar transforms Thread 7"           [_thread_blocked, id=12372, stack(0x0000008dd6700000,0x0000008dd6800000) (1024K)]
  0x0000025418715370 JavaThread "Unconstrained build operations Thread 21"        [_thread_blocked, id=19808, stack(0x0000008dd6800000,0x0000008dd6900000) (1024K)]
  0x0000025418719ba0 JavaThread "Unconstrained build operations Thread 22"        [_thread_blocked, id=22688, stack(0x0000008dd6900000,0x0000008dd6a00000) (1024K)]
  0x0000025418718e80 JavaThread "Unconstrained build operations Thread 23"        [_thread_blocked, id=22636, stack(0x0000008dd6a00000,0x0000008dd6b00000) (1024K)]
  0x0000025418716720 JavaThread "Unconstrained build operations Thread 24"        [_thread_blocked, id=23264, stack(0x0000008dd6b00000,0x0000008dd6c00000) (1024K)]
  0x000002541871a230 JavaThread "Unconstrained build operations Thread 25"        [_thread_blocked, id=20732, stack(0x0000008dd6c00000,0x0000008dd6d00000) (1024K)]
  0x0000025418716db0 JavaThread "Unconstrained build operations Thread 26"        [_thread_blocked, id=12056, stack(0x0000008dd6d00000,0x0000008dd6e00000) (1024K)]
  0x000002541871bc70 JavaThread "Unconstrained build operations Thread 27"        [_thread_blocked, id=22504, stack(0x0000008dd6e00000,0x0000008dd6f00000) (1024K)]
  0x000002541871af50 JavaThread "Unconstrained build operations Thread 28"        [_thread_blocked, id=14932, stack(0x0000008dd6f00000,0x0000008dd7000000) (1024K)]
  0x0000025418719510 JavaThread "Unconstrained build operations Thread 29"        [_thread_blocked, id=20124, stack(0x0000008dd7000000,0x0000008dd7100000) (1024K)]
  0x000002541871a8c0 JavaThread "Unconstrained build operations Thread 30"        [_thread_blocked, id=6572, stack(0x0000008dd7100000,0x0000008dd7200000) (1024K)]
  0x000002541871b5e0 JavaThread "jar transforms Thread 8"           [_thread_blocked, id=1424, stack(0x0000008dd7200000,0x0000008dd7300000) (1024K)]
  0x0000025415fb8480 JavaThread "jar transforms Thread 9"           [_thread_blocked, id=14012, stack(0x0000008dd7300000,0x0000008dd7400000) (1024K)]
  0x0000025415fb70d0 JavaThread "jar transforms Thread 10"          [_thread_blocked, id=13660, stack(0x0000008dd7400000,0x0000008dd7500000) (1024K)]
  0x0000025415fb5690 JavaThread "Unconstrained build operations Thread 31"        [_thread_blocked, id=13260, stack(0x0000008dd2700000,0x0000008dd2800000) (1024K)]
  0x0000025415fb8b10 JavaThread "Unconstrained build operations Thread 32"        [_thread_blocked, id=20768, stack(0x0000008dd4900000,0x0000008dd4a00000) (1024K)]
  0x0000025415fb91a0 JavaThread "Unconstrained build operations Thread 33"        [_thread_blocked, id=13448, stack(0x0000008dd4a00000,0x0000008dd4b00000) (1024K)]
  0x0000025415fb5d20 JavaThread "Unconstrained build operations Thread 34"        [_thread_blocked, id=16528, stack(0x0000008dd7500000,0x0000008dd7600000) (1024K)]
  0x0000025415fb9830 JavaThread "Unconstrained build operations Thread 35"        [_thread_blocked, id=14140, stack(0x0000008dd7600000,0x0000008dd7700000) (1024K)]
  0x0000025415fb9ec0 JavaThread "Unconstrained build operations Thread 36"        [_thread_blocked, id=19860, stack(0x0000008dd7700000,0x0000008dd7800000) (1024K)]
  0x0000025415fb6a40 JavaThread "Unconstrained build operations Thread 37"        [_thread_blocked, id=6520, stack(0x0000008dd7800000,0x0000008dd7900000) (1024K)]
  0x0000025415fba550 JavaThread "Unconstrained build operations Thread 38"        [_thread_blocked, id=22788, stack(0x0000008dd7900000,0x0000008dd7a00000) (1024K)]
  0x0000025415fbabe0 JavaThread "Unconstrained build operations Thread 39"        [_thread_blocked, id=8368, stack(0x0000008dd7a00000,0x0000008dd7b00000) (1024K)]
  0x0000025415fbb900 JavaThread "Unconstrained build operations Thread 40"        [_thread_blocked, id=8464, stack(0x0000008dd7b00000,0x0000008dd7c00000) (1024K)]
  0x0000025415fbb270 JavaThread "Unconstrained build operations Thread 41"        [_thread_blocked, id=12540, stack(0x0000008dd7c00000,0x0000008dd7d00000) (1024K)]
  0x0000025415fbbf90 JavaThread "Unconstrained build operations Thread 42"        [_thread_blocked, id=14844, stack(0x0000008dd7d00000,0x0000008dd7e00000) (1024K)]
  0x0000025415fbc620 JavaThread "Unconstrained build operations Thread 43"        [_thread_blocked, id=20940, stack(0x0000008dd7e00000,0x0000008dd7f00000) (1024K)]
  0x00000254173416b0 JavaThread "Unconstrained build operations Thread 44"        [_thread_blocked, id=12952, stack(0x0000008dd7f00000,0x0000008dd8000000) (1024K)]
  0x0000025417340300 JavaThread "Unconstrained build operations Thread 45"        [_thread_blocked, id=21196, stack(0x0000008dd8000000,0x0000008dd8100000) (1024K)]
  0x0000025417341d40 JavaThread "Unconstrained build operations Thread 46"        [_thread_blocked, id=17092, stack(0x0000008dd8100000,0x0000008dd8200000) (1024K)]
  0x0000025417340990 JavaThread "Unconstrained build operations Thread 47"        [_thread_blocked, id=22020, stack(0x0000008dd8200000,0x0000008dd8300000) (1024K)]
  0x00000254173423d0 JavaThread "Unconstrained build operations Thread 48"        [_thread_blocked, id=22152, stack(0x0000008dd8300000,0x0000008dd8400000) (1024K)]
  0x000002541733ef50 JavaThread "Unconstrained build operations Thread 49"        [_thread_blocked, id=23176, stack(0x0000008dd8400000,0x0000008dd8500000) (1024K)]
  0x0000025417342a60 JavaThread "Unconstrained build operations Thread 50"        [_thread_blocked, id=10892, stack(0x0000008dd8500000,0x0000008dd8600000) (1024K)]
  0x0000025417341020 JavaThread "Unconstrained build operations Thread 51"        [_thread_blocked, id=12096, stack(0x0000008dd8600000,0x0000008dd8700000) (1024K)]
  0x000002541733f5e0 JavaThread "Unconstrained build operations Thread 52"        [_thread_blocked, id=12168, stack(0x0000008dd8700000,0x0000008dd8800000) (1024K)]
  0x00000254173430f0 JavaThread "Unconstrained build operations Thread 53"        [_thread_blocked, id=12804, stack(0x0000008dd8800000,0x0000008dd8900000) (1024K)]
  0x000002541733fc70 JavaThread "Unconstrained build operations Thread 54"        [_thread_blocked, id=13316, stack(0x0000008dd8900000,0x0000008dd8a00000) (1024K)]
  0x0000025417343780 JavaThread "Unconstrained build operations Thread 55"        [_thread_blocked, id=21208, stack(0x0000008dd8a00000,0x0000008dd8b00000) (1024K)]
  0x0000025417346570 JavaThread "Unconstrained build operations Thread 56"        [_thread_blocked, id=11676, stack(0x0000008dd8b00000,0x0000008dd8c00000) (1024K)]
  0x00000254173444a0 JavaThread "Unconstrained build operations Thread 57"        [_thread_blocked, id=23372, stack(0x0000008dd8c00000,0x0000008dd8d00000) (1024K)]
  0x0000025417343e10 JavaThread "Unconstrained build operations Thread 58"        [_thread_blocked, id=12920, stack(0x0000008dd8d00000,0x0000008dd8e00000) (1024K)]
  0x0000025417344b30 JavaThread "Unconstrained build operations Thread 59"        [_thread_blocked, id=15000, stack(0x0000008dd8e00000,0x0000008dd8f00000) (1024K)]
  0x00000254173451c0 JavaThread "Unconstrained build operations Thread 60"        [_thread_blocked, id=4796, stack(0x0000008dd8f00000,0x0000008dd9000000) (1024K)]
  0x0000025417345850 JavaThread "Unconstrained build operations Thread 61"        [_thread_blocked, id=22992, stack(0x0000008dd9100000,0x0000008dd9200000) (1024K)]
  0x0000025417345ee0 JavaThread "Unconstrained build operations Thread 62"        [_thread_blocked, id=13996, stack(0x0000008dd9200000,0x0000008dd9300000) (1024K)]
  0x000002541817dc30 JavaThread "Unconstrained build operations Thread 63"        [_thread_blocked, id=18864, stack(0x0000008dd9300000,0x0000008dd9400000) (1024K)]
  0x000002541817c880 JavaThread "Unconstrained build operations Thread 64"        [_thread_blocked, id=10056, stack(0x0000008dd9400000,0x0000008dd9500000) (1024K)]
  0x000002541817c1f0 JavaThread "Unconstrained build operations Thread 65"        [_thread_blocked, id=24012, stack(0x0000008dd9500000,0x0000008dd9600000) (1024K)]
  0x000002541817d5a0 JavaThread "Unconstrained build operations Thread 66"        [_thread_blocked, id=15232, stack(0x0000008dd9600000,0x0000008dd9700000) (1024K)]
  0x000002541817cf10 JavaThread "Unconstrained build operations Thread 67"        [_thread_blocked, id=14920, stack(0x0000008dd9700000,0x0000008dd9800000) (1024K)]
  0x000002541817e2c0 JavaThread "Unconstrained build operations Thread 68"        [_thread_blocked, id=2540, stack(0x0000008dd9800000,0x0000008dd9900000) (1024K)]
  0x000002541817e950 JavaThread "Unconstrained build operations Thread 69"        [_thread_blocked, id=16636, stack(0x0000008dd9900000,0x0000008dd9a00000) (1024K)]
  0x000002541817b4d0 JavaThread "Unconstrained build operations Thread 70"        [_thread_blocked, id=20028, stack(0x0000008dd9a00000,0x0000008dd9b00000) (1024K)]
  0x000002541817efe0 JavaThread "Unconstrained build operations Thread 71"        [_thread_blocked, id=17412, stack(0x0000008dd9b00000,0x0000008dd9c00000) (1024K)]
  0x000002541817bb60 JavaThread "Unconstrained build operations Thread 72"        [_thread_blocked, id=21884, stack(0x0000008dd9c00000,0x0000008dd9d00000) (1024K)]
  0x000002541817f670 JavaThread "Unconstrained build operations Thread 73"        [_thread_blocked, id=21436, stack(0x0000008dd9d00000,0x0000008dd9e00000) (1024K)]
  0x0000025418182af0 JavaThread "Unconstrained build operations Thread 74"        [_thread_blocked, id=17012, stack(0x0000008dd9e00000,0x0000008dd9f00000) (1024K)]
  0x000002541817fd00 JavaThread "Unconstrained build operations Thread 75"        [_thread_blocked, id=20760, stack(0x0000008dd9f00000,0x0000008dda000000) (1024K)]
  0x0000025418182460 JavaThread "jar transforms Thread 11"          [_thread_blocked, id=17880, stack(0x0000008dda500000,0x0000008dda600000) (1024K)]
  0x0000025418180a20 JavaThread "build event listener"              [_thread_blocked, id=24340, stack(0x0000008dda200000,0x0000008dda300000) (1024K)]
  0x00000254181810b0 JavaThread "Memory manager"                    [_thread_blocked, id=13968, stack(0x0000008dda300000,0x0000008dda400000) (1024K)]
  0x0000025419020080 JavaThread "build event listener"              [_thread_blocked, id=15948, stack(0x0000008dda100000,0x0000008dda200000) (1024K)]
  0x000002541901b1c0 JavaThread "jar transforms Thread 12"          [_thread_blocked, id=17872, stack(0x0000008dd9000000,0x0000008dd9100000) (1024K)]
  0x000002541901d290 JavaThread "Problems report writer"            [_thread_blocked, id=12820, stack(0x0000008dda000000,0x0000008dda100000) (1024K)]
  0x000002541a6b1e00 JavaThread "C2 CompilerThread2"         daemon [_thread_blocked, id=11760, stack(0x0000008dda400000,0x0000008dda500000) (1024K)]
  0x000002541a6b2ba0 JavaThread "C2 CompilerThread3"         daemon [_thread_blocked, id=9772, stack(0x0000008dda600000,0x0000008dda700000) (1024K)]
  0x000002541a3ca6d0 JavaThread "pool-3-thread-1"                   [_thread_blocked, id=22448, stack(0x0000008dda700000,0x0000008dda800000) (1024K)]
  0x000002541a3c99b0 JavaThread "build event listener"              [_thread_blocked, id=9952, stack(0x0000008dda800000,0x0000008dda900000) (1024K)]
  0x000002541a3cad60 JavaThread "included builds"                   [_thread_blocked, id=24508, stack(0x0000008dda900000,0x0000008ddaa00000) (1024K)]
  0x000002541a3c9320 JavaThread "Execution worker"                  [_thread_blocked, id=4848, stack(0x0000008ddaa00000,0x0000008ddab00000) (1024K)]
  0x000002541a3cba80 JavaThread "Execution worker Thread 2"         [_thread_blocked, id=6696, stack(0x0000008ddab00000,0x0000008ddac00000) (1024K)]
  0x000002541a3ce1e0 JavaThread "Execution worker Thread 3"         [_thread_blocked, id=13064, stack(0x0000008ddac00000,0x0000008ddad00000) (1024K)]
  0x000002541a3ce870 JavaThread "Execution worker Thread 4"         [_thread_blocked, id=17664, stack(0x0000008ddad00000,0x0000008ddae00000) (1024K)]
  0x000002541a3cdb50 JavaThread "Execution worker Thread 5"         [_thread_blocked, id=10656, stack(0x0000008ddae00000,0x0000008ddaf00000) (1024K)]
  0x000002541a3cb3f0 JavaThread "Execution worker Thread 6"         [_thread_blocked, id=4748, stack(0x0000008ddaf00000,0x0000008ddb000000) (1024K)]
  0x000002541a3cef00 JavaThread "Execution worker Thread 7"         [_thread_blocked, id=19256, stack(0x0000008ddb000000,0x0000008ddb100000) (1024K)]
  0x000002541a3cf590 JavaThread "Execution worker Thread 8"         [_thread_blocked, id=5924, stack(0x0000008ddb100000,0x0000008ddb200000) (1024K)]
  0x000002541a3cc110 JavaThread "Execution worker Thread 9"         [_thread_blocked, id=17196, stack(0x0000008ddb200000,0x0000008ddb300000) (1024K)]
  0x000002541a3cc7a0 JavaThread "Execution worker Thread 10"        [_thread_blocked, id=22272, stack(0x0000008ddb300000,0x0000008ddb400000) (1024K)]
  0x000002541a3cfc20 JavaThread "Execution worker Thread 11"        [_thread_blocked, id=17444, stack(0x0000008ddb400000,0x0000008ddb500000) (1024K)]
  0x000002541a3cce30 JavaThread "Execution worker Thread 12"        [_thread_blocked, id=6800, stack(0x0000008ddb500000,0x0000008ddb600000) (1024K)]
  0x000002541a3cd4c0 JavaThread "Execution worker Thread 13"        [_thread_blocked, id=17068, stack(0x0000008ddb600000,0x0000008ddb700000) (1024K)]
  0x000002541a3d02b0 JavaThread "Execution worker Thread 14"        [_thread_blocked, id=21636, stack(0x0000008ddb700000,0x0000008ddb800000) (1024K)]
  0x000002541ad81c30 JavaThread "Execution worker Thread 15"        [_thread_blocked, id=21872, stack(0x0000008ddb800000,0x0000008ddb900000) (1024K)]
  0x000002541ad88bc0 JavaThread "Cache worker for execution history cache (D:\AndroidStudioProjects\DACN_1\FinFit\.gradle\8.13\executionHistory)"        [_thread_blocked, id=4780, stack(0x0000008ddb900000,0x0000008ddba00000) (1024K)]
  0x000002541ad87ea0 JavaThread "Unconstrained build operations Thread 76"        [_thread_blocked, id=13232, stack(0x0000008ddba00000,0x0000008ddbb00000) (1024K)]
  0x000002541ad86460 JavaThread "Unconstrained build operations Thread 77"        [_thread_blocked, id=12764, stack(0x0000008ddbb00000,0x0000008ddbc00000) (1024K)]
  0x000002541ad88530 JavaThread "Unconstrained build operations Thread 78"        [_thread_blocked, id=15740, stack(0x0000008ddbc00000,0x0000008ddbd00000) (1024K)]
  0x000002541ad86af0 JavaThread "Unconstrained build operations Thread 79"        [_thread_blocked, id=21772, stack(0x0000008ddbd00000,0x0000008ddbe00000) (1024K)]
  0x000002541ad87180 JavaThread "Unconstrained build operations Thread 80"        [_thread_blocked, id=23276, stack(0x0000008ddbe00000,0x0000008ddbf00000) (1024K)]
  0x000002541901e640 JavaThread "Unconstrained build operations Thread 81"        [_thread_blocked, id=13596, stack(0x0000008ddbf00000,0x0000008ddc000000) (1024K)]
  0x000002541901bee0 JavaThread "Unconstrained build operations Thread 82"        [_thread_blocked, id=16132, stack(0x0000008ddc000000,0x0000008ddc100000) (1024K)]
  0x000002541901ecd0 JavaThread "Unconstrained build operations Thread 83"        [_thread_blocked, id=2892, stack(0x0000008ddc100000,0x0000008ddc200000) (1024K)]
  0x000002541901b850 JavaThread "Unconstrained build operations Thread 84"        [_thread_blocked, id=22172, stack(0x0000008ddc200000,0x0000008ddc300000) (1024K)]
  0x0000025419020da0 JavaThread "Unconstrained build operations Thread 85"        [_thread_blocked, id=22168, stack(0x0000008ddc300000,0x0000008ddc400000) (1024K)]
  0x000002541901f9f0 JavaThread "Unconstrained build operations Thread 86"        [_thread_blocked, id=12516, stack(0x0000008ddc400000,0x0000008ddc500000) (1024K)]
  0x0000025419021ac0 JavaThread "Unconstrained build operations Thread 87"        [_thread_blocked, id=9820, stack(0x0000008ddc500000,0x0000008ddc600000) (1024K)]
  0x0000025419020710 JavaThread "Unconstrained build operations Thread 88"        [_thread_blocked, id=9564, stack(0x0000008ddc600000,0x0000008ddc700000) (1024K)]
  0x000002547f81bc40 JavaThread "Unconstrained build operations Thread 89"        [_thread_blocked, id=11744, stack(0x0000008ddc700000,0x0000008ddc800000) (1024K)]
  0x000002547f81af20 JavaThread "Unconstrained build operations Thread 90"        [_thread_blocked, id=20548, stack(0x0000008ddc800000,0x0000008ddc900000) (1024K)]
  0x000002541a6b46e0 JavaThread "C2 CompilerThread4"         daemon [_thread_blocked, id=5920, stack(0x0000008ddc900000,0x0000008ddca00000) (1024K)]
  0x000002547f81c2d0 JavaThread "Unconstrained build operations Thread 91"        [_thread_blocked, id=11044, stack(0x0000008ddca00000,0x0000008ddcb00000) (1024K)]
  0x000002547f81c960 JavaThread "Unconstrained build operations Thread 92"        [_thread_blocked, id=21440, stack(0x0000008ddcb00000,0x0000008ddcc00000) (1024K)]
  0x000002547f81a890 JavaThread "Unconstrained build operations Thread 93"        [_thread_blocked, id=13272, stack(0x0000008ddcc00000,0x0000008ddcd00000) (1024K)]
  0x000002547f81ea30 JavaThread "Unconstrained build operations Thread 94"        [_thread_blocked, id=18196, stack(0x0000008ddcd00000,0x0000008ddce00000) (1024K)]
  0x000002547f820470 JavaThread "Unconstrained build operations Thread 95"        [_thread_blocked, id=20972, stack(0x0000008ddce00000,0x0000008ddcf00000) (1024K)]
  0x000002547f81f750 JavaThread "Unconstrained build operations Thread 96"        [_thread_blocked, id=18576, stack(0x0000008ddcf00000,0x0000008ddd000000) (1024K)]
  0x000002547f81cff0 JavaThread "Unconstrained build operations Thread 97"        [_thread_blocked, id=11184, stack(0x0000008ddd000000,0x0000008ddd100000) (1024K)]
  0x000002547f81fde0 JavaThread "Unconstrained build operations Thread 98"        [_thread_blocked, id=20224, stack(0x0000008ddd100000,0x0000008ddd200000) (1024K)]
  0x000002547f820b00 JavaThread "Unconstrained build operations Thread 99"        [_thread_blocked, id=8200, stack(0x0000008ddd200000,0x0000008ddd300000) (1024K)]
  0x000002547f821190 JavaThread "Unconstrained build operations Thread 100"        [_thread_blocked, id=14892, stack(0x0000008ddd300000,0x0000008ddd400000) (1024K)]
  0x000002547f81dd10 JavaThread "Unconstrained build operations Thread 101"        [_thread_blocked, id=20740, stack(0x0000008ddd400000,0x0000008ddd500000) (1024K)]
  0x000002547f821820 JavaThread "Unconstrained build operations Thread 102"        [_thread_blocked, id=18416, stack(0x0000008ddd500000,0x0000008ddd600000) (1024K)]
  0x000002547f81e3a0 JavaThread "Unconstrained build operations Thread 103"        [_thread_blocked, id=4860, stack(0x0000008ddd600000,0x0000008ddd700000) (1024K)]
  0x000002547f823260 JavaThread "Unconstrained build operations Thread 104"        [_thread_blocked, id=19136, stack(0x0000008ddd700000,0x0000008ddd800000) (1024K)]
  0x000002547f8238f0 JavaThread "Unconstrained build operations Thread 105"        [_thread_blocked, id=15244, stack(0x0000008ddd800000,0x0000008ddd900000) (1024K)]
  0x000002547f8259c0 JavaThread "Unconstrained build operations Thread 106"        [_thread_blocked, id=1916, stack(0x0000008ddd900000,0x0000008ddda00000) (1024K)]
  0x000002547f822540 JavaThread "Unconstrained build operations Thread 107"        [_thread_blocked, id=3396, stack(0x0000008ddda00000,0x0000008dddb00000) (1024K)]
  0x000002547f826050 JavaThread "Unconstrained build operations Thread 108"        [_thread_blocked, id=10852, stack(0x0000008dddb00000,0x0000008dddc00000) (1024K)]
  0x000002547f8266e0 JavaThread "Unconstrained build operations Thread 109"        [_thread_blocked, id=21448, stack(0x0000008dddc00000,0x0000008dddd00000) (1024K)]
  0x000002547f826d70 JavaThread "Unconstrained build operations Thread 110"        [_thread_blocked, id=24416, stack(0x0000008dddd00000,0x0000008ddde00000) (1024K)]
  0x000002547f825330 JavaThread "Unconstrained build operations Thread 111"        [_thread_blocked, id=18204, stack(0x0000008ddde00000,0x0000008dddf00000) (1024K)]
  0x000002547f827a90 JavaThread "Unconstrained build operations Thread 112"        [_thread_blocked, id=23484, stack(0x0000008dddf00000,0x0000008dde000000) (1024K)]
  0x000002547f827400 JavaThread "Unconstrained build operations Thread 113"        [_thread_blocked, id=20424, stack(0x0000008dde000000,0x0000008dde100000) (1024K)]
  0x000002547f824ca0 JavaThread "Unconstrained build operations Thread 114"        [_thread_blocked, id=2520, stack(0x0000008dde100000,0x0000008dde200000) (1024K)]
  0x000002547f824610 JavaThread "Unconstrained build operations Thread 115"        [_thread_blocked, id=13576, stack(0x0000008dde200000,0x0000008dde300000) (1024K)]
  0x000002547f828120 JavaThread "Unconstrained build operations Thread 116"        [_thread_blocked, id=12960, stack(0x0000008dde300000,0x0000008dde400000) (1024K)]
  0x000002547f8287b0 JavaThread "Unconstrained build operations Thread 117"        [_thread_blocked, id=11824, stack(0x0000008dde400000,0x0000008dde500000) (1024K)]
  0x000002547f828e40 JavaThread "Unconstrained build operations Thread 118"        [_thread_blocked, id=22488, stack(0x0000008dde500000,0x0000008dde600000) (1024K)]
  0x000002547f8294d0 JavaThread "Unconstrained build operations Thread 119"        [_thread_blocked, id=24396, stack(0x0000008dde600000,0x0000008dde700000) (1024K)]
  0x000002541ad87810 JavaThread "Unconstrained build operations Thread 120"        [_thread_blocked, id=23960, stack(0x0000008dde700000,0x0000008dde800000) (1024K)]
  0x000002541a6b4db0 JavaThread "C2 CompilerThread5"         daemon [_thread_blocked, id=13452, stack(0x0000008dde800000,0x0000008dde900000) (1024K)]
  0x000002541a6b1730 JavaThread "C2 CompilerThread6"         daemon [_thread_blocked, id=24372, stack(0x0000008dde900000,0x0000008ddea00000) (1024K)]
  0x000002541a6b6220 JavaThread "C2 CompilerThread7"         daemon [_thread_blocked, id=8672, stack(0x0000008ddea00000,0x0000008ddeb00000) (1024K)]
  0x000002541fa0b4a0 JavaThread "Unconstrained build operations Thread 121"        [_thread_blocked, id=14000, stack(0x0000008ddeb00000,0x0000008ddec00000) (1024K)]
  0x000002541fa0bb30 JavaThread "Unconstrained build operations Thread 122"        [_thread_blocked, id=16944, stack(0x0000008ddec00000,0x0000008dded00000) (1024K)]
  0x000002541fa0c1c0 JavaThread "Unconstrained build operations Thread 123"        [_thread_blocked, id=16224, stack(0x0000008dded00000,0x0000008ddee00000) (1024K)]
  0x000002541fa0ae10 JavaThread "Unconstrained build operations Thread 124"        [_thread_blocked, id=16984, stack(0x0000008ddee00000,0x0000008ddef00000) (1024K)]
  0x000002541fa0e290 JavaThread "Unconstrained build operations Thread 125"        [_thread_blocked, id=14560, stack(0x0000008ddef00000,0x0000008ddf000000) (1024K)]
  0x000002541fa0c850 JavaThread "Unconstrained build operations Thread 126"        [_thread_blocked, id=21836, stack(0x0000008ddf000000,0x0000008ddf100000) (1024K)]
  0x000002541fa0fcd0 JavaThread "Unconstrained build operations Thread 127"        [_thread_blocked, id=10808, stack(0x0000008ddf100000,0x0000008ddf200000) (1024K)]
  0x000002541fa0cee0 JavaThread "Unconstrained build operations Thread 128"        [_thread_blocked, id=9800, stack(0x0000008ddf200000,0x0000008ddf300000) (1024K)]
  0x000002541fa0d570 JavaThread "Unconstrained build operations Thread 129"        [_thread_blocked, id=11328, stack(0x0000008ddf300000,0x0000008ddf400000) (1024K)]
  0x000002541fa11080 JavaThread "Unconstrained build operations Thread 130"        [_thread_blocked, id=21036, stack(0x0000008ddf400000,0x0000008ddf500000) (1024K)]
  0x000002541fa10360 JavaThread "Unconstrained build operations Thread 131"        [_thread_blocked, id=15544, stack(0x0000008ddf500000,0x0000008ddf600000) (1024K)]
  0x000002541fa0efb0 JavaThread "Unconstrained build operations Thread 132"        [_thread_blocked, id=13484, stack(0x0000008ddf600000,0x0000008ddf700000) (1024K)]
  0x000002541fa0dc00 JavaThread "Unconstrained build operations Thread 133"        [_thread_blocked, id=18764, stack(0x0000008ddf700000,0x0000008ddf800000) (1024K)]
  0x000002541fa11da0 JavaThread "Unconstrained build operations Thread 134"        [_thread_blocked, id=22092, stack(0x0000008ddf800000,0x0000008ddf900000) (1024K)]
  0x000002541fa11710 JavaThread "Unconstrained build operations Thread 135"        [_thread_blocked, id=2544, stack(0x0000008ddf900000,0x0000008ddfa00000) (1024K)]
  0x000002541fa109f0 JavaThread "Unconstrained build operations Thread 136"        [_thread_blocked, id=18628, stack(0x0000008ddfa00000,0x0000008ddfb00000) (1024K)]
  0x000002541fa0f640 JavaThread "Unconstrained build operations Thread 137"        [_thread_blocked, id=13436, stack(0x0000008ddfb00000,0x0000008ddfc00000) (1024K)]
  0x000002541fa0e920 JavaThread "Unconstrained build operations Thread 138"        [_thread_blocked, id=8064, stack(0x0000008ddfc00000,0x0000008ddfd00000) (1024K)]
  0x000002541fa14b90 JavaThread "Unconstrained build operations Thread 139"        [_thread_blocked, id=9608, stack(0x0000008ddfd00000,0x0000008ddfe00000) (1024K)]
  0x000002541fa12ac0 JavaThread "Unconstrained build operations Thread 140"        [_thread_blocked, id=5252, stack(0x0000008ddfe00000,0x0000008ddff00000) (1024K)]
  0x000002541fa12430 JavaThread "Unconstrained build operations Thread 141"        [_thread_blocked, id=23988, stack(0x0000008ddff00000,0x0000008de0000000) (1024K)]
  0x000002541fa15220 JavaThread "Unconstrained build operations Thread 142"        [_thread_blocked, id=15504, stack(0x0000008de0000000,0x0000008de0100000) (1024K)]
  0x000002541fa158b0 JavaThread "Unconstrained build operations Thread 143"        [_thread_blocked, id=4196, stack(0x0000008de0100000,0x0000008de0200000) (1024K)]
  0x000002541fa14500 JavaThread "Unconstrained build operations Thread 144"        [_thread_blocked, id=8836, stack(0x0000008de0200000,0x0000008de0300000) (1024K)]
  0x000002541fa15f40 JavaThread "Unconstrained build operations Thread 145"        [_thread_blocked, id=5884, stack(0x0000008de0300000,0x0000008de0400000) (1024K)]
  0x000002541fa165d0 JavaThread "Unconstrained build operations Thread 146"        [_thread_blocked, id=22792, stack(0x0000008de0400000,0x0000008de0500000) (1024K)]
  0x000002541fa13150 JavaThread "Unconstrained build operations Thread 147"        [_thread_blocked, id=24428, stack(0x0000008de0500000,0x0000008de0600000) (1024K)]
  0x000002541fa16c60 JavaThread "Unconstrained build operations Thread 148"        [_thread_blocked, id=19408, stack(0x0000008de0600000,0x0000008de0700000) (1024K)]
  0x000002541fa13e70 JavaThread "Unconstrained build operations Thread 149"        [_thread_blocked, id=16800, stack(0x0000008de0700000,0x0000008de0800000) (1024K)]
  0x000002541fa137e0 JavaThread "Unconstrained build operations Thread 150"        [_thread_blocked, id=14796, stack(0x0000008de0800000,0x0000008de0900000) (1024K)]
  0x000002541fa18d30 JavaThread "Unconstrained build operations Thread 151"        [_thread_blocked, id=9196, stack(0x0000008de0900000,0x0000008de0a00000) (1024K)]
  0x000002541fa19a50 JavaThread "Unconstrained build operations Thread 152"        [_thread_blocked, id=16392, stack(0x0000008de0a00000,0x0000008de0b00000) (1024K)]
  0x000002541fa172f0 JavaThread "Unconstrained build operations Thread 153"        [_thread_blocked, id=19600, stack(0x0000008de0b00000,0x0000008de0c00000) (1024K)]
  0x000002541fa186a0 JavaThread "Unconstrained build operations Thread 154"        [_thread_blocked, id=19816, stack(0x0000008de0c00000,0x0000008de0d00000) (1024K)]
  0x000002541fa17980 JavaThread "Unconstrained build operations Thread 155"        [_thread_blocked, id=11888, stack(0x0000008de0d00000,0x0000008de0e00000) (1024K)]
  0x000002541fa193c0 JavaThread "Unconstrained build operations Thread 156"        [_thread_blocked, id=23200, stack(0x0000008de1000000,0x0000008de1100000) (1024K)]
  0x000002541fa18010 JavaThread "Unconstrained build operations Thread 157"        [_thread_blocked, id=1932, stack(0x0000008de1100000,0x0000008de1200000) (1024K)]
  0x000002547f81f0c0 JavaThread "Unconstrained build operations Thread 158"        [_thread_blocked, id=2412, stack(0x0000008de1200000,0x0000008de1300000) (1024K)]
  0x000002541f0c5560 JavaThread "Unconstrained build operations Thread 159"        [_thread_blocked, id=10500, stack(0x0000008de1300000,0x0000008de1400000) (1024K)]
  0x000002541f0c6910 JavaThread "Unconstrained build operations Thread 160"        [_thread_blocked, id=19852, stack(0x0000008de1400000,0x0000008de1500000) (1024K)]
  0x000002541f0d13b0 JavaThread "WorkerExecutor Queue"              [_thread_blocked, id=12648, stack(0x0000008de1500000,0x0000008de1600000) (1024K)]
  0x000002541f0d2760 JavaThread "WorkerExecutor Queue Thread 2"        [_thread_blocked, id=9128, stack(0x0000008de1600000,0x0000008de1700000) (1024K)]
  0x000002541f0d1a40 JavaThread "WorkerExecutor Queue Thread 3"        [_thread_blocked, id=11620, stack(0x0000008de1700000,0x0000008de1800000) (1024K)]
  0x000002541f0d2df0 JavaThread "WorkerExecutor Queue Thread 4"        [_thread_blocked, id=21068, stack(0x0000008de1800000,0x0000008de1900000) (1024K)]
  0x000002541f0d0690 JavaThread "WorkerExecutor Queue Thread 5"        [_thread_blocked, id=13780, stack(0x0000008de1900000,0x0000008de1a00000) (1024K)]
  0x000002541f0d0d20 JavaThread "WorkerExecutor Queue Thread 6"        [_thread_blocked, id=10752, stack(0x0000008de1a00000,0x0000008de1b00000) (1024K)]
  0x000002541f0cf970 JavaThread "WorkerExecutor Queue Thread 7"        [_thread_blocked, id=22596, stack(0x0000008de1b00000,0x0000008de1c00000) (1024K)]
  0x000002541f0d3480 JavaThread "WorkerExecutor Queue Thread 8"        [_thread_blocked, id=12556, stack(0x0000008de1c00000,0x0000008de1d00000) (1024K)]
  0x000002541a3c8c90 JavaThread "WorkerExecutor Queue Thread 9"        [_thread_blocked, id=22624, stack(0x0000008de1d00000,0x0000008de1e00000) (1024K)]
  0x0000025418180390 JavaThread "WorkerExecutor Queue Thread 10"        [_thread_blocked, id=10968, stack(0x0000008de1e00000,0x0000008de1f00000) (1024K)]
  0x00000254203b5420 JavaThread "WorkerExecutor Queue Thread 11"        [_thread_blocked, id=11468, stack(0x0000008de1f00000,0x0000008de2000000) (1024K)]
  0x00000254203b74f0 JavaThread "WorkerExecutor Queue Thread 12"        [_thread_blocked, id=2028, stack(0x0000008de2000000,0x0000008de2100000) (1024K)]
  0x00000254203b4d90 JavaThread "WorkerExecutor Queue Thread 13"        [_thread_blocked, id=15016, stack(0x0000008de2100000,0x0000008de2200000) (1024K)]
  0x00000254203b67d0 JavaThread "WorkerExecutor Queue Thread 14"        [_thread_blocked, id=11952, stack(0x0000008de2200000,0x0000008de2300000) (1024K)]
  0x00000254203b6e60 JavaThread "WorkerExecutor Queue Thread 15"        [_thread_blocked, id=19140, stack(0x0000008de2300000,0x0000008de2400000) (1024K)]
  0x00000254203b4070 JavaThread "WorkerExecutor Queue Thread 16"        [_thread_blocked, id=13960, stack(0x0000008de2400000,0x0000008de2500000) (1024K)]
Total: 253

Other Threads:
=>0x000002547f24bbd0 VMThread "VM Thread"                           [id=23872, stack(0x0000008dd1800000,0x0000008dd1900000) (1024K)]
  0x000002547f050bc0 WatcherThread "VM Periodic Task Thread"        [id=24512, stack(0x0000008dd1700000,0x0000008dd1800000) (1024K)]
  0x00000254736596e0 WorkerThread "GC Thread#0"                     [id=3772, stack(0x0000008dd1200000,0x0000008dd1300000) (1024K)]
  0x000002547fb04ae0 WorkerThread "GC Thread#1"                     [id=23160, stack(0x0000008dd2800000,0x0000008dd2900000) (1024K)]
  0x000002547fb04e80 WorkerThread "GC Thread#2"                     [id=3188, stack(0x0000008dd2900000,0x0000008dd2a00000) (1024K)]
  0x000002547fd807e0 WorkerThread "GC Thread#3"                     [id=2040, stack(0x0000008dd2a00000,0x0000008dd2b00000) (1024K)]
  0x000002547fd80b80 WorkerThread "GC Thread#4"                     [id=12620, stack(0x0000008dd2b00000,0x0000008dd2c00000) (1024K)]
  0x000002547fa2a3b0 WorkerThread "GC Thread#5"                     [id=5416, stack(0x0000008dd2c00000,0x0000008dd2d00000) (1024K)]
  0x000002541521f090 WorkerThread "GC Thread#6"                     [id=20680, stack(0x0000008dd3800000,0x0000008dd3900000) (1024K)]
  0x000002541521f430 WorkerThread "GC Thread#7"                     [id=15588, stack(0x0000008dd3900000,0x0000008dd3a00000) (1024K)]
  0x0000025415220020 WorkerThread "GC Thread#8"                     [id=16876, stack(0x0000008dd3a00000,0x0000008dd3b00000) (1024K)]
  0x00000254152203c0 WorkerThread "GC Thread#9"                     [id=15456, stack(0x0000008dd3b00000,0x0000008dd3c00000) (1024K)]
  0x00000254150d19b0 WorkerThread "GC Thread#10"                    [id=12532, stack(0x0000008dd3c00000,0x0000008dd3d00000) (1024K)]
  0x00000254150d2d60 WorkerThread "GC Thread#11"                    [id=18176, stack(0x0000008dd3d00000,0x0000008dd3e00000) (1024K)]
  0x00000254150d4ab0 WorkerThread "GC Thread#12"                    [id=2868, stack(0x0000008dd3e00000,0x0000008dd3f00000) (1024K)]
  0x000002547366a730 ConcurrentGCThread "G1 Main Marker"            [id=15616, stack(0x0000008dd1300000,0x0000008dd1400000) (1024K)]
  0x000002547366ccd0 WorkerThread "G1 Conc#0"                       [id=3452, stack(0x0000008dd1400000,0x0000008dd1500000) (1024K)]
  0x00000254150d3150 WorkerThread "G1 Conc#1"                       [id=12572, stack(0x0000008dd3f00000,0x0000008dd4000000) (1024K)]
  0x00000254150d3c30 WorkerThread "G1 Conc#2"                       [id=1296, stack(0x0000008dd4000000,0x0000008dd4100000) (1024K)]
  0x000002547ef062a0 ConcurrentGCThread "G1 Refine#0"               [id=2684, stack(0x0000008dd1500000,0x0000008dd1600000) (1024K)]
  0x000002547ef06bc0 ConcurrentGCThread "G1 Service"                [id=22300, stack(0x0000008dd1600000,0x0000008dd1700000) (1024K)]
Total: 21

Threads with active compile tasks:
C2 CompilerThread0  19427 22006 %     4       com.android.tools.r8.ir.optimize.z::a @ 1327 (1785 bytes)
C1 CompilerThread0  19427 23020       3       com.android.tools.r8.internal.da3::j (26 bytes)
C1 CompilerThread1  19427 23016       2       com.android.tools.r8.graph.g3::a (43 bytes)
C1 CompilerThread2  19427 23021       3       com.android.tools.r8.dex.l0$$Lambda/0x000000080166c358::accept (12 bytes)
C1 CompilerThread3  19427 23019       3       com.android.tools.r8.graph.j3::V0 (44 bytes)
C2 CompilerThread1  19427 22390       4       com.android.tools.r8.ir.optimize.z::a (563 bytes)
C2 CompilerThread2  19427 22936 %     4       com.android.tools.r8.internal.l32::a @ 679 (2024 bytes)
C2 CompilerThread3  19427 22899 %     4       com.android.tools.r8.internal.fk::a @ 929 (1828 bytes)
C2 CompilerThread4  19427 22184       4       com.android.tools.r8.graph.u2::a (439 bytes)
C2 CompilerThread5  19427 22714       4       com.android.tools.r8.internal.ce0::a (1134 bytes)
C2 CompilerThread6  19427 22913       4       com.android.tools.r8.internal.nv2::a (500 bytes)
C2 CompilerThread7  19427 22996       4       com.android.tools.r8.internal.r31::b (911 bytes)
Total: 12

VM state: at safepoint (normal execution)

VM Mutex/Monitor currently owned by a thread:  ([mutex/lock_event])
[0x00007ff8afb68690] Threads_lock - owner thread: 0x000002547f24bbd0
[0x00007ff8afb68790] Heap_lock - owner thread: 0x000002541f0d2df0

Heap address: 0x0000000700000000, size: 4096 MB, Compressed Oops mode: Zero based, Oop shift amount: 3

CDS archive(s) not mapped
Compressed class space mapped at: 0x0000000800000000-0x0000000834000000, reserved size: 872415232
Narrow klass base: 0x0000000800000000, Narrow klass shift: 0, Narrow klass range: 0x34000000

GC Precious Log:
 CardTable entry size: 512
 Card Set container configuration: InlinePtr #cards 4 size 8 Array Of Cards #cards 16 size 48 Howl #buckets 8 coarsen threshold 3686 Howl Bitmap #cards 512 size 80 coarsen threshold 460 Card regions per heap region 1 cards per card region 4096
 CPUs: 16 total, 16 available
 Memory: 16008M
 Large Page Support: Disabled
 NUMA Support: Disabled
 Compressed Oops: Enabled (Zero based)
 Heap Region Size: 2M
 Heap Min Capacity: 8M
 Heap Initial Capacity: 252M
 Heap Max Capacity: 4G
 Pre-touch: Disabled
 Parallel Workers: 13
 Concurrent Workers: 3
 Concurrent Refinement Workers: 13
 Periodic GC: Disabled

Heap:
 garbage-first heap   total 389120K, used 195058K [0x0000000700000000, 0x0000000800000000)
  region size 2048K, 6 young (12288K), 6 survivors (12288K)
 Metaspace       used 152277K, committed 154560K, reserved 1048576K
  class space    used 21919K, committed 23040K, reserved 851968K

Heap Regions: E=young(eden), S=young(survivor), O=old, HS=humongous(starts), HC=humongous(continues), CS=collection set, F=free, TAMS=top-at-mark-start, PB=parsable bottom
|   0|0x0000000700000000, 0x0000000700200000, 0x0000000700200000|100%|HS|  |TAMS 0x0000000700000000| PB 0x0000000700000000| Complete 
|   1|0x0000000700200000, 0x0000000700400000, 0x0000000700400000|100%|HC|  |TAMS 0x0000000700200000| PB 0x0000000700200000| Complete 
|   2|0x0000000700400000, 0x0000000700600000, 0x0000000700600000|100%| O|  |TAMS 0x0000000700400000| PB 0x0000000700400000| Untracked 
|   3|0x0000000700600000, 0x0000000700800000, 0x0000000700800000|100%| O|  |TAMS 0x0000000700600000| PB 0x0000000700600000| Untracked 
|   4|0x0000000700800000, 0x0000000700a00000, 0x0000000700a00000|100%| O|  |TAMS 0x0000000700800000| PB 0x0000000700800000| Untracked 
|   5|0x0000000700a00000, 0x0000000700c00000, 0x0000000700c00000|100%| O|  |TAMS 0x0000000700a00000| PB 0x0000000700a00000| Untracked 
|   6|0x0000000700c00000, 0x0000000700e00000, 0x0000000700e00000|100%| O|  |TAMS 0x0000000700c00000| PB 0x0000000700c00000| Untracked 
|   7|0x0000000700e00000, 0x0000000701000000, 0x0000000701000000|100%| O|  |TAMS 0x0000000700e00000| PB 0x0000000700e00000| Untracked 
|   8|0x0000000701000000, 0x0000000701200000, 0x0000000701200000|100%| O|  |TAMS 0x0000000701000000| PB 0x0000000701000000| Untracked 
|   9|0x0000000701200000, 0x0000000701400000, 0x0000000701400000|100%|HS|  |TAMS 0x0000000701200000| PB 0x0000000701200000| Complete 
|  10|0x0000000701400000, 0x0000000701600000, 0x0000000701600000|100%| O|  |TAMS 0x0000000701400000| PB 0x0000000701400000| Untracked 
|  11|0x0000000701600000, 0x0000000701800000, 0x0000000701800000|100%| O|  |TAMS 0x0000000701600000| PB 0x0000000701600000| Untracked 
|  12|0x0000000701800000, 0x0000000701a00000, 0x0000000701a00000|100%| O|  |TAMS 0x0000000701800000| PB 0x0000000701800000| Untracked 
|  13|0x0000000701a00000, 0x0000000701c00000, 0x0000000701c00000|100%| O|  |TAMS 0x0000000701a00000| PB 0x0000000701a00000| Untracked 
|  14|0x0000000701c00000, 0x0000000701e00000, 0x0000000701e00000|100%| O|  |TAMS 0x0000000701c00000| PB 0x0000000701c00000| Untracked 
|  15|0x0000000701e00000, 0x0000000702000000, 0x0000000702000000|100%| O|  |TAMS 0x0000000701e00000| PB 0x0000000701e00000| Untracked 
|  16|0x0000000702000000, 0x0000000702200000, 0x0000000702200000|100%| O|  |TAMS 0x0000000702000000| PB 0x0000000702000000| Untracked 
|  17|0x0000000702200000, 0x0000000702400000, 0x0000000702400000|100%| O|  |TAMS 0x0000000702200000| PB 0x0000000702200000| Untracked 
|  18|0x0000000702400000, 0x0000000702600000, 0x0000000702600000|100%| O|  |TAMS 0x0000000702400000| PB 0x0000000702400000| Untracked 
|  19|0x0000000702600000, 0x0000000702800000, 0x0000000702800000|100%| O|  |TAMS 0x0000000702600000| PB 0x0000000702600000| Untracked 
|  20|0x0000000702800000, 0x0000000702a00000, 0x0000000702a00000|100%| O|  |TAMS 0x0000000702800000| PB 0x0000000702800000| Untracked 
|  21|0x0000000702a00000, 0x0000000702c00000, 0x0000000702c00000|100%| O|  |TAMS 0x0000000702a00000| PB 0x0000000702a00000| Untracked 
|  22|0x0000000702c00000, 0x0000000702e00000, 0x0000000702e00000|100%| O|  |TAMS 0x0000000702c00000| PB 0x0000000702c00000| Untracked 
|  23|0x0000000702e00000, 0x0000000703000000, 0x0000000703000000|100%| O|  |TAMS 0x0000000702e00000| PB 0x0000000702e00000| Untracked 
|  24|0x0000000703000000, 0x0000000703200000, 0x0000000703200000|100%| O|  |TAMS 0x0000000703000000| PB 0x0000000703000000| Untracked 
|  25|0x0000000703200000, 0x0000000703400000, 0x0000000703400000|100%| O|  |TAMS 0x0000000703200000| PB 0x0000000703200000| Untracked 
|  26|0x0000000703400000, 0x0000000703600000, 0x0000000703600000|100%|HS|  |TAMS 0x0000000703400000| PB 0x0000000703400000| Complete 
|  27|0x0000000703600000, 0x0000000703800000, 0x0000000703800000|100%|HS|  |TAMS 0x0000000703600000| PB 0x0000000703600000| Complete 
|  28|0x0000000703800000, 0x0000000703a00000, 0x0000000703a00000|100%|HS|  |TAMS 0x0000000703800000| PB 0x0000000703800000| Complete 
|  29|0x0000000703a00000, 0x0000000703c00000, 0x0000000703c00000|100%|HC|  |TAMS 0x0000000703a00000| PB 0x0000000703a00000| Complete 
|  30|0x0000000703c00000, 0x0000000703e00000, 0x0000000703e00000|100%| O|  |TAMS 0x0000000703c00000| PB 0x0000000703c00000| Untracked 
|  31|0x0000000703e00000, 0x0000000704000000, 0x0000000704000000|100%| O|  |TAMS 0x0000000703e00000| PB 0x0000000703e00000| Untracked 
|  32|0x0000000704000000, 0x0000000704200000, 0x0000000704200000|100%| O|  |TAMS 0x0000000704000000| PB 0x0000000704000000| Untracked 
|  33|0x0000000704200000, 0x0000000704400000, 0x0000000704400000|100%| O|  |TAMS 0x0000000704200000| PB 0x0000000704200000| Untracked 
|  34|0x0000000704400000, 0x0000000704600000, 0x0000000704600000|100%| O|  |TAMS 0x0000000704400000| PB 0x0000000704400000| Untracked 
|  35|0x0000000704600000, 0x0000000704800000, 0x0000000704800000|100%| O|  |TAMS 0x0000000704600000| PB 0x0000000704600000| Untracked 
|  36|0x0000000704800000, 0x0000000704a00000, 0x0000000704a00000|100%| O|  |TAMS 0x0000000704800000| PB 0x0000000704800000| Untracked 
|  37|0x0000000704a00000, 0x0000000704c00000, 0x0000000704c00000|100%| O|  |TAMS 0x0000000704a00000| PB 0x0000000704a00000| Untracked 
|  38|0x0000000704c00000, 0x0000000704e00000, 0x0000000704e00000|100%| O|  |TAMS 0x0000000704c00000| PB 0x0000000704c00000| Untracked 
|  39|0x0000000704e00000, 0x0000000705000000, 0x0000000705000000|100%| O|  |TAMS 0x0000000704e00000| PB 0x0000000704e00000| Untracked 
|  40|0x0000000705000000, 0x0000000705200000, 0x0000000705200000|100%|HS|  |TAMS 0x0000000705000000| PB 0x0000000705000000| Complete 
|  41|0x0000000705200000, 0x0000000705400000, 0x0000000705400000|100%|HC|  |TAMS 0x0000000705200000| PB 0x0000000705200000| Complete 
|  42|0x0000000705400000, 0x0000000705600000, 0x0000000705600000|100%| O|  |TAMS 0x0000000705400000| PB 0x0000000705400000| Untracked 
|  43|0x0000000705600000, 0x0000000705800000, 0x0000000705800000|100%| O|  |TAMS 0x0000000705600000| PB 0x0000000705600000| Untracked 
|  44|0x0000000705800000, 0x0000000705a00000, 0x0000000705a00000|100%| O|  |TAMS 0x0000000705800000| PB 0x0000000705800000| Untracked 
|  45|0x0000000705a00000, 0x0000000705c00000, 0x0000000705c00000|100%| O|  |TAMS 0x0000000705a00000| PB 0x0000000705a00000| Untracked 
|  46|0x0000000705c00000, 0x0000000705e00000, 0x0000000705e00000|100%| O|  |TAMS 0x0000000705c00000| PB 0x0000000705c00000| Untracked 
|  47|0x0000000705e00000, 0x0000000706000000, 0x0000000706000000|100%| O|  |TAMS 0x0000000705e00000| PB 0x0000000705e00000| Untracked 
|  48|0x0000000706000000, 0x0000000706200000, 0x0000000706200000|100%| O|  |TAMS 0x0000000706000000| PB 0x0000000706000000| Untracked 
|  49|0x0000000706200000, 0x0000000706400000, 0x0000000706400000|100%| O|  |TAMS 0x0000000706200000| PB 0x0000000706200000| Untracked 
|  50|0x0000000706400000, 0x0000000706600000, 0x0000000706600000|100%| O|  |TAMS 0x0000000706400000| PB 0x0000000706400000| Untracked 
|  51|0x0000000706600000, 0x0000000706800000, 0x0000000706800000|100%| O|  |TAMS 0x0000000706600000| PB 0x0000000706600000| Untracked 
|  52|0x0000000706800000, 0x0000000706a00000, 0x0000000706a00000|100%| O|  |TAMS 0x0000000706800000| PB 0x0000000706800000| Untracked 
|  53|0x0000000706a00000, 0x0000000706c00000, 0x0000000706c00000|100%| O|  |TAMS 0x0000000706a00000| PB 0x0000000706a00000| Untracked 
|  54|0x0000000706c00000, 0x0000000706e00000, 0x0000000706e00000|100%| O|  |TAMS 0x0000000706c00000| PB 0x0000000706c00000| Untracked 
|  55|0x0000000706e00000, 0x0000000707000000, 0x0000000707000000|100%| O|  |TAMS 0x0000000706e00000| PB 0x0000000706e00000| Untracked 
|  56|0x0000000707000000, 0x0000000707200000, 0x0000000707200000|100%| O|  |TAMS 0x0000000707000000| PB 0x0000000707000000| Untracked 
|  57|0x0000000707200000, 0x0000000707400000, 0x0000000707400000|100%| O|  |TAMS 0x0000000707200000| PB 0x0000000707200000| Untracked 
|  58|0x0000000707400000, 0x0000000707600000, 0x0000000707600000|100%| O|  |TAMS 0x0000000707400000| PB 0x0000000707400000| Untracked 
|  59|0x0000000707600000, 0x0000000707800000, 0x0000000707800000|100%| O|  |TAMS 0x0000000707600000| PB 0x0000000707600000| Untracked 
|  60|0x0000000707800000, 0x0000000707a00000, 0x0000000707a00000|100%| O|  |TAMS 0x0000000707800000| PB 0x0000000707800000| Untracked 
|  61|0x0000000707a00000, 0x0000000707a00000, 0x0000000707c00000|  0%| F|  |TAMS 0x0000000707a00000| PB 0x0000000707a00000| Untracked 
|  62|0x0000000707c00000, 0x0000000707e00000, 0x0000000707e00000|100%| O|  |TAMS 0x0000000707c00000| PB 0x0000000707c00000| Untracked 
|  63|0x0000000707e00000, 0x0000000708000000, 0x0000000708000000|100%| O|  |TAMS 0x0000000707e00000| PB 0x0000000707e00000| Untracked 
|  64|0x0000000708000000, 0x0000000708200000, 0x0000000708200000|100%| O|  |TAMS 0x0000000708000000| PB 0x0000000708000000| Untracked 
|  65|0x0000000708200000, 0x0000000708400000, 0x0000000708400000|100%| O|  |TAMS 0x0000000708200000| PB 0x0000000708200000| Untracked 
|  66|0x0000000708400000, 0x0000000708600000, 0x0000000708600000|100%| O|  |TAMS 0x0000000708400000| PB 0x0000000708400000| Untracked 
|  67|0x0000000708600000, 0x0000000708800000, 0x0000000708800000|100%| O|  |TAMS 0x0000000708600000| PB 0x0000000708600000| Untracked 
|  68|0x0000000708800000, 0x0000000708a00000, 0x0000000708a00000|100%| O|  |TAMS 0x0000000708800000| PB 0x0000000708800000| Untracked 
|  69|0x0000000708a00000, 0x0000000708c00000, 0x0000000708c00000|100%| O|  |TAMS 0x0000000708a00000| PB 0x0000000708a00000| Untracked 
|  70|0x0000000708c00000, 0x0000000708e00000, 0x0000000708e00000|100%| O|  |TAMS 0x0000000708c00000| PB 0x0000000708c00000| Untracked 
|  71|0x0000000708e00000, 0x0000000709000000, 0x0000000709000000|100%| O|  |TAMS 0x0000000708e00000| PB 0x0000000708e00000| Untracked 
|  72|0x0000000709000000, 0x0000000709200000, 0x0000000709200000|100%| O|  |TAMS 0x0000000709000000| PB 0x0000000709000000| Untracked 
|  73|0x0000000709200000, 0x0000000709400000, 0x0000000709400000|100%| O|  |TAMS 0x0000000709200000| PB 0x0000000709200000| Untracked 
|  74|0x0000000709400000, 0x0000000709600000, 0x0000000709600000|100%| O|  |TAMS 0x0000000709400000| PB 0x0000000709400000| Untracked 
|  75|0x0000000709600000, 0x0000000709800000, 0x0000000709800000|100%| O|  |TAMS 0x0000000709600000| PB 0x0000000709600000| Untracked 
|  76|0x0000000709800000, 0x0000000709a00000, 0x0000000709a00000|100%| O|  |TAMS 0x0000000709800000| PB 0x0000000709800000| Untracked 
|  77|0x0000000709a00000, 0x0000000709c00000, 0x0000000709c00000|100%| O|  |TAMS 0x0000000709a00000| PB 0x0000000709a00000| Untracked 
|  78|0x0000000709c00000, 0x0000000709c00000, 0x0000000709e00000|  0%| F|  |TAMS 0x0000000709c00000| PB 0x0000000709c00000| Untracked 
|  79|0x0000000709e00000, 0x0000000709e00000, 0x000000070a000000|  0%| F|  |TAMS 0x0000000709e00000| PB 0x0000000709e00000| Untracked 
|  80|0x000000070a000000, 0x000000070a200000, 0x000000070a200000|100%| O|  |TAMS 0x000000070a000000| PB 0x000000070a000000| Untracked 
|  81|0x000000070a200000, 0x000000070a200000, 0x000000070a400000|  0%| F|  |TAMS 0x000000070a200000| PB 0x000000070a200000| Untracked 
|  82|0x000000070a400000, 0x000000070a600000, 0x000000070a600000|100%| O|  |TAMS 0x000000070a400000| PB 0x000000070a400000| Untracked 
|  83|0x000000070a600000, 0x000000070a800000, 0x000000070a800000|100%| O|  |TAMS 0x000000070a600000| PB 0x000000070a600000| Untracked 
|  84|0x000000070a800000, 0x000000070a816bd0, 0x000000070aa00000|  4%| O|  |TAMS 0x000000070a800000| PB 0x000000070a800000| Untracked 
|  85|0x000000070aa00000, 0x000000070aa00000, 0x000000070ac00000|  0%| F|  |TAMS 0x000000070aa00000| PB 0x000000070aa00000| Untracked 
|  86|0x000000070ac00000, 0x000000070ac00000, 0x000000070ae00000|  0%| F|  |TAMS 0x000000070ac00000| PB 0x000000070ac00000| Untracked 
|  87|0x000000070ae00000, 0x000000070ae00000, 0x000000070b000000|  0%| F|  |TAMS 0x000000070ae00000| PB 0x000000070ae00000| Untracked 
|  88|0x000000070b000000, 0x000000070b000000, 0x000000070b200000|  0%| F|  |TAMS 0x000000070b000000| PB 0x000000070b000000| Untracked 
|  89|0x000000070b200000, 0x000000070b265f70, 0x000000070b400000| 19%| S|CS|TAMS 0x000000070b200000| PB 0x000000070b200000| Complete 
|  90|0x000000070b400000, 0x000000070b600000, 0x000000070b600000|100%| S|CS|TAMS 0x000000070b400000| PB 0x000000070b400000| Complete 
|  91|0x000000070b600000, 0x000000070b800000, 0x000000070b800000|100%| S|CS|TAMS 0x000000070b600000| PB 0x000000070b600000| Complete 
|  92|0x000000070b800000, 0x000000070b800000, 0x000000070ba00000|  0%| F|  |TAMS 0x000000070b800000| PB 0x000000070b800000| Untracked 
|  93|0x000000070ba00000, 0x000000070ba00000, 0x000000070bc00000|  0%| F|  |TAMS 0x000000070ba00000| PB 0x000000070ba00000| Untracked 
|  94|0x000000070bc00000, 0x000000070be00000, 0x000000070be00000|100%| S|CS|TAMS 0x000000070bc00000| PB 0x000000070bc00000| Complete 
|  95|0x000000070be00000, 0x000000070be00000, 0x000000070c000000|  0%| F|  |TAMS 0x000000070be00000| PB 0x000000070be00000| Untracked 
|  96|0x000000070c000000, 0x000000070c200000, 0x000000070c200000|100%| S|CS|TAMS 0x000000070c000000| PB 0x000000070c000000| Complete 
|  97|0x000000070c200000, 0x000000070c400000, 0x000000070c400000|100%| S|CS|TAMS 0x000000070c200000| PB 0x000000070c200000| Complete 
|  98|0x000000070c400000, 0x000000070c400000, 0x000000070c600000|  0%| F|  |TAMS 0x000000070c400000| PB 0x000000070c400000| Untracked 
|  99|0x000000070c600000, 0x000000070c600000, 0x000000070c800000|  0%| F|  |TAMS 0x000000070c600000| PB 0x000000070c600000| Untracked 
| 100|0x000000070c800000, 0x000000070c800000, 0x000000070ca00000|  0%| F|  |TAMS 0x000000070c800000| PB 0x000000070c800000| Untracked 
| 101|0x000000070ca00000, 0x000000070ca00000, 0x000000070cc00000|  0%| F|  |TAMS 0x000000070ca00000| PB 0x000000070ca00000| Untracked 
| 102|0x000000070cc00000, 0x000000070cc00000, 0x000000070ce00000|  0%| F|  |TAMS 0x000000070cc00000| PB 0x000000070cc00000| Untracked 
| 103|0x000000070ce00000, 0x000000070ce00000, 0x000000070d000000|  0%| F|  |TAMS 0x000000070ce00000| PB 0x000000070ce00000| Untracked 
| 104|0x000000070d000000, 0x000000070d000000, 0x000000070d200000|  0%| F|  |TAMS 0x000000070d000000| PB 0x000000070d000000| Untracked 
| 105|0x000000070d200000, 0x000000070d200000, 0x000000070d400000|  0%| F|  |TAMS 0x000000070d200000| PB 0x000000070d200000| Untracked 
| 106|0x000000070d400000, 0x000000070d400000, 0x000000070d600000|  0%| F|  |TAMS 0x000000070d400000| PB 0x000000070d400000| Untracked 
| 107|0x000000070d600000, 0x000000070d600000, 0x000000070d800000|  0%| F|  |TAMS 0x000000070d600000| PB 0x000000070d600000| Untracked 
| 108|0x000000070d800000, 0x000000070d800000, 0x000000070da00000|  0%| F|  |TAMS 0x000000070d800000| PB 0x000000070d800000| Untracked 
| 109|0x000000070da00000, 0x000000070da00000, 0x000000070dc00000|  0%| F|  |TAMS 0x000000070da00000| PB 0x000000070da00000| Untracked 
| 110|0x000000070dc00000, 0x000000070dc00000, 0x000000070de00000|  0%| F|  |TAMS 0x000000070dc00000| PB 0x000000070dc00000| Untracked 
| 111|0x000000070de00000, 0x000000070de00000, 0x000000070e000000|  0%| F|  |TAMS 0x000000070de00000| PB 0x000000070de00000| Untracked 
| 112|0x000000070e000000, 0x000000070e000000, 0x000000070e200000|  0%| F|  |TAMS 0x000000070e000000| PB 0x000000070e000000| Untracked 
| 113|0x000000070e200000, 0x000000070e200000, 0x000000070e400000|  0%| F|  |TAMS 0x000000070e200000| PB 0x000000070e200000| Untracked 
| 114|0x000000070e400000, 0x000000070e400000, 0x000000070e600000|  0%| F|  |TAMS 0x000000070e400000| PB 0x000000070e400000| Untracked 
| 115|0x000000070e600000, 0x000000070e600000, 0x000000070e800000|  0%| F|  |TAMS 0x000000070e600000| PB 0x000000070e600000| Untracked 
| 116|0x000000070e800000, 0x000000070e800000, 0x000000070ea00000|  0%| F|  |TAMS 0x000000070e800000| PB 0x000000070e800000| Untracked 
| 117|0x000000070ea00000, 0x000000070ea00000, 0x000000070ec00000|  0%| F|  |TAMS 0x000000070ea00000| PB 0x000000070ea00000| Untracked 
| 118|0x000000070ec00000, 0x000000070ec00000, 0x000000070ee00000|  0%| F|  |TAMS 0x000000070ec00000| PB 0x000000070ec00000| Untracked 
| 119|0x000000070ee00000, 0x000000070ee00000, 0x000000070f000000|  0%| F|  |TAMS 0x000000070ee00000| PB 0x000000070ee00000| Untracked 
| 120|0x000000070f000000, 0x000000070f000000, 0x000000070f200000|  0%| F|  |TAMS 0x000000070f000000| PB 0x000000070f000000| Untracked 
| 121|0x000000070f200000, 0x000000070f200000, 0x000000070f400000|  0%| F|  |TAMS 0x000000070f200000| PB 0x000000070f200000| Untracked 
| 122|0x000000070f400000, 0x000000070f400000, 0x000000070f600000|  0%| F|  |TAMS 0x000000070f400000| PB 0x000000070f400000| Untracked 
| 123|0x000000070f600000, 0x000000070f600000, 0x000000070f800000|  0%| F|  |TAMS 0x000000070f600000| PB 0x000000070f600000| Untracked 
| 124|0x000000070f800000, 0x000000070f800000, 0x000000070fa00000|  0%| F|  |TAMS 0x000000070f800000| PB 0x000000070f800000| Untracked 
| 125|0x000000070fa00000, 0x000000070fa00000, 0x000000070fc00000|  0%| F|  |TAMS 0x000000070fa00000| PB 0x000000070fa00000| Untracked 
| 126|0x000000070fc00000, 0x000000070fc00000, 0x000000070fe00000|  0%| F|  |TAMS 0x000000070fc00000| PB 0x000000070fc00000| Untracked 
| 127|0x000000070fe00000, 0x000000070fe00000, 0x0000000710000000|  0%| F|  |TAMS 0x000000070fe00000| PB 0x000000070fe00000| Untracked 
| 128|0x0000000710000000, 0x0000000710000000, 0x0000000710200000|  0%| F|  |TAMS 0x0000000710000000| PB 0x0000000710000000| Untracked 
| 129|0x0000000710200000, 0x0000000710200000, 0x0000000710400000|  0%| F|  |TAMS 0x0000000710200000| PB 0x0000000710200000| Untracked 
| 130|0x0000000710400000, 0x0000000710400000, 0x0000000710600000|  0%| F|  |TAMS 0x0000000710400000| PB 0x0000000710400000| Untracked 
| 131|0x0000000710600000, 0x0000000710600000, 0x0000000710800000|  0%| F|  |TAMS 0x0000000710600000| PB 0x0000000710600000| Untracked 
| 132|0x0000000710800000, 0x0000000710800000, 0x0000000710a00000|  0%| F|  |TAMS 0x0000000710800000| PB 0x0000000710800000| Untracked 
| 133|0x0000000710a00000, 0x0000000710a00000, 0x0000000710c00000|  0%| F|  |TAMS 0x0000000710a00000| PB 0x0000000710a00000| Untracked 
| 134|0x0000000710c00000, 0x0000000710c00000, 0x0000000710e00000|  0%| F|  |TAMS 0x0000000710c00000| PB 0x0000000710c00000| Untracked 
| 135|0x0000000710e00000, 0x0000000710e00000, 0x0000000711000000|  0%| F|  |TAMS 0x0000000710e00000| PB 0x0000000710e00000| Untracked 
| 136|0x0000000711000000, 0x0000000711000000, 0x0000000711200000|  0%| F|  |TAMS 0x0000000711000000| PB 0x0000000711000000| Untracked 
| 137|0x0000000711200000, 0x0000000711200000, 0x0000000711400000|  0%| F|  |TAMS 0x0000000711200000| PB 0x0000000711200000| Untracked 
| 138|0x0000000711400000, 0x0000000711400000, 0x0000000711600000|  0%| F|  |TAMS 0x0000000711400000| PB 0x0000000711400000| Untracked 
| 139|0x0000000711600000, 0x0000000711600000, 0x0000000711800000|  0%| F|  |TAMS 0x0000000711600000| PB 0x0000000711600000| Untracked 
| 140|0x0000000711800000, 0x0000000711800000, 0x0000000711a00000|  0%| F|  |TAMS 0x0000000711800000| PB 0x0000000711800000| Untracked 
| 141|0x0000000711a00000, 0x0000000711a00000, 0x0000000711c00000|  0%| F|  |TAMS 0x0000000711a00000| PB 0x0000000711a00000| Untracked 
| 142|0x0000000711c00000, 0x0000000711c00000, 0x0000000711e00000|  0%| F|  |TAMS 0x0000000711c00000| PB 0x0000000711c00000| Untracked 
| 143|0x0000000711e00000, 0x0000000711e00000, 0x0000000712000000|  0%| F|  |TAMS 0x0000000711e00000| PB 0x0000000711e00000| Untracked 
| 144|0x0000000712000000, 0x0000000712000000, 0x0000000712200000|  0%| F|  |TAMS 0x0000000712000000| PB 0x0000000712000000| Untracked 
| 145|0x0000000712200000, 0x0000000712200000, 0x0000000712400000|  0%| F|  |TAMS 0x0000000712200000| PB 0x0000000712200000| Untracked 
| 146|0x0000000712400000, 0x0000000712400000, 0x0000000712600000|  0%| F|  |TAMS 0x0000000712400000| PB 0x0000000712400000| Untracked 
| 147|0x0000000712600000, 0x0000000712600000, 0x0000000712800000|  0%| F|  |TAMS 0x0000000712600000| PB 0x0000000712600000| Untracked 
| 148|0x0000000712800000, 0x0000000712800000, 0x0000000712a00000|  0%| F|  |TAMS 0x0000000712800000| PB 0x0000000712800000| Untracked 
| 149|0x0000000712a00000, 0x0000000712a00000, 0x0000000712c00000|  0%| F|  |TAMS 0x0000000712a00000| PB 0x0000000712a00000| Untracked 
| 150|0x0000000712c00000, 0x0000000712c00000, 0x0000000712e00000|  0%| F|  |TAMS 0x0000000712c00000| PB 0x0000000712c00000| Untracked 
| 151|0x0000000712e00000, 0x0000000712e00000, 0x0000000713000000|  0%| F|  |TAMS 0x0000000712e00000| PB 0x0000000712e00000| Untracked 
| 152|0x0000000713000000, 0x0000000713000000, 0x0000000713200000|  0%| F|  |TAMS 0x0000000713000000| PB 0x0000000713000000| Untracked 
| 153|0x0000000713200000, 0x0000000713200000, 0x0000000713400000|  0%| F|  |TAMS 0x0000000713200000| PB 0x0000000713200000| Untracked 
| 154|0x0000000713400000, 0x0000000713400000, 0x0000000713600000|  0%| F|  |TAMS 0x0000000713400000| PB 0x0000000713400000| Untracked 
| 155|0x0000000713600000, 0x0000000713600000, 0x0000000713800000|  0%| F|  |TAMS 0x0000000713600000| PB 0x0000000713600000| Untracked 
| 156|0x0000000713800000, 0x0000000713800000, 0x0000000713a00000|  0%| F|  |TAMS 0x0000000713800000| PB 0x0000000713800000| Untracked 
| 157|0x0000000713a00000, 0x0000000713a00000, 0x0000000713c00000|  0%| F|  |TAMS 0x0000000713a00000| PB 0x0000000713a00000| Untracked 
| 158|0x0000000713c00000, 0x0000000713c00000, 0x0000000713e00000|  0%| F|  |TAMS 0x0000000713c00000| PB 0x0000000713c00000| Untracked 
| 159|0x0000000713e00000, 0x0000000713e00000, 0x0000000714000000|  0%| F|  |TAMS 0x0000000713e00000| PB 0x0000000713e00000| Untracked 
| 160|0x0000000714000000, 0x0000000714000000, 0x0000000714200000|  0%| F|  |TAMS 0x0000000714000000| PB 0x0000000714000000| Untracked 
| 161|0x0000000714200000, 0x0000000714200000, 0x0000000714400000|  0%| F|  |TAMS 0x0000000714200000| PB 0x0000000714200000| Untracked 
| 162|0x0000000714400000, 0x0000000714400000, 0x0000000714600000|  0%| F|  |TAMS 0x0000000714400000| PB 0x0000000714400000| Untracked 
| 163|0x0000000714600000, 0x0000000714600000, 0x0000000714800000|  0%| F|  |TAMS 0x0000000714600000| PB 0x0000000714600000| Untracked 
| 164|0x0000000714800000, 0x0000000714800000, 0x0000000714a00000|  0%| F|  |TAMS 0x0000000714800000| PB 0x0000000714800000| Untracked 
| 165|0x0000000714a00000, 0x0000000714a00000, 0x0000000714c00000|  0%| F|  |TAMS 0x0000000714a00000| PB 0x0000000714a00000| Untracked 
| 166|0x0000000714c00000, 0x0000000714c00000, 0x0000000714e00000|  0%| F|  |TAMS 0x0000000714c00000| PB 0x0000000714c00000| Untracked 
| 167|0x0000000714e00000, 0x0000000714e00000, 0x0000000715000000|  0%| F|  |TAMS 0x0000000714e00000| PB 0x0000000714e00000| Untracked 
| 168|0x0000000715000000, 0x0000000715000000, 0x0000000715200000|  0%| F|  |TAMS 0x0000000715000000| PB 0x0000000715000000| Untracked 
| 169|0x0000000715200000, 0x0000000715200000, 0x0000000715400000|  0%| F|  |TAMS 0x0000000715200000| PB 0x0000000715200000| Untracked 
| 170|0x0000000715400000, 0x0000000715400000, 0x0000000715600000|  0%| F|  |TAMS 0x0000000715400000| PB 0x0000000715400000| Untracked 
| 171|0x0000000715600000, 0x0000000715600000, 0x0000000715800000|  0%| F|  |TAMS 0x0000000715600000| PB 0x0000000715600000| Untracked 
| 172|0x0000000715800000, 0x0000000715800000, 0x0000000715a00000|  0%| F|  |TAMS 0x0000000715800000| PB 0x0000000715800000| Untracked 
| 173|0x0000000715a00000, 0x0000000715a00000, 0x0000000715c00000|  0%| F|  |TAMS 0x0000000715a00000| PB 0x0000000715a00000| Untracked 
| 174|0x0000000715c00000, 0x0000000715c00000, 0x0000000715e00000|  0%| F|  |TAMS 0x0000000715c00000| PB 0x0000000715c00000| Untracked 
| 175|0x0000000715e00000, 0x0000000715e00000, 0x0000000716000000|  0%| F|  |TAMS 0x0000000715e00000| PB 0x0000000715e00000| Untracked 
| 176|0x0000000716000000, 0x0000000716000000, 0x0000000716200000|  0%| F|  |TAMS 0x0000000716000000| PB 0x0000000716000000| Untracked 
|2035|0x00000007fe600000, 0x00000007fe800000, 0x00000007fe800000|100%| O|  |TAMS 0x00000007fe600000| PB 0x00000007fe600000| Untracked 
|2036|0x00000007fe800000, 0x00000007fe800000, 0x00000007fea00000|  0%| F|  |TAMS 0x00000007fe800000| PB 0x00000007fe800000| Untracked 
|2037|0x00000007fea00000, 0x00000007fec00000, 0x00000007fec00000|100%| O|  |TAMS 0x00000007fea00000| PB 0x00000007fea00000| Untracked 
|2038|0x00000007fec00000, 0x00000007fec00000, 0x00000007fee00000|  0%| F|  |TAMS 0x00000007fec00000| PB 0x00000007fec00000| Untracked 
|2039|0x00000007fee00000, 0x00000007ff000000, 0x00000007ff000000|100%| O|  |TAMS 0x00000007fee00000| PB 0x00000007fee00000| Untracked 
|2040|0x00000007ff000000, 0x00000007ff200000, 0x00000007ff200000|100%| O|  |TAMS 0x00000007ff000000| PB 0x00000007ff000000| Untracked 
|2041|0x00000007ff200000, 0x00000007ff200000, 0x00000007ff400000|  0%| F|  |TAMS 0x00000007ff200000| PB 0x00000007ff200000| Untracked 
|2042|0x00000007ff400000, 0x00000007ff600000, 0x00000007ff600000|100%| O|  |TAMS 0x00000007ff400000| PB 0x00000007ff400000| Untracked 
|2043|0x00000007ff600000, 0x00000007ff800000, 0x00000007ff800000|100%| O|  |TAMS 0x00000007ff600000| PB 0x00000007ff600000| Untracked 
|2044|0x00000007ff800000, 0x00000007ffa00000, 0x00000007ffa00000|100%| O|  |TAMS 0x00000007ff800000| PB 0x00000007ff800000| Untracked 
|2045|0x00000007ffa00000, 0x00000007ffc00000, 0x00000007ffc00000|100%| O|  |TAMS 0x00000007ffa00000| PB 0x00000007ffa00000| Untracked 
|2046|0x00000007ffc00000, 0x00000007ffe00000, 0x00000007ffe00000|100%| O|  |TAMS 0x00000007ffc00000| PB 0x00000007ffc00000| Untracked 
|2047|0x00000007ffe00000, 0x0000000800000000, 0x0000000800000000|100%| O|  |TAMS 0x00000007ffe00000| PB 0x00000007ffe00000| Untracked 

Card table byte_map: [0x00000254777d0000,0x0000025477fd0000] _byte_map_base: 0x0000025473fd0000

Marking Bits: (CMBitMap*) 0x0000025473659cf0
 Bits: [0x0000025477fd0000, 0x000002547bfd0000)

Polling page: 0x0000025471440000

Metaspace:

Usage:
  Non-class:    127.30 MB used.
      Class:     21.41 MB used.
       Both:    148.71 MB used.

Virtual space:
  Non-class space:      192.00 MB reserved,     128.44 MB ( 67%) committed,  3 nodes.
      Class space:      832.00 MB reserved,      22.50 MB (  3%) committed,  1 nodes.
             Both:        1.00 GB reserved,     150.94 MB ( 15%) committed. 

Chunk freelists:
   Non-Class:  15.23 MB
       Class:  9.39 MB
        Both:  24.62 MB

MaxMetaspaceSize: 1.00 GB
CompressedClassSpaceSize: 832.00 MB
Initial GC threshold: 21.00 MB
Current GC threshold: 250.31 MB
CDS: off
 - commit_granule_bytes: 65536.
 - commit_granule_words: 8192.
 - virtual_space_node_default_size: 8388608.
 - enlarge_chunks_in_place: 1.
 - use_allocation_guard: 0.


Internal statistics:

num_allocs_failed_limit: 9.
num_arena_births: 4708.
num_arena_deaths: 110.
num_vsnodes_births: 4.
num_vsnodes_deaths: 0.
num_space_committed: 2414.
num_space_uncommitted: 0.
num_chunks_returned_to_freelist: 167.
num_chunks_taken_from_freelist: 11249.
num_chunk_merges: 72.
num_chunk_splits: 7424.
num_chunks_enlarged: 4826.
num_inconsistent_stats: 0.

CodeHeap 'non-profiled nmethods': size=119168Kb used=12595Kb max_used=12713Kb free=106572Kb
 bounds [0x0000025407ba0000, 0x0000025408880000, 0x000002540f000000]
CodeHeap 'profiled nmethods': size=119104Kb used=36454Kb max_used=36935Kb free=82649Kb
 bounds [0x0000025400000000, 0x0000025402460000, 0x0000025407450000]
CodeHeap 'non-nmethods': size=7488Kb used=4480Kb max_used=4609Kb free=3008Kb
 bounds [0x0000025407450000, 0x00000254078e0000, 0x0000025407ba0000]
CodeCache: size=245760Kb, used=53529Kb, max_used=54257Kb, free=192229Kb
 total_blobs=18940, nmethods=17884, adapters=956, full_count=0
Compilation: enabled, stopped_count=0, restarted_count=0

Compilation events (20 events):
Event: 18.314 Thread 0x000002547f4bce50 nmethod 23007 0x0000025400317990 code [0x0000025400317b40, 0x0000025400317c78]
Event: 18.314 Thread 0x000002547f4b9f70 nmethod 23008 0x0000025401bfab10 code [0x0000025401bfacc0, 0x0000025401bfae30]
Event: 18.314 Thread 0x000002547f4b9f70 23012       2       com.android.tools.r8.graph.u1::a (11 bytes)
Event: 18.314 Thread 0x000002547f4bce50 23011       2       com.android.tools.r8.graph.u1$$Lambda/0x0000000801682670::a (5 bytes)
Event: 18.314 Thread 0x000002547f2fcc20 nmethod 23010 0x0000025402375010 code [0x00000254023751a0, 0x00000254023752b0]
Event: 18.314 Thread 0x000002547f2fcc20 23013       2       com.android.tools.r8.graph.u1$$Lambda/0x00000008016828c0::apply (8 bytes)
Event: 18.314 Thread 0x000002547f2fcc20 nmethod 23013 0x0000025401aeaf90 code [0x0000025401aeb120, 0x0000025401aeb270]
Event: 18.314 Thread 0x000002547f4bd500 nmethod 23009 0x0000025401c29990 code [0x0000025401c29b60, 0x0000025401c29e70]
Event: 18.314 Thread 0x000002547f4bd500 23014       2       com.android.tools.r8.graph.g3::p (6 bytes)
Event: 18.314 Thread 0x000002547f2fcc20 23015       2       com.android.tools.r8.graph.g3$$Lambda/0x00000008016834f8::a (5 bytes)
Event: 18.314 Thread 0x000002547f4b9f70 nmethod 23012 0x0000025400178210 code [0x00000254001783e0, 0x0000025400178660]
Event: 18.314 Thread 0x000002547f4bce50 nmethod 23011 0x0000025401eb5610 code [0x0000025401eb57e0, 0x0000025401eb5a78]
Event: 18.314 Thread 0x000002547f4b9f70 23016       2       com.android.tools.r8.graph.g3::a (43 bytes)
Event: 18.314 Thread 0x000002547f4bce50 23018       2       com.android.tools.r8.internal.xi0::a (16 bytes)
Event: 18.315 Thread 0x000002547f2fcc20 nmethod 23015 0x0000025400177d10 code [0x0000025400177ec0, 0x0000025400177fe0]
Event: 18.315 Thread 0x000002547f4bd500 nmethod 23014 0x0000025401aeaa10 code [0x0000025401aeaba0, 0x0000025401aeacb0]
Event: 18.315 Thread 0x000002547f4bce50 nmethod 23018 0x0000025401eb5210 code [0x0000025401eb53c0, 0x0000025401eb5518]
Event: 18.315 Thread 0x000002547f4bd500 23019       3       com.android.tools.r8.graph.j3::V0 (44 bytes)
Event: 18.315 Thread 0x000002547f2fcc20 23020       3       com.android.tools.r8.internal.da3::j (26 bytes)
Event: 18.315 Thread 0x000002547f4bce50 23021       3       com.android.tools.r8.dex.l0$$Lambda/0x000000080166c358::accept (12 bytes)

GC Heap History (20 events):
Event: 14.836 GC heap after
{Heap after GC invocations=47 (full 0):
 garbage-first heap   total 315392K, used 156246K [0x0000000700000000, 0x0000000800000000)
  region size 2048K, 7 young (14336K), 7 survivors (14336K)
 Metaspace       used 128049K, committed 130432K, reserved 983040K
  class space    used 17769K, committed 18944K, reserved 851968K
}
Event: 15.390 GC heap before
{Heap before GC invocations=47 (full 0):
 garbage-first heap   total 315392K, used 281174K [0x0000000700000000, 0x0000000800000000)
  region size 2048K, 69 young (141312K), 7 survivors (14336K)
 Metaspace       used 134289K, committed 136576K, reserved 983040K
  class space    used 18839K, committed 19968K, reserved 851968K
}
Event: 15.403 GC heap after
{Heap after GC invocations=48 (full 0):
 garbage-first heap   total 315392K, used 167714K [0x0000000700000000, 0x0000000800000000)
  region size 2048K, 9 young (18432K), 9 survivors (18432K)
 Metaspace       used 134289K, committed 136576K, reserved 983040K
  class space    used 18839K, committed 19968K, reserved 851968K
}
Event: 15.871 GC heap before
{Heap before GC invocations=48 (full 0):
 garbage-first heap   total 315392K, used 282402K [0x0000000700000000, 0x0000000800000000)
  region size 2048K, 66 young (135168K), 9 survivors (18432K)
 Metaspace       used 141653K, committed 144000K, reserved 983040K
  class space    used 20303K, committed 21440K, reserved 851968K
}
Event: 15.889 GC heap after
{Heap after GC invocations=49 (full 0):
 garbage-first heap   total 323584K, used 186750K [0x0000000700000000, 0x0000000800000000)
  region size 2048K, 9 young (18432K), 9 survivors (18432K)
 Metaspace       used 141653K, committed 144000K, reserved 983040K
  class space    used 20303K, committed 21440K, reserved 851968K
}
Event: 16.314 GC heap before
{Heap before GC invocations=50 (full 0):
 garbage-first heap   total 323584K, used 287102K [0x0000000700000000, 0x0000000800000000)
  region size 2048K, 59 young (120832K), 9 survivors (18432K)
 Metaspace       used 147951K, committed 150272K, reserved 983040K
  class space    used 21300K, committed 22464K, reserved 851968K
}
Event: 16.326 GC heap after
{Heap after GC invocations=51 (full 0):
 garbage-first heap   total 323584K, used 193896K [0x0000000700000000, 0x0000000800000000)
  region size 2048K, 5 young (10240K), 5 survivors (10240K)
 Metaspace       used 147951K, committed 150272K, reserved 983040K
  class space    used 21300K, committed 22464K, reserved 851968K
}
Event: 16.631 GC heap before
{Heap before GC invocations=51 (full 0):
 garbage-first heap   total 323584K, used 290152K [0x0000000700000000, 0x0000000800000000)
  region size 2048K, 52 young (106496K), 5 survivors (10240K)
 Metaspace       used 150014K, committed 152384K, reserved 983040K
  class space    used 21580K, committed 22720K, reserved 851968K
}
Event: 16.644 GC heap after
{Heap after GC invocations=52 (full 0):
 garbage-first heap   total 389120K, used 194249K [0x0000000700000000, 0x0000000800000000)
  region size 2048K, 2 young (4096K), 2 survivors (4096K)
 Metaspace       used 150014K, committed 152384K, reserved 983040K
  class space    used 21580K, committed 22720K, reserved 851968K
}
Event: 16.934 GC heap before
{Heap before GC invocations=52 (full 0):
 garbage-first heap   total 389120K, used 343753K [0x0000000700000000, 0x0000000800000000)
  region size 2048K, 76 young (155648K), 2 survivors (4096K)
 Metaspace       used 151121K, committed 153472K, reserved 983040K
  class space    used 21747K, committed 22912K, reserved 851968K
}
Event: 16.941 GC heap after
{Heap after GC invocations=53 (full 0):
 garbage-first heap   total 389120K, used 196058K [0x0000000700000000, 0x0000000800000000)
  region size 2048K, 3 young (6144K), 3 survivors (6144K)
 Metaspace       used 151121K, committed 153472K, reserved 983040K
  class space    used 21747K, committed 22912K, reserved 851968K
}
Event: 17.270 GC heap before
{Heap before GC invocations=54 (full 0):
 garbage-first heap   total 389120K, used 353754K [0x0000000700000000, 0x0000000800000000)
  region size 2048K, 81 young (165888K), 3 survivors (6144K)
 Metaspace       used 151201K, committed 153536K, reserved 983040K
  class space    used 21759K, committed 22912K, reserved 851968K
}
Event: 17.276 GC heap after
{Heap after GC invocations=55 (full 0):
 garbage-first heap   total 389120K, used 196913K [0x0000000700000000, 0x0000000800000000)
  region size 2048K, 4 young (8192K), 4 survivors (8192K)
 Metaspace       used 151201K, committed 153536K, reserved 983040K
  class space    used 21759K, committed 22912K, reserved 851968K
}
Event: 17.492 GC heap before
{Heap before GC invocations=55 (full 0):
 garbage-first heap   total 389120K, used 358705K [0x0000000700000000, 0x0000000800000000)
  region size 2048K, 84 young (172032K), 4 survivors (8192K)
 Metaspace       used 151317K, committed 153600K, reserved 983040K
  class space    used 21771K, committed 22912K, reserved 851968K
}
Event: 17.498 GC heap after
{Heap after GC invocations=56 (full 0):
 garbage-first heap   total 389120K, used 193664K [0x0000000700000000, 0x0000000800000000)
  region size 2048K, 3 young (6144K), 3 survivors (6144K)
 Metaspace       used 151317K, committed 153600K, reserved 983040K
  class space    used 21771K, committed 22912K, reserved 851968K
}
Event: 17.722 GC heap before
{Heap before GC invocations=56 (full 0):
 garbage-first heap   total 389120K, used 365696K [0x0000000700000000, 0x0000000800000000)
  region size 2048K, 87 young (178176K), 3 survivors (6144K)
 Metaspace       used 151397K, committed 153664K, reserved 1048576K
  class space    used 21781K, committed 22912K, reserved 851968K
}
Event: 17.730 GC heap after
{Heap after GC invocations=57 (full 0):
 garbage-first heap   total 389120K, used 195623K [0x0000000700000000, 0x0000000800000000)
  region size 2048K, 4 young (8192K), 4 survivors (8192K)
 Metaspace       used 151397K, committed 153664K, reserved 1048576K
  class space    used 21781K, committed 22912K, reserved 851968K
}
Event: 18.054 GC heap before
{Heap before GC invocations=58 (full 0):
 garbage-first heap   total 389120K, used 365607K [0x0000000700000000, 0x0000000800000000)
  region size 2048K, 88 young (180224K), 4 survivors (8192K)
 Metaspace       used 151978K, committed 154240K, reserved 1048576K
  class space    used 21894K, committed 23040K, reserved 851968K
}
Event: 18.060 GC heap after
{Heap after GC invocations=59 (full 0):
 garbage-first heap   total 389120K, used 198412K [0x0000000700000000, 0x0000000800000000)
  region size 2048K, 6 young (12288K), 6 survivors (12288K)
 Metaspace       used 151978K, committed 154240K, reserved 1048576K
  class space    used 21894K, committed 23040K, reserved 851968K
}
Event: 18.315 GC heap before
{Heap before GC invocations=59 (full 0):
 garbage-first heap   total 389120K, used 364300K [0x0000000700000000, 0x0000000800000000)
  region size 2048K, 88 young (180224K), 6 survivors (12288K)
 Metaspace       used 152277K, committed 154560K, reserved 1048576K
  class space    used 21919K, committed 23040K, reserved 851968K
}

Dll operation events (3 events):
Event: 0.005 Loaded shared library C:\Program Files\Android\Android Studio\jbr\bin\java.dll
Event: 0.010 Loaded shared library C:\Program Files\Android\Android Studio\jbr\bin\zip.dll
Event: 0.491 Loaded shared library C:\Program Files\Android\Android Studio\jbr\bin\verify.dll

Deoptimization events (20 events):
Event: 17.988 Thread 0x000002541f0cf970 DEOPT PACKING pc=0x000002540882f470 sp=0x0000008de1bfc330
Event: 17.988 Thread 0x000002541f0cf970 DEOPT UNPACKING pc=0x00000254074a4422 sp=0x0000008de1bfc360 mode 2
Event: 18.101 Thread 0x000002541f0d13b0 Uncommon trap: trap_request=0xffffff6e fr.pc=0x000002540858e28c relative=0x00000000000015cc
Event: 18.101 Thread 0x000002541f0d13b0 Uncommon trap: reason=loop_limit_check action=maybe_recompile pc=0x000002540858e28c method=com.android.tools.r8.internal.fn.c(Lcom/android/tools/r8/internal/r31;)V @ 52 c2
Event: 18.101 Thread 0x000002541f0d13b0 DEOPT PACKING pc=0x000002540858e28c sp=0x0000008de15fc270
Event: 18.101 Thread 0x000002541f0d13b0 DEOPT UNPACKING pc=0x00000254074a4422 sp=0x0000008de15fc298 mode 2
Event: 18.124 Thread 0x000002541f0cf970 Uncommon trap: trap_request=0xffffffe4 fr.pc=0x000002540879d120 relative=0x00000000000002c0
Event: 18.124 Thread 0x000002541f0cf970 Uncommon trap: reason=range_check action=make_not_entrant pc=0x000002540879d120 method=com.android.tools.r8.graph.i6.a(Lcom/android/tools/r8/graph/i6;)I @ 9 c2
Event: 18.124 Thread 0x000002541f0cf970 DEOPT PACKING pc=0x000002540879d120 sp=0x0000008de1bfd460
Event: 18.124 Thread 0x000002541f0cf970 DEOPT UNPACKING pc=0x00000254074a4422 sp=0x0000008de1bfd368 mode 2
Event: 18.145 Thread 0x000002541f0cf970 DEOPT PACKING pc=0x0000025401c0a574 sp=0x0000008de1bfd260
Event: 18.145 Thread 0x000002541f0cf970 DEOPT UNPACKING pc=0x00000254074a4bc2 sp=0x0000008de1bfc718 mode 0
Event: 18.145 Thread 0x000002541f0cf970 DEOPT PACKING pc=0x000002540233958c sp=0x0000008de1bfd2e0
Event: 18.145 Thread 0x000002541f0cf970 DEOPT UNPACKING pc=0x00000254074a4bc2 sp=0x0000008de1bfc860 mode 0
Event: 18.150 Thread 0x000002541f0d2df0 DEOPT PACKING pc=0x00000254020b0fd2 sp=0x0000008de18fc540
Event: 18.150 Thread 0x000002541f0d2df0 DEOPT UNPACKING pc=0x00000254074a4bc2 sp=0x0000008de18fba50 mode 0
Event: 18.199 Thread 0x000002541f0d13b0 DEOPT PACKING pc=0x0000025402306192 sp=0x0000008de15fc170
Event: 18.199 Thread 0x000002541f0d13b0 DEOPT UNPACKING pc=0x00000254074a4bc2 sp=0x0000008de15fb850 mode 0
Event: 18.308 Thread 0x000002541f0d0d20 DEOPT PACKING pc=0x00000254020b0fb1 sp=0x0000008de1afc510
Event: 18.308 Thread 0x000002541f0d0d20 DEOPT UNPACKING pc=0x00000254074a4bc2 sp=0x0000008de1afba20 mode 0

Classes loaded (20 events):
Event: 16.102 Loading class java/util/PriorityQueue
Event: 16.102 Loading class java/util/PriorityQueue done
Event: 16.354 Loading class java/util/concurrent/ConcurrentHashMap$TreeNode
Event: 16.354 Loading class java/util/concurrent/ConcurrentHashMap$TreeNode done
Event: 16.356 Loading class java/util/concurrent/ConcurrentHashMap$TreeBin
Event: 16.358 Loading class java/util/concurrent/ConcurrentHashMap$TreeBin done
Event: 16.758 Loading class java/nio/ByteBufferAsShortBufferL
Event: 16.759 Loading class java/nio/ByteBufferAsShortBufferL done
Event: 16.789 Loading class java/util/zip/Adler32
Event: 16.789 Loading class java/util/zip/Adler32 done
Event: 16.805 Loading class java/util/zip/Deflater
Event: 16.805 Loading class java/util/zip/Deflater done
Event: 16.814 Loading class java/util/zip/Deflater$DeflaterZStreamRef
Event: 16.814 Loading class java/util/zip/Deflater$DeflaterZStreamRef done
Event: 16.823 Loading class java/util/zip/ZipOutputStream$XEntry
Event: 16.823 Loading class java/util/zip/ZipOutputStream$XEntry done
Event: 16.834 Loading class java/util/Vector$Itr
Event: 16.834 Loading class java/util/Vector$Itr done
Event: 18.150 Loading class java/nio/file/Path$1
Event: 18.150 Loading class java/nio/file/Path$1 done

Classes unloaded (20 events):
Event: 17.094 Thread 0x000002547f24bbd0 Unloading class 0x0000000801461c00 'java/lang/invoke/LambdaForm$DMH+0x0000000801461c00'
Event: 17.094 Thread 0x000002547f24bbd0 Unloading class 0x0000000801462000 'java/lang/invoke/LambdaForm$DMH+0x0000000801462000'
Event: 17.094 Thread 0x000002547f24bbd0 Unloading class 0x0000000801461800 'java/lang/invoke/LambdaForm$DMH+0x0000000801461800'
Event: 17.094 Thread 0x000002547f24bbd0 Unloading class 0x0000000801461000 'java/lang/invoke/LambdaForm$DMH+0x0000000801461000'
Event: 17.094 Thread 0x000002547f24bbd0 Unloading class 0x0000000801460c00 'java/lang/invoke/LambdaForm$DMH+0x0000000801460c00'
Event: 17.094 Thread 0x000002547f24bbd0 Unloading class 0x0000000801460800 'java/lang/invoke/LambdaForm$DMH+0x0000000801460800'
Event: 17.094 Thread 0x000002547f24bbd0 Unloading class 0x0000000801460400 'java/lang/invoke/LambdaForm$DMH+0x0000000801460400'
Event: 17.094 Thread 0x000002547f24bbd0 Unloading class 0x0000000801462400 'java/lang/invoke/LambdaForm$DMH+0x0000000801462400'
Event: 17.094 Thread 0x000002547f24bbd0 Unloading class 0x0000000801461400 'java/lang/invoke/LambdaForm$DMH+0x0000000801461400'
Event: 17.094 Thread 0x000002547f24bbd0 Unloading class 0x00000008013d1c00 'java/lang/invoke/LambdaForm$DMH+0x00000008013d1c00'
Event: 17.094 Thread 0x000002547f24bbd0 Unloading class 0x00000008013d1800 'java/lang/invoke/LambdaForm$DMH+0x00000008013d1800'
Event: 17.094 Thread 0x000002547f24bbd0 Unloading class 0x00000008013d1400 'java/lang/invoke/LambdaForm$DMH+0x00000008013d1400'
Event: 17.094 Thread 0x000002547f24bbd0 Unloading class 0x00000008013d1000 'java/lang/invoke/LambdaForm$DMH+0x00000008013d1000'
Event: 17.094 Thread 0x000002547f24bbd0 Unloading class 0x00000008013d0c00 'java/lang/invoke/LambdaForm$DMH+0x00000008013d0c00'
Event: 17.094 Thread 0x000002547f24bbd0 Unloading class 0x00000008013d0800 'java/lang/invoke/LambdaForm$DMH+0x00000008013d0800'
Event: 17.094 Thread 0x000002547f24bbd0 Unloading class 0x00000008013d0000 'java/lang/invoke/LambdaForm$DMH+0x00000008013d0000'
Event: 17.094 Thread 0x000002547f24bbd0 Unloading class 0x0000000801330400 'java/lang/invoke/LambdaForm$DMH+0x0000000801330400'
Event: 17.094 Thread 0x000002547f24bbd0 Unloading class 0x0000000801331000 'java/lang/invoke/LambdaForm$DMH+0x0000000801331000'
Event: 17.094 Thread 0x000002547f24bbd0 Unloading class 0x0000000801330c00 'java/lang/invoke/LambdaForm$DMH+0x0000000801330c00'
Event: 17.094 Thread 0x000002547f24bbd0 Unloading class 0x0000000801330800 'java/lang/invoke/LambdaForm$DMH+0x0000000801330800'

Classes redefined (0 events):
No events

Internal exceptions (20 events):
Event: 18.254 Thread 0x000002541f0d1a40 Exception <a 'sun/nio/fs/WindowsException'{0x000000070e6087e8}> (0x000000070e6087e8) 
thrown [s\src\hotspot\share\prims\jni.cpp, line 537]
Event: 18.260 Thread 0x000002541f0cf970 Exception <a 'sun/nio/fs/WindowsException'{0x000000070e6c8f58}> (0x000000070e6c8f58) 
thrown [s\src\hotspot\share\prims\jni.cpp, line 537]
Event: 18.261 Thread 0x000002541f0d1a40 Exception <a 'sun/nio/fs/WindowsException'{0x000000070e60ffd0}> (0x000000070e60ffd0) 
thrown [s\src\hotspot\share\prims\jni.cpp, line 537]
Event: 18.265 Thread 0x000002541f0d1a40 Exception <a 'sun/nio/fs/WindowsException'{0x000000070e617560}> (0x000000070e617560) 
thrown [s\src\hotspot\share\prims\jni.cpp, line 537]
Event: 18.268 Thread 0x000002541f0cf970 Exception <a 'sun/nio/fs/WindowsException'{0x000000070de52208}> (0x000000070de52208) 
thrown [s\src\hotspot\share\prims\jni.cpp, line 537]
Event: 18.269 Thread 0x000002541f0d1a40 Exception <a 'sun/nio/fs/WindowsException'{0x000000070e61eb98}> (0x000000070e61eb98) 
thrown [s\src\hotspot\share\prims\jni.cpp, line 537]
Event: 18.272 Thread 0x000002541f0cf970 Exception <a 'sun/nio/fs/WindowsException'{0x000000070ddcd8a0}> (0x000000070ddcd8a0) 
thrown [s\src\hotspot\share\prims\jni.cpp, line 537]
Event: 18.275 Thread 0x000002541f0cf970 Exception <a 'sun/nio/fs/WindowsException'{0x000000070ddd8fd8}> (0x000000070ddd8fd8) 
thrown [s\src\hotspot\share\prims\jni.cpp, line 537]
Event: 18.279 Thread 0x000002541f0cf970 Exception <a 'sun/nio/fs/WindowsException'{0x000000070dde05f8}> (0x000000070dde05f8) 
thrown [s\src\hotspot\share\prims\jni.cpp, line 537]
Event: 18.281 Thread 0x000002541f0cf970 Exception <a 'sun/nio/fs/WindowsException'{0x000000070ddf5c10}> (0x000000070ddf5c10) 
thrown [s\src\hotspot\share\prims\jni.cpp, line 537]
Event: 18.281 Thread 0x000002541f0d1a40 Exception <a 'sun/nio/fs/WindowsException'{0x000000070e62d238}> (0x000000070e62d238) 
thrown [s\src\hotspot\share\prims\jni.cpp, line 537]
Event: 18.284 Thread 0x000002541f0cf970 Exception <a 'sun/nio/fs/WindowsException'{0x000000070d4015e0}> (0x000000070d4015e0) 
thrown [s\src\hotspot\share\prims\jni.cpp, line 537]
Event: 18.284 Thread 0x000002541f0d1a40 Exception <a 'sun/nio/fs/WindowsException'{0x000000070d7aaac0}> (0x000000070d7aaac0) 
thrown [s\src\hotspot\share\prims\jni.cpp, line 537]
Event: 18.286 Thread 0x000002541f0cf970 Exception <a 'sun/nio/fs/WindowsException'{0x000000070d448d70}> (0x000000070d448d70) 
thrown [s\src\hotspot\share\prims\jni.cpp, line 537]
Event: 18.287 Thread 0x000002541f0d1a40 Exception <a 'sun/nio/fs/WindowsException'{0x000000070d7b84b0}> (0x000000070d7b84b0) 
thrown [s\src\hotspot\share\prims\jni.cpp, line 537]
Event: 18.288 Thread 0x000002541f0cf970 Exception <a 'sun/nio/fs/WindowsException'{0x000000070d450620}> (0x000000070d450620) 
thrown [s\src\hotspot\share\prims\jni.cpp, line 537]
Event: 18.290 Thread 0x000002541f0cf970 Exception <a 'sun/nio/fs/WindowsException'{0x000000070d457ac0}> (0x000000070d457ac0) 
thrown [s\src\hotspot\share\prims\jni.cpp, line 537]
Event: 18.295 Thread 0x000002541f0cf970 Exception <a 'sun/nio/fs/WindowsException'{0x000000070d45f2d0}> (0x000000070d45f2d0) 
thrown [s\src\hotspot\share\prims\jni.cpp, line 537]
Event: 18.309 Thread 0x000002541f0cf970 Exception <a 'sun/nio/fs/WindowsException'{0x000000070cf8be18}> (0x000000070cf8be18) 
thrown [s\src\hotspot\share\prims\jni.cpp, line 537]
Event: 18.311 Thread 0x000002541f0d1a40 Exception <a 'sun/nio/fs/WindowsException'{0x000000070d7bf9f0}> (0x000000070d7bf9f0) 
thrown [s\src\hotspot\share\prims\jni.cpp, line 537]

ZGC Phase Switch (0 events):
No events

VM Operations (20 events):
Event: 17.730 Executing VM operation: G1CollectForAllocation (G1 Evacuation Pause) done
Event: 17.858 Executing VM operation: HandshakeAllThreads (Deoptimize)
Event: 17.882 Executing VM operation: HandshakeAllThreads (Deoptimize) done
Event: 17.882 Executing VM operation: G1PauseRemark
Event: 17.892 Executing VM operation: G1PauseRemark done
Event: 17.960 Executing VM operation: G1PauseCleanup
Event: 17.960 Executing VM operation: G1PauseCleanup done
Event: 18.028 Executing VM operation: HandshakeAllThreads (Deoptimize)
Event: 18.036 Executing VM operation: HandshakeAllThreads (Deoptimize) done
Event: 18.054 Executing VM operation: G1CollectForAllocation (G1 Evacuation Pause)
Event: 18.060 Executing VM operation: G1CollectForAllocation (G1 Evacuation Pause) done
Event: 18.086 Executing VM operation: HandshakeAllThreads (Deoptimize)
Event: 18.087 Executing VM operation: HandshakeAllThreads (Deoptimize) done
Event: 18.143 Executing VM operation: HandshakeAllThreads (Deoptimize)
Event: 18.144 Executing VM operation: HandshakeAllThreads (Deoptimize) done
Event: 18.160 Executing VM operation: ICBufferFull
Event: 18.160 Executing VM operation: ICBufferFull done
Event: 18.290 Executing VM operation: ICBufferFull
Event: 18.291 Executing VM operation: ICBufferFull done
Event: 18.315 Executing VM operation: G1CollectForAllocation (G1 Evacuation Pause)

Memory protections (0 events):
No events

Nmethod flushes (20 events):
Event: 17.891 Thread 0x000002547f24bbd0 flushing  nmethod 0x0000025401a86090
Event: 17.891 Thread 0x000002547f24bbd0 flushing  nmethod 0x0000025401b2c210
Event: 17.891 Thread 0x000002547f24bbd0 flushing  nmethod 0x0000025401b2d890
Event: 17.891 Thread 0x000002547f24bbd0 flushing  nmethod 0x0000025401b45c90
Event: 17.891 Thread 0x000002547f24bbd0 flushing  nmethod 0x0000025401b46210
Event: 17.891 Thread 0x000002547f24bbd0 flushing  nmethod 0x0000025401b49390
Event: 17.891 Thread 0x000002547f24bbd0 flushing  nmethod 0x0000025401c19d90
Event: 17.891 Thread 0x000002547f24bbd0 flushing  nmethod 0x0000025401c1b290
Event: 17.891 Thread 0x000002547f24bbd0 flushing  nmethod 0x0000025401c1c510
Event: 17.891 Thread 0x000002547f24bbd0 flushing  nmethod 0x0000025401c1dd10
Event: 17.891 Thread 0x000002547f24bbd0 flushing  nmethod 0x0000025401cd8190
Event: 17.891 Thread 0x000002547f24bbd0 flushing  nmethod 0x0000025401ce2910
Event: 17.891 Thread 0x000002547f24bbd0 flushing  nmethod 0x0000025401ce3090
Event: 17.891 Thread 0x000002547f24bbd0 flushing  nmethod 0x0000025401d68b10
Event: 17.891 Thread 0x000002547f24bbd0 flushing  nmethod 0x0000025401d79b90
Event: 17.891 Thread 0x000002547f24bbd0 flushing  nmethod 0x0000025401f15a10
Event: 17.891 Thread 0x000002547f24bbd0 flushing  nmethod 0x0000025402148190
Event: 17.891 Thread 0x000002547f24bbd0 flushing  nmethod 0x00000254021ba510
Event: 17.891 Thread 0x000002547f24bbd0 flushing  nmethod 0x0000025402287d10
Event: 17.891 Thread 0x000002547f24bbd0 flushing  nmethod 0x0000025402289110

Events (20 events):
Event: 13.791 Thread 0x000002541a3cd4c0 Thread added: 0x000002541fa18010
Event: 13.791 Thread 0x000002541a3cd4c0 Thread added: 0x000002547f81f0c0
Event: 13.791 Thread 0x000002541a3cd4c0 Thread added: 0x000002541f0c5560
Event: 13.791 Thread 0x000002541a3cd4c0 Thread added: 0x000002541f0c6910
Event: 14.733 Thread 0x000002541a3c9320 Thread added: 0x000002541f0d13b0
Event: 14.734 Thread 0x000002541a3c9320 Thread added: 0x000002541f0d2760
Event: 14.734 Thread 0x000002541a3c9320 Thread added: 0x000002541f0d1a40
Event: 14.735 Thread 0x000002541a3c9320 Thread added: 0x000002541f0d2df0
Event: 14.735 Thread 0x000002541a3c9320 Thread added: 0x000002541f0d0690
Event: 14.735 Thread 0x000002541a3c9320 Thread added: 0x000002541f0d0d20
Event: 14.735 Thread 0x000002541a3c9320 Thread added: 0x000002541f0cf970
Event: 14.735 Thread 0x000002541a3c9320 Thread added: 0x000002541f0d3480
Event: 14.745 Thread 0x000002541a3c9320 Thread added: 0x000002541a3c8c90
Event: 14.747 Thread 0x000002541a3c9320 Thread added: 0x0000025418180390
Event: 14.748 Thread 0x000002541a3c9320 Thread added: 0x00000254203b5420
Event: 14.748 Thread 0x000002541a3c9320 Thread added: 0x00000254203b74f0
Event: 14.749 Thread 0x000002541a3c9320 Thread added: 0x00000254203b4d90
Event: 14.749 Thread 0x000002541a3c9320 Thread added: 0x00000254203b67d0
Event: 14.750 Thread 0x000002541a3c9320 Thread added: 0x00000254203b6e60
Event: 14.751 Thread 0x000002541a3c9320 Thread added: 0x00000254203b4070


Dynamic libraries:
0x00007ff75c330000 - 0x00007ff75c33a000 	C:\Program Files\Android\Android Studio\jbr\bin\java.exe
0x00007ff931a00000 - 0x00007ff931c67000 	C:\WINDOWS\SYSTEM32\ntdll.dll
0x00007ff930b30000 - 0x00007ff930bf9000 	C:\WINDOWS\System32\KERNEL32.DLL
0x00007ff92e4f0000 - 0x00007ff92e8e1000 	C:\WINDOWS\System32\KERNELBASE.dll
0x00007ff92ec40000 - 0x00007ff92ed8b000 	C:\WINDOWS\System32\ucrtbase.dll
0x00007ff8eb7c0000 - 0x00007ff8eb7d8000 	C:\Program Files\Android\Android Studio\jbr\bin\jli.dll
0x00007ff908740000 - 0x00007ff90875b000 	C:\Program Files\Android\Android Studio\jbr\bin\VCRUNTIME140.dll
0x00007ff931770000 - 0x00007ff931935000 	C:\WINDOWS\System32\USER32.dll
0x00007ff917100000 - 0x00007ff917393000 	C:\WINDOWS\WinSxS\amd64_microsoft.windows.common-controls_6595b64144ccf1df_6.0.26100.8037_none_3e092faae333b53b\COMCTL32.dll
0x00007ff92ed90000 - 0x00007ff92edb7000 	C:\WINDOWS\System32\win32u.dll
0x00007ff930c00000 - 0x00007ff930c2b000 	C:\WINDOWS\System32\GDI32.dll
0x00007ff9306f0000 - 0x00007ff930799000 	C:\WINDOWS\System32\msvcrt.dll
0x00007ff92eb10000 - 0x00007ff92ec3b000 	C:\WINDOWS\System32\gdi32full.dll
0x00007ff92e8f0000 - 0x00007ff92e993000 	C:\WINDOWS\System32\msvcp_win.dll
0x00007ff930f70000 - 0x00007ff930fa1000 	C:\WINDOWS\System32\IMM32.DLL
0x00007ff922190000 - 0x00007ff92219c000 	C:\Program Files\Android\Android Studio\jbr\bin\vcruntime140_1.dll
0x00007ff8e9730000 - 0x00007ff8e97bd000 	C:\Program Files\Android\Android Studio\jbr\bin\msvcp140.dll
0x00007ff8aefb0000 - 0x00007ff8afc46000 	C:\Program Files\Android\Android Studio\jbr\bin\server\jvm.dll
0x00007ff931530000 - 0x00007ff9315eb000 	C:\WINDOWS\System32\ADVAPI32.dll
0x00007ff92f8b0000 - 0x00007ff92f957000 	C:\WINDOWS\System32\sechost.dll
0x00007ff931610000 - 0x00007ff931728000 	C:\WINDOWS\System32\RPCRT4.dll
0x00007ff930670000 - 0x00007ff9306e4000 	C:\WINDOWS\System32\WS2_32.dll
0x00007ff92e140000 - 0x00007ff92e19e000 	C:\WINDOWS\SYSTEM32\POWRPROF.dll
0x00007ff9228c0000 - 0x00007ff9228f5000 	C:\WINDOWS\SYSTEM32\WINMM.dll
0x00007ff91b640000 - 0x00007ff91b64b000 	C:\WINDOWS\SYSTEM32\VERSION.dll
0x00007ff92e120000 - 0x00007ff92e134000 	C:\WINDOWS\SYSTEM32\UMPDC.dll
0x00007ff92d070000 - 0x00007ff92d08b000 	C:\WINDOWS\SYSTEM32\kernel.appcore.dll
0x00007ff918710000 - 0x00007ff91871a000 	C:\Program Files\Android\Android Studio\jbr\bin\jimage.dll
0x00007ff92c140000 - 0x00007ff92c382000 	C:\WINDOWS\SYSTEM32\DBGHELP.DLL
0x00007ff9307a0000 - 0x00007ff930b22000 	C:\WINDOWS\System32\combase.dll
0x00007ff930230000 - 0x00007ff930307000 	C:\WINDOWS\System32\OLEAUT32.dll
0x00007ff914950000 - 0x00007ff91498b000 	C:\WINDOWS\SYSTEM32\dbgcore.DLL
0x00007ff92f6f0000 - 0x00007ff92f795000 	C:\WINDOWS\System32\bcryptPrimitives.dll
0x00007ff91ca10000 - 0x00007ff91ca1e000 	C:\Program Files\Android\Android Studio\jbr\bin\instrument.dll
0x00007ff903590000 - 0x00007ff9035b0000 	C:\Program Files\Android\Android Studio\jbr\bin\java.dll
0x00007ff902960000 - 0x00007ff902978000 	C:\Program Files\Android\Android Studio\jbr\bin\zip.dll
0x00007ff92f960000 - 0x00007ff9300bf000 	C:\WINDOWS\System32\SHELL32.dll
0x00007ff92e9a0000 - 0x00007ff92eb0a000 	C:\WINDOWS\System32\wintypes.dll
0x00007ff92edc0000 - 0x00007ff92f624000 	C:\WINDOWS\System32\windows.storage.dll
0x00007ff930cd0000 - 0x00007ff930dc7000 	C:\WINDOWS\System32\SHCORE.dll
0x00007ff930310000 - 0x00007ff930377000 	C:\WINDOWS\System32\shlwapi.dll
0x00007ff92e200000 - 0x00007ff92e229000 	C:\WINDOWS\SYSTEM32\profapi.dll
0x00007ff911f00000 - 0x00007ff911f10000 	C:\Program Files\Android\Android Studio\jbr\bin\net.dll
0x00007ff928df0000 - 0x00007ff928f17000 	C:\WINDOWS\SYSTEM32\WINHTTP.dll
0x00007ff92d5e0000 - 0x00007ff92d64b000 	C:\WINDOWS\system32\mswsock.dll
0x00007ff902910000 - 0x00007ff902926000 	C:\Program Files\Android\Android Studio\jbr\bin\nio.dll
0x00007ff903240000 - 0x00007ff903250000 	C:\Program Files\Android\Android Studio\jbr\bin\verify.dll
0x00007ff908810000 - 0x00007ff908837000 	C:\Users\ADMIN\.gradle\native\1def1411415f61bf3af743bc5b6707747c0891f09f0c88961ee8f79bc544acac\windows-amd64\native-platform.dll
0x00007ff8e9680000 - 0x00007ff8e96f8000 	C:\Users\ADMIN\.gradle\native\0.2.7\x86_64-windows-gnu\gradle-fileevents.dll
0x00007ff90dca0000 - 0x00007ff90dca9000 	C:\Program Files\Android\Android Studio\jbr\bin\management.dll
0x00007ff907760000 - 0x00007ff90776b000 	C:\Program Files\Android\Android Studio\jbr\bin\management_ext.dll
0x00007ff931520000 - 0x00007ff931528000 	C:\WINDOWS\System32\PSAPI.DLL
0x00007ff92ca80000 - 0x00007ff92cab3000 	C:\WINDOWS\SYSTEM32\IPHLPAPI.DLL
0x00007ff931760000 - 0x00007ff93176a000 	C:\WINDOWS\System32\NSI.dll
0x00007ff90df40000 - 0x00007ff90df49000 	C:\Program Files\Android\Android Studio\jbr\bin\extnet.dll
0x00007ff92d8c0000 - 0x00007ff92d8db000 	C:\WINDOWS\SYSTEM32\CRYPTSP.dll
0x00007ff92cfd0000 - 0x00007ff92d009000 	C:\WINDOWS\system32\rsaenh.dll
0x00007ff92d690000 - 0x00007ff92d6c2000 	C:\WINDOWS\SYSTEM32\USERENV.dll
0x00007ff92e1d0000 - 0x00007ff92e1fa000 	C:\WINDOWS\SYSTEM32\bcrypt.dll
0x00007ff92d8e0000 - 0x00007ff92d8ec000 	C:\WINDOWS\SYSTEM32\CRYPTBASE.dll
0x00007ff914100000 - 0x00007ff914108000 	C:\WINDOWS\system32\wshunix.dll
0x00007ff90c870000 - 0x00007ff90c888000 	C:\WINDOWS\system32\napinsp.dll
0x00007ff92cac0000 - 0x00007ff92cbea000 	C:\WINDOWS\SYSTEM32\DNSAPI.dll
0x00007ff908910000 - 0x00007ff908922000 	C:\WINDOWS\System32\winrnr.dll
0x00007ff908840000 - 0x00007ff908862000 	C:\WINDOWS\system32\nlansp_c.dll
0x00007ff9087f0000 - 0x00007ff908806000 	C:\WINDOWS\system32\wshbth.dll
0x00007ff928520000 - 0x00007ff92852b000 	C:\Windows\System32\rasadhlp.dll
0x00007ff929d60000 - 0x00007ff929de6000 	C:\WINDOWS\System32\fwpuclnt.dll

JVMTI agents:
C:\Users\ADMIN\.gradle\wrapper\dists\gradle-8.13-bin\5xuhj0ry160q40clulazy9h7d\gradle-8.13\lib\agents\gradle-instrumentation-agent-8.13.jar path:C:\Program Files\Android\Android Studio\jbr\bin\instrument.dll, loaded, initialized, instrumentlib options:none

dbghelp: loaded successfully - version: 4.0.5 - missing functions: none
symbol engine: initialized successfully - sym options: 0x614 - pdb path: .;C:\Program Files\Android\Android Studio\jbr\bin;C:\WINDOWS\SYSTEM32;C:\WINDOWS\WinSxS\amd64_microsoft.windows.common-controls_6595b64144ccf1df_6.0.26100.8037_none_3e092faae333b53b;C:\Program Files\Android\Android Studio\jbr\bin\server;C:\Users\ADMIN\.gradle\native\1def1411415f61bf3af743bc5b6707747c0891f09f0c88961ee8f79bc544acac\windows-amd64;C:\Users\ADMIN\.gradle\native\0.2.7\x86_64-windows-gnu

VM Arguments:
jvm_args: --add-opens=java.base/java.lang=ALL-UNNAMED --add-opens=java.base/java.lang.invoke=ALL-UNNAMED --add-opens=java.base/java.util=ALL-UNNAMED --add-opens=java.prefs/java.util.prefs=ALL-UNNAMED --add-exports=jdk.compiler/com.sun.tools.javac.api=ALL-UNNAMED --add-exports=jdk.compiler/com.sun.tools.javac.util=ALL-UNNAMED --add-opens=java.base/java.util=ALL-UNNAMED --add-opens=java.prefs/java.util.prefs=ALL-UNNAMED --add-opens=java.base/java.nio.charset=ALL-UNNAMED --add-opens=java.base/java.net=ALL-UNNAMED --add-opens=java.base/java.util.concurrent.atomic=ALL-UNNAMED --add-opens=java.xml/javax.xml.namespace=ALL-UNNAMED -XX:MaxMetaspaceSize=1024m -Xmx4096m -Dfile.encoding=UTF-8 -Duser.country=US -Duser.language=en -Duser.variant -javaagent:C:\Users\ADMIN\.gradle\wrapper\dists\gradle-8.13-bin\5xuhj0ry160q40clulazy9h7d\gradle-8.13\lib\agents\gradle-instrumentation-agent-8.13.jar 
java_command: org.gradle.launcher.daemon.bootstrap.GradleDaemon 8.13
java_class_path (initial): C:\Users\ADMIN\.gradle\wrapper\dists\gradle-8.13-bin\5xuhj0ry160q40clulazy9h7d\gradle-8.13\lib\gradle-daemon-main-8.13.jar
Launcher Type: SUN_STANDARD

[Global flags]
     intx CICompilerCount                          = 12                                        {product} {ergonomic}
   size_t CompressedClassSpaceSize                 = 872415232                                 {product} {ergonomic}
     uint ConcGCThreads                            = 3                                         {product} {ergonomic}
     uint G1ConcRefinementThreads                  = 13                                        {product} {ergonomic}
   size_t G1HeapRegionSize                         = 2097152                                   {product} {ergonomic}
    uintx GCDrainStackTargetSize                   = 64                                        {product} {ergonomic}
   size_t InitialHeapSize                          = 264241152                                 {product} {ergonomic}
   size_t MarkStackSize                            = 4194304                                   {product} {ergonomic}
   size_t MaxHeapSize                              = 4294967296                                {product} {command line}
   size_t MaxMetaspaceSize                         = 1073741824                                {product} {command line}
   size_t MaxNewSize                               = 2575302656                                {product} {ergonomic}
   size_t MinHeapDeltaBytes                        = 2097152                                   {product} {ergonomic}
   size_t MinHeapSize                              = 8388608                                   {product} {ergonomic}
    uintx NonNMethodCodeHeapSize                   = 7602480                                {pd product} {ergonomic}
    uintx NonProfiledCodeHeapSize                  = 122027880                              {pd product} {ergonomic}
    uintx ProfiledCodeHeapSize                     = 122027880                              {pd product} {ergonomic}
    uintx ReservedCodeCacheSize                    = 251658240                              {pd product} {ergonomic}
     bool SegmentedCodeCache                       = true                                      {product} {ergonomic}
   size_t SoftMaxHeapSize                          = 4294967296                             {manageable} {ergonomic}
     bool UseCompressedOops                        = true                           {product lp64_product} {ergonomic}
     bool UseG1GC                                  = true                                      {product} {ergonomic}
     bool UseLargePagesIndividualAllocation        = false                                  {pd product} {ergonomic}

Logging:
Log output configuration:
 #0: stdout all=warning uptime,level,tags foldmultilines=false
 #1: stderr all=off uptime,level,tags foldmultilines=false

Release file:
JAVA_VERSION="21.0.9" 
MODULES="java.base java.compiler java.datatransfer java.xml java.prefs java.desktop java.instrument java.logging java.management java.security.sasl java.naming java.rmi java.management.rmi java.net.http java.scripting java.security.jgss java.transaction.xa java.sql java.sql.rowset java.xml.crypto java.se java.smartcardio jdk.accessibility jdk.internal.jvmstat jdk.attach jdk.charsets jdk.internal.opt jdk.zipfs jdk.compiler jdk.crypto.ec jdk.crypto.cryptoki jdk.dynalink jdk.hotspot.agent jdk.httpserver jdk.internal.ed jdk.internal.le jdk.internal.vm.ci jdk.jartool jdk.javadoc jdk.jcmd jdk.jdeps jdk.jdwp.agent jdk.jdi jdk.jfr jdk.jlink jdk.jsobject jdk.localedata jdk.management jdk.management.agent jdk.management.jfr jdk.naming.dns jdk.naming.rmi jdk.net jdk.sctp jdk.security.auth jdk.security.jgss jdk.unsupported jdk.unsupported.desktop jdk.xml.dom" 
IMPLEMENTOR="JetBrains s.r.o." 
JAVA_RUNTIME_VERSION="21.0.9+-14787801-b1163.94" 
LIBC="default" 
OS_ARCH="x86_64" 
OS_NAME="Windows" 
SOURCE=".:git:0c757ddc9f2f" 

Environment Variables:
JAVA_HOME=C:\Program Files\Java\jdk-21
PATH=D:\VMWare\bin\;D:\Python\Scripts\;D:\Python\;C:\Program Files\Common Files\Oracle\Java\javapath;C:\Program Files (x86)\Common Files\Oracle\Java\javapath;C:\WINDOWS\system32;C:\WINDOWS;C:\WINDOWS\System32\Wbem;C:\WINDOWS\System32\WindowsPowerShell\v1.0\;C:\WINDOWS\System32\OpenSSH\;C:\Program Files (x86)\Microsoft SQL Server\160\Tools\Binn\;C:\Program Files\Microsoft SQL Server\160\Tools\Binn\;C:\Program Files\Microsoft SQL Server\Client SDK\ODBC\170\Tools\Binn\;C:\Program Files\Microsoft SQL Server\160\DTS\Binn\;C:\Program Files (x86)\Microsoft SQL Server\160\DTS\Binn\;C:\Program Files\Azure Data Studio\bin;C:\Program Files\Git\cmd;C:\xampp\php;C:\ProgramData\ComposerSetup\bin;C:\Users\ADMIN\apache-maven-3.9.9\bin;C:\scrcpy-win64-v3.2;C:\Program Files\Java\jdk-17\bin\;C:\Program Files\Zulu\zulu-21\bin\;C:\Users\ADMIN\Downloads\ffmpeg-8.0-essentials_build\ffmpeg-8.0-essentials_build\bin;C:\Program Files\Microsoft SQL Server\170\Tools\Binn\;C:\Program Files\Microsoft SQL Server\130\DTS\Binn\;C:\Program Files\Microsoft SQL Server\140\DTS\Binn\;C:\Program Files\Microsoft SQL Server\150\DTS\Binn\;C:\Program Files\Microsoft SQL Server\170\DTS\Binn\;C:\Users\ADMIN\AppData\Local\Microsoft\WindowsApps;C:\Program Files\Azure Data Studio\bin;C:\Users\ADMIN\AppData\Roaming\Composer\vendor\bin;C:\Program Files\JetBrains\IntelliJ IDEA 2024.3.1.1\bin;;C:\Program Files\JetBrains\IntelliJ IDEA Community Edition 2024.3.1.1\bin;;C:\Users\ADMIN\Downloads\platform-tools;C:\Users\ADMIN\AppData\Local\Programs\Microsoft VS Code\bin;C:\Users\ADMIN\Downloads\ffmpeg-8.0-essentials_build\ffmpeg-8.0-essentials_build\bin;C:\Users\ADMIN\AppData\Local\Programs\Antigravity\bin
USERNAME=ADMIN
OS=Windows_NT
PROCESSOR_IDENTIFIER=Intel64 Family 6 Model 186 Stepping 2, GenuineIntel
TMP=C:\Users\ADMIN\AppData\Local\Temp
TEMP=C:\Users\ADMIN\AppData\Local\Temp




Periodic native trim disabled

JNI global refs:
JNI global refs: 48, weak refs: 218

JNI global refs memory usage: 835, weak refs: 2729

Process memory usage:
Resident Set Size: 903836K (5% of 16393140K total physical memory with 2289740K free physical memory)

OOME stack traces (most recent first):
Classloader memory used:
Loader org.gradle.internal.classloader.VisitableURLClassLoader$InstrumentingVisitableURLClassLoader: 60102K
Loader org.gradle.internal.classloader.VisitableURLClassLoader                         : 46355K
Loader bootstrap                                                                       : 30530K
Loader org.gradle.initialization.MixInLegacyTypesClassLoader                           : 13515K
Loader jdk.internal.loader.ClassLoaders$PlatformClassLoader                            : 526K
Loader jdk.internal.reflect.DelegatingClassLoader                                      : 485K
Loader org.gradle.groovy.scripts.internal.DefaultScriptCompilationHandler$ScriptClassLoader: 289K
Loader jdk.internal.loader.ClassLoaders$AppClassLoader                                 : 237K
Loader org.gradle.internal.classloader.VisitableURLClassLoader                         : 191K
Loader org.codehaus.groovy.runtime.callsite.CallSiteClassLoader                        : 44512B

Classes loaded by more than one classloader:
Class Program                                                                         : loaded 3 times (x 72B)
Class com.google.common.base.PairwiseEquivalence                                      : loaded 2 times (x 83B)
Class com.google.common.collect.RegularImmutableMap$KeySet                            : loaded 2 times (x 152B)
Class org.gradle.internal.classloader.FilteringClassLoader                            : loaded 2 times (x 105B)
Class com.google.common.base.CharMatcher$IsEither                                     : loaded 2 times (x 111B)
Class org.gradle.internal.classloader.ClassLoaderHierarchy                            : loaded 2 times (x 70B)
Class com.google.common.collect.ImmutableEnumSet                                      : loaded 2 times (x 146B)
Class com.google.common.util.concurrent.ExecutionError                                : loaded 2 times (x 82B)
Class com.google.common.collect.ImmutableList$1                                       : loaded 2 times (x 97B)
Class org.gradle.api.internal.classpath.ManifestUtil                                  : loaded 2 times (x 71B)
Class com.google.common.io.ByteArrayDataOutput                                        : loaded 2 times (x 70B)
Class com.google.common.collect.RegularImmutableMap                                   : loaded 2 times (x 121B)
Class com.google.common.collect.ImmutableMap$MapViewOfValuesAsSingletonSets           : loaded 2 times (x 126B)
Class [Lorg.objectweb.asm.Symbol;                                                     : loaded 2 times (x 69B)
Class org.objectweb.asm.ClassVisitor                                                  : loaded 2 times (x 88B)
Class com.google.common.collect.UnmodifiableListIterator                              : loaded 2 times (x 95B)
Class com.google.common.base.Platform$JdkPatternCompiler                              : loaded 2 times (x 75B)
Class org.objectweb.asm.MethodTooLargeException                                       : loaded 2 times (x 83B)
Class [Lcom.google.common.cache.CacheBuilder$OneWeigher;                              : loaded 2 times (x 69B)
Class com.google.common.base.Suppliers                                                : loaded 2 times (x 71B)
Class org.gradle.internal.classloader.DefaultClassLoaderFactory                       : loaded 2 times (x 82B)
Class org.gradle.internal.classloader.ClassLoaderVisitor                              : loaded 2 times (x 76B)
Class [Lcom.google.common.collect.ImmutableMapEntry;                                  : loaded 2 times (x 69B)
Class org.gradle.api.internal.classpath.EffectiveClassPath                            : loaded 2 times (x 90B)
Class com.google.common.collect.ImmutableRangeSet                                     : loaded 2 times (x 115B)
Class com.google.common.collect.ListMultimap                                          : loaded 2 times (x 70B)
Class com.google.common.collect.ImmutableEnumMap                                      : loaded 2 times (x 126B)
Class com.google.common.collect.Sets$1                                                : loaded 2 times (x 139B)
Class org.objectweb.asm.AnnotationVisitor                                             : loaded 2 times (x 78B)
Class org.gradle.api.internal.DefaultClassPathProvider                                : loaded 2 times (x 76B)
Class com.google.common.collect.Sets$2                                                : loaded 2 times (x 139B)
Class [Lorg.gradle.api.internal.ClassPathProvider;                                    : loaded 2 times (x 69B)
Class org.gradle.api.internal.ClassPathProvider                                       : loaded 2 times (x 70B)
Class [Lorg.objectweb.asm.AnnotationVisitor;                                          : loaded 2 times (x 69B)
Class com.google.common.collect.Sets$3                                                : loaded 2 times (x 139B)
Class com.google.common.util.concurrent.AbstractFuture$SafeAtomicHelper               : loaded 2 times (x 79B)
Class com.google.common.cache.LocalCache$LocalLoadingCache                            : loaded 2 times (x 134B)
Class org.gradle.internal.service.UnknownServiceException                             : loaded 2 times (x 83B)
Class com.google.common.io.ByteArrayDataInput                                         : loaded 2 times (x 70B)
Class com.google.common.collect.Sets$4                                                : loaded 2 times (x 139B)
Class org.objectweb.asm.ModuleVisitor                                                 : loaded 2 times (x 81B)
Class com.google.common.cache.LocalCache$Strength$1                                   : loaded 2 times (x 81B)
Class com.google.common.util.concurrent.SettableFuture                                : loaded 2 times (x 114B)
Class com.google.common.cache.LocalCache$Strength$2                                   : loaded 2 times (x 81B)
Class com.google.common.io.ByteStreams                                                : loaded 2 times (x 71B)
Class com.google.common.cache.LocalCache$Strength$3                                   : loaded 2 times (x 81B)
Class com.google.common.collect.MapDifference                                         : loaded 2 times (x 70B)
Class org.objectweb.asm.FieldWriter                                                   : loaded 2 times (x 78B)
Class com.google.common.cache.CacheBuilder$NullListener                               : loaded 2 times (x 82B)
Class org.gradle.internal.classpath.TransformedClassPath                              : loaded 2 times (x 96B)
Class org.gradle.internal.classloader.InstrumentingClassLoader                        : loaded 2 times (x 70B)
Class com.google.common.collect.ImmutableRangeSet$AsSet                               : loaded 2 times (x 300B)
Class com.google.common.cache.CacheLoader$FunctionToCacheLoader                       : loaded 2 times (x 75B)
Class com.google.common.collect.Iterators$ArrayItr                                    : loaded 2 times (x 97B)
Class com.google.common.collect.ImmutableCollection$Builder                           : loaded 2 times (x 76B)
Class com.google.common.base.Joiner                                                   : loaded 2 times (x 79B)
Class com.google.common.base.MoreObjects                                              : loaded 2 times (x 71B)
Class com.google.common.collect.Platform                                              : loaded 2 times (x 71B)
Class [Lorg.objectweb.asm.Type;                                                       : loaded 2 times (x 69B)
Class com.google.common.collect.UnmodifiableIterator                                  : loaded 2 times (x 80B)
Class org.gradle.internal.service.ServiceLocator                                      : loaded 2 times (x 70B)
Class com.google.common.base.Ascii                                                    : loaded 2 times (x 71B)
Class com.google.common.cache.LocalCache$1                                            : loaded 2 times (x 89B)
Class com.google.common.collect.SingletonImmutableBiMap                               : loaded 2 times (x 143B)
Class com.google.common.collect.AbstractMapEntry                                      : loaded 2 times (x 81B)
Class ijJvmDebugger1_amxldhla0sgtknc2p75ob1gmp$_run_closure1$_closure2                : loaded 2 times (x 140B)
Class com.google.common.collect.Sets$ImprovedAbstractSet                              : loaded 2 times (x 135B)
Class com.google.common.collect.ImmutableList$Builder                                 : loaded 2 times (x 77B)
Class com.google.common.collect.AbstractMultimap                                      : loaded 2 times (x 123B)
Class com.google.common.cache.LocalCache$2                                            : loaded 2 times (x 142B)
Class com.google.common.collect.ImmutableRangeSet$1                                   : loaded 2 times (x 210B)
Class com.google.common.util.concurrent.AbstractFuture$UnsafeAtomicHelper$1           : loaded 2 times (x 76B)
Class com.google.common.collect.RegularImmutableAsList                                : loaded 2 times (x 217B)
Class com.google.common.collect.Range                                                 : loaded 2 times (x 87B)
Class com.google.common.util.concurrent.AbstractFuture$Trusted                        : loaded 2 times (x 70B)
Class com.google.common.collect.Iterators                                             : loaded 2 times (x 71B)
Class com.google.common.collect.Lists$StringAsImmutableList                           : loaded 2 times (x 207B)
Class com.google.common.util.concurrent.UncheckedExecutionException                   : loaded 2 times (x 82B)
Class org.gradle.internal.InternalTransformer                                         : loaded 2 times (x 70B)
Class com.google.common.collect.AbstractMapBasedMultimap$KeySet$1                     : loaded 2 times (x 82B)
Class org.objectweb.asm.ClassWriter                                                   : loaded 2 times (x 106B)
Class com.google.common.base.CharMatcher$And                                          : loaded 2 times (x 112B)
Class com.google.common.cache.CacheLoader$UnsupportedLoadingOperationException        : loaded 2 times (x 82B)
Class org.gradle.internal.classloader.ClasspathUtil$1                                 : loaded 2 times (x 76B)
Class com.google.common.base.Objects                                                  : loaded 2 times (x 71B)
Class org.objectweb.asm.FieldVisitor                                                  : loaded 2 times (x 77B)
Class com.google.common.collect.IndexedImmutableSet                                   : loaded 2 times (x 152B)
Class com.google.common.collect.ImmutableMap$1                                        : loaded 2 times (x 81B)
Class com.google.common.collect.BiMap                                                 : loaded 2 times (x 70B)
Class org.gradle.api.internal.classpath.DefaultModuleRegistry$DefaultModule           : loaded 2 times (x 86B)
Class com.google.common.primitives.Ints                                               : loaded 2 times (x 71B)
Class com.google.common.collect.AbstractIterator                                      : loaded 2 times (x 82B)
Class com.google.common.collect.ObjectArrays                                          : loaded 2 times (x 71B)
Class com.google.common.collect.Multiset                                              : loaded 2 times (x 70B)
Class com.google.common.collect.ArrayListMultimapGwtSerializationDependencies         : loaded 2 times (x 172B)
Class com.google.common.collect.AbstractIndexedListIterator                           : loaded 2 times (x 96B)
Class com.google.common.math.MathPreconditions                                        : loaded 2 times (x 71B)
Class com.google.common.collect.ImmutableMapEntrySet                                  : loaded 2 times (x 152B)
Class org.gradle.api.internal.classpath.Module                                        : loaded 2 times (x 70B)
Class com.google.common.cache.Weigher                                                 : loaded 2 times (x 70B)
Class org.gradle.api.internal.classpath.UnknownModuleException                        : loaded 2 times (x 82B)
Class com.google.common.base.Stopwatch                                                : loaded 2 times (x 72B)
Class com.google.common.cache.LocalCache$Strength                                     : loaded 2 times (x 81B)
Class com.google.common.cache.Cache                                                   : loaded 2 times (x 70B)
Class com.google.common.base.NullnessCasts                                            : loaded 2 times (x 71B)
Class com.google.common.util.concurrent.AbstractFuture$Cancellation                   : loaded 2 times (x 72B)
Class com.google.common.collect.ImmutableMap$Builder                                  : loaded 2 times (x 82B)
Class com.google.common.cache.RemovalListener                                         : loaded 2 times (x 70B)
Class org.gradle.api.internal.DefaultClassPathRegistry                                : loaded 2 times (x 76B)
Class com.google.common.primitives.IntsMethodsForWeb                                  : loaded 2 times (x 71B)
Class com.google.common.collect.Multimap                                              : loaded 2 times (x 70B)
Class org.gradle.api.internal.ClassPathRegistry                                       : loaded 2 times (x 70B)
Class org.gradle.internal.classpath.DefaultClassPath$ImmutableUniqueList              : loaded 2 times (x 199B)
Class com.google.common.base.ExtraObjectsMethodsForWeb                                : loaded 2 times (x 71B)
Class com.google.common.cache.CacheBuilder                                            : loaded 2 times (x 72B)
Class com.google.common.collect.SingletonImmutableList                                : loaded 2 times (x 207B)
Class com.google.common.base.Equivalence$Identity                                     : loaded 2 times (x 82B)
Class Settings_gradle$1                                                               : loaded 2 times (x 74B)
Class ijKotlinCoroutineJvmDebugInit1_d5t7rhvdx4fr9ghubjyipk6vu$_run_closure1$_closure2: loaded 2 times (x 139B)
Class org.gradle.internal.classpath.ClassPath                                         : loaded 2 times (x 70B)
Class org.gradle.api.UncheckedIOException                                             : loaded 2 times (x 82B)
Class com.google.common.base.JdkPattern                                               : loaded 2 times (x 75B)
Class com.google.common.collect.ImmutableList$ReverseImmutableList                    : loaded 2 times (x 209B)
Class org.objectweb.asm.SymbolTable$Entry                                             : loaded 2 times (x 74B)
Class com.google.common.util.concurrent.AbstractFuture$AtomicHelper                   : loaded 2 times (x 78B)
Class org.gradle.internal.Factory                                                     : loaded 2 times (x 70B)
Class org.objectweb.asm.Edge                                                          : loaded 2 times (x 72B)
Class com.google.common.base.Suppliers$SupplierOfInstance                             : loaded 2 times (x 79B)
Class com.google.common.collect.Iterators$1                                           : loaded 2 times (x 81B)
Class com.google.common.cache.LocalCache$ComputingValueReference                      : loaded 2 times (x 96B)
Class com.google.common.collect.SingletonImmutableSet                                 : loaded 2 times (x 146B)
Class com.google.common.collect.ImmutableMap$IteratorBasedImmutableMap                : loaded 2 times (x 126B)
Class com.google.common.cache.LocalCache$Segment                                      : loaded 2 times (x 154B)
Class com.google.common.collect.SortedIterable                                        : loaded 2 times (x 70B)
Class com.google.common.collect.AbstractListMultimap                                  : loaded 2 times (x 172B)
Class [Lorg.objectweb.asm.SymbolTable$Entry;                                          : loaded 2 times (x 69B)
Class com.google.common.cache.CacheLoader                                             : loaded 2 times (x 74B)
Class com.google.common.collect.Iterators$4                                           : loaded 2 times (x 82B)
Class com.google.common.collect.ImmutableBiMap                                        : loaded 2 times (x 143B)
Class org.gradle.internal.installation.GradleInstallation$1                           : loaded 2 times (x 75B)
Class org.gradle.api.internal.classpath.ModuleRegistry                                : loaded 2 times (x 70B)
Class com.google.common.util.concurrent.internal.InternalFutureFailureAccess          : loaded 2 times (x 72B)
Class com.google.common.collect.Iterators$5                                           : loaded 2 times (x 82B)
Class com.google.common.collect.ImmutableSet$JdkBackedSetBuilderImpl                  : loaded 2 times (x 76B)
Class com.google.common.util.concurrent.AbstractFuture$UnsafeAtomicHelper             : loaded 2 times (x 78B)
Class com.google.common.base.CharMatcher$ForPredicate                                 : loaded 2 times (x 112B)
Class com.google.common.cache.LocalCache$LocalManualCache$1                           : loaded 2 times (x 75B)
Class com.google.common.base.CharMatcher$AnyOf                                        : loaded 2 times (x 112B)
Class com.google.common.collect.ImmutableCollection                                   : loaded 2 times (x 125B)
Class ijKotlinCoroutineJvmDebugInit1_d5t7rhvdx4fr9ghubjyipk6vu                        : loaded 2 times (x 179B)
Class org.gradle.api.internal.classpath.DefaultModuleRegistry                         : loaded 2 times (x 86B)
Class com.google.common.collect.Lists                                                 : loaded 2 times (x 71B)
Class com.google.common.util.concurrent.ListenableFuture                              : loaded 2 times (x 70B)
Class com.google.common.cache.ReferenceEntry                                          : loaded 2 times (x 70B)
Class com.google.common.base.Converter                                                : loaded 2 times (x 90B)
Class com.google.common.collect.ImmutableSet$CachingAsList                            : loaded 2 times (x 148B)
Class build_3fxlyzhy5s3jp78mlf672qaxo                                                 : loaded 2 times (x 180B)
Class com.google.common.collect.AbstractMapBasedMultimap                              : loaded 2 times (x 139B)
Class com.google.common.util.concurrent.AbstractFuture                                : loaded 2 times (x 106B)
Class com.google.common.base.FunctionalEquivalence                                    : loaded 2 times (x 83B)
Class com.google.common.collect.Iterators$9                                           : loaded 2 times (x 81B)
Class com.google.common.collect.ImmutableAsList                                       : loaded 2 times (x 209B)
Class org.objectweb.asm.RecordComponentVisitor                                        : loaded 2 times (x 77B)
Class com.google.common.cache.CacheLoader$SupplierToCacheLoader                       : loaded 2 times (x 75B)
Class com.google.common.collect.Maps$EntryTransformer                                 : loaded 2 times (x 70B)
Class org.gradle.internal.service.ServiceLookupException                              : loaded 2 times (x 82B)
Class com.google.common.collect.ImmutableSortedSet                                    : loaded 2 times (x 300B)
Class [Lcom.google.common.cache.LocalCache$EntryFactory;                              : loaded 2 times (x 69B)
Class org.gradle.internal.classloader.ClassLoaderFactory                              : loaded 2 times (x 70B)
Class com.google.common.base.CommonPattern                                            : loaded 2 times (x 74B)
Class com.google.common.base.CharMatcher$IsNot                                        : loaded 2 times (x 111B)
Class com.google.common.cache.LocalCache$LocalManualCache                             : loaded 2 times (x 99B)
Class org.gradle.internal.service.CachingServiceLocator                               : loaded 2 times (x 82B)
Class com.google.common.collect.AbstractMapBasedMultimap$KeySet                       : loaded 2 times (x 137B)
Class com.google.common.collect.RegularImmutableSortedSet                             : loaded 2 times (x 300B)
Class com.google.common.math.IntMath                                                  : loaded 2 times (x 71B)
Class com.google.common.collect.ImmutableMapEntry                                     : loaded 2 times (x 85B)
Class com.google.common.base.Equivalence                                              : loaded 2 times (x 82B)
Class com.google.common.base.Function                                                 : loaded 2 times (x 70B)
Class com.google.common.collect.ImmutableMapEntry$NonTerminalImmutableMapEntry        : loaded 2 times (x 85B)
Class com.google.common.cache.CacheBuilder$OneWeigher                                 : loaded 2 times (x 82B)
Class com.google.common.collect.RegularImmutableList                                  : loaded 2 times (x 213B)
Class org.gradle.internal.classloader.ClasspathUtil                                   : loaded 2 times (x 71B)
Class com.google.common.base.Charsets                                                 : loaded 2 times (x 71B)
Class com.google.common.util.concurrent.Uninterruptibles                              : loaded 2 times (x 71B)
Class com.google.common.collect.Maps                                                  : loaded 2 times (x 71B)
Class ijKotlinCoroutineJvmDebugInit1_d5t7rhvdx4fr9ghubjyipk6vu$_run_closure1          : loaded 2 times (x 139B)
Class org.gradle.api.specs.Spec                                                       : loaded 2 times (x 70B)
Class [Lcom.google.common.collect.ImmutableEntry;                                     : loaded 2 times (x 69B)
Class com.google.common.cache.LocalCache$LoadingValueReference                        : loaded 2 times (x 96B)
Class com.google.common.base.Platform                                                 : loaded 2 times (x 71B)
Class [Lorg.objectweb.asm.AnnotationWriter;                                           : loaded 2 times (x 69B)
Class com.google.common.collect.Maps$8                                                : loaded 2 times (x 82B)
Class com.google.common.collect.ImmutableRangeSet$Builder                             : loaded 2 times (x 77B)
Class com.google.common.collect.Sets$SetView                                          : loaded 2 times (x 138B)
Class com.google.common.cache.LocalCache$StrongValueReference                         : loaded 2 times (x 90B)
Class com.google.common.util.concurrent.AbstractFuture$SynchronizedHelper             : loaded 2 times (x 78B)
Class org.objectweb.asm.Type                                                          : loaded 2 times (x 72B)
Class org.gradle.internal.classloader.VisitableURLClassLoader$InstrumentingVisitableURLClassLoader: loaded 2 times (x 123B)
Class org.objectweb.asm.ByteVector                                                    : loaded 2 times (x 79B)
Class [Lcom.google.common.cache.CacheBuilder$NullListener;                            : loaded 2 times (x 69B)
Class com.google.common.math.IntMath$1                                                : loaded 2 times (x 71B)
Class org.gradle.internal.classloader.VisitableURLClassLoader$Spec                    : loaded 2 times (x 74B)
Class org.gradle.internal.classpath.DefaultClassPath                                  : loaded 2 times (x 90B)
Class org.objectweb.asm.Symbol                                                        : loaded 2 times (x 73B)
Class com.google.common.io.Closer                                                     : loaded 2 times (x 78B)
Class com.google.common.base.CharMatcher$Ascii                                        : loaded 2 times (x 112B)
Class com.google.common.base.CharMatcher$BitSetMatcher                                : loaded 2 times (x 112B)
Class com.google.common.collect.RegularImmutableMap$Values                            : loaded 2 times (x 207B)
Class com.google.common.collect.ImmutableSet                                          : loaded 2 times (x 145B)
Class org.gradle.internal.classloader.ClassLoaderSpec                                 : loaded 2 times (x 71B)
Class org.objectweb.asm.AnnotationWriter                                              : loaded 2 times (x 79B)
Class com.google.common.cache.CacheStats                                              : loaded 2 times (x 71B)
Class ijJvmDebugger1_amxldhla0sgtknc2p75ob1gmp                                        : loaded 2 times (x 179B)
Class com.google.common.io.Closer$Suppressor                                          : loaded 2 times (x 70B)
Class org.objectweb.asm.RecordComponentWriter                                         : loaded 2 times (x 78B)
Class com.google.common.util.concurrent.AbstractFuture$Listener                       : loaded 2 times (x 72B)
Class com.google.common.base.CharMatcher$Or                                           : loaded 2 times (x 112B)
Class Settings_gradle$1$1                                                             : loaded 2 times (x 74B)
Class org.objectweb.asm.Attribute                                                     : loaded 2 times (x 77B)
Class com.google.common.base.Supplier                                                 : loaded 2 times (x 70B)
Class org.gradle.internal.classloader.VisitableURLClassLoader                         : loaded 2 times (x 117B)
Class com.google.common.util.concurrent.AbstractFuture$Waiter                         : loaded 2 times (x 72B)
Class Settings_gradle                                                                 : loaded 2 times (x 128B)
Class org.gradle.internal.Cast                                                        : loaded 2 times (x 71B)
Class org.gradle.api.Action                                                           : loaded 2 times (x 70B)
Class com.google.common.base.Strings                                                  : loaded 2 times (x 71B)
Class com.google.common.collect.Sets                                                  : loaded 2 times (x 71B)
Class org.objectweb.asm.Handler                                                       : loaded 2 times (x 72B)
Class com.google.common.base.CharMatcher$FastMatcher                                  : loaded 2 times (x 111B)
Class com.google.common.base.Ticker                                                   : loaded 2 times (x 72B)
Class [Lcom.google.common.cache.LocalCache$Segment;                                   : loaded 2 times (x 69B)
Class com.google.common.base.Predicate                                                : loaded 2 times (x 70B)
Class [Lcom.google.common.cache.LocalCache$Strength;                                  : loaded 2 times (x 69B)
Class com.google.common.cache.CacheBuilder$1                                          : loaded 2 times (x 85B)
Class com.google.common.collect.ImmutableMap                                          : loaded 2 times (x 120B)
Class org.gradle.internal.classpath.DefaultClassPath$ImmutableUniqueList$Builder      : loaded 2 times (x 75B)
Class com.google.common.collect.AbstractRangeSet                                      : loaded 2 times (x 114B)
Class com.google.common.base.CharMatcher$NegatedFastMatcher                           : loaded 2 times (x 113B)
Class com.google.common.cache.LocalCache                                              : loaded 2 times (x 187B)
Class com.google.common.cache.CacheBuilder$2                                          : loaded 2 times (x 79B)
Class com.google.common.collect.ArrayListMultimap                                     : loaded 2 times (x 172B)
Class com.google.common.cache.CacheBuilder$3                                          : loaded 2 times (x 72B)
Class [Lcom.google.common.collect.AbstractMapEntry;                                   : loaded 2 times (x 69B)
Class com.google.common.collect.ImmutableEntry                                        : loaded 2 times (x 82B)
Class org.gradle.api.GradleException                                                  : loaded 2 times (x 82B)
Class com.google.common.base.Suppliers$MemoizingSupplier                              : loaded 2 times (x 79B)
Class com.google.common.collect.CollectPreconditions                                  : loaded 2 times (x 71B)
Class com.google.common.collect.SortedMapDifference                                   : loaded 2 times (x 70B)
Class ijJvmDebugger1_amxldhla0sgtknc2p75ob1gmp$_run_closure1                          : loaded 2 times (x 139B)
Class com.google.common.cache.LocalCache$EntryFactory                                 : loaded 2 times (x 83B)
Class com.google.common.cache.LocalCache$AbstractReferenceEntry                       : loaded 2 times (x 107B)
Class org.gradle.internal.IoActions                                                   : loaded 2 times (x 71B)
Class com.google.common.collect.ImmutableRangeSet$ComplementRanges                    : loaded 2 times (x 207B)
Class org.objectweb.asm.SymbolTable                                                   : loaded 2 times (x 72B)
Class com.google.common.cache.CacheLoader$InvalidCacheLoadException                   : loaded 2 times (x 82B)
Class com.google.common.collect.ImmutableSet$RegularSetBuilderImpl                    : loaded 2 times (x 77B)
Class org.gradle.internal.classloader.SystemClassLoaderSpec                           : loaded 2 times (x 71B)
Class com.google.common.cache.LocalCache$StrongEntry                                  : loaded 2 times (x 108B)
Class com.google.common.util.concurrent.AbstractFuture$TrustedFuture                  : loaded 2 times (x 114B)
Class com.google.common.cache.LoadingCache                                            : loaded 2 times (x 70B)
Class com.google.common.io.ByteStreams$LimitedInputStream                             : loaded 2 times (x 92B)
Class com.google.common.base.Suppliers$NonSerializableMemoizingSupplier               : loaded 2 times (x 79B)
Class org.objectweb.asm.MethodWriter                                                  : loaded 2 times (x 106B)
Class [Lcom.google.common.cache.Weigher;                                              : loaded 2 times (x 69B)
Class com.google.common.collect.RegularImmutableMap$BucketOverflowException           : loaded 2 times (x 82B)
Class com.google.common.base.CharMatcher$Is                                           : loaded 2 times (x 111B)
Class com.google.common.base.CharMatcher$Negated                                      : loaded 2 times (x 113B)
Class com.google.common.cache.LocalCache$ValueReference                               : loaded 2 times (x 70B)
Class com.google.common.collect.RegularImmutableBiMap                                 : loaded 2 times (x 149B)
Class com.google.common.hash.PrimitiveSink                                            : loaded 2 times (x 70B)
Class com.google.common.base.PatternCompiler                                          : loaded 2 times (x 70B)
Class com.google.common.util.concurrent.AbstractFuture$Failure                        : loaded 2 times (x 72B)
Class com.google.common.base.Equivalence$Equals                                       : loaded 2 times (x 82B)
Class com.google.common.collect.Hashing                                               : loaded 2 times (x 71B)
Class com.google.common.base.Preconditions                                            : loaded 2 times (x 71B)
Class com.google.common.base.Joiner$1                                                 : loaded 2 times (x 80B)
Class org.objectweb.asm.Label                                                         : loaded 2 times (x 73B)
Class org.objectweb.asm.CurrentFrame                                                  : loaded 2 times (x 73B)
Class org.objectweb.asm.ClassTooLargeException                                        : loaded 2 times (x 83B)
Class com.google.common.base.CharMatcher                                              : loaded 2 times (x 111B)
Class com.google.common.collect.PeekingIterator                                       : loaded 2 times (x 70B)
Class com.google.common.collect.Maps$IteratorBasedAbstractMap                         : loaded 2 times (x 125B)
Class com.google.common.collect.RangeGwtSerializationDependencies                     : loaded 2 times (x 71B)
Class com.google.common.base.Joiner$2                                                 : loaded 2 times (x 79B)
Class org.objectweb.asm.Frame                                                         : loaded 2 times (x 73B)
Class org.objectweb.asm.MethodVisitor                                                 : loaded 2 times (x 105B)
Class com.google.common.base.CharMatcher$1                                            : loaded 2 times (x 113B)
Class com.google.common.base.CharMatcher$NamedFastMatcher                             : loaded 2 times (x 112B)
Class com.google.common.cache.LocalCache$EntryFactory$1                               : loaded 2 times (x 83B)
Class [Lcom.google.common.cache.RemovalListener;                                      : loaded 2 times (x 69B)
Class build_3fxlyzhy5s3jp78mlf672qaxo$_run_closure1                                   : loaded 2 times (x 139B)
Class com.google.common.collect.RangeSet                                              : loaded 2 times (x 70B)
Class com.google.common.cache.LocalCache$EntryFactory$2                               : loaded 2 times (x 83B)
Class org.gradle.api.internal.classpath.GlobalCacheRootsProvider                      : loaded 2 times (x 70B)
Class com.google.common.collect.CollectCollectors                                     : loaded 2 times (x 71B)
Class org.objectweb.asm.ModuleWriter                                                  : loaded 2 times (x 82B)
Class com.google.common.cache.LocalCache$EntryFactory$3                               : loaded 2 times (x 83B)
Class com.google.common.base.Ticker$1                                                 : loaded 2 times (x 72B)
Class com.google.common.collect.Maps$BiMapConverter                                   : loaded 2 times (x 90B)
Class com.google.common.collect.ImmutableMapEntrySet$RegularEntrySet                  : loaded 2 times (x 152B)
Class com.google.common.base.CharMatcher$InRange                                      : loaded 2 times (x 111B)
Class com.google.common.cache.LocalCache$EntryFactory$4                               : loaded 2 times (x 83B)
Class com.google.common.collect.ImmutableSet$Builder                                  : loaded 2 times (x 85B)
Class com.google.common.io.ByteStreams$1                                              : loaded 2 times (x 85B)
Class com.google.common.cache.LocalCache$EntryFactory$5                               : loaded 2 times (x 83B)
Class com.google.common.cache.LocalCache$EntryFactory$6                               : loaded 2 times (x 83B)
Class org.gradle.internal.installation.CurrentGradleInstallationLocator               : loaded 2 times (x 71B)
Class com.google.common.collect.Maps$KeySet                                           : loaded 2 times (x 137B)
Class com.google.common.cache.LocalCache$EntryFactory$7                               : loaded 2 times (x 83B)
Class com.google.common.collect.ImmutableSet$EmptySetBuilderImpl                      : loaded 2 times (x 76B)
Class com.google.common.collect.ImmutableList                                         : loaded 2 times (x 206B)
Class org.gradle.internal.service.DefaultServiceLocator                               : loaded 2 times (x 83B)
Class com.google.common.cache.LocalCache$EntryFactory$8                               : loaded 2 times (x 83B)
Class com.google.common.collect.ImmutableSet$SetBuilderImpl                           : loaded 2 times (x 76B)
Class org.gradle.internal.installation.CurrentGradleInstallation                      : loaded 2 times (x 73B)
Class com.google.common.cache.CacheLoader$1                                           : loaded 2 times (x 75B)
Class com.google.common.collect.ForwardingObject                                      : loaded 2 times (x 72B)
Class com.google.common.collect.ImmutableList$SubList                                 : loaded 2 times (x 209B)
Class org.gradle.util.internal.GUtil                                                  : loaded 2 times (x 71B)
Class com.google.common.util.concurrent.AbstractFuture$SetFuture                      : loaded 2 times (x 75B)
Class com.google.common.cache.AbstractCache$StatsCounter                              : loaded 2 times (x 70B)
Class com.google.common.collect.Iterators$MergingIterator                             : loaded 2 times (x 81B)
Class com.google.common.collect.RegularImmutableSet                                   : loaded 2 times (x 149B)
Class org.gradle.internal.installation.GradleInstallation                             : loaded 2 times (x 75B)
Class com.google.common.collect.Iterables                                             : loaded 2 times (x 71B)

---------------  S Y S T E M  ---------------

OS:
 Windows 11 , 64 bit Build 26100 (10.0.26100.7920)
OS uptime: 5 days 6:53 hours

CPU: total 16 (initial active 16) (8 cores per cpu, 2 threads per core) family 6 model 186 stepping 2 microcode 0x410e, cx8, cmov, fxsr, ht, mmx, 3dnowpref, sse, sse2, sse3, ssse3, sse4.1, sse4.2, popcnt, lzcnt, tsc, tscinvbit, avx, avx2, aes, erms, clmul, bmi1, bmi2, adx, sha, fma, vzeroupper, clflush, clflushopt, clwb, serialize, rdtscp, rdpid, fsrm, f16c, pku, cet_ibt, cet_ss
Processor Information for processor 0
  Max Mhz: 2600, Current Mhz: 2600, Mhz Limit: 2600
Processor Information for processor 1
  Max Mhz: 2600, Current Mhz: 1496, Mhz Limit: 2600
Processor Information for processor 2
  Max Mhz: 2600, Current Mhz: 1496, Mhz Limit: 2600
Processor Information for processor 3
  Max Mhz: 2600, Current Mhz: 2600, Mhz Limit: 2600
Processor Information for processor 4
  Max Mhz: 2600, Current Mhz: 2600, Mhz Limit: 2600
Processor Information for processor 5
  Max Mhz: 2600, Current Mhz: 2600, Mhz Limit: 2600
Processor Information for processor 6
  Max Mhz: 2600, Current Mhz: 2600, Mhz Limit: 2600
Processor Information for processor 7
  Max Mhz: 2600, Current Mhz: 2600, Mhz Limit: 2600
Processor Information for processor 8
  Max Mhz: 2600, Current Mhz: 1900, Mhz Limit: 1898
Processor Information for processor 9
  Max Mhz: 2600, Current Mhz: 1500, Mhz Limit: 1898
Processor Information for processor 10
  Max Mhz: 2600, Current Mhz: 1900, Mhz Limit: 1898
Processor Information for processor 11
  Max Mhz: 2600, Current Mhz: 1500, Mhz Limit: 1898
Processor Information for processor 12
  Max Mhz: 2600, Current Mhz: 1500, Mhz Limit: 1898
Processor Information for processor 13
  Max Mhz: 2600, Current Mhz: 1900, Mhz Limit: 1898
Processor Information for processor 14
  Max Mhz: 2600, Current Mhz: 1500, Mhz Limit: 1898
Processor Information for processor 15
  Max Mhz: 2600, Current Mhz: 1900, Mhz Limit: 1898

Memory: 4k page, system-wide physical 16008M (2235M free)
TotalPageFile size 20104M (AvailPageFile size 57M)
current process WorkingSet (physical memory assigned to process): 882M, peak: 921M
current process commit charge ("private bytes"): 931M, peak: 1088M

vm_info: OpenJDK 64-Bit Server VM (21.0.9+-14787801-b1163.94) for windows-amd64 JRE (21.0.9+-14787801-b1163.94), built on 2026-01-27T21:15:44Z by "builder" with MS VC++ 16.10 / 16.11 (VS2019)

END.
