#
# There is insufficient memory for the Java Runtime Environment to continue.
# Native memory allocation (malloc) failed to allocate 2792080 bytes. Error detail: Chunk::new
# Possible reasons:
#   The system is out of physical RAM or swap space
#   This process is running with CompressedOops enabled, and the Java Heap may be blocking the growth of the native heap
# Possible solutions:
#   Reduce memory load on the system
#   Increase physical memory or swap space
#   Check if swap backing store is full
#   Decrease Java heap size (-Xmx/-Xms)
#   Decrease number of Java threads
#   Decrease Java thread stack sizes (-Xss)
#   Set larger code cache with -XX:ReservedCodeCacheSize=
#   JVM is running with Zero Based Compressed Oops mode in which the Java heap is
#     placed in the first 32GB address space. The Java Heap base address is the
#     maximum limit for the native heap growth. Please use -XX:HeapBaseMinAddress
#     to set the Java Heap base and to place the Java Heap above 32GB virtual address.
# This output file may be truncated or incomplete.
#
#  Out of Memory Error (arena.cpp:168), pid=10220, tid=6284
#
# JRE version: OpenJDK Runtime Environment (21.0.9) (build 21.0.9+-14787801-b1163.94)
# Java VM: OpenJDK 64-Bit Server VM (21.0.9+-14787801-b1163.94, mixed mode, tiered, compressed oops, compressed class ptrs, g1 gc, windows-amd64)
# No core dump will be written. Minidumps are not enabled by default on client versions of Windows
#

---------------  S U M M A R Y ------------

Command Line: --add-opens=java.base/java.lang=ALL-UNNAMED --add-opens=java.base/java.lang.invoke=ALL-UNNAMED --add-opens=java.base/java.util=ALL-UNNAMED --add-opens=java.prefs/java.util.prefs=ALL-UNNAMED --add-exports=jdk.compiler/com.sun.tools.javac.api=ALL-UNNAMED --add-exports=jdk.compiler/com.sun.tools.javac.util=ALL-UNNAMED --add-opens=java.base/java.util=ALL-UNNAMED --add-opens=java.prefs/java.util.prefs=ALL-UNNAMED --add-opens=java.base/java.nio.charset=ALL-UNNAMED --add-opens=java.base/java.net=ALL-UNNAMED --add-opens=java.base/java.util.concurrent.atomic=ALL-UNNAMED --add-opens=java.xml/javax.xml.namespace=ALL-UNNAMED -XX:MaxMetaspaceSize=1024m -Xmx4096m -Dfile.encoding=UTF-8 -Duser.country=US -Duser.language=en -Duser.variant -javaagent:C:\Users\ADMIN\.gradle\wrapper\dists\gradle-8.13-bin\5xuhj0ry160q40clulazy9h7d\gradle-8.13\lib\agents\gradle-instrumentation-agent-8.13.jar org.gradle.launcher.daemon.bootstrap.GradleDaemon 8.13

Host: 13th Gen Intel(R) Core(TM) i5-13500H, 16 cores, 15G,  Windows 11 , 64 bit Build 26100 (10.0.26100.7920)
Time: Mon Mar 23 21:19:54 2026 SE Asia Standard Time elapsed time: 20.401781 seconds (0d 0h 0m 20s)

---------------  T H R E A D  ---------------

Current thread (0x00000204270d7710):  JavaThread "C2 CompilerThread0" daemon [_thread_in_native, id=6284, stack(0x000000e827700000,0x000000e827800000) (1024K)]


Current CompileTask:
C2:20401 26926 %     4       com.android.tools.r8.internal.l32::a @ 1747 (2024 bytes)

Stack: [0x000000e827700000,0x000000e827800000]
Native frames: (J=compiled Java code, j=interpreted, Vv=VM code, C=native code)
V  [jvm.dll+0x6d6c99]
V  [jvm.dll+0x866b83]
V  [jvm.dll+0x8691ae]
V  [jvm.dll+0x869893]
V  [jvm.dll+0x280776]
V  [jvm.dll+0xc07cd]
V  [jvm.dll+0xc0d03]
V  [jvm.dll+0x3b986b]
V  [jvm.dll+0x3856a7]
V  [jvm.dll+0x384b1a]
V  [jvm.dll+0x249462]
V  [jvm.dll+0x248a31]
V  [jvm.dll+0x1c7344]
V  [jvm.dll+0x2581ae]
V  [jvm.dll+0x2566f6]
V  [jvm.dll+0x3f48a6]
V  [jvm.dll+0x80f118]
V  [jvm.dll+0x6d54ed]
C  [ucrtbase.dll+0x37b0]
C  [KERNEL32.DLL+0x2e8d7]
C  [ntdll.dll+0x8c48c]


---------------  P R O C E S S  ---------------

Threads class SMR info:
_java_thread_list=0x0000020436175c20, length=266, elements={
0x00000204082be160, 0x000002042709a8a0, 0x00000204270abde0, 0x00000204270a0460,
0x00000204270c4e40, 0x00000204270c54b0, 0x00000204270c5f10, 0x00000204270c6970,
0x00000204270d7710, 0x00000204270db680, 0x0000020427425c00, 0x00000204270dc420,
0x0000020429d7c020, 0x0000020429bdef10, 0x0000020429707ca0, 0x0000020429d58e00,
0x0000020429d66a20, 0x0000020429b187c0, 0x0000020429b18e50, 0x0000020429b17410,
0x0000020429b18130, 0x0000020429b194e0, 0x0000020429b1a200, 0x0000020429b1a890,
0x0000020429b17aa0, 0x000002042a50f1c0, 0x000002042a510570, 0x000002042a510c00,
0x000002042a50eb30, 0x000002042a50e4a0, 0x000002042a50d780, 0x000002042a50f850,
0x000002042a50de10, 0x000002042a512640, 0x000002042a514710, 0x000002042a514da0,
0x000002042a5139f0, 0x000002042a514080, 0x000002042a511920, 0x000002042a511fb0,
0x000002042b8a9650, 0x000002042b8a9ce0, 0x000002042b8aa370, 0x000002042b8aaa00,
0x000002042b8ac440, 0x000002042b8ab090, 0x000002042b8ab720, 0x000002042b8abdb0,
0x000002042b8a8fc0, 0x000002042de3e900, 0x000002042de3f620, 0x000002042de40340,
0x000002042de41d80, 0x000002042de41060, 0x000002042de3fcb0, 0x000002042de409d0,
0x000002042de416f0, 0x000002042de3ef90, 0x000002042de45f20, 0x000002042de42aa0,
0x000002042de44b70, 0x000002042de45890, 0x000002042de45200, 0x000002042de43130,
0x000002042de437c0, 0x000002042de43e50, 0x000002042de444e0, 0x000002042b253b20,
0x000002042b2513c0, 0x000002042b2541b0, 0x000002042b250d30, 0x000002042b252770,
0x000002042b256280, 0x000002042b256910, 0x000002042b257630, 0x000002042b258350,
0x000002042b256fa0, 0x000002042b257cc0, 0x000002042dfb4720, 0x000002042dfb5ad0,
0x000002042dfb3a00, 0x000002042dfb4db0, 0x000002042dfb5440, 0x000002042dfb4090,
0x000002042dfb6e80, 0x000002042dfb7510, 0x000002042dfb8230, 0x000002042dfb7ba0,
0x000002042dfb88c0, 0x000002042dfb8f50, 0x000002042dfb95e0, 0x000002042dfb67f0,
0x000002042dfb6160, 0x000002042dfb9c70, 0x000002042dfba300, 0x000002042dfba990,
0x000002042dfbb020, 0x000002042df94520, 0x000002042df92ae0, 0x000002042df92450,
0x000002042df93800, 0x000002042df94bb0, 0x000002042df93170, 0x000002042df93e90,
0x000002042df91730, 0x000002042df95240, 0x000002042df91dc0, 0x000002042df95f60,
0x000002042df986c0, 0x000002042df965f0, 0x000002042df98d50, 0x000002042df98030,
0x000002042df96c80, 0x000002042df958d0, 0x000002042df97310, 0x000002042df979a0,
0x000002042c565cd0, 0x000002042c565640, 0x000002042c567080, 0x000002042ca57090,
0x000002042c564290, 0x000002042c567da0, 0x0000020428fc7060, 0x000002042c569150,
0x000002042c5697e0, 0x0000020428fc9130, 0x0000020428fc9e50, 0x0000020428fc97c0,
0x0000020428fcb200, 0x0000020428fca4e0, 0x0000020428fcab70, 0x0000020428fc7d80,
0x000002042b956d30, 0x000002042b9552f0, 0x000002042b9580e0, 0x000002042b9573c0,
0x000002042b956010, 0x000002042b954c60, 0x000002042b958e00, 0x000002042b957a50,
0x000002042b958770, 0x000002042b9566a0, 0x000002042b95bbf0, 0x000002042b95c280,
0x000002042b959490, 0x000002042b959b20, 0x000002042b95a840, 0x000002042b95a1b0,
0x000002042b95b560, 0x000002042b95aed0, 0x000002042ee5ecd0, 0x000002042ee5d920,
0x000002042ee5cc00, 0x000002042ee5f360, 0x000002042ee5d290, 0x000002042ee5dfb0,
0x000002042ee5f9f0, 0x000002042ee5c570, 0x000002042ee63500, 0x000002042ee60080,
0x000002042ee62150, 0x000002042ee61430, 0x000002042ee60710, 0x000002042ee63b90,
0x000002042ee61ac0, 0x000002042ee662f0, 0x000002042ee64220, 0x000002042ee648b0,
0x000002042ee66980, 0x000002042ee67010, 0x000002042ee676a0, 0x000002042ee67d30,
0x000002042ee64f40, 0x000002042ee68a50, 0x000002042ee655d0, 0x000002042ee69770,
0x000002042ee6b840, 0x000002042ee690e0, 0x000002042ee69e00, 0x000002042ee6a490,
0x000002042ee6ab20, 0x000002042ee6b1b0, 0x000002042a513360, 0x000002042b254840,
0x0000020435afe1d0, 0x0000020435b00930, 0x0000020435afeef0, 0x0000020435b00fc0,
0x0000020435afe860, 0x0000020435b002a0, 0x0000020435affc10, 0x0000020435afdb40,
0x0000020435b02370, 0x0000020435b02a00, 0x0000020435b04440, 0x0000020435b04ad0,
0x0000020435b03db0, 0x0000020435b03720, 0x0000020435b05160, 0x0000020435b01650,
0x0000020435b03090, 0x0000020435b01ce0, 0x0000020435b05e80, 0x0000020435b08c70,
0x0000020435b07230, 0x0000020435b057f0, 0x0000020435b085e0, 0x0000020435b07f50,
0x0000020435b09300, 0x0000020435b078c0, 0x0000020435b06510, 0x0000020435b09990,
0x0000020435b0a020, 0x0000020435b06ba0, 0x0000020435b0c780, 0x0000020435b0ce10,
0x0000020435b0a6b0, 0x0000020435b0ad40, 0x000002042e1da920, 0x000002042e1df150,
0x000002042e1dd710, 0x000002042e1df7e0, 0x000002042e1de430, 0x0000020435851000,
0x000002043584ef30, 0x0000020435850970, 0x0000020435852a40, 0x00000204358502e0,
0x0000020435851d20, 0x000002043584f5c0, 0x00000204358530d0, 0x000002043584fc50,
0x000002043585d4e0, 0x0000020437712020, 0x0000020435853760, 0x0000020435857270,
0x0000020435857900, 0x0000020435857f90, 0x0000020435854b10, 0x000002043585ad80,
0x000002043585baa0, 0x000002043585b410, 0x0000020435858620, 0x000002043585a060,
0x000002043585a6f0, 0x000002043585c130, 0x0000020435859340, 0x000002043585e200,
0x000002043585ce50, 0x0000020435853df0, 0x00000204358599d0, 0x000002043585db70,
0x000002042e1db640, 0x000002042e1dc360, 0x000002042e1d9c00, 0x000002042e1dbcd0,
0x000002042e1d9570, 0x000002042e1d8ee0, 0x000002042e1dc9f0, 0x000002042e1dd080,
0x000002042e1da290, 0x000002042e1dafb0, 0x000002042e1e0500, 0x0000020437716b10,
0x0000020437714900, 0x0000020428997d40
}

Java Threads: ( => current thread )
  0x00000204082be160 JavaThread "main"                              [_thread_blocked, id=13084, stack(0x000000e826800000,0x000000e826900000) (1024K)]
  0x000002042709a8a0 JavaThread "Common-Cleaner"             daemon [_thread_blocked, id=10444, stack(0x000000e827000000,0x000000e827100000) (1024K)]
  0x00000204270abde0 JavaThread "Reference Handler"          daemon [_thread_blocked, id=4892, stack(0x000000e827100000,0x000000e827200000) (1024K)]
  0x00000204270a0460 JavaThread "Finalizer"                  daemon [_thread_blocked, id=10452, stack(0x000000e827200000,0x000000e827300000) (1024K)]
  0x00000204270c4e40 JavaThread "Signal Dispatcher"          daemon [_thread_blocked, id=11664, stack(0x000000e827300000,0x000000e827400000) (1024K)]
  0x00000204270c54b0 JavaThread "Attach Listener"            daemon [_thread_blocked, id=20632, stack(0x000000e827400000,0x000000e827500000) (1024K)]
  0x00000204270c5f10 JavaThread "Service Thread"             daemon [_thread_blocked, id=13988, stack(0x000000e827500000,0x000000e827600000) (1024K)]
  0x00000204270c6970 JavaThread "Monitor Deflation Thread"   daemon [_thread_blocked, id=12376, stack(0x000000e827600000,0x000000e827700000) (1024K)]
=>0x00000204270d7710 JavaThread "C2 CompilerThread0"         daemon [_thread_in_native, id=6284, stack(0x000000e827700000,0x000000e827800000) (1024K)]
  0x00000204270db680 JavaThread "C1 CompilerThread0"         daemon [_thread_blocked, id=1940, stack(0x000000e827800000,0x000000e827900000) (1024K)]
  0x0000020427425c00 JavaThread "Notification Thread"        daemon [_thread_blocked, id=22760, stack(0x000000e827c00000,0x000000e827d00000) (1024K)]
  0x00000204270dc420 JavaThread "C2 CompilerThread1"         daemon [_thread_in_native, id=23660, stack(0x000000e827d00000,0x000000e827e00000) (1024K)]
  0x0000020429d7c020 JavaThread "Daemon health stats"               [_thread_blocked, id=12636, stack(0x000000e828500000,0x000000e828600000) (1024K)]
  0x0000020429bdef10 JavaThread "Incoming local TCP Connector on port 58482"        [_thread_in_native, id=17864, stack(0x000000e828600000,0x000000e828700000) (1024K)]
  0x0000020429707ca0 JavaThread "Daemon periodic checks"            [_thread_blocked, id=23496, stack(0x000000e828700000,0x000000e828800000) (1024K)]
  0x0000020429d58e00 JavaThread "Daemon"                            [_thread_blocked, id=13524, stack(0x000000e828800000,0x000000e828900000) (1024K)]
  0x0000020429d66a20 JavaThread "Handler for socket connection from /127.0.0.1:58482 to /127.0.0.1:58483"        [_thread_in_native, id=16264, stack(0x000000e828900000,0x000000e828a00000) (1024K)]
  0x0000020429b187c0 JavaThread "Cancel handler"                    [_thread_blocked, id=4752, stack(0x000000e828a00000,0x000000e828b00000) (1024K)]
  0x0000020429b18e50 JavaThread "Daemon worker"                     [_thread_blocked, id=15332, stack(0x000000e828b00000,0x000000e828c00000) (1024K)]
  0x0000020429b17410 JavaThread "Asynchronous log dispatcher for DefaultDaemonConnection: socket connection from /127.0.0.1:58482 to /127.0.0.1:58483"        [_thread_blocked, id=21612, stack(0x000000e828c00000,0x000000e828d00000) (1024K)]
  0x0000020429b18130 JavaThread "Stdin handler"                     [_thread_blocked, id=13032, stack(0x000000e828d00000,0x000000e828e00000) (1024K)]
  0x0000020429b194e0 JavaThread "Daemon client event forwarder"        [_thread_blocked, id=11860, stack(0x000000e828e00000,0x000000e828f00000) (1024K)]
  0x0000020429b1a200 JavaThread "Cache worker for journal cache (C:\Users\ADMIN\.gradle\caches\journal-1)"        [_thread_blocked, id=19864, stack(0x000000e829800000,0x000000e829900000) (1024K)]
  0x0000020429b1a890 JavaThread "File lock request listener"        [_thread_in_native, id=21312, stack(0x000000e829900000,0x000000e829a00000) (1024K)]
  0x0000020429b17aa0 JavaThread "Cache worker for file hash cache (C:\Users\ADMIN\.gradle\caches\8.13\fileHashes)"        [_thread_blocked, id=14504, stack(0x000000e829a00000,0x000000e829b00000) (1024K)]
  0x000002042a50f1c0 JavaThread "Cache worker for file hash cache (D:\AndroidStudioProjects\DACN_1\FinFit\.gradle\8.13\fileHashes)"        [_thread_blocked, id=20824, stack(0x000000e829b00000,0x000000e829c00000) (1024K)]
  0x000002042a510570 JavaThread "Cache worker for Build Output Cleanup Cache (D:\AndroidStudioProjects\DACN_1\FinFit\.gradle\buildOutputCleanup)"        [_thread_blocked, id=20720, stack(0x000000e829c00000,0x000000e829d00000) (1024K)]
  0x000002042a510c00 JavaThread "File watcher server"        daemon [_thread_in_native, id=2488, stack(0x000000e829d00000,0x000000e829e00000) (1024K)]
  0x000002042a50eb30 JavaThread "File watcher consumer"      daemon [_thread_blocked, id=20816, stack(0x000000e829e00000,0x000000e829f00000) (1024K)]
  0x000002042a50e4a0 JavaThread "jar transforms"                    [_thread_blocked, id=16792, stack(0x000000e829f00000,0x000000e82a000000) (1024K)]
  0x000002042a50d780 JavaThread "jar transforms Thread 2"           [_thread_blocked, id=8232, stack(0x000000e82a000000,0x000000e82a100000) (1024K)]
  0x000002042a50f850 JavaThread "Cache worker for checksums cache (D:\AndroidStudioProjects\DACN_1\FinFit\.gradle\8.13\checksums)"        [_thread_blocked, id=5936, stack(0x000000e82a200000,0x000000e82a300000) (1024K)]
  0x000002042a50de10 JavaThread "Cache worker for file content cache (C:\Users\ADMIN\.gradle\caches\8.13\fileContent)"        [_thread_blocked, id=1152, stack(0x000000e82a300000,0x000000e82a400000) (1024K)]
  0x000002042a512640 JavaThread "jar transforms Thread 3"           [_thread_blocked, id=8640, stack(0x000000e82a400000,0x000000e82a500000) (1024K)]
  0x000002042a514710 JavaThread "Cache worker for cache directory md-supplier (C:\Users\ADMIN\.gradle\caches\8.13\md-supplier)"        [_thread_blocked, id=4036, stack(0x000000e82a500000,0x000000e82a600000) (1024K)]
  0x000002042a514da0 JavaThread "Cache worker for cache directory md-rule (C:\Users\ADMIN\.gradle\caches\8.13\md-rule)"        [_thread_blocked, id=14468, stack(0x000000e82a600000,0x000000e82a700000) (1024K)]
  0x000002042a5139f0 JavaThread "Unconstrained build operations"        [_thread_blocked, id=1580, stack(0x000000e82a700000,0x000000e82a800000) (1024K)]
  0x000002042a514080 JavaThread "Unconstrained build operations Thread 2"        [_thread_blocked, id=20360, stack(0x000000e82a800000,0x000000e82a900000) (1024K)]
  0x000002042a511920 JavaThread "Unconstrained build operations Thread 3"        [_thread_blocked, id=11276, stack(0x000000e82a900000,0x000000e82aa00000) (1024K)]
  0x000002042a511fb0 JavaThread "Unconstrained build operations Thread 4"        [_thread_blocked, id=20904, stack(0x000000e82aa00000,0x000000e82ab00000) (1024K)]
  0x000002042b8a9650 JavaThread "Unconstrained build operations Thread 5"        [_thread_blocked, id=22688, stack(0x000000e82ab00000,0x000000e82ac00000) (1024K)]
  0x000002042b8a9ce0 JavaThread "Unconstrained build operations Thread 6"        [_thread_blocked, id=8836, stack(0x000000e82ac00000,0x000000e82ad00000) (1024K)]
  0x000002042b8aa370 JavaThread "Unconstrained build operations Thread 7"        [_thread_blocked, id=1172, stack(0x000000e82ad00000,0x000000e82ae00000) (1024K)]
  0x000002042b8aaa00 JavaThread "Unconstrained build operations Thread 8"        [_thread_blocked, id=1180, stack(0x000000e82ae00000,0x000000e82af00000) (1024K)]
  0x000002042b8ac440 JavaThread "Unconstrained build operations Thread 9"        [_thread_blocked, id=8860, stack(0x000000e82af00000,0x000000e82b000000) (1024K)]
  0x000002042b8ab090 JavaThread "Unconstrained build operations Thread 10"        [_thread_blocked, id=21464, stack(0x000000e82b000000,0x000000e82b100000) (1024K)]
  0x000002042b8ab720 JavaThread "Unconstrained build operations Thread 11"        [_thread_blocked, id=18384, stack(0x000000e82b100000,0x000000e82b200000) (1024K)]
  0x000002042b8abdb0 JavaThread "Unconstrained build operations Thread 12"        [_thread_blocked, id=24128, stack(0x000000e82b200000,0x000000e82b300000) (1024K)]
  0x000002042b8a8fc0 JavaThread "Unconstrained build operations Thread 13"        [_thread_blocked, id=15260, stack(0x000000e82b300000,0x000000e82b400000) (1024K)]
  0x000002042de3e900 JavaThread "Unconstrained build operations Thread 14"        [_thread_blocked, id=10524, stack(0x000000e82b400000,0x000000e82b500000) (1024K)]
  0x000002042de3f620 JavaThread "Unconstrained build operations Thread 15"        [_thread_blocked, id=19816, stack(0x000000e82b500000,0x000000e82b600000) (1024K)]
  0x000002042de40340 JavaThread "Unconstrained build operations Thread 16"        [_thread_blocked, id=12108, stack(0x000000e82b600000,0x000000e82b700000) (1024K)]
  0x000002042de41d80 JavaThread "Unconstrained build operations Thread 17"        [_thread_blocked, id=12060, stack(0x000000e82b700000,0x000000e82b800000) (1024K)]
  0x000002042de41060 JavaThread "Unconstrained build operations Thread 18"        [_thread_blocked, id=21308, stack(0x000000e82b800000,0x000000e82b900000) (1024K)]
  0x000002042de3fcb0 JavaThread "Unconstrained build operations Thread 19"        [_thread_blocked, id=17568, stack(0x000000e82b900000,0x000000e82ba00000) (1024K)]
  0x000002042de409d0 JavaThread "Unconstrained build operations Thread 20"        [_thread_blocked, id=21792, stack(0x000000e82ba00000,0x000000e82bb00000) (1024K)]
  0x000002042de416f0 JavaThread "jar transforms Thread 4"           [_thread_blocked, id=9140, stack(0x000000e82bb00000,0x000000e82bc00000) (1024K)]
  0x000002042de3ef90 JavaThread "jar transforms Thread 5"           [_thread_blocked, id=1372, stack(0x000000e82bc00000,0x000000e82bd00000) (1024K)]
  0x000002042de45f20 JavaThread "Unconstrained build operations Thread 21"        [_thread_blocked, id=1408, stack(0x000000e82bd00000,0x000000e82be00000) (1024K)]
  0x000002042de42aa0 JavaThread "Unconstrained build operations Thread 22"        [_thread_blocked, id=18704, stack(0x000000e82be00000,0x000000e82bf00000) (1024K)]
  0x000002042de44b70 JavaThread "Unconstrained build operations Thread 23"        [_thread_blocked, id=21608, stack(0x000000e82bf00000,0x000000e82c000000) (1024K)]
  0x000002042de45890 JavaThread "Unconstrained build operations Thread 24"        [_thread_blocked, id=4500, stack(0x000000e82c000000,0x000000e82c100000) (1024K)]
  0x000002042de45200 JavaThread "Unconstrained build operations Thread 25"        [_thread_blocked, id=9972, stack(0x000000e82c100000,0x000000e82c200000) (1024K)]
  0x000002042de43130 JavaThread "Unconstrained build operations Thread 26"        [_thread_blocked, id=23864, stack(0x000000e82c200000,0x000000e82c300000) (1024K)]
  0x000002042de437c0 JavaThread "Unconstrained build operations Thread 27"        [_thread_blocked, id=19088, stack(0x000000e82c300000,0x000000e82c400000) (1024K)]
  0x000002042de43e50 JavaThread "Unconstrained build operations Thread 28"        [_thread_blocked, id=18544, stack(0x000000e82c400000,0x000000e82c500000) (1024K)]
  0x000002042de444e0 JavaThread "Unconstrained build operations Thread 29"        [_thread_blocked, id=18932, stack(0x000000e82c500000,0x000000e82c600000) (1024K)]
  0x000002042b253b20 JavaThread "Unconstrained build operations Thread 30"        [_thread_blocked, id=5832, stack(0x000000e82c600000,0x000000e82c700000) (1024K)]
  0x000002042b2513c0 JavaThread "jar transforms Thread 6"           [_thread_blocked, id=21544, stack(0x000000e82c700000,0x000000e82c800000) (1024K)]
  0x000002042b2541b0 JavaThread "jar transforms Thread 7"           [_thread_blocked, id=16220, stack(0x000000e82c800000,0x000000e82c900000) (1024K)]
  0x000002042b250d30 JavaThread "jar transforms Thread 8"           [_thread_blocked, id=8636, stack(0x000000e82c900000,0x000000e82ca00000) (1024K)]
  0x000002042b252770 JavaThread "Unconstrained build operations Thread 31"        [_thread_blocked, id=9732, stack(0x000000e82ca00000,0x000000e82cb00000) (1024K)]
  0x000002042b256280 JavaThread "Unconstrained build operations Thread 32"        [_thread_blocked, id=11540, stack(0x000000e82cb00000,0x000000e82cc00000) (1024K)]
  0x000002042b256910 JavaThread "Unconstrained build operations Thread 33"        [_thread_blocked, id=10560, stack(0x000000e82cc00000,0x000000e82cd00000) (1024K)]
  0x000002042b257630 JavaThread "Unconstrained build operations Thread 34"        [_thread_blocked, id=23780, stack(0x000000e82cd00000,0x000000e82ce00000) (1024K)]
  0x000002042b258350 JavaThread "Unconstrained build operations Thread 35"        [_thread_blocked, id=16732, stack(0x000000e82ce00000,0x000000e82cf00000) (1024K)]
  0x000002042b256fa0 JavaThread "Unconstrained build operations Thread 36"        [_thread_blocked, id=14576, stack(0x000000e82cf00000,0x000000e82d000000) (1024K)]
  0x000002042b257cc0 JavaThread "Unconstrained build operations Thread 37"        [_thread_blocked, id=5868, stack(0x000000e82d000000,0x000000e82d100000) (1024K)]
  0x000002042dfb4720 JavaThread "Unconstrained build operations Thread 38"        [_thread_blocked, id=17240, stack(0x000000e82d100000,0x000000e82d200000) (1024K)]
  0x000002042dfb5ad0 JavaThread "Unconstrained build operations Thread 39"        [_thread_blocked, id=23944, stack(0x000000e82d200000,0x000000e82d300000) (1024K)]
  0x000002042dfb3a00 JavaThread "Unconstrained build operations Thread 40"        [_thread_blocked, id=12220, stack(0x000000e82d300000,0x000000e82d400000) (1024K)]
  0x000002042dfb4db0 JavaThread "Unconstrained build operations Thread 41"        [_thread_blocked, id=8524, stack(0x000000e82d400000,0x000000e82d500000) (1024K)]
  0x000002042dfb5440 JavaThread "Unconstrained build operations Thread 42"        [_thread_blocked, id=14800, stack(0x000000e82d500000,0x000000e82d600000) (1024K)]
  0x000002042dfb4090 JavaThread "Unconstrained build operations Thread 43"        [_thread_blocked, id=17468, stack(0x000000e82d600000,0x000000e82d700000) (1024K)]
  0x000002042dfb6e80 JavaThread "Unconstrained build operations Thread 44"        [_thread_blocked, id=11840, stack(0x000000e82d700000,0x000000e82d800000) (1024K)]
  0x000002042dfb7510 JavaThread "Unconstrained build operations Thread 45"        [_thread_blocked, id=11764, stack(0x000000e82d800000,0x000000e82d900000) (1024K)]
  0x000002042dfb8230 JavaThread "Unconstrained build operations Thread 46"        [_thread_blocked, id=3188, stack(0x000000e82d900000,0x000000e82da00000) (1024K)]
  0x000002042dfb7ba0 JavaThread "Unconstrained build operations Thread 47"        [_thread_blocked, id=22604, stack(0x000000e82da00000,0x000000e82db00000) (1024K)]
  0x000002042dfb88c0 JavaThread "Unconstrained build operations Thread 48"        [_thread_blocked, id=19720, stack(0x000000e82db00000,0x000000e82dc00000) (1024K)]
  0x000002042dfb8f50 JavaThread "Unconstrained build operations Thread 49"        [_thread_blocked, id=15232, stack(0x000000e82dc00000,0x000000e82dd00000) (1024K)]
  0x000002042dfb95e0 JavaThread "Unconstrained build operations Thread 50"        [_thread_blocked, id=13164, stack(0x000000e82dd00000,0x000000e82de00000) (1024K)]
  0x000002042dfb67f0 JavaThread "Unconstrained build operations Thread 51"        [_thread_blocked, id=22352, stack(0x000000e82de00000,0x000000e82df00000) (1024K)]
  0x000002042dfb6160 JavaThread "Unconstrained build operations Thread 52"        [_thread_blocked, id=20028, stack(0x000000e82df00000,0x000000e82e000000) (1024K)]
  0x000002042dfb9c70 JavaThread "Unconstrained build operations Thread 53"        [_thread_blocked, id=13256, stack(0x000000e82e000000,0x000000e82e100000) (1024K)]
  0x000002042dfba300 JavaThread "Unconstrained build operations Thread 54"        [_thread_blocked, id=6276, stack(0x000000e82e100000,0x000000e82e200000) (1024K)]
  0x000002042dfba990 JavaThread "Unconstrained build operations Thread 55"        [_thread_blocked, id=19916, stack(0x000000e82e200000,0x000000e82e300000) (1024K)]
  0x000002042dfbb020 JavaThread "Unconstrained build operations Thread 56"        [_thread_blocked, id=11528, stack(0x000000e82e300000,0x000000e82e400000) (1024K)]
  0x000002042df94520 JavaThread "Unconstrained build operations Thread 57"        [_thread_blocked, id=4952, stack(0x000000e82e400000,0x000000e82e500000) (1024K)]
  0x000002042df92ae0 JavaThread "Unconstrained build operations Thread 58"        [_thread_blocked, id=23604, stack(0x000000e82e500000,0x000000e82e600000) (1024K)]
  0x000002042df92450 JavaThread "Unconstrained build operations Thread 59"        [_thread_blocked, id=19652, stack(0x000000e82e600000,0x000000e82e700000) (1024K)]
  0x000002042df93800 JavaThread "Unconstrained build operations Thread 60"        [_thread_blocked, id=5416, stack(0x000000e82e700000,0x000000e82e800000) (1024K)]
  0x000002042df94bb0 JavaThread "Unconstrained build operations Thread 61"        [_thread_blocked, id=16276, stack(0x000000e82e800000,0x000000e82e900000) (1024K)]
  0x000002042df93170 JavaThread "Unconstrained build operations Thread 62"        [_thread_blocked, id=6736, stack(0x000000e82e900000,0x000000e82ea00000) (1024K)]
  0x000002042df93e90 JavaThread "Unconstrained build operations Thread 63"        [_thread_blocked, id=9352, stack(0x000000e82ea00000,0x000000e82eb00000) (1024K)]
  0x000002042df91730 JavaThread "Unconstrained build operations Thread 64"        [_thread_blocked, id=23512, stack(0x000000e82eb00000,0x000000e82ec00000) (1024K)]
  0x000002042df95240 JavaThread "Unconstrained build operations Thread 65"        [_thread_blocked, id=17340, stack(0x000000e82ec00000,0x000000e82ed00000) (1024K)]
  0x000002042df91dc0 JavaThread "Unconstrained build operations Thread 66"        [_thread_blocked, id=22764, stack(0x000000e82ed00000,0x000000e82ee00000) (1024K)]
  0x000002042df95f60 JavaThread "Unconstrained build operations Thread 67"        [_thread_blocked, id=18348, stack(0x000000e82ee00000,0x000000e82ef00000) (1024K)]
  0x000002042df986c0 JavaThread "Unconstrained build operations Thread 68"        [_thread_blocked, id=19740, stack(0x000000e82ef00000,0x000000e82f000000) (1024K)]
  0x000002042df965f0 JavaThread "Unconstrained build operations Thread 69"        [_thread_blocked, id=17412, stack(0x000000e82f000000,0x000000e82f100000) (1024K)]
  0x000002042df98d50 JavaThread "Unconstrained build operations Thread 70"        [_thread_blocked, id=19904, stack(0x000000e82f100000,0x000000e82f200000) (1024K)]
  0x000002042df98030 JavaThread "Unconstrained build operations Thread 71"        [_thread_blocked, id=2120, stack(0x000000e82f200000,0x000000e82f300000) (1024K)]
  0x000002042df96c80 JavaThread "Unconstrained build operations Thread 72"        [_thread_blocked, id=8832, stack(0x000000e82f300000,0x000000e82f400000) (1024K)]
  0x000002042df958d0 JavaThread "Unconstrained build operations Thread 73"        [_thread_blocked, id=10760, stack(0x000000e82f400000,0x000000e82f500000) (1024K)]
  0x000002042df97310 JavaThread "Unconstrained build operations Thread 74"        [_thread_blocked, id=20068, stack(0x000000e82f500000,0x000000e82f600000) (1024K)]
  0x000002042df979a0 JavaThread "Unconstrained build operations Thread 75"        [_thread_blocked, id=11068, stack(0x000000e82f600000,0x000000e82f700000) (1024K)]
  0x000002042c565cd0 JavaThread "jar transforms Thread 9"           [_thread_blocked, id=16628, stack(0x000000e82f700000,0x000000e82f800000) (1024K)]
  0x000002042c565640 JavaThread "build event listener"              [_thread_blocked, id=15588, stack(0x000000e827e00000,0x000000e827f00000) (1024K)]
  0x000002042c567080 JavaThread "Memory manager"                    [_thread_blocked, id=9760, stack(0x000000e827f00000,0x000000e828000000) (1024K)]
  0x000002042ca57090 JavaThread "C2 CompilerThread2"         daemon [_thread_in_native, id=14012, stack(0x000000e82a100000,0x000000e82a200000) (1024K)]
  0x000002042c564290 JavaThread "build event listener"              [_thread_blocked, id=6572, stack(0x000000e82f900000,0x000000e82fa00000) (1024K)]
  0x000002042c567da0 JavaThread "jar transforms Thread 10"          [_thread_blocked, id=15584, stack(0x000000e82f800000,0x000000e82f900000) (1024K)]
  0x0000020428fc7060 JavaThread "Problems report writer"            [_thread_blocked, id=18428, stack(0x000000e82fa00000,0x000000e82fb00000) (1024K)]
  0x000002042c569150 JavaThread "pool-3-thread-1"                   [_thread_blocked, id=16404, stack(0x000000e82fc00000,0x000000e82fd00000) (1024K)]
  0x000002042c5697e0 JavaThread "build event listener"              [_thread_blocked, id=22808, stack(0x000000e82fd00000,0x000000e82fe00000) (1024K)]
  0x0000020428fc9130 JavaThread "included builds"                   [_thread_blocked, id=18268, stack(0x000000e82fe00000,0x000000e82ff00000) (1024K)]
  0x0000020428fc9e50 JavaThread "Execution worker"                  [_thread_blocked, id=19868, stack(0x000000e82ff00000,0x000000e830000000) (1024K)]
  0x0000020428fc97c0 JavaThread "Execution worker Thread 2"         [_thread_blocked, id=9920, stack(0x000000e830000000,0x000000e830100000) (1024K)]
  0x0000020428fcb200 JavaThread "Execution worker Thread 3"         [_thread_blocked, id=22508, stack(0x000000e830100000,0x000000e830200000) (1024K)]
  0x0000020428fca4e0 JavaThread "Execution worker Thread 4"         [_thread_blocked, id=22632, stack(0x000000e830200000,0x000000e830300000) (1024K)]
  0x0000020428fcab70 JavaThread "Execution worker Thread 5"         [_thread_blocked, id=10656, stack(0x000000e830300000,0x000000e830400000) (1024K)]
  0x0000020428fc7d80 JavaThread "Execution worker Thread 6"         [_thread_blocked, id=1628, stack(0x000000e830400000,0x000000e830500000) (1024K)]
  0x000002042b956d30 JavaThread "Execution worker Thread 7"         [_thread_blocked, id=11984, stack(0x000000e830500000,0x000000e830600000) (1024K)]
  0x000002042b9552f0 JavaThread "Execution worker Thread 8"         [_thread_blocked, id=22928, stack(0x000000e830600000,0x000000e830700000) (1024K)]
  0x000002042b9580e0 JavaThread "Execution worker Thread 9"         [_thread_blocked, id=19948, stack(0x000000e830700000,0x000000e830800000) (1024K)]
  0x000002042b9573c0 JavaThread "Execution worker Thread 10"        [_thread_blocked, id=3800, stack(0x000000e830800000,0x000000e830900000) (1024K)]
  0x000002042b956010 JavaThread "Execution worker Thread 11"        [_thread_blocked, id=16168, stack(0x000000e830900000,0x000000e830a00000) (1024K)]
  0x000002042b954c60 JavaThread "Execution worker Thread 12"        [_thread_blocked, id=17404, stack(0x000000e830a00000,0x000000e830b00000) (1024K)]
  0x000002042b958e00 JavaThread "Execution worker Thread 13"        [_thread_blocked, id=16972, stack(0x000000e830b00000,0x000000e830c00000) (1024K)]
  0x000002042b957a50 JavaThread "Execution worker Thread 14"        [_thread_blocked, id=15856, stack(0x000000e830c00000,0x000000e830d00000) (1024K)]
  0x000002042b958770 JavaThread "Execution worker Thread 15"        [_thread_blocked, id=11676, stack(0x000000e830d00000,0x000000e830e00000) (1024K)]
  0x000002042b9566a0 JavaThread "Cache worker for execution history cache (D:\AndroidStudioProjects\DACN_1\FinFit\.gradle\8.13\executionHistory)"        [_thread_blocked, id=23272, stack(0x000000e830e00000,0x000000e830f00000) (1024K)]
  0x000002042b95bbf0 JavaThread "Unconstrained build operations Thread 76"        [_thread_blocked, id=21272, stack(0x000000e830f00000,0x000000e831000000) (1024K)]
  0x000002042b95c280 JavaThread "Unconstrained build operations Thread 77"        [_thread_blocked, id=2596, stack(0x000000e831000000,0x000000e831100000) (1024K)]
  0x000002042b959490 JavaThread "Unconstrained build operations Thread 78"        [_thread_blocked, id=24000, stack(0x000000e831100000,0x000000e831200000) (1024K)]
  0x000002042b959b20 JavaThread "Unconstrained build operations Thread 79"        [_thread_blocked, id=1488, stack(0x000000e831200000,0x000000e831300000) (1024K)]
  0x000002042b95a840 JavaThread "Unconstrained build operations Thread 80"        [_thread_blocked, id=3692, stack(0x000000e831300000,0x000000e831400000) (1024K)]
  0x000002042b95a1b0 JavaThread "Unconstrained build operations Thread 81"        [_thread_blocked, id=11596, stack(0x000000e831400000,0x000000e831500000) (1024K)]
  0x000002042b95b560 JavaThread "Unconstrained build operations Thread 82"        [_thread_blocked, id=8616, stack(0x000000e831500000,0x000000e831600000) (1024K)]
  0x000002042b95aed0 JavaThread "Unconstrained build operations Thread 83"        [_thread_blocked, id=2652, stack(0x000000e831600000,0x000000e831700000) (1024K)]
  0x000002042ee5ecd0 JavaThread "Unconstrained build operations Thread 84"        [_thread_blocked, id=19772, stack(0x000000e831700000,0x000000e831800000) (1024K)]
  0x000002042ee5d920 JavaThread "Unconstrained build operations Thread 85"        [_thread_blocked, id=16648, stack(0x000000e831800000,0x000000e831900000) (1024K)]
  0x000002042ee5cc00 JavaThread "Unconstrained build operations Thread 86"        [_thread_blocked, id=10040, stack(0x000000e831900000,0x000000e831a00000) (1024K)]
  0x000002042ee5f360 JavaThread "Unconstrained build operations Thread 87"        [_thread_blocked, id=1528, stack(0x000000e831a00000,0x000000e831b00000) (1024K)]
  0x000002042ee5d290 JavaThread "Unconstrained build operations Thread 88"        [_thread_blocked, id=7500, stack(0x000000e831b00000,0x000000e831c00000) (1024K)]
  0x000002042ee5dfb0 JavaThread "Unconstrained build operations Thread 89"        [_thread_blocked, id=17748, stack(0x000000e831c00000,0x000000e831d00000) (1024K)]
  0x000002042ee5f9f0 JavaThread "Unconstrained build operations Thread 90"        [_thread_blocked, id=3704, stack(0x000000e831d00000,0x000000e831e00000) (1024K)]
  0x000002042ee5c570 JavaThread "Unconstrained build operations Thread 91"        [_thread_blocked, id=12812, stack(0x000000e831f00000,0x000000e832000000) (1024K)]
  0x000002042ee63500 JavaThread "Unconstrained build operations Thread 92"        [_thread_blocked, id=20132, stack(0x000000e832000000,0x000000e832100000) (1024K)]
  0x000002042ee60080 JavaThread "Unconstrained build operations Thread 93"        [_thread_blocked, id=6696, stack(0x000000e832100000,0x000000e832200000) (1024K)]
  0x000002042ee62150 JavaThread "Unconstrained build operations Thread 94"        [_thread_blocked, id=22212, stack(0x000000e832200000,0x000000e832300000) (1024K)]
  0x000002042ee61430 JavaThread "Unconstrained build operations Thread 95"        [_thread_blocked, id=8708, stack(0x000000e832300000,0x000000e832400000) (1024K)]
  0x000002042ee60710 JavaThread "Unconstrained build operations Thread 96"        [_thread_blocked, id=13056, stack(0x000000e832400000,0x000000e832500000) (1024K)]
  0x000002042ee63b90 JavaThread "Unconstrained build operations Thread 97"        [_thread_blocked, id=21200, stack(0x000000e832500000,0x000000e832600000) (1024K)]
  0x000002042ee61ac0 JavaThread "Unconstrained build operations Thread 98"        [_thread_blocked, id=23372, stack(0x000000e832600000,0x000000e832700000) (1024K)]
  0x000002042ee662f0 JavaThread "Unconstrained build operations Thread 99"        [_thread_blocked, id=3960, stack(0x000000e832700000,0x000000e832800000) (1024K)]
  0x000002042ee64220 JavaThread "Unconstrained build operations Thread 100"        [_thread_blocked, id=20056, stack(0x000000e832800000,0x000000e832900000) (1024K)]
  0x000002042ee648b0 JavaThread "Unconstrained build operations Thread 101"        [_thread_blocked, id=12928, stack(0x000000e832900000,0x000000e832a00000) (1024K)]
  0x000002042ee66980 JavaThread "Unconstrained build operations Thread 102"        [_thread_blocked, id=14264, stack(0x000000e832a00000,0x000000e832b00000) (1024K)]
  0x000002042ee67010 JavaThread "Unconstrained build operations Thread 103"        [_thread_blocked, id=16992, stack(0x000000e832b00000,0x000000e832c00000) (1024K)]
  0x000002042ee676a0 JavaThread "Unconstrained build operations Thread 104"        [_thread_blocked, id=6516, stack(0x000000e832c00000,0x000000e832d00000) (1024K)]
  0x000002042ee67d30 JavaThread "Unconstrained build operations Thread 105"        [_thread_blocked, id=20044, stack(0x000000e832d00000,0x000000e832e00000) (1024K)]
  0x000002042ee64f40 JavaThread "Unconstrained build operations Thread 106"        [_thread_blocked, id=20208, stack(0x000000e832f00000,0x000000e833000000) (1024K)]
  0x000002042ee68a50 JavaThread "Unconstrained build operations Thread 107"        [_thread_blocked, id=5084, stack(0x000000e833000000,0x000000e833100000) (1024K)]
  0x000002042ee655d0 JavaThread "Unconstrained build operations Thread 108"        [_thread_blocked, id=14668, stack(0x000000e833100000,0x000000e833200000) (1024K)]
  0x000002042ee69770 JavaThread "Unconstrained build operations Thread 109"        [_thread_blocked, id=20576, stack(0x000000e833200000,0x000000e833300000) (1024K)]
  0x000002042ee6b840 JavaThread "Unconstrained build operations Thread 110"        [_thread_blocked, id=11512, stack(0x000000e833300000,0x000000e833400000) (1024K)]
  0x000002042ee690e0 JavaThread "Unconstrained build operations Thread 111"        [_thread_blocked, id=19156, stack(0x000000e833400000,0x000000e833500000) (1024K)]
  0x000002042ee69e00 JavaThread "Unconstrained build operations Thread 112"        [_thread_blocked, id=22432, stack(0x000000e833500000,0x000000e833600000) (1024K)]
  0x000002042ee6a490 JavaThread "Unconstrained build operations Thread 113"        [_thread_blocked, id=23344, stack(0x000000e833600000,0x000000e833700000) (1024K)]
  0x000002042ee6ab20 JavaThread "Unconstrained build operations Thread 114"        [_thread_blocked, id=13864, stack(0x000000e833700000,0x000000e833800000) (1024K)]
  0x000002042ee6b1b0 JavaThread "Unconstrained build operations Thread 115"        [_thread_blocked, id=10848, stack(0x000000e833800000,0x000000e833900000) (1024K)]
  0x000002042a513360 JavaThread "Unconstrained build operations Thread 116"        [_thread_blocked, id=19180, stack(0x000000e833900000,0x000000e833a00000) (1024K)]
  0x000002042b254840 JavaThread "Unconstrained build operations Thread 117"        [_thread_blocked, id=21508, stack(0x000000e833a00000,0x000000e833b00000) (1024K)]
  0x0000020435afe1d0 JavaThread "Unconstrained build operations Thread 118"        [_thread_blocked, id=20140, stack(0x000000e833b00000,0x000000e833c00000) (1024K)]
  0x0000020435b00930 JavaThread "Unconstrained build operations Thread 119"        [_thread_blocked, id=24052, stack(0x000000e833c00000,0x000000e833d00000) (1024K)]
  0x0000020435afeef0 JavaThread "Unconstrained build operations Thread 120"        [_thread_blocked, id=496, stack(0x000000e833d00000,0x000000e833e00000) (1024K)]
  0x0000020435b00fc0 JavaThread "Unconstrained build operations Thread 121"        [_thread_blocked, id=19012, stack(0x000000e833f00000,0x000000e834000000) (1024K)]
  0x0000020435afe860 JavaThread "Unconstrained build operations Thread 122"        [_thread_blocked, id=21664, stack(0x000000e834000000,0x000000e834100000) (1024K)]
  0x0000020435b002a0 JavaThread "Unconstrained build operations Thread 123"        [_thread_blocked, id=19516, stack(0x000000e834100000,0x000000e834200000) (1024K)]
  0x0000020435affc10 JavaThread "Unconstrained build operations Thread 124"        [_thread_blocked, id=7344, stack(0x000000e834200000,0x000000e834300000) (1024K)]
  0x0000020435afdb40 JavaThread "Unconstrained build operations Thread 125"        [_thread_blocked, id=10280, stack(0x000000e834300000,0x000000e834400000) (1024K)]
  0x0000020435b02370 JavaThread "Unconstrained build operations Thread 126"        [_thread_blocked, id=2040, stack(0x000000e834400000,0x000000e834500000) (1024K)]
  0x0000020435b02a00 JavaThread "Unconstrained build operations Thread 127"        [_thread_blocked, id=18732, stack(0x000000e834500000,0x000000e834600000) (1024K)]
  0x0000020435b04440 JavaThread "Unconstrained build operations Thread 128"        [_thread_blocked, id=2656, stack(0x000000e834600000,0x000000e834700000) (1024K)]
  0x0000020435b04ad0 JavaThread "Unconstrained build operations Thread 129"        [_thread_blocked, id=19412, stack(0x000000e834700000,0x000000e834800000) (1024K)]
  0x0000020435b03db0 JavaThread "Unconstrained build operations Thread 130"        [_thread_blocked, id=15676, stack(0x000000e834800000,0x000000e834900000) (1024K)]
  0x0000020435b03720 JavaThread "Unconstrained build operations Thread 131"        [_thread_blocked, id=12448, stack(0x000000e834900000,0x000000e834a00000) (1024K)]
  0x0000020435b05160 JavaThread "Unconstrained build operations Thread 132"        [_thread_blocked, id=12532, stack(0x000000e834a00000,0x000000e834b00000) (1024K)]
  0x0000020435b01650 JavaThread "Unconstrained build operations Thread 133"        [_thread_blocked, id=14712, stack(0x000000e834b00000,0x000000e834c00000) (1024K)]
  0x0000020435b03090 JavaThread "Unconstrained build operations Thread 134"        [_thread_blocked, id=12232, stack(0x000000e834c00000,0x000000e834d00000) (1024K)]
  0x0000020435b01ce0 JavaThread "Unconstrained build operations Thread 135"        [_thread_blocked, id=18176, stack(0x000000e834d00000,0x000000e834e00000) (1024K)]
  0x0000020435b05e80 JavaThread "Unconstrained build operations Thread 136"        [_thread_blocked, id=2996, stack(0x000000e834e00000,0x000000e834f00000) (1024K)]
  0x0000020435b08c70 JavaThread "Unconstrained build operations Thread 137"        [_thread_blocked, id=12796, stack(0x000000e834f00000,0x000000e835000000) (1024K)]
  0x0000020435b07230 JavaThread "Unconstrained build operations Thread 138"        [_thread_blocked, id=19504, stack(0x000000e835000000,0x000000e835100000) (1024K)]
  0x0000020435b057f0 JavaThread "Unconstrained build operations Thread 139"        [_thread_blocked, id=19416, stack(0x000000e835100000,0x000000e835200000) (1024K)]
  0x0000020435b085e0 JavaThread "Unconstrained build operations Thread 140"        [_thread_blocked, id=19676, stack(0x000000e835200000,0x000000e835300000) (1024K)]
  0x0000020435b07f50 JavaThread "Unconstrained build operations Thread 141"        [_thread_blocked, id=8008, stack(0x000000e835300000,0x000000e835400000) (1024K)]
  0x0000020435b09300 JavaThread "Unconstrained build operations Thread 142"        [_thread_blocked, id=18872, stack(0x000000e835400000,0x000000e835500000) (1024K)]
  0x0000020435b078c0 JavaThread "Unconstrained build operations Thread 143"        [_thread_blocked, id=19400, stack(0x000000e835500000,0x000000e835600000) (1024K)]
  0x0000020435b06510 JavaThread "Unconstrained build operations Thread 144"        [_thread_blocked, id=456, stack(0x000000e835600000,0x000000e835700000) (1024K)]
  0x0000020435b09990 JavaThread "Unconstrained build operations Thread 145"        [_thread_blocked, id=21720, stack(0x000000e835700000,0x000000e835800000) (1024K)]
  0x0000020435b0a020 JavaThread "Unconstrained build operations Thread 146"        [_thread_blocked, id=12064, stack(0x000000e835800000,0x000000e835900000) (1024K)]
  0x0000020435b06ba0 JavaThread "Unconstrained build operations Thread 147"        [_thread_blocked, id=13036, stack(0x000000e835900000,0x000000e835a00000) (1024K)]
  0x0000020435b0c780 JavaThread "Unconstrained build operations Thread 148"        [_thread_blocked, id=15236, stack(0x000000e835a00000,0x000000e835b00000) (1024K)]
  0x0000020435b0ce10 JavaThread "Unconstrained build operations Thread 149"        [_thread_blocked, id=23728, stack(0x000000e835b00000,0x000000e835c00000) (1024K)]
  0x0000020435b0a6b0 JavaThread "Unconstrained build operations Thread 150"        [_thread_blocked, id=22140, stack(0x000000e835c00000,0x000000e835d00000) (1024K)]
  0x0000020435b0ad40 JavaThread "Unconstrained build operations Thread 151"        [_thread_blocked, id=10080, stack(0x000000e835d00000,0x000000e835e00000) (1024K)]
  0x000002042e1da920 JavaThread "WorkerExecutor Queue"              [_thread_blocked, id=21528, stack(0x000000e835e00000,0x000000e835f00000) (1024K)]
  0x000002042e1df150 JavaThread "Unconstrained build operations Thread 152"        [_thread_blocked, id=15776, stack(0x000000e835f00000,0x000000e836000000) (1024K)]
  0x000002042e1dd710 JavaThread "Unconstrained build operations Thread 153"        [_thread_blocked, id=19396, stack(0x000000e836000000,0x000000e836100000) (1024K)]
  0x000002042e1df7e0 JavaThread "Unconstrained build operations Thread 154"        [_thread_blocked, id=1720, stack(0x000000e836100000,0x000000e836200000) (1024K)]
  0x000002042e1de430 JavaThread "Unconstrained build operations Thread 155"        [_thread_blocked, id=22044, stack(0x000000e836200000,0x000000e836300000) (1024K)]
  0x0000020435851000 JavaThread "Unconstrained build operations Thread 156"        [_thread_blocked, id=3852, stack(0x000000e836300000,0x000000e836400000) (1024K)]
  0x000002043584ef30 JavaThread "Unconstrained build operations Thread 157"        [_thread_blocked, id=17984, stack(0x000000e836600000,0x000000e836700000) (1024K)]
  0x0000020435850970 JavaThread "Unconstrained build operations Thread 158"        [_thread_blocked, id=13632, stack(0x000000e836700000,0x000000e836800000) (1024K)]
  0x0000020435852a40 JavaThread "Unconstrained build operations Thread 159"        [_thread_blocked, id=13736, stack(0x000000e836800000,0x000000e836900000) (1024K)]
  0x00000204358502e0 JavaThread "Unconstrained build operations Thread 160"        [_thread_blocked, id=6204, stack(0x000000e836900000,0x000000e836a00000) (1024K)]
  0x0000020435851d20 JavaThread "WorkerExecutor Queue Thread 2"        [_thread_blocked, id=19288, stack(0x000000e833e00000,0x000000e833f00000) (1024K)]
  0x000002043584f5c0 JavaThread "pool-4-thread-1"                   [_thread_blocked, id=18092, stack(0x000000e836a00000,0x000000e836b00000) (1024K)]
  0x00000204358530d0 JavaThread "stderr"                            [_thread_in_native, id=15768, stack(0x000000e836b00000,0x000000e836c00000) (1024K)]
  0x000002043584fc50 JavaThread "stdout"                            [_thread_in_native, id=20680, stack(0x000000e836c00000,0x000000e836d00000) (1024K)]
  0x000002043585d4e0 JavaThread "Cache worker for Java compile cache (C:\Users\ADMIN\.gradle\caches\8.13\javaCompile)"        [_thread_blocked, id=21144, stack(0x000000e831e00000,0x000000e831f00000) (1024K)]
  0x0000020437712020 JavaThread "C2 CompilerThread3"         daemon [_thread_in_native, id=23168, stack(0x000000e82fb00000,0x000000e82fc00000) (1024K)]
  0x0000020435853760 JavaThread "Build operations"                  [_thread_blocked, id=15876, stack(0x000000e836e00000,0x000000e836f00000) (1024K)]
  0x0000020435857270 JavaThread "Build operations Thread 2"         [_thread_blocked, id=13596, stack(0x000000e836f00000,0x000000e837000000) (1024K)]
  0x0000020435857900 JavaThread "Build operations Thread 3"         [_thread_blocked, id=11108, stack(0x000000e837000000,0x000000e837100000) (1024K)]
  0x0000020435857f90 JavaThread "Build operations Thread 4"         [_thread_blocked, id=18088, stack(0x000000e837100000,0x000000e837200000) (1024K)]
  0x0000020435854b10 JavaThread "Build operations Thread 5"         [_thread_blocked, id=19556, stack(0x000000e837200000,0x000000e837300000) (1024K)]
  0x000002043585ad80 JavaThread "Build operations Thread 6"         [_thread_blocked, id=11292, stack(0x000000e837300000,0x000000e837400000) (1024K)]
  0x000002043585baa0 JavaThread "Build operations Thread 7"         [_thread_blocked, id=14408, stack(0x000000e837400000,0x000000e837500000) (1024K)]
  0x000002043585b410 JavaThread "Build operations Thread 8"         [_thread_blocked, id=16556, stack(0x000000e837500000,0x000000e837600000) (1024K)]
  0x0000020435858620 JavaThread "Build operations Thread 9"         [_thread_blocked, id=12168, stack(0x000000e837600000,0x000000e837700000) (1024K)]
  0x000002043585a060 JavaThread "Build operations Thread 10"        [_thread_blocked, id=15284, stack(0x000000e837700000,0x000000e837800000) (1024K)]
  0x000002043585a6f0 JavaThread "Build operations Thread 11"        [_thread_blocked, id=15792, stack(0x000000e837800000,0x000000e837900000) (1024K)]
  0x000002043585c130 JavaThread "Build operations Thread 12"        [_thread_blocked, id=11844, stack(0x000000e837900000,0x000000e837a00000) (1024K)]
  0x0000020435859340 JavaThread "Build operations Thread 13"        [_thread_blocked, id=23900, stack(0x000000e837a00000,0x000000e837b00000) (1024K)]
  0x000002043585e200 JavaThread "Build operations Thread 14"        [_thread_blocked, id=5316, stack(0x000000e837b00000,0x000000e837c00000) (1024K)]
  0x000002043585ce50 JavaThread "Build operations Thread 15"        [_thread_blocked, id=7860, stack(0x000000e837c00000,0x000000e837d00000) (1024K)]
  0x0000020435853df0 JavaThread "WorkerExecutor Queue Thread 3"        [_thread_blocked, id=12096, stack(0x000000e832e00000,0x000000e832f00000) (1024K)]
  0x00000204358599d0 JavaThread "WorkerExecutor Queue Thread 4"        [_thread_in_Java, id=2116, stack(0x000000e836d00000,0x000000e836e00000) (1024K)]
  0x000002043585db70 JavaThread "WorkerExecutor Queue Thread 5"        [_thread_blocked, id=17252, stack(0x000000e837d00000,0x000000e837e00000) (1024K)]
  0x000002042e1db640 JavaThread "WorkerExecutor Queue Thread 6"        [_thread_in_Java, id=12236, stack(0x000000e837e00000,0x000000e837f00000) (1024K)]
  0x000002042e1dc360 JavaThread "WorkerExecutor Queue Thread 7"        [_thread_blocked, id=10892, stack(0x000000e837f00000,0x000000e838000000) (1024K)]
  0x000002042e1d9c00 JavaThread "WorkerExecutor Queue Thread 8"        [_thread_blocked, id=21388, stack(0x000000e838000000,0x000000e838100000) (1024K)]
  0x000002042e1dbcd0 JavaThread "WorkerExecutor Queue Thread 9"        [_thread_blocked, id=9636, stack(0x000000e838100000,0x000000e838200000) (1024K)]
  0x000002042e1d9570 JavaThread "WorkerExecutor Queue Thread 10"        [_thread_blocked, id=11424, stack(0x000000e838200000,0x000000e838300000) (1024K)]
  0x000002042e1d8ee0 JavaThread "WorkerExecutor Queue Thread 11"        [_thread_blocked, id=9704, stack(0x000000e838300000,0x000000e838400000) (1024K)]
  0x000002042e1dc9f0 JavaThread "WorkerExecutor Queue Thread 12"        [_thread_blocked, id=9984, stack(0x000000e838400000,0x000000e838500000) (1024K)]
  0x000002042e1dd080 JavaThread "WorkerExecutor Queue Thread 13"        [_thread_blocked, id=24280, stack(0x000000e838500000,0x000000e838600000) (1024K)]
  0x000002042e1da290 JavaThread "WorkerExecutor Queue Thread 14"        [_thread_blocked, id=15392, stack(0x000000e838600000,0x000000e838700000) (1024K)]
  0x000002042e1dafb0 JavaThread "WorkerExecutor Queue Thread 15"        [_thread_blocked, id=20828, stack(0x000000e838700000,0x000000e838800000) (1024K)]
  0x000002042e1e0500 JavaThread "WorkerExecutor Queue Thread 16"        [_thread_blocked, id=16888, stack(0x000000e838800000,0x000000e838900000) (1024K)]
  0x0000020437716b10 JavaThread "C2 CompilerThread4"         daemon [_thread_in_native, id=23924, stack(0x000000e838900000,0x000000e838a00000) (1024K)]
  0x0000020437714900 JavaThread "C2 CompilerThread5"         daemon [_thread_in_native, id=23784, stack(0x000000e838a00000,0x000000e838b00000) (1024K)]
  0x0000020428997d40 JavaThread "C2 CompilerThread6"         daemon [_thread_in_native, id=22192, stack(0x000000e838b00000,0x000000e838c00000) (1024K)]
Total: 266

Other Threads:
  0x000002042704de10 VMThread "VM Thread"                           [id=21788, stack(0x000000e826f00000,0x000000e827000000) (1024K)]
  0x0000020422089280 WatcherThread "VM Periodic Task Thread"        [id=14400, stack(0x000000e826e00000,0x000000e826f00000) (1024K)]
  0x0000020408327760 WorkerThread "GC Thread#0"                     [id=4744, stack(0x000000e826900000,0x000000e826a00000) (1024K)]
  0x0000020427a1ca20 WorkerThread "GC Thread#1"                     [id=13272, stack(0x000000e828000000,0x000000e828100000) (1024K)]
  0x0000020427a1cdc0 WorkerThread "GC Thread#2"                     [id=10392, stack(0x000000e828100000,0x000000e828200000) (1024K)]
  0x00000204279cfae0 WorkerThread "GC Thread#3"                     [id=2872, stack(0x000000e828200000,0x000000e828300000) (1024K)]
  0x00000204279cfe80 WorkerThread "GC Thread#4"                     [id=7600, stack(0x000000e828300000,0x000000e828400000) (1024K)]
  0x00000204279d0220 WorkerThread "GC Thread#5"                     [id=20696, stack(0x000000e828400000,0x000000e828500000) (1024K)]
  0x0000020428d94c80 WorkerThread "GC Thread#6"                     [id=20744, stack(0x000000e828f00000,0x000000e829000000) (1024K)]
  0x0000020429a9fec0 WorkerThread "GC Thread#7"                     [id=17100, stack(0x000000e829000000,0x000000e829100000) (1024K)]
  0x0000020429c962d0 WorkerThread "GC Thread#8"                     [id=9540, stack(0x000000e829100000,0x000000e829200000) (1024K)]
  0x0000020429bb96e0 WorkerThread "GC Thread#9"                     [id=9912, stack(0x000000e829200000,0x000000e829300000) (1024K)]
  0x0000020429bb84c0 WorkerThread "GC Thread#10"                    [id=16440, stack(0x000000e829300000,0x000000e829400000) (1024K)]
  0x0000020429bb8c00 WorkerThread "GC Thread#11"                    [id=12000, stack(0x000000e829400000,0x000000e829500000) (1024K)]
  0x0000020429bb9a80 WorkerThread "GC Thread#12"                    [id=6252, stack(0x000000e829500000,0x000000e829600000) (1024K)]
  0x0000020408338650 ConcurrentGCThread "G1 Main Marker"            [id=23296, stack(0x000000e826a00000,0x000000e826b00000) (1024K)]
  0x0000020408339060 WorkerThread "G1 Conc#0"                       [id=9852, stack(0x000000e826b00000,0x000000e826c00000) (1024K)]
  0x0000020429bb8860 WorkerThread "G1 Conc#1"                       [id=19536, stack(0x000000e829600000,0x000000e829700000) (1024K)]
  0x0000020429bb8fa0 WorkerThread "G1 Conc#2"                       [id=20284, stack(0x000000e829700000,0x000000e829800000) (1024K)]
  0x0000020421f59090 ConcurrentGCThread "G1 Refine#0"               [id=952, stack(0x000000e826c00000,0x000000e826d00000) (1024K)]
  0x0000020421f5a8c0 ConcurrentGCThread "G1 Service"                [id=5548, stack(0x000000e826d00000,0x000000e826e00000) (1024K)]
Total: 21

Threads with active compile tasks:
C2 CompilerThread0  24455 26926 %     4       com.android.tools.r8.internal.l32::a @ 1747 (2024 bytes)
C2 CompilerThread1  24455 26821 %     4       com.android.tools.r8.internal.ce0::a @ 549 (1134 bytes)
C2 CompilerThread2  24455 26944       4       com.android.tools.r8.internal.l32::a (3042 bytes)
C2 CompilerThread3  24455 26950       4       com.android.tools.r8.internal.fk::a (1828 bytes)
C2 CompilerThread4  24455 26923 %     4       com.android.tools.r8.internal.r31::a @ 1905 (3928 bytes)
C2 CompilerThread5  24455 26912 %     4       com.android.tools.r8.internal.xc0::b @ 584 (3604 bytes)
C2 CompilerThread6  24455 26920       4       com.android.tools.r8.internal.rd4::a (616 bytes)
Total: 7

VM state: not at safepoint (normal execution)

VM Mutex/Monitor currently owned by a thread:  ([mutex/lock_event])
[0x00007ff8afb67090] MethodCompileQueue_lock - owner thread: 0x00000204270dc420

Heap address: 0x0000000700000000, size: 4096 MB, Compressed Oops mode: Zero based, Oop shift amount: 3

CDS archive(s) not mapped
Compressed class space mapped at: 0x0000000800000000-0x0000000834000000, reserved size: 872415232
Narrow klass base: 0x0000000800000000, Narrow klass shift: 0, Narrow klass range: 0x34000000

GC Precious Log:
 CardTable entry size: 512
 Card Set container configuration: InlinePtr #cards 4 size 8 Array Of Cards #cards 16 size 48 Howl #buckets 8 coarsen threshold 3686 Howl Bitmap #cards 512 size 80 coarsen threshold 460 Card regions per heap region 1 cards per card region 4096
 CPUs: 16 total, 16 available
 Memory: 16008M
 Large Page Support: Disabled
 NUMA Support: Disabled
 Compressed Oops: Enabled (Zero based)
 Heap Region Size: 2M
 Heap Min Capacity: 8M
 Heap Initial Capacity: 252M
 Heap Max Capacity: 4G
 Pre-touch: Disabled
 Parallel Workers: 13
 Concurrent Workers: 3
 Concurrent Refinement Workers: 13
 Periodic GC: Disabled

Heap:
 garbage-first heap   total 604160K, used 356264K [0x0000000700000000, 0x0000000800000000)
  region size 2048K, 71 young (145408K), 5 survivors (10240K)
 Metaspace       used 166729K, committed 169152K, reserved 1048576K
  class space    used 23728K, committed 24896K, reserved 851968K

Heap Regions: E=young(eden), S=young(survivor), O=old, HS=humongous(starts), HC=humongous(continues), CS=collection set, F=free, TAMS=top-at-mark-start, PB=parsable bottom
|   0|0x0000000700000000, 0x0000000700200000, 0x0000000700200000|100%|HS|  |TAMS 0x0000000700000000| PB 0x0000000700000000| Complete 
|   1|0x0000000700200000, 0x0000000700400000, 0x0000000700400000|100%|HC|  |TAMS 0x0000000700200000| PB 0x0000000700200000| Complete 
|   2|0x0000000700400000, 0x0000000700600000, 0x0000000700600000|100%| O|  |TAMS 0x0000000700400000| PB 0x0000000700400000| Untracked 
|   3|0x0000000700600000, 0x0000000700800000, 0x0000000700800000|100%| O|  |TAMS 0x0000000700600000| PB 0x0000000700600000| Untracked 
|   4|0x0000000700800000, 0x0000000700a00000, 0x0000000700a00000|100%| O|  |TAMS 0x0000000700800000| PB 0x0000000700800000| Untracked 
|   5|0x0000000700a00000, 0x0000000700c00000, 0x0000000700c00000|100%| O|  |TAMS 0x0000000700a00000| PB 0x0000000700a00000| Untracked 
|   6|0x0000000700c00000, 0x0000000700e00000, 0x0000000700e00000|100%| O|  |TAMS 0x0000000700c00000| PB 0x0000000700c00000| Untracked 
|   7|0x0000000700e00000, 0x0000000701000000, 0x0000000701000000|100%|HS|  |TAMS 0x0000000700e00000| PB 0x0000000700e00000| Complete 
|   8|0x0000000701000000, 0x0000000701200000, 0x0000000701200000|100%| O|  |TAMS 0x0000000701000000| PB 0x0000000701000000| Untracked 
|   9|0x0000000701200000, 0x0000000701400000, 0x0000000701400000|100%| O|  |TAMS 0x0000000701200000| PB 0x0000000701200000| Untracked 
|  10|0x0000000701400000, 0x0000000701600000, 0x0000000701600000|100%| O|  |TAMS 0x0000000701400000| PB 0x0000000701400000| Untracked 
|  11|0x0000000701600000, 0x0000000701800000, 0x0000000701800000|100%| O|  |TAMS 0x0000000701600000| PB 0x0000000701600000| Untracked 
|  12|0x0000000701800000, 0x0000000701a00000, 0x0000000701a00000|100%| O|  |TAMS 0x0000000701800000| PB 0x0000000701800000| Untracked 
|  13|0x0000000701a00000, 0x0000000701c00000, 0x0000000701c00000|100%| O|  |TAMS 0x0000000701a00000| PB 0x0000000701a00000| Untracked 
|  14|0x0000000701c00000, 0x0000000701e00000, 0x0000000701e00000|100%| O|  |TAMS 0x0000000701c00000| PB 0x0000000701c00000| Untracked 
|  15|0x0000000701e00000, 0x0000000702000000, 0x0000000702000000|100%| O|  |TAMS 0x0000000701e00000| PB 0x0000000701e00000| Untracked 
|  16|0x0000000702000000, 0x0000000702200000, 0x0000000702200000|100%| O|  |TAMS 0x0000000702000000| PB 0x0000000702000000| Untracked 
|  17|0x0000000702200000, 0x0000000702400000, 0x0000000702400000|100%| O|  |TAMS 0x0000000702200000| PB 0x0000000702200000| Untracked 
|  18|0x0000000702400000, 0x0000000702600000, 0x0000000702600000|100%| O|  |TAMS 0x0000000702400000| PB 0x0000000702400000| Untracked 
|  19|0x0000000702600000, 0x0000000702800000, 0x0000000702800000|100%| O|  |TAMS 0x0000000702600000| PB 0x0000000702600000| Untracked 
|  20|0x0000000702800000, 0x0000000702a00000, 0x0000000702a00000|100%| O|  |TAMS 0x0000000702800000| PB 0x0000000702800000| Untracked 
|  21|0x0000000702a00000, 0x0000000702c00000, 0x0000000702c00000|100%| O|  |TAMS 0x0000000702a00000| PB 0x0000000702a00000| Untracked 
|  22|0x0000000702c00000, 0x0000000702e00000, 0x0000000702e00000|100%|HS|  |TAMS 0x0000000702c00000| PB 0x0000000702c00000| Complete 
|  23|0x0000000702e00000, 0x0000000703000000, 0x0000000703000000|100%|HS|  |TAMS 0x0000000702e00000| PB 0x0000000702e00000| Complete 
|  24|0x0000000703000000, 0x0000000703200000, 0x0000000703200000|100%| O|  |TAMS 0x0000000703000000| PB 0x0000000703000000| Untracked 
|  25|0x0000000703200000, 0x0000000703400000, 0x0000000703400000|100%| O|  |TAMS 0x0000000703200000| PB 0x0000000703200000| Untracked 
|  26|0x0000000703400000, 0x0000000703600000, 0x0000000703600000|100%|HS|  |TAMS 0x0000000703400000| PB 0x0000000703400000| Complete 
|  27|0x0000000703600000, 0x0000000703800000, 0x0000000703800000|100%|HC|  |TAMS 0x0000000703600000| PB 0x0000000703600000| Complete 
|  28|0x0000000703800000, 0x0000000703a00000, 0x0000000703a00000|100%| O|  |TAMS 0x0000000703800000| PB 0x0000000703800000| Untracked 
|  29|0x0000000703a00000, 0x0000000703c00000, 0x0000000703c00000|100%| O|  |TAMS 0x0000000703a00000| PB 0x0000000703a00000| Untracked 
|  30|0x0000000703c00000, 0x0000000703e00000, 0x0000000703e00000|100%| O|  |TAMS 0x0000000703c00000| PB 0x0000000703c00000| Untracked 
|  31|0x0000000703e00000, 0x0000000704000000, 0x0000000704000000|100%| O|  |TAMS 0x0000000703e00000| PB 0x0000000703e00000| Untracked 
|  32|0x0000000704000000, 0x0000000704200000, 0x0000000704200000|100%| O|  |TAMS 0x0000000704000000| PB 0x0000000704000000| Untracked 
|  33|0x0000000704200000, 0x0000000704400000, 0x0000000704400000|100%|HS|  |TAMS 0x0000000704200000| PB 0x0000000704200000| Complete 
|  34|0x0000000704400000, 0x0000000704600000, 0x0000000704600000|100%|HC|  |TAMS 0x0000000704400000| PB 0x0000000704400000| Complete 
|  35|0x0000000704600000, 0x0000000704800000, 0x0000000704800000|100%| O|  |TAMS 0x0000000704600000| PB 0x0000000704600000| Untracked 
|  36|0x0000000704800000, 0x0000000704a00000, 0x0000000704a00000|100%| O|  |TAMS 0x0000000704800000| PB 0x0000000704800000| Untracked 
|  37|0x0000000704a00000, 0x0000000704c00000, 0x0000000704c00000|100%| O|  |TAMS 0x0000000704a00000| PB 0x0000000704a00000| Untracked 
|  38|0x0000000704c00000, 0x0000000704e00000, 0x0000000704e00000|100%| O|  |TAMS 0x0000000704c00000| PB 0x0000000704c00000| Untracked 
|  39|0x0000000704e00000, 0x0000000705000000, 0x0000000705000000|100%| O|  |TAMS 0x0000000704e00000| PB 0x0000000704e00000| Untracked 
|  40|0x0000000705000000, 0x0000000705200000, 0x0000000705200000|100%| O|  |TAMS 0x0000000705000000| PB 0x0000000705000000| Untracked 
|  41|0x0000000705200000, 0x0000000705400000, 0x0000000705400000|100%| O|  |TAMS 0x0000000705200000| PB 0x0000000705200000| Untracked 
|  42|0x0000000705400000, 0x0000000705600000, 0x0000000705600000|100%| O|  |TAMS 0x0000000705400000| PB 0x0000000705400000| Untracked 
|  43|0x0000000705600000, 0x0000000705800000, 0x0000000705800000|100%| O|  |TAMS 0x0000000705600000| PB 0x0000000705600000| Untracked 
|  44|0x0000000705800000, 0x0000000705a00000, 0x0000000705a00000|100%| O|  |TAMS 0x0000000705800000| PB 0x0000000705800000| Untracked 
|  45|0x0000000705a00000, 0x0000000705c00000, 0x0000000705c00000|100%| O|  |TAMS 0x0000000705a00000| PB 0x0000000705a00000| Untracked 
|  46|0x0000000705c00000, 0x0000000705e00000, 0x0000000705e00000|100%| O|  |TAMS 0x0000000705c00000| PB 0x0000000705c00000| Untracked 
|  47|0x0000000705e00000, 0x0000000706000000, 0x0000000706000000|100%| O|  |TAMS 0x0000000705e00000| PB 0x0000000705e00000| Untracked 
|  48|0x0000000706000000, 0x0000000706200000, 0x0000000706200000|100%| O|  |TAMS 0x0000000706000000| PB 0x0000000706000000| Untracked 
|  49|0x0000000706200000, 0x0000000706400000, 0x0000000706400000|100%| O|  |TAMS 0x0000000706200000| PB 0x0000000706200000| Untracked 
|  50|0x0000000706400000, 0x0000000706600000, 0x0000000706600000|100%| O|  |TAMS 0x0000000706400000| PB 0x0000000706400000| Untracked 
|  51|0x0000000706600000, 0x0000000706800000, 0x0000000706800000|100%| O|  |TAMS 0x0000000706600000| PB 0x0000000706600000| Untracked 
|  52|0x0000000706800000, 0x0000000706a00000, 0x0000000706a00000|100%| O|  |TAMS 0x0000000706800000| PB 0x0000000706800000| Untracked 
|  53|0x0000000706a00000, 0x0000000706c00000, 0x0000000706c00000|100%| O|  |TAMS 0x0000000706a00000| PB 0x0000000706a00000| Untracked 
|  54|0x0000000706c00000, 0x0000000706e00000, 0x0000000706e00000|100%| O|  |TAMS 0x0000000706c00000| PB 0x0000000706c00000| Untracked 
|  55|0x0000000706e00000, 0x0000000707000000, 0x0000000707000000|100%| O|  |TAMS 0x0000000706e00000| PB 0x0000000706e00000| Untracked 
|  56|0x0000000707000000, 0x0000000707200000, 0x0000000707200000|100%| O|  |TAMS 0x0000000707000000| PB 0x0000000707000000| Untracked 
|  57|0x0000000707200000, 0x0000000707400000, 0x0000000707400000|100%| O|  |TAMS 0x0000000707200000| PB 0x0000000707200000| Untracked 
|  58|0x0000000707400000, 0x0000000707600000, 0x0000000707600000|100%| O|  |TAMS 0x0000000707400000| PB 0x0000000707400000| Untracked 
|  59|0x0000000707600000, 0x0000000707800000, 0x0000000707800000|100%| O|  |TAMS 0x0000000707600000| PB 0x0000000707600000| Untracked 
|  60|0x0000000707800000, 0x0000000707a00000, 0x0000000707a00000|100%| O|  |TAMS 0x0000000707800000| PB 0x0000000707800000| Untracked 
|  61|0x0000000707a00000, 0x0000000707c00000, 0x0000000707c00000|100%| O|  |TAMS 0x0000000707a00000| PB 0x0000000707a00000| Untracked 
|  62|0x0000000707c00000, 0x0000000707e00000, 0x0000000707e00000|100%| O|  |TAMS 0x0000000707c00000| PB 0x0000000707c00000| Untracked 
|  63|0x0000000707e00000, 0x0000000708000000, 0x0000000708000000|100%| O|  |TAMS 0x0000000707e00000| PB 0x0000000707e00000| Untracked 
|  64|0x0000000708000000, 0x0000000708200000, 0x0000000708200000|100%| O|Cm|TAMS 0x0000000708000000| PB 0x0000000708000000| Complete 
|  65|0x0000000708200000, 0x0000000708400000, 0x0000000708400000|100%| O|  |TAMS 0x0000000708200000| PB 0x0000000708200000| Untracked 
|  66|0x0000000708400000, 0x0000000708600000, 0x0000000708600000|100%| O|  |TAMS 0x0000000708400000| PB 0x0000000708400000| Untracked 
|  67|0x0000000708600000, 0x0000000708800000, 0x0000000708800000|100%| O|  |TAMS 0x0000000708600000| PB 0x0000000708600000| Untracked 
|  68|0x0000000708800000, 0x0000000708a00000, 0x0000000708a00000|100%| O|  |TAMS 0x0000000708800000| PB 0x0000000708800000| Untracked 
|  69|0x0000000708a00000, 0x0000000708c00000, 0x0000000708c00000|100%| O|  |TAMS 0x0000000708a00000| PB 0x0000000708a00000| Untracked 
|  70|0x0000000708c00000, 0x0000000708cbd708, 0x0000000708e00000| 36%| O|  |TAMS 0x0000000708c00000| PB 0x0000000708c00000| Untracked 
|  71|0x0000000708e00000, 0x0000000709000000, 0x0000000709000000|100%| O|  |TAMS 0x0000000708e00000| PB 0x0000000708e00000| Untracked 
|  72|0x0000000709000000, 0x0000000709200000, 0x0000000709200000|100%| O|  |TAMS 0x0000000709000000| PB 0x0000000709000000| Untracked 
|  73|0x0000000709200000, 0x0000000709400000, 0x0000000709400000|100%| O|Cm|TAMS 0x0000000709200000| PB 0x0000000709200000| Complete 
|  74|0x0000000709400000, 0x0000000709600000, 0x0000000709600000|100%| O|  |TAMS 0x0000000709400000| PB 0x0000000709400000| Untracked 
|  75|0x0000000709600000, 0x0000000709800000, 0x0000000709800000|100%| O|  |TAMS 0x0000000709600000| PB 0x0000000709600000| Untracked 
|  76|0x0000000709800000, 0x0000000709a00000, 0x0000000709a00000|100%| O|  |TAMS 0x0000000709800000| PB 0x0000000709800000| Untracked 
|  77|0x0000000709a00000, 0x0000000709c00000, 0x0000000709c00000|100%| O|  |TAMS 0x0000000709a00000| PB 0x0000000709a00000| Untracked 
|  78|0x0000000709c00000, 0x0000000709e00000, 0x0000000709e00000|100%| O|  |TAMS 0x0000000709c00000| PB 0x0000000709c00000| Untracked 
|  79|0x0000000709e00000, 0x000000070a000000, 0x000000070a000000|100%| O|  |TAMS 0x0000000709e00000| PB 0x0000000709e00000| Untracked 
|  80|0x000000070a000000, 0x000000070a200000, 0x000000070a200000|100%| O|  |TAMS 0x000000070a000000| PB 0x000000070a000000| Untracked 
|  81|0x000000070a200000, 0x000000070a200000, 0x000000070a400000|  0%| F|  |TAMS 0x000000070a200000| PB 0x000000070a200000| Untracked 
|  82|0x000000070a400000, 0x000000070a600000, 0x000000070a600000|100%| O|  |TAMS 0x000000070a400000| PB 0x000000070a400000| Untracked 
|  83|0x000000070a600000, 0x000000070a800000, 0x000000070a800000|100%| O|  |TAMS 0x000000070a600000| PB 0x000000070a600000| Untracked 
|  84|0x000000070a800000, 0x000000070aa00000, 0x000000070aa00000|100%| O|  |TAMS 0x000000070a800000| PB 0x000000070a800000| Untracked 
|  85|0x000000070aa00000, 0x000000070ac00000, 0x000000070ac00000|100%| O|  |TAMS 0x000000070aa00000| PB 0x000000070aa00000| Untracked 
|  86|0x000000070ac00000, 0x000000070ae00000, 0x000000070ae00000|100%| O|Cm|TAMS 0x000000070ac00000| PB 0x000000070ac00000| Complete 
|  87|0x000000070ae00000, 0x000000070ae00000, 0x000000070b000000|  0%| F|  |TAMS 0x000000070ae00000| PB 0x000000070ae00000| Untracked 
|  88|0x000000070b000000, 0x000000070b200000, 0x000000070b200000|100%| O|  |TAMS 0x000000070b000000| PB 0x000000070b000000| Untracked 
|  89|0x000000070b200000, 0x000000070b400000, 0x000000070b400000|100%| O|  |TAMS 0x000000070b200000| PB 0x000000070b200000| Untracked 
|  90|0x000000070b400000, 0x000000070b600000, 0x000000070b600000|100%| O|  |TAMS 0x000000070b400000| PB 0x000000070b400000| Untracked 
|  91|0x000000070b600000, 0x000000070b800000, 0x000000070b800000|100%| O|  |TAMS 0x000000070b600000| PB 0x000000070b600000| Untracked 
|  92|0x000000070b800000, 0x000000070ba00000, 0x000000070ba00000|100%| O|Cm|TAMS 0x000000070b800000| PB 0x000000070b800000| Complete 
|  93|0x000000070ba00000, 0x000000070bc00000, 0x000000070bc00000|100%| O|  |TAMS 0x000000070ba00000| PB 0x000000070ba00000| Untracked 
|  94|0x000000070bc00000, 0x000000070be00000, 0x000000070be00000|100%| O|  |TAMS 0x000000070bc00000| PB 0x000000070bc00000| Untracked 
|  95|0x000000070be00000, 0x000000070c000000, 0x000000070c000000|100%| O|Cm|TAMS 0x000000070be00000| PB 0x000000070be00000| Complete 
|  96|0x000000070c000000, 0x000000070c000000, 0x000000070c200000|  0%| F|  |TAMS 0x000000070c000000| PB 0x000000070c000000| Untracked 
|  97|0x000000070c200000, 0x000000070c400000, 0x000000070c400000|100%| O|  |TAMS 0x000000070c200000| PB 0x000000070c200000| Untracked 
|  98|0x000000070c400000, 0x000000070c400000, 0x000000070c600000|  0%| F|  |TAMS 0x000000070c400000| PB 0x000000070c400000| Untracked 
|  99|0x000000070c600000, 0x000000070c600000, 0x000000070c800000|  0%| F|  |TAMS 0x000000070c600000| PB 0x000000070c600000| Untracked 
| 100|0x000000070c800000, 0x000000070c800000, 0x000000070ca00000|  0%| F|  |TAMS 0x000000070c800000| PB 0x000000070c800000| Untracked 
| 101|0x000000070ca00000, 0x000000070ca00000, 0x000000070cc00000|  0%| F|  |TAMS 0x000000070ca00000| PB 0x000000070ca00000| Untracked 
| 102|0x000000070cc00000, 0x000000070cc00000, 0x000000070ce00000|  0%| F|  |TAMS 0x000000070cc00000| PB 0x000000070cc00000| Untracked 
| 103|0x000000070ce00000, 0x000000070ce00000, 0x000000070d000000|  0%| F|  |TAMS 0x000000070ce00000| PB 0x000000070ce00000| Untracked 
| 104|0x000000070d000000, 0x000000070d000000, 0x000000070d200000|  0%| F|  |TAMS 0x000000070d000000| PB 0x000000070d000000| Untracked 
| 105|0x000000070d200000, 0x000000070d200000, 0x000000070d400000|  0%| F|  |TAMS 0x000000070d200000| PB 0x000000070d200000| Untracked 
| 106|0x000000070d400000, 0x000000070d400000, 0x000000070d600000|  0%| F|  |TAMS 0x000000070d400000| PB 0x000000070d400000| Untracked 
| 107|0x000000070d600000, 0x000000070d600000, 0x000000070d800000|  0%| F|  |TAMS 0x000000070d600000| PB 0x000000070d600000| Untracked 
| 108|0x000000070d800000, 0x000000070d800000, 0x000000070da00000|  0%| F|  |TAMS 0x000000070d800000| PB 0x000000070d800000| Untracked 
| 109|0x000000070da00000, 0x000000070db2ca18, 0x000000070dc00000| 58%| S|CS|TAMS 0x000000070da00000| PB 0x000000070da00000| Complete 
| 110|0x000000070dc00000, 0x000000070de00000, 0x000000070de00000|100%| S|CS|TAMS 0x000000070dc00000| PB 0x000000070dc00000| Complete 
| 111|0x000000070de00000, 0x000000070e000000, 0x000000070e000000|100%| S|CS|TAMS 0x000000070de00000| PB 0x000000070de00000| Complete 
| 112|0x000000070e000000, 0x000000070e200000, 0x000000070e200000|100%| S|CS|TAMS 0x000000070e000000| PB 0x000000070e000000| Complete 
| 113|0x000000070e200000, 0x000000070e200000, 0x000000070e400000|  0%| F|  |TAMS 0x000000070e200000| PB 0x000000070e200000| Untracked 
| 114|0x000000070e400000, 0x000000070e400000, 0x000000070e600000|  0%| F|  |TAMS 0x000000070e400000| PB 0x000000070e400000| Untracked 
| 115|0x000000070e600000, 0x000000070e600000, 0x000000070e800000|  0%| F|  |TAMS 0x000000070e600000| PB 0x000000070e600000| Untracked 
| 116|0x000000070e800000, 0x000000070e800000, 0x000000070ea00000|  0%| F|  |TAMS 0x000000070e800000| PB 0x000000070e800000| Untracked 
| 117|0x000000070ea00000, 0x000000070ec00000, 0x000000070ec00000|100%| S|CS|TAMS 0x000000070ea00000| PB 0x000000070ea00000| Complete 
| 118|0x000000070ec00000, 0x000000070ec00000, 0x000000070ee00000|  0%| F|  |TAMS 0x000000070ec00000| PB 0x000000070ec00000| Untracked 
| 119|0x000000070ee00000, 0x000000070ee00000, 0x000000070f000000|  0%| F|  |TAMS 0x000000070ee00000| PB 0x000000070ee00000| Untracked 
| 120|0x000000070f000000, 0x000000070f000000, 0x000000070f200000|  0%| F|  |TAMS 0x000000070f000000| PB 0x000000070f000000| Untracked 
| 121|0x000000070f200000, 0x000000070f200000, 0x000000070f400000|  0%| F|  |TAMS 0x000000070f200000| PB 0x000000070f200000| Untracked 
| 122|0x000000070f400000, 0x000000070f400000, 0x000000070f600000|  0%| F|  |TAMS 0x000000070f400000| PB 0x000000070f400000| Untracked 
| 123|0x000000070f600000, 0x000000070f600000, 0x000000070f800000|  0%| F|  |TAMS 0x000000070f600000| PB 0x000000070f600000| Untracked 
| 124|0x000000070f800000, 0x000000070f800000, 0x000000070fa00000|  0%| F|  |TAMS 0x000000070f800000| PB 0x000000070f800000| Untracked 
| 125|0x000000070fa00000, 0x000000070fa00000, 0x000000070fc00000|  0%| F|  |TAMS 0x000000070fa00000| PB 0x000000070fa00000| Untracked 
| 126|0x000000070fc00000, 0x000000070fc00000, 0x000000070fe00000|  0%| F|  |TAMS 0x000000070fc00000| PB 0x000000070fc00000| Untracked 
| 127|0x000000070fe00000, 0x000000070fe00000, 0x0000000710000000|  0%| F|  |TAMS 0x000000070fe00000| PB 0x000000070fe00000| Untracked 
| 128|0x0000000710000000, 0x0000000710000000, 0x0000000710200000|  0%| F|  |TAMS 0x0000000710000000| PB 0x0000000710000000| Untracked 
| 129|0x0000000710200000, 0x0000000710200000, 0x0000000710400000|  0%| F|  |TAMS 0x0000000710200000| PB 0x0000000710200000| Untracked 
| 130|0x0000000710400000, 0x0000000710400000, 0x0000000710600000|  0%| F|  |TAMS 0x0000000710400000| PB 0x0000000710400000| Untracked 
| 131|0x0000000710600000, 0x0000000710600000, 0x0000000710800000|  0%| F|  |TAMS 0x0000000710600000| PB 0x0000000710600000| Untracked 
| 132|0x0000000710800000, 0x0000000710800000, 0x0000000710a00000|  0%| F|  |TAMS 0x0000000710800000| PB 0x0000000710800000| Untracked 
| 133|0x0000000710a00000, 0x0000000710a00000, 0x0000000710c00000|  0%| F|  |TAMS 0x0000000710a00000| PB 0x0000000710a00000| Untracked 
| 134|0x0000000710c00000, 0x0000000710c00000, 0x0000000710e00000|  0%| F|  |TAMS 0x0000000710c00000| PB 0x0000000710c00000| Untracked 
| 135|0x0000000710e00000, 0x0000000710e00000, 0x0000000711000000|  0%| F|  |TAMS 0x0000000710e00000| PB 0x0000000710e00000| Untracked 
| 136|0x0000000711000000, 0x0000000711000000, 0x0000000711200000|  0%| F|  |TAMS 0x0000000711000000| PB 0x0000000711000000| Untracked 
| 137|0x0000000711200000, 0x0000000711200000, 0x0000000711400000|  0%| F|  |TAMS 0x0000000711200000| PB 0x0000000711200000| Untracked 
| 138|0x0000000711400000, 0x0000000711400000, 0x0000000711600000|  0%| F|  |TAMS 0x0000000711400000| PB 0x0000000711400000| Untracked 
| 139|0x0000000711600000, 0x0000000711600000, 0x0000000711800000|  0%| F|  |TAMS 0x0000000711600000| PB 0x0000000711600000| Untracked 
| 140|0x0000000711800000, 0x0000000711800000, 0x0000000711a00000|  0%| F|  |TAMS 0x0000000711800000| PB 0x0000000711800000| Untracked 
| 141|0x0000000711a00000, 0x0000000711a00000, 0x0000000711c00000|  0%| F|  |TAMS 0x0000000711a00000| PB 0x0000000711a00000| Untracked 
| 142|0x0000000711c00000, 0x0000000711c00000, 0x0000000711e00000|  0%| F|  |TAMS 0x0000000711c00000| PB 0x0000000711c00000| Untracked 
| 143|0x0000000711e00000, 0x0000000711e00000, 0x0000000712000000|  0%| F|  |TAMS 0x0000000711e00000| PB 0x0000000711e00000| Untracked 
| 144|0x0000000712000000, 0x0000000712000000, 0x0000000712200000|  0%| F|  |TAMS 0x0000000712000000| PB 0x0000000712000000| Untracked 
| 145|0x0000000712200000, 0x0000000712200000, 0x0000000712400000|  0%| F|  |TAMS 0x0000000712200000| PB 0x0000000712200000| Untracked 
| 146|0x0000000712400000, 0x0000000712400000, 0x0000000712600000|  0%| F|  |TAMS 0x0000000712400000| PB 0x0000000712400000| Untracked 
| 147|0x0000000712600000, 0x0000000712600000, 0x0000000712800000|  0%| F|  |TAMS 0x0000000712600000| PB 0x0000000712600000| Untracked 
| 148|0x0000000712800000, 0x0000000712800000, 0x0000000712a00000|  0%| F|  |TAMS 0x0000000712800000| PB 0x0000000712800000| Untracked 
| 149|0x0000000712a00000, 0x0000000712a00000, 0x0000000712c00000|  0%| F|  |TAMS 0x0000000712a00000| PB 0x0000000712a00000| Untracked 
| 150|0x0000000712c00000, 0x0000000712c00000, 0x0000000712e00000|  0%| F|  |TAMS 0x0000000712c00000| PB 0x0000000712c00000| Untracked 
| 151|0x0000000712e00000, 0x0000000712e00000, 0x0000000713000000|  0%| F|  |TAMS 0x0000000712e00000| PB 0x0000000712e00000| Untracked 
| 152|0x0000000713000000, 0x0000000713000000, 0x0000000713200000|  0%| F|  |TAMS 0x0000000713000000| PB 0x0000000713000000| Untracked 
| 153|0x0000000713200000, 0x0000000713200000, 0x0000000713400000|  0%| F|  |TAMS 0x0000000713200000| PB 0x0000000713200000| Untracked 
| 154|0x0000000713400000, 0x0000000713400000, 0x0000000713600000|  0%| F|  |TAMS 0x0000000713400000| PB 0x0000000713400000| Untracked 
| 155|0x0000000713600000, 0x0000000713600000, 0x0000000713800000|  0%| F|  |TAMS 0x0000000713600000| PB 0x0000000713600000| Untracked 
| 156|0x0000000713800000, 0x0000000713800000, 0x0000000713a00000|  0%| F|  |TAMS 0x0000000713800000| PB 0x0000000713800000| Untracked 
| 157|0x0000000713a00000, 0x0000000713a00000, 0x0000000713c00000|  0%| F|  |TAMS 0x0000000713a00000| PB 0x0000000713a00000| Untracked 
| 158|0x0000000713c00000, 0x0000000713c00000, 0x0000000713e00000|  0%| F|  |TAMS 0x0000000713c00000| PB 0x0000000713c00000| Untracked 
| 159|0x0000000713e00000, 0x0000000713e00000, 0x0000000714000000|  0%| F|  |TAMS 0x0000000713e00000| PB 0x0000000713e00000| Untracked 
| 160|0x0000000714000000, 0x0000000714000000, 0x0000000714200000|  0%| F|  |TAMS 0x0000000714000000| PB 0x0000000714000000| Untracked 
| 161|0x0000000714200000, 0x0000000714200000, 0x0000000714400000|  0%| F|  |TAMS 0x0000000714200000| PB 0x0000000714200000| Untracked 
| 162|0x0000000714400000, 0x0000000714400000, 0x0000000714600000|  0%| F|  |TAMS 0x0000000714400000| PB 0x0000000714400000| Untracked 
| 163|0x0000000714600000, 0x0000000714600000, 0x0000000714800000|  0%| F|  |TAMS 0x0000000714600000| PB 0x0000000714600000| Untracked 
| 164|0x0000000714800000, 0x0000000714800000, 0x0000000714a00000|  0%| F|  |TAMS 0x0000000714800000| PB 0x0000000714800000| Untracked 
| 165|0x0000000714a00000, 0x0000000714a00000, 0x0000000714c00000|  0%| F|  |TAMS 0x0000000714a00000| PB 0x0000000714a00000| Untracked 
| 166|0x0000000714c00000, 0x0000000714c00000, 0x0000000714e00000|  0%| F|  |TAMS 0x0000000714c00000| PB 0x0000000714c00000| Untracked 
| 167|0x0000000714e00000, 0x0000000714e00000, 0x0000000715000000|  0%| F|  |TAMS 0x0000000714e00000| PB 0x0000000714e00000| Untracked 
| 168|0x0000000715000000, 0x0000000715000000, 0x0000000715200000|  0%| F|  |TAMS 0x0000000715000000| PB 0x0000000715000000| Untracked 
| 169|0x0000000715200000, 0x0000000715200000, 0x0000000715400000|  0%| F|  |TAMS 0x0000000715200000| PB 0x0000000715200000| Untracked 
| 170|0x0000000715400000, 0x0000000715400000, 0x0000000715600000|  0%| F|  |TAMS 0x0000000715400000| PB 0x0000000715400000| Untracked 
| 171|0x0000000715600000, 0x0000000715600000, 0x0000000715800000|  0%| F|  |TAMS 0x0000000715600000| PB 0x0000000715600000| Untracked 
| 172|0x0000000715800000, 0x0000000715800000, 0x0000000715a00000|  0%| F|  |TAMS 0x0000000715800000| PB 0x0000000715800000| Untracked 
| 173|0x0000000715a00000, 0x0000000715a00000, 0x0000000715c00000|  0%| F|  |TAMS 0x0000000715a00000| PB 0x0000000715a00000| Untracked 
| 174|0x0000000715c00000, 0x0000000715c00000, 0x0000000715e00000|  0%| F|  |TAMS 0x0000000715c00000| PB 0x0000000715c00000| Untracked 
| 175|0x0000000715e00000, 0x0000000715e00000, 0x0000000716000000|  0%| F|  |TAMS 0x0000000715e00000| PB 0x0000000715e00000| Untracked 
| 176|0x0000000716000000, 0x0000000716000000, 0x0000000716200000|  0%| F|  |TAMS 0x0000000716000000| PB 0x0000000716000000| Untracked 
| 177|0x0000000716200000, 0x0000000716200000, 0x0000000716400000|  0%| F|  |TAMS 0x0000000716200000| PB 0x0000000716200000| Untracked 
| 178|0x0000000716400000, 0x0000000716400000, 0x0000000716600000|  0%| F|  |TAMS 0x0000000716400000| PB 0x0000000716400000| Untracked 
| 179|0x0000000716600000, 0x0000000716600000, 0x0000000716800000|  0%| F|  |TAMS 0x0000000716600000| PB 0x0000000716600000| Untracked 
| 180|0x0000000716800000, 0x0000000716800000, 0x0000000716a00000|  0%| F|  |TAMS 0x0000000716800000| PB 0x0000000716800000| Untracked 
| 181|0x0000000716a00000, 0x0000000716a00000, 0x0000000716c00000|  0%| F|  |TAMS 0x0000000716a00000| PB 0x0000000716a00000| Untracked 
| 182|0x0000000716c00000, 0x0000000716c00000, 0x0000000716e00000|  0%| F|  |TAMS 0x0000000716c00000| PB 0x0000000716c00000| Untracked 
| 183|0x0000000716e00000, 0x0000000716e00000, 0x0000000717000000|  0%| F|  |TAMS 0x0000000716e00000| PB 0x0000000716e00000| Untracked 
| 184|0x0000000717000000, 0x0000000717000000, 0x0000000717200000|  0%| F|  |TAMS 0x0000000717000000| PB 0x0000000717000000| Untracked 
| 185|0x0000000717200000, 0x0000000717200000, 0x0000000717400000|  0%| F|  |TAMS 0x0000000717200000| PB 0x0000000717200000| Untracked 
| 186|0x0000000717400000, 0x0000000717400000, 0x0000000717600000|  0%| F|  |TAMS 0x0000000717400000| PB 0x0000000717400000| Untracked 
| 187|0x0000000717600000, 0x0000000717600000, 0x0000000717800000|  0%| F|  |TAMS 0x0000000717600000| PB 0x0000000717600000| Untracked 
| 188|0x0000000717800000, 0x0000000717800000, 0x0000000717a00000|  0%| F|  |TAMS 0x0000000717800000| PB 0x0000000717800000| Untracked 
| 189|0x0000000717a00000, 0x0000000717a00000, 0x0000000717c00000|  0%| F|  |TAMS 0x0000000717a00000| PB 0x0000000717a00000| Untracked 
| 190|0x0000000717c00000, 0x0000000717c00000, 0x0000000717e00000|  0%| F|  |TAMS 0x0000000717c00000| PB 0x0000000717c00000| Untracked 
| 191|0x0000000717e00000, 0x0000000717e00000, 0x0000000718000000|  0%| F|  |TAMS 0x0000000717e00000| PB 0x0000000717e00000| Untracked 
| 192|0x0000000718000000, 0x0000000718000000, 0x0000000718200000|  0%| F|  |TAMS 0x0000000718000000| PB 0x0000000718000000| Untracked 
| 193|0x0000000718200000, 0x0000000718200000, 0x0000000718400000|  0%| F|  |TAMS 0x0000000718200000| PB 0x0000000718200000| Untracked 
| 194|0x0000000718400000, 0x0000000718400000, 0x0000000718600000|  0%| F|  |TAMS 0x0000000718400000| PB 0x0000000718400000| Untracked 
| 195|0x0000000718600000, 0x0000000718600000, 0x0000000718800000|  0%| F|  |TAMS 0x0000000718600000| PB 0x0000000718600000| Untracked 
| 196|0x0000000718800000, 0x0000000718800000, 0x0000000718a00000|  0%| F|  |TAMS 0x0000000718800000| PB 0x0000000718800000| Untracked 
| 197|0x0000000718a00000, 0x0000000718a00000, 0x0000000718c00000|  0%| F|  |TAMS 0x0000000718a00000| PB 0x0000000718a00000| Untracked 
| 198|0x0000000718c00000, 0x0000000718c00000, 0x0000000718e00000|  0%| F|  |TAMS 0x0000000718c00000| PB 0x0000000718c00000| Untracked 
| 199|0x0000000718e00000, 0x0000000718e00000, 0x0000000719000000|  0%| F|  |TAMS 0x0000000718e00000| PB 0x0000000718e00000| Untracked 
| 200|0x0000000719000000, 0x0000000719000000, 0x0000000719200000|  0%| F|  |TAMS 0x0000000719000000| PB 0x0000000719000000| Untracked 
| 201|0x0000000719200000, 0x0000000719200000, 0x0000000719400000|  0%| F|  |TAMS 0x0000000719200000| PB 0x0000000719200000| Untracked 
| 202|0x0000000719400000, 0x0000000719400000, 0x0000000719600000|  0%| F|  |TAMS 0x0000000719400000| PB 0x0000000719400000| Untracked 
| 203|0x0000000719600000, 0x0000000719600000, 0x0000000719800000|  0%| F|  |TAMS 0x0000000719600000| PB 0x0000000719600000| Untracked 
| 204|0x0000000719800000, 0x0000000719800000, 0x0000000719a00000|  0%| F|  |TAMS 0x0000000719800000| PB 0x0000000719800000| Untracked 
| 205|0x0000000719a00000, 0x0000000719a00000, 0x0000000719c00000|  0%| F|  |TAMS 0x0000000719a00000| PB 0x0000000719a00000| Untracked 
| 206|0x0000000719c00000, 0x0000000719c00000, 0x0000000719e00000|  0%| F|  |TAMS 0x0000000719c00000| PB 0x0000000719c00000| Untracked 
| 207|0x0000000719e00000, 0x0000000719e00000, 0x000000071a000000|  0%| F|  |TAMS 0x0000000719e00000| PB 0x0000000719e00000| Untracked 
| 208|0x000000071a000000, 0x000000071a000000, 0x000000071a200000|  0%| F|  |TAMS 0x000000071a000000| PB 0x000000071a000000| Untracked 
| 209|0x000000071a200000, 0x000000071a200000, 0x000000071a400000|  0%| F|  |TAMS 0x000000071a200000| PB 0x000000071a200000| Untracked 
| 210|0x000000071a400000, 0x000000071a400000, 0x000000071a600000|  0%| F|  |TAMS 0x000000071a400000| PB 0x000000071a400000| Untracked 
| 211|0x000000071a600000, 0x000000071a600000, 0x000000071a800000|  0%| F|  |TAMS 0x000000071a600000| PB 0x000000071a600000| Untracked 
| 212|0x000000071a800000, 0x000000071a800000, 0x000000071aa00000|  0%| F|  |TAMS 0x000000071a800000| PB 0x000000071a800000| Untracked 
| 213|0x000000071aa00000, 0x000000071aa00000, 0x000000071ac00000|  0%| F|  |TAMS 0x000000071aa00000| PB 0x000000071aa00000| Untracked 
| 214|0x000000071ac00000, 0x000000071ac00000, 0x000000071ae00000|  0%| F|  |TAMS 0x000000071ac00000| PB 0x000000071ac00000| Untracked 
| 215|0x000000071ae00000, 0x000000071ae00000, 0x000000071b000000|  0%| F|  |TAMS 0x000000071ae00000| PB 0x000000071ae00000| Untracked 
| 216|0x000000071b000000, 0x000000071b000000, 0x000000071b200000|  0%| F|  |TAMS 0x000000071b000000| PB 0x000000071b000000| Untracked 
| 217|0x000000071b200000, 0x000000071b200000, 0x000000071b400000|  0%| F|  |TAMS 0x000000071b200000| PB 0x000000071b200000| Untracked 
| 218|0x000000071b400000, 0x000000071b400000, 0x000000071b600000|  0%| F|  |TAMS 0x000000071b400000| PB 0x000000071b400000| Untracked 
| 219|0x000000071b600000, 0x000000071b800000, 0x000000071b800000|100%| E|  |TAMS 0x000000071b600000| PB 0x000000071b600000| Complete 
| 220|0x000000071b800000, 0x000000071ba00000, 0x000000071ba00000|100%| E|CS|TAMS 0x000000071b800000| PB 0x000000071b800000| Complete 
| 221|0x000000071ba00000, 0x000000071bc00000, 0x000000071bc00000|100%| E|CS|TAMS 0x000000071ba00000| PB 0x000000071ba00000| Complete 
| 222|0x000000071bc00000, 0x000000071be00000, 0x000000071be00000|100%| E|CS|TAMS 0x000000071bc00000| PB 0x000000071bc00000| Complete 
| 223|0x000000071be00000, 0x000000071c000000, 0x000000071c000000|100%| E|CS|TAMS 0x000000071be00000| PB 0x000000071be00000| Complete 
| 224|0x000000071c000000, 0x000000071c200000, 0x000000071c200000|100%| E|CS|TAMS 0x000000071c000000| PB 0x000000071c000000| Complete 
| 225|0x000000071c200000, 0x000000071c400000, 0x000000071c400000|100%| E|CS|TAMS 0x000000071c200000| PB 0x000000071c200000| Complete 
| 226|0x000000071c400000, 0x000000071c600000, 0x000000071c600000|100%| E|CS|TAMS 0x000000071c400000| PB 0x000000071c400000| Complete 
| 227|0x000000071c600000, 0x000000071c800000, 0x000000071c800000|100%| E|CS|TAMS 0x000000071c600000| PB 0x000000071c600000| Complete 
| 228|0x000000071c800000, 0x000000071ca00000, 0x000000071ca00000|100%| E|CS|TAMS 0x000000071c800000| PB 0x000000071c800000| Complete 
| 229|0x000000071ca00000, 0x000000071cc00000, 0x000000071cc00000|100%| E|CS|TAMS 0x000000071ca00000| PB 0x000000071ca00000| Complete 
| 230|0x000000071cc00000, 0x000000071ce00000, 0x000000071ce00000|100%| E|CS|TAMS 0x000000071cc00000| PB 0x000000071cc00000| Complete 
| 231|0x000000071ce00000, 0x000000071d000000, 0x000000071d000000|100%| E|CS|TAMS 0x000000071ce00000| PB 0x000000071ce00000| Complete 
| 232|0x000000071d000000, 0x000000071d200000, 0x000000071d200000|100%| E|CS|TAMS 0x000000071d000000| PB 0x000000071d000000| Complete 
| 233|0x000000071d200000, 0x000000071d400000, 0x000000071d400000|100%| E|CS|TAMS 0x000000071d200000| PB 0x000000071d200000| Complete 
| 234|0x000000071d400000, 0x000000071d600000, 0x000000071d600000|100%| E|CS|TAMS 0x000000071d400000| PB 0x000000071d400000| Complete 
| 235|0x000000071d600000, 0x000000071d800000, 0x000000071d800000|100%| E|CS|TAMS 0x000000071d600000| PB 0x000000071d600000| Complete 
| 236|0x000000071d800000, 0x000000071da00000, 0x000000071da00000|100%| E|CS|TAMS 0x000000071d800000| PB 0x000000071d800000| Complete 
| 237|0x000000071da00000, 0x000000071dc00000, 0x000000071dc00000|100%| E|CS|TAMS 0x000000071da00000| PB 0x000000071da00000| Complete 
| 238|0x000000071dc00000, 0x000000071de00000, 0x000000071de00000|100%| E|CS|TAMS 0x000000071dc00000| PB 0x000000071dc00000| Complete 
| 239|0x000000071de00000, 0x000000071e000000, 0x000000071e000000|100%| E|CS|TAMS 0x000000071de00000| PB 0x000000071de00000| Complete 
| 240|0x000000071e000000, 0x000000071e200000, 0x000000071e200000|100%| E|CS|TAMS 0x000000071e000000| PB 0x000000071e000000| Complete 
| 241|0x000000071e200000, 0x000000071e400000, 0x000000071e400000|100%| E|CS|TAMS 0x000000071e200000| PB 0x000000071e200000| Complete 
| 242|0x000000071e400000, 0x000000071e600000, 0x000000071e600000|100%| E|CS|TAMS 0x000000071e400000| PB 0x000000071e400000| Complete 
| 243|0x000000071e600000, 0x000000071e800000, 0x000000071e800000|100%| E|CS|TAMS 0x000000071e600000| PB 0x000000071e600000| Complete 
| 244|0x000000071e800000, 0x000000071ea00000, 0x000000071ea00000|100%| E|CS|TAMS 0x000000071e800000| PB 0x000000071e800000| Complete 
| 245|0x000000071ea00000, 0x000000071ec00000, 0x000000071ec00000|100%| E|CS|TAMS 0x000000071ea00000| PB 0x000000071ea00000| Complete 
| 246|0x000000071ec00000, 0x000000071ee00000, 0x000000071ee00000|100%| E|CS|TAMS 0x000000071ec00000| PB 0x000000071ec00000| Complete 
| 247|0x000000071ee00000, 0x000000071f000000, 0x000000071f000000|100%| E|CS|TAMS 0x000000071ee00000| PB 0x000000071ee00000| Complete 
| 248|0x000000071f000000, 0x000000071f200000, 0x000000071f200000|100%| E|CS|TAMS 0x000000071f000000| PB 0x000000071f000000| Complete 
| 249|0x000000071f200000, 0x000000071f400000, 0x000000071f400000|100%| E|CS|TAMS 0x000000071f200000| PB 0x000000071f200000| Complete 
| 250|0x000000071f400000, 0x000000071f600000, 0x000000071f600000|100%| E|CS|TAMS 0x000000071f400000| PB 0x000000071f400000| Complete 
| 251|0x000000071f600000, 0x000000071f800000, 0x000000071f800000|100%| E|CS|TAMS 0x000000071f600000| PB 0x000000071f600000| Complete 
| 252|0x000000071f800000, 0x000000071fa00000, 0x000000071fa00000|100%| E|CS|TAMS 0x000000071f800000| PB 0x000000071f800000| Complete 
| 253|0x000000071fa00000, 0x000000071fc00000, 0x000000071fc00000|100%| E|CS|TAMS 0x000000071fa00000| PB 0x000000071fa00000| Complete 
| 254|0x000000071fc00000, 0x000000071fe00000, 0x000000071fe00000|100%| E|CS|TAMS 0x000000071fc00000| PB 0x000000071fc00000| Complete 
| 255|0x000000071fe00000, 0x0000000720000000, 0x0000000720000000|100%| E|CS|TAMS 0x000000071fe00000| PB 0x000000071fe00000| Complete 
| 256|0x0000000720000000, 0x0000000720200000, 0x0000000720200000|100%| E|CS|TAMS 0x0000000720000000| PB 0x0000000720000000| Complete 
| 257|0x0000000720200000, 0x0000000720400000, 0x0000000720400000|100%| E|CS|TAMS 0x0000000720200000| PB 0x0000000720200000| Complete 
| 258|0x0000000720400000, 0x0000000720600000, 0x0000000720600000|100%| E|CS|TAMS 0x0000000720400000| PB 0x0000000720400000| Complete 
| 259|0x0000000720600000, 0x0000000720800000, 0x0000000720800000|100%| E|CS|TAMS 0x0000000720600000| PB 0x0000000720600000| Complete 
| 260|0x0000000720800000, 0x0000000720a00000, 0x0000000720a00000|100%| E|CS|TAMS 0x0000000720800000| PB 0x0000000720800000| Complete 
| 261|0x0000000720a00000, 0x0000000720c00000, 0x0000000720c00000|100%| E|CS|TAMS 0x0000000720a00000| PB 0x0000000720a00000| Complete 
| 262|0x0000000720c00000, 0x0000000720e00000, 0x0000000720e00000|100%| E|CS|TAMS 0x0000000720c00000| PB 0x0000000720c00000| Complete 
| 263|0x0000000720e00000, 0x0000000721000000, 0x0000000721000000|100%| E|CS|TAMS 0x0000000720e00000| PB 0x0000000720e00000| Complete 
| 264|0x0000000721000000, 0x0000000721200000, 0x0000000721200000|100%| E|CS|TAMS 0x0000000721000000| PB 0x0000000721000000| Complete 
| 265|0x0000000721200000, 0x0000000721400000, 0x0000000721400000|100%| E|CS|TAMS 0x0000000721200000| PB 0x0000000721200000| Complete 
| 266|0x0000000721400000, 0x0000000721600000, 0x0000000721600000|100%| E|CS|TAMS 0x0000000721400000| PB 0x0000000721400000| Complete 
| 267|0x0000000721600000, 0x0000000721800000, 0x0000000721800000|100%| E|CS|TAMS 0x0000000721600000| PB 0x0000000721600000| Complete 
| 268|0x0000000721800000, 0x0000000721a00000, 0x0000000721a00000|100%| E|CS|TAMS 0x0000000721800000| PB 0x0000000721800000| Complete 
| 269|0x0000000721a00000, 0x0000000721c00000, 0x0000000721c00000|100%| E|CS|TAMS 0x0000000721a00000| PB 0x0000000721a00000| Complete 
| 270|0x0000000721c00000, 0x0000000721e00000, 0x0000000721e00000|100%| E|CS|TAMS 0x0000000721c00000| PB 0x0000000721c00000| Complete 
| 271|0x0000000721e00000, 0x0000000722000000, 0x0000000722000000|100%| E|CS|TAMS 0x0000000721e00000| PB 0x0000000721e00000| Complete 
| 272|0x0000000722000000, 0x0000000722200000, 0x0000000722200000|100%| E|CS|TAMS 0x0000000722000000| PB 0x0000000722000000| Complete 
| 273|0x0000000722200000, 0x0000000722400000, 0x0000000722400000|100%| E|CS|TAMS 0x0000000722200000| PB 0x0000000722200000| Complete 
| 274|0x0000000722400000, 0x0000000722600000, 0x0000000722600000|100%| E|CS|TAMS 0x0000000722400000| PB 0x0000000722400000| Complete 
| 275|0x0000000722600000, 0x0000000722800000, 0x0000000722800000|100%| E|CS|TAMS 0x0000000722600000| PB 0x0000000722600000| Complete 
| 276|0x0000000722800000, 0x0000000722a00000, 0x0000000722a00000|100%| E|CS|TAMS 0x0000000722800000| PB 0x0000000722800000| Complete 
| 277|0x0000000722a00000, 0x0000000722c00000, 0x0000000722c00000|100%| E|CS|TAMS 0x0000000722a00000| PB 0x0000000722a00000| Complete 
| 278|0x0000000722c00000, 0x0000000722e00000, 0x0000000722e00000|100%| E|CS|TAMS 0x0000000722c00000| PB 0x0000000722c00000| Complete 
|2032|0x00000007fe000000, 0x00000007fe200000, 0x00000007fe200000|100%| O|  |TAMS 0x00000007fe000000| PB 0x00000007fe000000| Untracked 
|2033|0x00000007fe200000, 0x00000007fe400000, 0x00000007fe400000|100%| E|CS|TAMS 0x00000007fe200000| PB 0x00000007fe200000| Complete 
|2034|0x00000007fe400000, 0x00000007fe600000, 0x00000007fe600000|100%| O|  |TAMS 0x00000007fe400000| PB 0x00000007fe400000| Untracked 
|2035|0x00000007fe600000, 0x00000007fe800000, 0x00000007fe800000|100%| E|CS|TAMS 0x00000007fe600000| PB 0x00000007fe600000| Complete 
|2036|0x00000007fe800000, 0x00000007fea00000, 0x00000007fea00000|100%| O|  |TAMS 0x00000007fe800000| PB 0x00000007fe800000| Untracked 
|2037|0x00000007fea00000, 0x00000007fec00000, 0x00000007fec00000|100%| O|  |TAMS 0x00000007fea00000| PB 0x00000007fea00000| Untracked 
|2038|0x00000007fec00000, 0x00000007fee00000, 0x00000007fee00000|100%| E|CS|TAMS 0x00000007fec00000| PB 0x00000007fec00000| Complete 
|2039|0x00000007fee00000, 0x00000007ff000000, 0x00000007ff000000|100%| O|  |TAMS 0x00000007fee00000| PB 0x00000007fee00000| Untracked 
|2040|0x00000007ff000000, 0x00000007ff200000, 0x00000007ff200000|100%| E|CS|TAMS 0x00000007ff000000| PB 0x00000007ff000000| Complete 
|2041|0x00000007ff200000, 0x00000007ff400000, 0x00000007ff400000|100%| E|CS|TAMS 0x00000007ff200000| PB 0x00000007ff200000| Complete 
|2042|0x00000007ff400000, 0x00000007ff600000, 0x00000007ff600000|100%| O|  |TAMS 0x00000007ff400000| PB 0x00000007ff400000| Untracked 
|2043|0x00000007ff600000, 0x00000007ff800000, 0x00000007ff800000|100%| E|CS|TAMS 0x00000007ff600000| PB 0x00000007ff600000| Complete 
|2044|0x00000007ff800000, 0x00000007ffa00000, 0x00000007ffa00000|100%| O|  |TAMS 0x00000007ff800000| PB 0x00000007ff800000| Untracked 
|2045|0x00000007ffa00000, 0x00000007ffc00000, 0x00000007ffc00000|100%| O|  |TAMS 0x00000007ffa00000| PB 0x00000007ffa00000| Untracked 
|2046|0x00000007ffc00000, 0x00000007ffe00000, 0x00000007ffe00000|100%| O|  |TAMS 0x00000007ffc00000| PB 0x00000007ffc00000| Untracked 
|2047|0x00000007ffe00000, 0x0000000800000000, 0x0000000800000000|100%| O|  |TAMS 0x00000007ffe00000| PB 0x00000007ffe00000| Untracked 

Card table byte_map: [0x000002041b4b0000,0x000002041bcb0000] _byte_map_base: 0x0000020417cb0000

Marking Bits: (CMBitMap*) 0x0000020408327d70
 Bits: [0x000002041bcb0000, 0x000002041fcb0000)

Polling page: 0x0000020406090000

Metaspace:

Usage:
  Non-class:    139.65 MB used.
      Class:     23.17 MB used.
       Both:    162.82 MB used.

Virtual space:
  Non-class space:      192.00 MB reserved,     140.88 MB ( 73%) committed,  3 nodes.
      Class space:      832.00 MB reserved,      24.31 MB (  3%) committed,  1 nodes.
             Both:        1.00 GB reserved,     165.19 MB ( 16%) committed. 

Chunk freelists:
   Non-Class:  3.03 MB
       Class:  7.58 MB
        Both:  10.61 MB

MaxMetaspaceSize: 1.00 GB
CompressedClassSpaceSize: 832.00 MB
Initial GC threshold: 21.00 MB
Current GC threshold: 275.31 MB
CDS: off
 - commit_granule_bytes: 65536.
 - commit_granule_words: 8192.
 - virtual_space_node_default_size: 8388608.
 - enlarge_chunks_in_place: 1.
 - use_allocation_guard: 0.


Internal statistics:

num_allocs_failed_limit: 9.
num_arena_births: 4776.
num_arena_deaths: 118.
num_vsnodes_births: 4.
num_vsnodes_deaths: 0.
num_space_committed: 2644.
num_space_uncommitted: 1.
num_chunks_returned_to_freelist: 198.
num_chunks_taken_from_freelist: 11894.
num_chunk_merges: 85.
num_chunk_splits: 7912.
num_chunks_enlarged: 5179.
num_inconsistent_stats: 0.

CodeHeap 'non-profiled nmethods': size=119168Kb used=14627Kb max_used=15663Kb free=104540Kb
 bounds [0x0000020412fc0000, 0x0000020413f10000, 0x000002041a420000]
CodeHeap 'profiled nmethods': size=119104Kb used=42926Kb max_used=48156Kb free=76178Kb
 bounds [0x000002040b420000, 0x000002040e330000, 0x0000020412870000]
CodeHeap 'non-nmethods': size=7488Kb used=2814Kb max_used=4607Kb free=4673Kb
 bounds [0x0000020412870000, 0x0000020412d00000, 0x0000020412fc0000]
CodeCache: size=245760Kb, used=60367Kb, max_used=68426Kb, free=185391Kb
 total_blobs=20913, nmethods=19833, adapters=981, full_count=0
Compilation: enabled, stopped_count=0, restarted_count=0

Compilation events (20 events):
Event: 19.253 Thread 0x0000020428997d40 26964       4       com.android.tools.r8.internal.w31::y (491 bytes)
Event: 19.280 Thread 0x0000020437714230 26971       3       com.android.tools.r8.internal.l32$$Lambda/0x00000008017aba88::test (12 bytes)
Event: 19.281 Thread 0x0000020437714230 nmethod 26971 0x000002040e324390 code [0x000002040e324560, 0x000002040e324838]
Event: 19.288 Thread 0x0000020428997d40 nmethod 26964 0x0000020413f08410 code [0x0000020413f086a0, 0x0000020413f099d0]
Event: 19.288 Thread 0x0000020428997d40 26969       4       com.android.tools.r8.internal.vf1::remove (143 bytes)
Event: 19.291 Thread 0x0000020437714230 26974       2       java.util.TreeSet::addAll (82 bytes)
Event: 19.291 Thread 0x0000020437714230 nmethod 26974 0x000002040e324990 code [0x000002040e324ba0, 0x000002040e324fe0]
Event: 19.298 Thread 0x0000020428997d40 nmethod 26969 0x0000020413f0ad90 code [0x0000020413f0afa0, 0x0000020413f0b868]
Event: 19.299 Thread 0x0000020428997d40 26975       4       com.android.tools.r8.internal.l32::a (330 bytes)
Event: 19.302 Thread 0x00000204270db680 26976       3       com.android.tools.r8.internal.r31::c (124 bytes)
Event: 19.303 Thread 0x00000204270db680 nmethod 26976 0x000002040e325190 code [0x000002040e3253c0, 0x000002040e325878]
Event: 19.304 Thread 0x00000204270db680 26977       3       com.android.tools.r8.internal.r5::a (33 bytes)
Event: 19.304 Thread 0x00000204270db680 nmethod 26977 0x000002040e325b90 code [0x000002040e325dc0, 0x000002040e3267f0]
Event: 19.326 Thread 0x00000204270db680 26978       2       com.android.tools.r8.internal.uz3::<init> (10 bytes)
Event: 19.327 Thread 0x0000020437713490 26979       2       com.android.tools.r8.internal.tz3::a (2 bytes)
Event: 19.327 Thread 0x00000204270db680 nmethod 26978 0x000002040e326b90 code [0x000002040e326d20, 0x000002040e326e78]
Event: 19.327 Thread 0x0000020437713490 nmethod 26979 0x000002040e326f10 code [0x000002040e3270a0, 0x000002040e3271a8]
Event: 19.351 Thread 0x0000020428997d40 nmethod 26975 0x0000020413de7510 code [0x0000020413de7a20, 0x0000020413de9918]
Event: 19.351 Thread 0x0000020428997d40 26920       4       com.android.tools.r8.internal.rd4::a (616 bytes)
Event: 19.389 Thread 0x0000020437713b60 26982       2       com.android.tools.r8.internal.wh2::<init> (12 bytes)

GC Heap History (20 events):
Event: 15.489 GC heap before
{Heap before GC invocations=48 (full 0):
 garbage-first heap   total 321536K, used 276979K [0x0000000700000000, 0x0000000800000000)
  region size 2048K, 50 young (102400K), 7 survivors (14336K)
 Metaspace       used 147100K, committed 149504K, reserved 983040K
  class space    used 20367K, committed 21568K, reserved 851968K
}
Event: 15.498 GC heap after
{Heap after GC invocations=49 (full 0):
 garbage-first heap   total 321536K, used 197852K [0x0000000700000000, 0x0000000800000000)
  region size 2048K, 6 young (12288K), 6 survivors (12288K)
 Metaspace       used 147100K, committed 149504K, reserved 983040K
  class space    used 20367K, committed 21568K, reserved 851968K
}
Event: 15.941 GC heap before
{Heap before GC invocations=49 (full 0):
 garbage-first heap   total 321536K, used 285916K [0x0000000700000000, 0x0000000800000000)
  region size 2048K, 50 young (102400K), 6 survivors (12288K)
 Metaspace       used 155238K, committed 157696K, reserved 1048576K
  class space    used 22025K, committed 23232K, reserved 851968K
}
Event: 15.952 GC heap after
{Heap after GC invocations=50 (full 0):
 garbage-first heap   total 387072K, used 204674K [0x0000000700000000, 0x0000000800000000)
  region size 2048K, 5 young (10240K), 5 survivors (10240K)
 Metaspace       used 155238K, committed 157696K, reserved 1048576K
  class space    used 22025K, committed 23232K, reserved 851968K
}
Event: 16.436 GC heap before
{Heap before GC invocations=50 (full 0):
 garbage-first heap   total 387072K, used 341890K [0x0000000700000000, 0x0000000800000000)
  region size 2048K, 73 young (149504K), 5 survivors (10240K)
 Metaspace       used 162017K, committed 164416K, reserved 1048576K
  class space    used 23066K, committed 24256K, reserved 851968K
}
Event: 16.451 GC heap after
{Heap after GC invocations=51 (full 0):
 garbage-first heap   total 387072K, used 219633K [0x0000000700000000, 0x0000000800000000)
  region size 2048K, 10 young (20480K), 10 survivors (20480K)
 Metaspace       used 162017K, committed 164416K, reserved 1048576K
  class space    used 23066K, committed 24256K, reserved 851968K
}
Event: 16.721 GC heap before
{Heap before GC invocations=51 (full 0):
 garbage-first heap   total 387072K, used 346609K [0x0000000700000000, 0x0000000800000000)
  region size 2048K, 72 young (147456K), 10 survivors (20480K)
 Metaspace       used 164072K, committed 166592K, reserved 1048576K
  class space    used 23357K, committed 24576K, reserved 851968K
}
Event: 16.734 GC heap after
{Heap after GC invocations=52 (full 0):
 garbage-first heap   total 387072K, used 225427K [0x0000000700000000, 0x0000000800000000)
  region size 2048K, 3 young (6144K), 3 survivors (6144K)
 Metaspace       used 164072K, committed 166592K, reserved 1048576K
  class space    used 23357K, committed 24576K, reserved 851968K
}
Event: 16.906 GC heap before
{Heap before GC invocations=52 (full 0):
 garbage-first heap   total 387072K, used 350355K [0x0000000700000000, 0x0000000800000000)
  region size 2048K, 65 young (133120K), 3 survivors (6144K)
 Metaspace       used 165159K, committed 167616K, reserved 1048576K
  class space    used 23532K, committed 24768K, reserved 851968K
}
Event: 16.913 GC heap after
{Heap after GC invocations=53 (full 0):
 garbage-first heap   total 387072K, used 228154K [0x0000000700000000, 0x0000000800000000)
  region size 2048K, 5 young (10240K), 5 survivors (10240K)
 Metaspace       used 165159K, committed 167616K, reserved 1048576K
  class space    used 23532K, committed 24768K, reserved 851968K
}
Event: 17.157 GC heap before
{Heap before GC invocations=53 (full 0):
 garbage-first heap   total 387072K, used 348986K [0x0000000700000000, 0x0000000800000000)
  region size 2048K, 66 young (135168K), 5 survivors (10240K)
 Metaspace       used 165343K, committed 167872K, reserved 1048576K
  class space    used 23548K, committed 24768K, reserved 851968K
}
Event: 17.165 GC heap after
{Heap after GC invocations=54 (full 0):
 garbage-first heap   total 604160K, used 221794K [0x0000000700000000, 0x0000000800000000)
  region size 2048K, 3 young (6144K), 3 survivors (6144K)
 Metaspace       used 165343K, committed 167872K, reserved 1048576K
  class space    used 23548K, committed 24768K, reserved 851968K
}
Event: 17.522 GC heap before
{Heap before GC invocations=55 (full 0):
 garbage-first heap   total 604160K, used 512610K [0x0000000700000000, 0x0000000800000000)
  region size 2048K, 146 young (299008K), 3 survivors (6144K)
 Metaspace       used 165849K, committed 168192K, reserved 1048576K
  class space    used 23672K, committed 24832K, reserved 851968K
}
Event: 17.528 GC heap after
{Heap after GC invocations=56 (full 0):
 garbage-first heap   total 604160K, used 223796K [0x0000000700000000, 0x0000000800000000)
  region size 2048K, 4 young (8192K), 4 survivors (8192K)
 Metaspace       used 165849K, committed 168192K, reserved 1048576K
  class space    used 23672K, committed 24832K, reserved 851968K
}
Event: 18.010 GC heap before
{Heap before GC invocations=56 (full 0):
 garbage-first heap   total 604160K, used 565812K [0x0000000700000000, 0x0000000800000000)
  region size 2048K, 172 young (352256K), 4 survivors (8192K)
 Metaspace       used 166345K, committed 168704K, reserved 1048576K
  class space    used 23725K, committed 24896K, reserved 851968K
}
Event: 18.019 GC heap after
{Heap after GC invocations=57 (full 0):
 garbage-first heap   total 604160K, used 225411K [0x0000000700000000, 0x0000000800000000)
  region size 2048K, 5 young (10240K), 5 survivors (10240K)
 Metaspace       used 166345K, committed 168704K, reserved 1048576K
  class space    used 23725K, committed 24896K, reserved 851968K
}
Event: 18.535 GC heap before
{Heap before GC invocations=57 (full 0):
 garbage-first heap   total 604160K, used 567427K [0x0000000700000000, 0x0000000800000000)
  region size 2048K, 173 young (354304K), 5 survivors (10240K)
 Metaspace       used 166622K, committed 168960K, reserved 1048576K
  class space    used 23728K, committed 24896K, reserved 851968K
}
Event: 18.543 GC heap after
{Heap after GC invocations=58 (full 0):
 garbage-first heap   total 604160K, used 227801K [0x0000000700000000, 0x0000000800000000)
  region size 2048K, 7 young (14336K), 7 survivors (14336K)
 Metaspace       used 166622K, committed 168960K, reserved 1048576K
  class space    used 23728K, committed 24896K, reserved 851968K
}
Event: 19.196 GC heap before
{Heap before GC invocations=58 (full 0):
 garbage-first heap   total 604160K, used 567769K [0x0000000700000000, 0x0000000800000000)
  region size 2048K, 174 young (356352K), 7 survivors (14336K)
 Metaspace       used 166722K, committed 169152K, reserved 1048576K
  class space    used 23728K, committed 24896K, reserved 851968K
}
Event: 19.201 GC heap after
{Heap after GC invocations=59 (full 0):
 garbage-first heap   total 604160K, used 223144K [0x0000000700000000, 0x0000000800000000)
  region size 2048K, 5 young (10240K), 5 survivors (10240K)
 Metaspace       used 166722K, committed 169152K, reserved 1048576K
  class space    used 23728K, committed 24896K, reserved 851968K
}

Dll operation events (3 events):
Event: 0.004 Loaded shared library C:\Program Files\Android\Android Studio\jbr\bin\java.dll
Event: 0.007 Loaded shared library C:\Program Files\Android\Android Studio\jbr\bin\zip.dll
Event: 0.287 Loaded shared library C:\Program Files\Android\Android Studio\jbr\bin\verify.dll

Deoptimization events (20 events):
Event: 19.182 Thread 0x000002042e1db640 DEOPT PACKING pc=0x000002040daf5bfc sp=0x000000e837efbb60
Event: 19.182 Thread 0x000002042e1db640 DEOPT UNPACKING pc=0x00000204128c4bc2 sp=0x000000e837efb250 mode 0
Event: 19.191 Thread 0x000002042e1db640 DEOPT PACKING pc=0x000002040daf5bfc sp=0x000000e837efb870
Event: 19.191 Thread 0x000002042e1db640 DEOPT UNPACKING pc=0x00000204128c4bc2 sp=0x000000e837efaf60 mode 0
Event: 19.206 Thread 0x00000204358599d0 DEOPT PACKING pc=0x000002040daf5bfc sp=0x000000e836dfba70
Event: 19.206 Thread 0x00000204358599d0 DEOPT UNPACKING pc=0x00000204128c4bc2 sp=0x000000e836dfb160 mode 0
Event: 19.238 Thread 0x000002042e1db640 DEOPT PACKING pc=0x000002040daf5bfc sp=0x000000e837efb870
Event: 19.238 Thread 0x000002042e1db640 DEOPT UNPACKING pc=0x00000204128c4bc2 sp=0x000000e837efaf60 mode 0
Event: 19.260 Thread 0x000002042e1db640 DEOPT PACKING pc=0x000002040daf5316 sp=0x000000e837efb870
Event: 19.260 Thread 0x000002042e1db640 DEOPT UNPACKING pc=0x00000204128c4bc2 sp=0x000000e837efaf68 mode 0
Event: 19.264 Thread 0x00000204358599d0 DEOPT PACKING pc=0x000002040dffc7be sp=0x000000e836dfc7c0
Event: 19.264 Thread 0x00000204358599d0 DEOPT UNPACKING pc=0x00000204128c4bc2 sp=0x000000e836dfbe70 mode 0
Event: 19.286 Thread 0x00000204358599d0 DEOPT PACKING pc=0x000002040daf5bfc sp=0x000000e836dfb900
Event: 19.287 Thread 0x00000204358599d0 DEOPT UNPACKING pc=0x00000204128c4bc2 sp=0x000000e836dfaff0 mode 0
Event: 19.298 Thread 0x000002042e1db640 DEOPT PACKING pc=0x000002040daf5bfc sp=0x000000e837efb870
Event: 19.298 Thread 0x000002042e1db640 DEOPT UNPACKING pc=0x00000204128c4bc2 sp=0x000000e837efaf60 mode 0
Event: 19.321 Thread 0x000002042e1db640 DEOPT PACKING pc=0x000002040daf5bfc sp=0x000000e837efbb60
Event: 19.321 Thread 0x000002042e1db640 DEOPT UNPACKING pc=0x00000204128c4bc2 sp=0x000000e837efb250 mode 0
Event: 19.371 Thread 0x000002042e1db640 DEOPT PACKING pc=0x000002040daf5bfc sp=0x000000e837efb870
Event: 19.371 Thread 0x000002042e1db640 DEOPT UNPACKING pc=0x00000204128c4bc2 sp=0x000000e837efaf60 mode 0

Classes loaded (20 events):
Event: 16.240 Loading class java/util/stream/SliceOps$1$1
Event: 16.241 Loading class java/util/stream/SliceOps$1$1 done
Event: 16.413 Loading class java/util/concurrent/ConcurrentHashMap$TreeNode
Event: 16.413 Loading class java/util/concurrent/ConcurrentHashMap$TreeNode done
Event: 16.413 Loading class java/util/concurrent/ConcurrentHashMap$TreeBin
Event: 16.414 Loading class java/util/concurrent/ConcurrentHashMap$TreeBin done
Event: 16.851 Loading class java/nio/ShortBuffer
Event: 16.852 Loading class java/nio/ShortBuffer done
Event: 16.886 Loading class java/nio/ByteBufferAsShortBufferL
Event: 16.889 Loading class java/nio/ByteBufferAsShortBufferL done
Event: 16.958 Loading class java/util/zip/Adler32
Event: 16.959 Loading class java/util/zip/Adler32 done
Event: 16.982 Loading class java/util/zip/Deflater
Event: 16.986 Loading class java/util/zip/Deflater done
Event: 16.988 Loading class java/util/zip/Deflater$DeflaterZStreamRef
Event: 16.988 Loading class java/util/zip/Deflater$DeflaterZStreamRef done
Event: 16.995 Loading class java/util/zip/ZipOutputStream$XEntry
Event: 16.996 Loading class java/util/zip/ZipOutputStream$XEntry done
Event: 17.013 Loading class java/util/Vector$Itr
Event: 17.014 Loading class java/util/Vector$Itr done

Classes unloaded (20 events):
Event: 17.097 Thread 0x000002042704de10 Unloading class 0x0000000801621000 'java/lang/invoke/LambdaForm$DMH+0x0000000801621000'
Event: 17.097 Thread 0x000002042704de10 Unloading class 0x000000080159bc00 'java/lang/invoke/LambdaForm$DMH+0x000000080159bc00'
Event: 17.097 Thread 0x000002042704de10 Unloading class 0x000000080159b800 'java/lang/invoke/LambdaForm$DMH+0x000000080159b800'
Event: 17.097 Thread 0x000002042704de10 Unloading class 0x000000080159b000 'java/lang/invoke/LambdaForm$DMH+0x000000080159b000'
Event: 17.097 Thread 0x000002042704de10 Unloading class 0x000000080159b400 'java/lang/invoke/LambdaForm$DMH+0x000000080159b400'
Event: 17.097 Thread 0x000002042704de10 Unloading class 0x000000080159a400 'java/lang/invoke/LambdaForm$DMH+0x000000080159a400'
Event: 17.097 Thread 0x000002042704de10 Unloading class 0x000000080159a800 'java/lang/invoke/LambdaForm$DMH+0x000000080159a800'
Event: 17.097 Thread 0x000002042704de10 Unloading class 0x0000000801598800 'java/lang/invoke/LambdaForm$DMH+0x0000000801598800'
Event: 17.097 Thread 0x000002042704de10 Unloading class 0x0000000801599000 'java/lang/invoke/LambdaForm$DMH+0x0000000801599000'
Event: 17.097 Thread 0x000002042704de10 Unloading class 0x0000000801599c00 'java/lang/invoke/LambdaForm$DMH+0x0000000801599c00'
Event: 17.097 Thread 0x000002042704de10 Unloading class 0x0000000801599800 'java/lang/invoke/LambdaForm$DMH+0x0000000801599800'
Event: 17.097 Thread 0x000002042704de10 Unloading class 0x0000000801599400 'java/lang/invoke/LambdaForm$DMH+0x0000000801599400'
Event: 17.097 Thread 0x000002042704de10 Unloading class 0x0000000801598400 'java/lang/invoke/LambdaForm$DMH+0x0000000801598400'
Event: 17.097 Thread 0x000002042704de10 Unloading class 0x000000080159ac00 'java/lang/invoke/LambdaForm$DMH+0x000000080159ac00'
Event: 17.097 Thread 0x000002042704de10 Unloading class 0x000000080159a000 'java/lang/invoke/LambdaForm$DMH+0x000000080159a000'
Event: 17.097 Thread 0x000002042704de10 Unloading class 0x0000000801598000 'java/lang/invoke/LambdaForm$DMH+0x0000000801598000'
Event: 17.097 Thread 0x000002042704de10 Unloading class 0x00000008014f8c00 'java/lang/invoke/LambdaForm$DMH+0x00000008014f8c00'
Event: 17.097 Thread 0x000002042704de10 Unloading class 0x00000008014f9000 'java/lang/invoke/LambdaForm$DMH+0x00000008014f9000'
Event: 17.097 Thread 0x000002042704de10 Unloading class 0x00000008014f8400 'java/lang/invoke/LambdaForm$DMH+0x00000008014f8400'
Event: 17.097 Thread 0x000002042704de10 Unloading class 0x00000008014f8800 'java/lang/invoke/LambdaForm$DMH+0x00000008014f8800'

Classes redefined (0 events):
No events

Internal exceptions (20 events):
Event: 19.099 Thread 0x000002043585db70 Exception <a 'sun/nio/fs/WindowsException'{0x0000000711fefba8}> (0x0000000711fefba8) 
thrown [s\src\hotspot\share\prims\jni.cpp, line 537]
Event: 19.101 Thread 0x000002043585db70 Exception <a 'sun/nio/fs/WindowsException'{0x0000000711ff8380}> (0x0000000711ff8380) 
thrown [s\src\hotspot\share\prims\jni.cpp, line 537]
Event: 19.103 Thread 0x000002043585db70 Exception <a 'sun/nio/fs/WindowsException'{0x0000000711ffef98}> (0x0000000711ffef98) 
thrown [s\src\hotspot\share\prims\jni.cpp, line 537]
Event: 19.106 Thread 0x000002043585db70 Exception <a 'sun/nio/fs/WindowsException'{0x000000071196cb38}> (0x000000071196cb38) 
thrown [s\src\hotspot\share\prims\jni.cpp, line 537]
Event: 19.108 Thread 0x000002043585db70 Exception <a 'sun/nio/fs/WindowsException'{0x00000007119b3fc8}> (0x00000007119b3fc8) 
thrown [s\src\hotspot\share\prims\jni.cpp, line 537]
Event: 19.110 Thread 0x000002043585db70 Exception <a 'sun/nio/fs/WindowsException'{0x00000007119f9e58}> (0x00000007119f9e58) 
thrown [s\src\hotspot\share\prims\jni.cpp, line 537]
Event: 19.112 Thread 0x000002043585db70 Exception <a 'sun/nio/fs/WindowsException'{0x00000007115ec7e0}> (0x00000007115ec7e0) 
thrown [s\src\hotspot\share\prims\jni.cpp, line 537]
Event: 19.114 Thread 0x000002043585db70 Exception <a 'sun/nio/fs/WindowsException'{0x00000007115f6cf0}> (0x00000007115f6cf0) 
thrown [s\src\hotspot\share\prims\jni.cpp, line 537]
Event: 19.117 Thread 0x000002043585db70 Exception <a 'sun/nio/fs/WindowsException'{0x00000007113d0b08}> (0x00000007113d0b08) 
thrown [s\src\hotspot\share\prims\jni.cpp, line 537]
Event: 19.120 Thread 0x000002043585db70 Exception <a 'sun/nio/fs/WindowsException'{0x00000007113e0b78}> (0x00000007113e0b78) 
thrown [s\src\hotspot\share\prims\jni.cpp, line 537]
Event: 19.122 Thread 0x000002043585db70 Exception <a 'sun/nio/fs/WindowsException'{0x00000007113e7dd8}> (0x00000007113e7dd8) 
thrown [s\src\hotspot\share\prims\jni.cpp, line 537]
Event: 19.125 Thread 0x000002043585db70 Exception <a 'sun/nio/fs/WindowsException'{0x00000007113ef6e8}> (0x00000007113ef6e8) 
thrown [s\src\hotspot\share\prims\jni.cpp, line 537]
Event: 19.127 Thread 0x000002043585db70 Exception <a 'sun/nio/fs/WindowsException'{0x00000007113f6d28}> (0x00000007113f6d28) 
thrown [s\src\hotspot\share\prims\jni.cpp, line 537]
Event: 19.131 Thread 0x000002043585db70 Exception <a 'sun/nio/fs/WindowsException'{0x0000000710a25ae8}> (0x0000000710a25ae8) 
thrown [s\src\hotspot\share\prims\jni.cpp, line 537]
Event: 19.134 Thread 0x000002043585db70 Exception <a 'sun/nio/fs/WindowsException'{0x0000000710a80e20}> (0x0000000710a80e20) 
thrown [s\src\hotspot\share\prims\jni.cpp, line 537]
Event: 19.145 Thread 0x000002043585db70 Exception <a 'sun/nio/fs/WindowsException'{0x0000000710acaf90}> (0x0000000710acaf90) 
thrown [s\src\hotspot\share\prims\jni.cpp, line 537]
Event: 19.147 Thread 0x000002043585db70 Exception <a 'sun/nio/fs/WindowsException'{0x0000000710ad2c58}> (0x0000000710ad2c58) 
thrown [s\src\hotspot\share\prims\jni.cpp, line 537]
Event: 19.148 Thread 0x000002043585db70 Exception <a 'sun/nio/fs/WindowsException'{0x0000000710ada1f0}> (0x0000000710ada1f0) 
thrown [s\src\hotspot\share\prims\jni.cpp, line 537]
Event: 19.149 Thread 0x000002043585db70 Exception <a 'sun/nio/fs/WindowsException'{0x0000000710adb8f8}> (0x0000000710adb8f8) 
thrown [s\src\hotspot\share\prims\jni.cpp, line 537]
Event: 19.150 Thread 0x000002043585db70 Exception <a 'sun/nio/fs/WindowsException'{0x0000000710adc848}> (0x0000000710adc848) 
thrown [s\src\hotspot\share\prims\jni.cpp, line 537]

ZGC Phase Switch (0 events):
No events

VM Operations (20 events):
Event: 17.675 Executing VM operation: ICBufferFull done
Event: 17.692 Executing VM operation: HandshakeAllThreads (Deoptimize)
Event: 17.703 Executing VM operation: HandshakeAllThreads (Deoptimize) done
Event: 17.883 Executing VM operation: ICBufferFull
Event: 17.883 Executing VM operation: ICBufferFull done
Event: 18.009 Executing VM operation: G1CollectForAllocation (G1 Evacuation Pause)
Event: 18.019 Executing VM operation: G1CollectForAllocation (G1 Evacuation Pause) done
Event: 18.300 Executing VM operation: ICBufferFull
Event: 18.300 Executing VM operation: ICBufferFull done
Event: 18.535 Executing VM operation: G1CollectForAllocation (G1 Evacuation Pause)
Event: 18.543 Executing VM operation: G1CollectForAllocation (G1 Evacuation Pause) done
Event: 18.938 Executing VM operation: ICBufferFull
Event: 18.938 Executing VM operation: ICBufferFull done
Event: 19.049 Executing VM operation: ICBufferFull
Event: 19.049 Executing VM operation: ICBufferFull done
Event: 19.196 Executing VM operation: G1CollectForAllocation (G1 Evacuation Pause)
Event: 19.201 Executing VM operation: G1CollectForAllocation (G1 Evacuation Pause) done
Event: 19.336 Executing VM operation: G1PauseRemark
Event: 19.348 Executing VM operation: G1PauseRemark done
Event: 20.349 Executing VM operation: Cleanup

Memory protections (0 events):
No events

Nmethod flushes (20 events):
Event: 19.346 Thread 0x000002042704de10 flushing  nmethod 0x000002040d82c310
Event: 19.346 Thread 0x000002042704de10 flushing  nmethod 0x000002040dc16690
Event: 19.346 Thread 0x000002042704de10 flushing  nmethod 0x000002040dc1e410
Event: 19.346 Thread 0x000002042704de10 flushing  nmethod 0x000002040dc1eb90
Event: 19.346 Thread 0x000002042704de10 flushing  nmethod 0x000002040dc1f290
Event: 19.346 Thread 0x000002042704de10 flushing  nmethod 0x000002040dc1fa10
Event: 19.346 Thread 0x000002042704de10 flushing  nmethod 0x000002040dc20810
Event: 19.346 Thread 0x000002042704de10 flushing  nmethod 0x000002040dc48810
Event: 19.346 Thread 0x000002042704de10 flushing  nmethod 0x000002040dc48e90
Event: 19.346 Thread 0x000002042704de10 flushing  nmethod 0x000002040dc49a90
Event: 19.346 Thread 0x000002042704de10 flushing  nmethod 0x000002040dc4c610
Event: 19.346 Thread 0x000002042704de10 flushing  nmethod 0x000002040dc4f710
Event: 19.346 Thread 0x000002042704de10 flushing  nmethod 0x000002040dc9f790
Event: 19.346 Thread 0x000002042704de10 flushing  nmethod 0x000002040dca2010
Event: 19.346 Thread 0x000002042704de10 flushing  nmethod 0x000002040dca4890
Event: 19.346 Thread 0x000002042704de10 flushing  nmethod 0x000002040dd38810
Event: 19.346 Thread 0x000002042704de10 flushing  nmethod 0x000002040dd39210
Event: 19.346 Thread 0x000002042704de10 flushing  nmethod 0x000002040dd3af90
Event: 19.346 Thread 0x000002042704de10 flushing  nmethod 0x000002040dd68190
Event: 19.346 Thread 0x000002042704de10 flushing  nmethod 0x000002040ddf4690

Events (20 events):
Event: 14.452 Thread 0x0000020428fc97c0 Thread added: 0x000002043585ce50
Event: 14.859 Thread 0x0000020437714900 Thread exited: 0x0000020437714900
Event: 14.876 Thread 0x0000020437710bb0 Thread exited: 0x0000020437710bb0
Event: 14.908 Thread 0x0000020428fc97c0 Thread added: 0x0000020435853df0
Event: 14.908 Thread 0x0000020428fc97c0 Thread added: 0x00000204358599d0
Event: 14.909 Thread 0x0000020428fc97c0 Thread added: 0x000002043585db70
Event: 14.909 Thread 0x0000020428fc97c0 Thread added: 0x000002042e1db640
Event: 14.910 Thread 0x0000020428fc97c0 Thread added: 0x000002042e1dc360
Event: 14.910 Thread 0x0000020428fc97c0 Thread added: 0x000002042e1d9c00
Event: 14.911 Thread 0x0000020428fc97c0 Thread added: 0x000002042e1dbcd0
Event: 14.911 Thread 0x0000020428fc97c0 Thread added: 0x000002042e1d9570
Event: 14.918 Thread 0x0000020428fc97c0 Thread added: 0x000002042e1d8ee0
Event: 14.920 Thread 0x0000020428fc97c0 Thread added: 0x000002042e1dc9f0
Event: 14.920 Thread 0x0000020428fc97c0 Thread added: 0x000002042e1dd080
Event: 14.921 Thread 0x0000020428fc97c0 Thread added: 0x000002042e1da290
Event: 14.921 Thread 0x0000020428fc97c0 Thread added: 0x000002042e1dafb0
Event: 14.922 Thread 0x0000020428fc97c0 Thread added: 0x000002042e1e0500
Event: 15.484 Thread 0x0000020437713b60 Thread added: 0x0000020437716b10
Event: 15.488 Thread 0x00000204270d7710 Thread added: 0x0000020437714900
Event: 18.301 Thread 0x0000020437714230 Thread added: 0x0000020428997d40


Dynamic libraries:
0x00007ff75c330000 - 0x00007ff75c33a000 	C:\Program Files\Android\Android Studio\jbr\bin\java.exe
0x00007ff931a00000 - 0x00007ff931c67000 	C:\WINDOWS\SYSTEM32\ntdll.dll
0x00007ff930b30000 - 0x00007ff930bf9000 	C:\WINDOWS\System32\KERNEL32.DLL
0x00007ff92e4f0000 - 0x00007ff92e8e1000 	C:\WINDOWS\System32\KERNELBASE.dll
0x00007ff92ec40000 - 0x00007ff92ed8b000 	C:\WINDOWS\System32\ucrtbase.dll
0x00007ff8eb7c0000 - 0x00007ff8eb7d8000 	C:\Program Files\Android\Android Studio\jbr\bin\jli.dll
0x00007ff908740000 - 0x00007ff90875b000 	C:\Program Files\Android\Android Studio\jbr\bin\VCRUNTIME140.dll
0x00007ff931770000 - 0x00007ff931935000 	C:\WINDOWS\System32\USER32.dll
0x00007ff92ed90000 - 0x00007ff92edb7000 	C:\WINDOWS\System32\win32u.dll
0x00007ff917100000 - 0x00007ff917393000 	C:\WINDOWS\WinSxS\amd64_microsoft.windows.common-controls_6595b64144ccf1df_6.0.26100.8037_none_3e092faae333b53b\COMCTL32.dll
0x00007ff930c00000 - 0x00007ff930c2b000 	C:\WINDOWS\System32\GDI32.dll
0x00007ff9306f0000 - 0x00007ff930799000 	C:\WINDOWS\System32\msvcrt.dll
0x00007ff92eb10000 - 0x00007ff92ec3b000 	C:\WINDOWS\System32\gdi32full.dll
0x00007ff92e8f0000 - 0x00007ff92e993000 	C:\WINDOWS\System32\msvcp_win.dll
0x00007ff930f70000 - 0x00007ff930fa1000 	C:\WINDOWS\System32\IMM32.DLL
0x00007ff922190000 - 0x00007ff92219c000 	C:\Program Files\Android\Android Studio\jbr\bin\vcruntime140_1.dll
0x00007ff8e9730000 - 0x00007ff8e97bd000 	C:\Program Files\Android\Android Studio\jbr\bin\msvcp140.dll
0x00007ff8aefb0000 - 0x00007ff8afc46000 	C:\Program Files\Android\Android Studio\jbr\bin\server\jvm.dll
0x00007ff931530000 - 0x00007ff9315eb000 	C:\WINDOWS\System32\ADVAPI32.dll
0x00007ff92f8b0000 - 0x00007ff92f957000 	C:\WINDOWS\System32\sechost.dll
0x00007ff931610000 - 0x00007ff931728000 	C:\WINDOWS\System32\RPCRT4.dll
0x00007ff930670000 - 0x00007ff9306e4000 	C:\WINDOWS\System32\WS2_32.dll
0x00007ff92e140000 - 0x00007ff92e19e000 	C:\WINDOWS\SYSTEM32\POWRPROF.dll
0x00007ff9228c0000 - 0x00007ff9228f5000 	C:\WINDOWS\SYSTEM32\WINMM.dll
0x00007ff91b640000 - 0x00007ff91b64b000 	C:\WINDOWS\SYSTEM32\VERSION.dll
0x00007ff92e120000 - 0x00007ff92e134000 	C:\WINDOWS\SYSTEM32\UMPDC.dll
0x00007ff92d070000 - 0x00007ff92d08b000 	C:\WINDOWS\SYSTEM32\kernel.appcore.dll
0x00007ff918710000 - 0x00007ff91871a000 	C:\Program Files\Android\Android Studio\jbr\bin\jimage.dll
0x00007ff92c140000 - 0x00007ff92c382000 	C:\WINDOWS\SYSTEM32\DBGHELP.DLL
0x00007ff9307a0000 - 0x00007ff930b22000 	C:\WINDOWS\System32\combase.dll
0x00007ff930230000 - 0x00007ff930307000 	C:\WINDOWS\System32\OLEAUT32.dll
0x00007ff914950000 - 0x00007ff91498b000 	C:\WINDOWS\SYSTEM32\dbgcore.DLL
0x00007ff92f6f0000 - 0x00007ff92f795000 	C:\WINDOWS\System32\bcryptPrimitives.dll
0x00007ff92b200000 - 0x00007ff92b20e000 	C:\Program Files\Android\Android Studio\jbr\bin\instrument.dll
0x00007ff903590000 - 0x00007ff9035b0000 	C:\Program Files\Android\Android Studio\jbr\bin\java.dll
0x00007ff902960000 - 0x00007ff902978000 	C:\Program Files\Android\Android Studio\jbr\bin\zip.dll
0x00007ff92f960000 - 0x00007ff9300bf000 	C:\WINDOWS\System32\SHELL32.dll
0x00007ff92e9a0000 - 0x00007ff92eb0a000 	C:\WINDOWS\System32\wintypes.dll
0x00007ff92edc0000 - 0x00007ff92f624000 	C:\WINDOWS\System32\windows.storage.dll
0x00007ff930cd0000 - 0x00007ff930dc7000 	C:\WINDOWS\System32\SHCORE.dll
0x00007ff930310000 - 0x00007ff930377000 	C:\WINDOWS\System32\shlwapi.dll
0x00007ff92e200000 - 0x00007ff92e229000 	C:\WINDOWS\SYSTEM32\profapi.dll
0x00007ff911f00000 - 0x00007ff911f10000 	C:\Program Files\Android\Android Studio\jbr\bin\net.dll
0x00007ff928df0000 - 0x00007ff928f17000 	C:\WINDOWS\SYSTEM32\WINHTTP.dll
0x00007ff92d5e0000 - 0x00007ff92d64b000 	C:\WINDOWS\system32\mswsock.dll
0x00007ff902910000 - 0x00007ff902926000 	C:\Program Files\Android\Android Studio\jbr\bin\nio.dll
0x00007ff903240000 - 0x00007ff903250000 	C:\Program Files\Android\Android Studio\jbr\bin\verify.dll
0x00007ff908810000 - 0x00007ff908837000 	C:\Users\ADMIN\.gradle\native\1def1411415f61bf3af743bc5b6707747c0891f09f0c88961ee8f79bc544acac\windows-amd64\native-platform.dll
0x00007ff8e9680000 - 0x00007ff8e96f8000 	C:\Users\ADMIN\.gradle\native\0.2.7\x86_64-windows-gnu\gradle-fileevents.dll
0x00007ff90dca0000 - 0x00007ff90dca9000 	C:\Program Files\Android\Android Studio\jbr\bin\management.dll
0x00007ff907760000 - 0x00007ff90776b000 	C:\Program Files\Android\Android Studio\jbr\bin\management_ext.dll
0x00007ff931520000 - 0x00007ff931528000 	C:\WINDOWS\System32\PSAPI.DLL
0x00007ff92ca80000 - 0x00007ff92cab3000 	C:\WINDOWS\SYSTEM32\IPHLPAPI.DLL
0x00007ff931760000 - 0x00007ff93176a000 	C:\WINDOWS\System32\NSI.dll
0x00007ff90df40000 - 0x00007ff90df49000 	C:\Program Files\Android\Android Studio\jbr\bin\extnet.dll
0x00007ff92d8c0000 - 0x00007ff92d8db000 	C:\WINDOWS\SYSTEM32\CRYPTSP.dll
0x00007ff92cfd0000 - 0x00007ff92d009000 	C:\WINDOWS\system32\rsaenh.dll
0x00007ff92d690000 - 0x00007ff92d6c2000 	C:\WINDOWS\SYSTEM32\USERENV.dll
0x00007ff92e1d0000 - 0x00007ff92e1fa000 	C:\WINDOWS\SYSTEM32\bcrypt.dll
0x00007ff92d8e0000 - 0x00007ff92d8ec000 	C:\WINDOWS\SYSTEM32\CRYPTBASE.dll
0x00007ff914100000 - 0x00007ff914108000 	C:\WINDOWS\system32\wshunix.dll
0x00007ff90c870000 - 0x00007ff90c888000 	C:\WINDOWS\system32\napinsp.dll
0x00007ff92cac0000 - 0x00007ff92cbea000 	C:\WINDOWS\SYSTEM32\DNSAPI.dll
0x00007ff908910000 - 0x00007ff908922000 	C:\WINDOWS\System32\winrnr.dll
0x00007ff908840000 - 0x00007ff908862000 	C:\WINDOWS\system32\nlansp_c.dll
0x00007ff9087f0000 - 0x00007ff908806000 	C:\WINDOWS\system32\wshbth.dll
0x00007ff928520000 - 0x00007ff92852b000 	C:\Windows\System32\rasadhlp.dll
0x00007ff929d60000 - 0x00007ff929de6000 	C:\WINDOWS\System32\fwpuclnt.dll

JVMTI agents:
C:\Users\ADMIN\.gradle\wrapper\dists\gradle-8.13-bin\5xuhj0ry160q40clulazy9h7d\gradle-8.13\lib\agents\gradle-instrumentation-agent-8.13.jar path:C:\Program Files\Android\Android Studio\jbr\bin\instrument.dll, loaded, initialized, instrumentlib options:none

dbghelp: loaded successfully - version: 4.0.5 - missing functions: none
symbol engine: initialized successfully - sym options: 0x614 - pdb path: .;C:\Program Files\Android\Android Studio\jbr\bin;C:\WINDOWS\SYSTEM32;C:\WINDOWS\WinSxS\amd64_microsoft.windows.common-controls_6595b64144ccf1df_6.0.26100.8037_none_3e092faae333b53b;C:\Program Files\Android\Android Studio\jbr\bin\server;C:\Users\ADMIN\.gradle\native\1def1411415f61bf3af743bc5b6707747c0891f09f0c88961ee8f79bc544acac\windows-amd64;C:\Users\ADMIN\.gradle\native\0.2.7\x86_64-windows-gnu

VM Arguments:
jvm_args: --add-opens=java.base/java.lang=ALL-UNNAMED --add-opens=java.base/java.lang.invoke=ALL-UNNAMED --add-opens=java.base/java.util=ALL-UNNAMED --add-opens=java.prefs/java.util.prefs=ALL-UNNAMED --add-exports=jdk.compiler/com.sun.tools.javac.api=ALL-UNNAMED --add-exports=jdk.compiler/com.sun.tools.javac.util=ALL-UNNAMED --add-opens=java.base/java.util=ALL-UNNAMED --add-opens=java.prefs/java.util.prefs=ALL-UNNAMED --add-opens=java.base/java.nio.charset=ALL-UNNAMED --add-opens=java.base/java.net=ALL-UNNAMED --add-opens=java.base/java.util.concurrent.atomic=ALL-UNNAMED --add-opens=java.xml/javax.xml.namespace=ALL-UNNAMED -XX:MaxMetaspaceSize=1024m -Xmx4096m -Dfile.encoding=UTF-8 -Duser.country=US -Duser.language=en -Duser.variant -javaagent:C:\Users\ADMIN\.gradle\wrapper\dists\gradle-8.13-bin\5xuhj0ry160q40clulazy9h7d\gradle-8.13\lib\agents\gradle-instrumentation-agent-8.13.jar 
java_command: org.gradle.launcher.daemon.bootstrap.GradleDaemon 8.13
java_class_path (initial): C:\Users\ADMIN\.gradle\wrapper\dists\gradle-8.13-bin\5xuhj0ry160q40clulazy9h7d\gradle-8.13\lib\gradle-daemon-main-8.13.jar
Launcher Type: SUN_STANDARD

[Global flags]
     intx CICompilerCount                          = 12                                        {product} {ergonomic}
   size_t CompressedClassSpaceSize                 = 872415232                                 {product} {ergonomic}
     uint ConcGCThreads                            = 3                                         {product} {ergonomic}
     uint G1ConcRefinementThreads                  = 13                                        {product} {ergonomic}
   size_t G1HeapRegionSize                         = 2097152                                   {product} {ergonomic}
    uintx GCDrainStackTargetSize                   = 64                                        {product} {ergonomic}
   size_t InitialHeapSize                          = 264241152                                 {product} {ergonomic}
   size_t MarkStackSize                            = 4194304                                   {product} {ergonomic}
   size_t MaxHeapSize                              = 4294967296                                {product} {command line}
   size_t MaxMetaspaceSize                         = 1073741824                                {product} {command line}
   size_t MaxNewSize                               = 2575302656                                {product} {ergonomic}
   size_t MinHeapDeltaBytes                        = 2097152                                   {product} {ergonomic}
   size_t MinHeapSize                              = 8388608                                   {product} {ergonomic}
    uintx NonNMethodCodeHeapSize                   = 7602480                                {pd product} {ergonomic}
    uintx NonProfiledCodeHeapSize                  = 122027880                              {pd product} {ergonomic}
    uintx ProfiledCodeHeapSize                     = 122027880                              {pd product} {ergonomic}
    uintx ReservedCodeCacheSize                    = 251658240                              {pd product} {ergonomic}
     bool SegmentedCodeCache                       = true                                      {product} {ergonomic}
   size_t SoftMaxHeapSize                          = 4294967296                             {manageable} {ergonomic}
     bool UseCompressedOops                        = true                           {product lp64_product} {ergonomic}
     bool UseG1GC                                  = true                                      {product} {ergonomic}
     bool UseLargePagesIndividualAllocation        = false                                  {pd product} {ergonomic}

Logging:
Log output configuration:
 #0: stdout all=warning uptime,level,tags foldmultilines=false
 #1: stderr all=off uptime,level,tags foldmultilines=false

Release file:
JAVA_VERSION="21.0.9" 
MODULES="java.base java.compiler java.datatransfer java.xml java.prefs java.desktop java.instrument java.logging java.management java.security.sasl java.naming java.rmi java.management.rmi java.net.http java.scripting java.security.jgss java.transaction.xa java.sql java.sql.rowset java.xml.crypto java.se java.smartcardio jdk.accessibility jdk.internal.jvmstat jdk.attach jdk.charsets jdk.internal.opt jdk.zipfs jdk.compiler jdk.crypto.ec jdk.crypto.cryptoki jdk.dynalink jdk.hotspot.agent jdk.httpserver jdk.internal.ed jdk.internal.le jdk.internal.vm.ci jdk.jartool jdk.javadoc jdk.jcmd jdk.jdeps jdk.jdwp.agent jdk.jdi jdk.jfr jdk.jlink jdk.jsobject jdk.localedata jdk.management jdk.management.agent jdk.management.jfr jdk.naming.dns jdk.naming.rmi jdk.net jdk.sctp jdk.security.auth jdk.security.jgss jdk.unsupported jdk.unsupported.desktop jdk.xml.dom" 
IMPLEMENTOR="JetBrains s.r.o." 
JAVA_RUNTIME_VERSION="21.0.9+-14787801-b1163.94" 
LIBC="default" 
OS_ARCH="x86_64" 
OS_NAME="Windows" 
SOURCE=".:git:0c757ddc9f2f" 

Environment Variables:
JAVA_HOME=C:\Program Files\Java\jdk-21
PATH=D:\VMWare\bin\;D:\Python\Scripts\;D:\Python\;C:\Program Files\Common Files\Oracle\Java\javapath;C:\Program Files (x86)\Common Files\Oracle\Java\javapath;C:\WINDOWS\system32;C:\WINDOWS;C:\WINDOWS\System32\Wbem;C:\WINDOWS\System32\WindowsPowerShell\v1.0\;C:\WINDOWS\System32\OpenSSH\;C:\Program Files (x86)\Microsoft SQL Server\160\Tools\Binn\;C:\Program Files\Microsoft SQL Server\160\Tools\Binn\;C:\Program Files\Microsoft SQL Server\Client SDK\ODBC\170\Tools\Binn\;C:\Program Files\Microsoft SQL Server\160\DTS\Binn\;C:\Program Files (x86)\Microsoft SQL Server\160\DTS\Binn\;C:\Program Files\Azure Data Studio\bin;C:\Program Files\Git\cmd;C:\xampp\php;C:\ProgramData\ComposerSetup\bin;C:\Users\ADMIN\apache-maven-3.9.9\bin;C:\scrcpy-win64-v3.2;C:\Program Files\Java\jdk-17\bin\;C:\Program Files\Zulu\zulu-21\bin\;C:\Users\ADMIN\Downloads\ffmpeg-8.0-essentials_build\ffmpeg-8.0-essentials_build\bin;C:\Program Files\Microsoft SQL Server\170\Tools\Binn\;C:\Program Files\Microsoft SQL Server\130\DTS\Binn\;C:\Program Files\Microsoft SQL Server\140\DTS\Binn\;C:\Program Files\Microsoft SQL Server\150\DTS\Binn\;C:\Program Files\Microsoft SQL Server\170\DTS\Binn\;C:\Users\ADMIN\AppData\Local\Microsoft\WindowsApps;C:\Program Files\Azure Data Studio\bin;C:\Users\ADMIN\AppData\Roaming\Composer\vendor\bin;C:\Program Files\JetBrains\IntelliJ IDEA 2024.3.1.1\bin;;C:\Program Files\JetBrains\IntelliJ IDEA Community Edition 2024.3.1.1\bin;;C:\Users\ADMIN\Downloads\platform-tools;C:\Users\ADMIN\AppData\Local\Programs\Microsoft VS Code\bin;C:\Users\ADMIN\Downloads\ffmpeg-8.0-essentials_build\ffmpeg-8.0-essentials_build\bin;C:\Users\ADMIN\AppData\Local\Programs\Antigravity\bin
USERNAME=ADMIN
OS=Windows_NT
PROCESSOR_IDENTIFIER=Intel64 Family 6 Model 186 Stepping 2, GenuineIntel
TMP=C:\Users\ADMIN\AppData\Local\Temp
TEMP=C:\Users\ADMIN\AppData\Local\Temp




Periodic native trim disabled

JNI global refs:
JNI global refs: 43, weak refs: 306

JNI global refs memory usage: 835, weak refs: 3993

Process memory usage:
Resident Set Size: 1174212K (7% of 16393140K total physical memory with 1521144K free physical memory)

OOME stack traces (most recent first):
Classloader memory used:
Loader org.gradle.internal.classloader.VisitableURLClassLoader$InstrumentingVisitableURLClassLoader: 63886K
Loader org.gradle.internal.classloader.VisitableURLClassLoader                         : 46983K
Loader bootstrap                                                                       : 31564K
Loader org.gradle.initialization.MixInLegacyTypesClassLoader                           : 13958K
Loader jdk.internal.loader.ClassLoaders$AppClassLoader                                 : 8563K
Loader jdk.internal.loader.ClassLoaders$PlatformClassLoader                            : 739K
Loader jdk.internal.reflect.DelegatingClassLoader                                      : 521K
Loader org.gradle.groovy.scripts.internal.DefaultScriptCompilationHandler$ScriptClassLoader: 250K
Loader org.gradle.internal.classloader.VisitableURLClassLoader                         : 231K
Loader org.codehaus.groovy.runtime.callsite.CallSiteClassLoader                        : 31216B

Classes loaded by more than one classloader:
Class Program                                                                         : loaded 3 times (x 72B)
Class com.google.common.base.PairwiseEquivalence                                      : loaded 2 times (x 83B)
Class com.google.common.base.Equivalence$Identity                                     : loaded 2 times (x 82B)
Class com.google.common.collect.RegularImmutableMap$KeySet                            : loaded 2 times (x 152B)
Class org.gradle.internal.classloader.FilteringClassLoader                            : loaded 2 times (x 105B)
Class [Lcom.google.common.collect.MapMakerInternalMap$Segment;                        : loaded 2 times (x 69B)
Class com.google.common.io.FileWriteMode                                              : loaded 2 times (x 79B)
Class [Lcom.google.common.base.AbstractIterator$State;                                : loaded 2 times (x 69B)
Class com.google.common.base.CharMatcher$IsEither                                     : loaded 2 times (x 111B)
Class org.gradle.internal.classloader.ClassLoaderHierarchy                            : loaded 2 times (x 70B)
Class com.google.common.collect.AbstractMapBasedMultimap$WrappedCollection            : loaded 2 times (x 124B)
Class com.google.common.collect.ImmutableEnumSet                                      : loaded 2 times (x 146B)
Class com.google.common.util.concurrent.ExecutionError                                : loaded 2 times (x 82B)
Class com.google.common.collect.ImmutableList$1                                       : loaded 2 times (x 97B)
Class org.gradle.api.internal.classpath.ManifestUtil                                  : loaded 2 times (x 71B)
Class com.google.common.io.ByteArrayDataOutput                                        : loaded 2 times (x 70B)
Class com.google.common.collect.RegularImmutableMap                                   : loaded 2 times (x 121B)
Class com.google.common.collect.ImmutableMap$MapViewOfValuesAsSingletonSets           : loaded 2 times (x 126B)
Class [Lorg.objectweb.asm.Symbol;                                                     : loaded 2 times (x 69B)
Class org.objectweb.asm.ClassVisitor                                                  : loaded 2 times (x 88B)
Class com.google.common.collect.UnmodifiableListIterator                              : loaded 2 times (x 95B)
Class com.google.common.collect.MapMakerInternalMap$StrongKeyDummyValueEntry$LinkedStrongKeyDummyValueEntry: loaded 2 times (x 82B)
Class com.google.common.collect.MapMakerInternalMap$Strength                          : loaded 2 times (x 80B)
Class com.google.common.base.Platform$JdkPatternCompiler                              : loaded 2 times (x 75B)
Class org.objectweb.asm.MethodTooLargeException                                       : loaded 2 times (x 83B)
Class [Lcom.google.common.cache.CacheBuilder$OneWeigher;                              : loaded 2 times (x 69B)
Class com.google.common.base.Suppliers                                                : loaded 2 times (x 71B)
Class org.gradle.internal.classloader.DefaultClassLoaderFactory                       : loaded 2 times (x 82B)
Class [Lcom.google.common.collect.AbstractIterator$State;                             : loaded 2 times (x 69B)
Class com.google.common.base.CharMatcher$None                                         : loaded 2 times (x 112B)
Class org.gradle.internal.classloader.ClassLoaderVisitor                              : loaded 2 times (x 76B)
Class [Lcom.google.common.collect.ImmutableMapEntry;                                  : loaded 2 times (x 69B)
Class org.gradle.api.internal.classpath.EffectiveClassPath                            : loaded 2 times (x 90B)
Class com.google.common.collect.ImmutableRangeSet                                     : loaded 2 times (x 115B)
Class com.google.common.collect.ListMultimap                                          : loaded 2 times (x 70B)
Class com.google.common.collect.ImmutableEnumMap                                      : loaded 2 times (x 126B)
Class com.google.common.base.Splitter                                                 : loaded 2 times (x 72B)
Class com.google.common.collect.Sets$1                                                : loaded 2 times (x 139B)
Class org.objectweb.asm.AnnotationVisitor                                             : loaded 2 times (x 78B)
Class org.gradle.api.internal.DefaultClassPathProvider                                : loaded 2 times (x 76B)
Class com.google.common.collect.MapMakerInternalMap$Strength$1                        : loaded 2 times (x 80B)
Class com.google.common.collect.Maps$ViewCachingAbstractMap                           : loaded 2 times (x 125B)
Class com.google.common.collect.Sets$2                                                : loaded 2 times (x 139B)
Class [Lorg.gradle.api.internal.ClassPathProvider;                                    : loaded 2 times (x 69B)
Class org.gradle.api.internal.ClassPathProvider                                       : loaded 2 times (x 70B)
Class com.google.common.collect.MapMakerInternalMap$Strength$2                        : loaded 2 times (x 80B)
Class com.google.common.base.AbstractIterator$State                                   : loaded 2 times (x 79B)
Class [Lorg.objectweb.asm.AnnotationVisitor;                                          : loaded 2 times (x 69B)
Class com.google.common.collect.Sets$3                                                : loaded 2 times (x 139B)
Class com.google.common.util.concurrent.AbstractFuture$SafeAtomicHelper               : loaded 2 times (x 79B)
Class com.google.common.cache.LocalCache$LocalLoadingCache                            : loaded 2 times (x 134B)
Class org.gradle.internal.service.UnknownServiceException                             : loaded 2 times (x 83B)
Class com.google.common.io.ByteArrayDataInput                                         : loaded 2 times (x 70B)
Class com.google.common.collect.MapMakerInternalMap$StrongValueEntry                  : loaded 2 times (x 70B)
Class com.google.common.collect.Sets$4                                                : loaded 2 times (x 139B)
Class org.objectweb.asm.ModuleVisitor                                                 : loaded 2 times (x 81B)
Class com.google.common.cache.LocalCache$Strength$1                                   : loaded 2 times (x 81B)
Class com.google.common.util.concurrent.SettableFuture                                : loaded 2 times (x 114B)
Class com.google.common.cache.LocalCache$Strength$2                                   : loaded 2 times (x 81B)
Class com.google.common.io.ByteStreams                                                : loaded 2 times (x 71B)
Class com.google.common.collect.Interners$InternerImpl                                : loaded 2 times (x 75B)
Class com.google.common.collect.Interner                                              : loaded 2 times (x 70B)
Class com.google.common.base.Splitter$1                                               : loaded 2 times (x 77B)
Class com.google.common.cache.LocalCache$Strength$3                                   : loaded 2 times (x 81B)
Class com.google.common.collect.MapDifference                                         : loaded 2 times (x 70B)
Class com.google.common.collect.MapMaker$Dummy                                        : loaded 2 times (x 79B)
Class org.objectweb.asm.FieldWriter                                                   : loaded 2 times (x 78B)
Class com.google.common.cache.CacheBuilder$NullListener                               : loaded 2 times (x 82B)
Class org.gradle.internal.classpath.TransformedClassPath                              : loaded 2 times (x 96B)
Class org.gradle.internal.classloader.InstrumentingClassLoader                        : loaded 2 times (x 70B)
Class com.google.common.collect.ImmutableListMultimap                                 : loaded 2 times (x 176B)
Class com.google.common.collect.ImmutableRangeSet$AsSet                               : loaded 2 times (x 300B)
Class com.google.common.cache.CacheLoader$FunctionToCacheLoader                       : loaded 2 times (x 75B)
Class com.google.common.collect.Iterators$ArrayItr                                    : loaded 2 times (x 97B)
Class com.google.common.collect.ImmutableCollection$Builder                           : loaded 2 times (x 76B)
Class com.google.common.collect.EmptyImmutableListMultimap                            : loaded 2 times (x 176B)
Class com.google.common.collect.BaseImmutableMultimap                                 : loaded 2 times (x 123B)
Class com.google.common.base.Joiner                                                   : loaded 2 times (x 79B)
Class com.google.common.base.MoreObjects                                              : loaded 2 times (x 71B)
Class com.google.common.collect.Platform                                              : loaded 2 times (x 71B)
Class [Lorg.objectweb.asm.Type;                                                       : loaded 2 times (x 69B)
Class com.google.common.collect.UnmodifiableIterator                                  : loaded 2 times (x 80B)
Class org.gradle.internal.service.ServiceLocator                                      : loaded 2 times (x 70B)
Class com.google.common.collect.HashBiMap$BiEntry                                     : loaded 2 times (x 83B)
Class com.google.common.base.Ascii                                                    : loaded 2 times (x 71B)
Class com.google.common.collect.SingletonImmutableBiMap                               : loaded 2 times (x 143B)
Class com.google.common.cache.LocalCache$1                                            : loaded 2 times (x 89B)
Class com.google.common.collect.AbstractMapEntry                                      : loaded 2 times (x 81B)
Class ijJvmDebugger1_amxldhla0sgtknc2p75ob1gmp$_run_closure1$_closure2                : loaded 2 times (x 140B)
Class com.google.common.collect.MapMakerInternalMap$AbstractStrongKeyEntry            : loaded 2 times (x 80B)
Class com.google.common.collect.Sets$ImprovedAbstractSet                              : loaded 2 times (x 135B)
Class com.google.common.collect.ImmutableList$Builder                                 : loaded 2 times (x 77B)
Class com.google.common.collect.AbstractMultimap                                      : loaded 2 times (x 123B)
Class com.google.common.cache.LocalCache$2                                            : loaded 2 times (x 142B)
Class com.google.common.collect.ImmutableRangeSet$1                                   : loaded 2 times (x 210B)
Class com.google.common.util.concurrent.AbstractFuture$UnsafeAtomicHelper$1           : loaded 2 times (x 76B)
Class com.google.common.collect.RegularImmutableAsList                                : loaded 2 times (x 217B)
Class com.google.common.base.Optional                                                 : loaded 2 times (x 80B)
Class com.google.common.collect.Range                                                 : loaded 2 times (x 87B)
Class com.google.common.util.concurrent.AbstractFuture$Trusted                        : loaded 2 times (x 70B)
Class com.google.common.collect.Iterators                                             : loaded 2 times (x 71B)
Class com.google.common.io.ByteSink$AsCharSink                                        : loaded 2 times (x 80B)
Class com.google.common.collect.Lists$StringAsImmutableList                           : loaded 2 times (x 207B)
Class com.google.common.util.concurrent.UncheckedExecutionException                   : loaded 2 times (x 82B)
Class org.gradle.internal.InternalTransformer                                         : loaded 2 times (x 70B)
Class com.google.common.collect.AbstractMapBasedMultimap$KeySet$1                     : loaded 2 times (x 82B)
Class org.objectweb.asm.ClassWriter                                                   : loaded 2 times (x 106B)
Class com.google.common.base.CharMatcher$And                                          : loaded 2 times (x 112B)
Class com.google.common.cache.CacheLoader$UnsupportedLoadingOperationException        : loaded 2 times (x 82B)
Class org.gradle.internal.classloader.ClasspathUtil$1                                 : loaded 2 times (x 76B)
Class com.google.common.collect.FluentIterable$1                                      : loaded 2 times (x 81B)
Class com.google.common.base.Objects                                                  : loaded 2 times (x 71B)
Class org.objectweb.asm.FieldVisitor                                                  : loaded 2 times (x 77B)
Class com.google.common.collect.IndexedImmutableSet                                   : loaded 2 times (x 152B)
Class com.google.common.collect.ImmutableMap$1                                        : loaded 2 times (x 81B)
Class com.google.common.collect.BiMap                                                 : loaded 2 times (x 70B)
Class org.gradle.api.internal.classpath.DefaultModuleRegistry$DefaultModule           : loaded 2 times (x 86B)
Class com.google.common.base.Absent                                                   : loaded 2 times (x 80B)
Class com.google.common.collect.FluentIterable$2                                      : loaded 2 times (x 81B)
Class com.google.common.primitives.Ints                                               : loaded 2 times (x 71B)
Class com.google.common.collect.AbstractIterator                                      : loaded 2 times (x 82B)
Class com.google.common.collect.FluentIterable$3                                      : loaded 2 times (x 81B)
Class com.google.common.collect.ObjectArrays                                          : loaded 2 times (x 71B)
Class com.google.common.collect.Multiset                                              : loaded 2 times (x 70B)
Class com.google.common.collect.ArrayListMultimapGwtSerializationDependencies         : loaded 2 times (x 172B)
Class com.google.common.collect.AbstractIndexedListIterator                           : loaded 2 times (x 96B)
Class com.google.common.math.MathPreconditions                                        : loaded 2 times (x 71B)
Class com.google.common.collect.ImmutableMapEntrySet                                  : loaded 2 times (x 152B)
Class org.gradle.api.internal.classpath.Module                                        : loaded 2 times (x 70B)
Class com.google.common.cache.Weigher                                                 : loaded 2 times (x 70B)
Class org.gradle.api.internal.classpath.UnknownModuleException                        : loaded 2 times (x 82B)
Class com.google.common.base.Stopwatch                                                : loaded 2 times (x 72B)
Class com.google.common.cache.LocalCache$Strength                                     : loaded 2 times (x 81B)
Class com.google.common.cache.Cache                                                   : loaded 2 times (x 70B)
Class com.google.common.io.Files$2                                                    : loaded 2 times (x 76B)
Class com.google.common.io.AppendableWriter                                           : loaded 2 times (x 100B)
Class com.google.common.base.NullnessCasts                                            : loaded 2 times (x 71B)
Class com.google.common.util.concurrent.AbstractFuture$Cancellation                   : loaded 2 times (x 72B)
Class com.google.common.collect.ImmutableMap$Builder                                  : loaded 2 times (x 82B)
Class com.google.common.base.Present                                                  : loaded 2 times (x 81B)
Class com.google.common.cache.RemovalListener                                         : loaded 2 times (x 70B)
Class org.gradle.api.internal.DefaultClassPathRegistry                                : loaded 2 times (x 76B)
Class com.google.common.collect.ImmutableMultimap$Keys                                : loaded 2 times (x 166B)
Class com.google.common.primitives.IntsMethodsForWeb                                  : loaded 2 times (x 71B)
Class com.google.common.collect.Multimap                                              : loaded 2 times (x 70B)
Class org.gradle.api.internal.ClassPathRegistry                                       : loaded 2 times (x 70B)
Class org.gradle.internal.classpath.DefaultClassPath$ImmutableUniqueList              : loaded 2 times (x 199B)
Class com.google.common.collect.NullnessCasts                                         : loaded 2 times (x 71B)
Class com.google.common.collect.MapMakerInternalMap$Segment                           : loaded 2 times (x 142B)
Class com.google.common.base.ExtraObjectsMethodsForWeb                                : loaded 2 times (x 71B)
Class com.google.common.io.ByteSink                                                   : loaded 2 times (x 76B)
Class com.google.common.cache.CacheBuilder                                            : loaded 2 times (x 72B)
Class com.google.common.collect.SingletonImmutableList                                : loaded 2 times (x 207B)
Class com.google.common.io.LineReader                                                 : loaded 2 times (x 72B)
Class Settings_gradle$1                                                               : loaded 2 times (x 74B)
Class ijKotlinCoroutineJvmDebugInit1_d5t7rhvdx4fr9ghubjyipk6vu$_run_closure1$_closure2: loaded 2 times (x 139B)
Class org.gradle.internal.classpath.ClassPath                                         : loaded 2 times (x 70B)
Class org.gradle.api.UncheckedIOException                                             : loaded 2 times (x 82B)
Class com.google.common.collect.Interners$InternerBuilder                             : loaded 2 times (x 76B)
Class com.google.common.io.Files$FileByteSource                                       : loaded 2 times (x 85B)
Class com.google.common.base.JdkPattern                                               : loaded 2 times (x 75B)
Class com.google.common.collect.ImmutableList$ReverseImmutableList                    : loaded 2 times (x 209B)
Class com.google.common.io.CharStreams$NullWriter                                     : loaded 2 times (x 99B)
Class org.objectweb.asm.SymbolTable$Entry                                             : loaded 2 times (x 74B)
Class com.google.common.util.concurrent.AbstractFuture$AtomicHelper                   : loaded 2 times (x 78B)
Class org.objectweb.asm.Edge                                                          : loaded 2 times (x 72B)
Class com.google.common.base.Suppliers$SupplierOfInstance                             : loaded 2 times (x 79B)
Class com.google.common.collect.Iterators$1                                           : loaded 2 times (x 81B)
Class com.google.common.cache.LocalCache$ComputingValueReference                      : loaded 2 times (x 96B)
Class com.google.common.collect.SingletonImmutableSet                                 : loaded 2 times (x 146B)
Class com.google.common.collect.ImmutableMap$IteratorBasedImmutableMap                : loaded 2 times (x 126B)
Class com.google.common.collect.AbstractMapBasedMultimap$AsMap$AsMapEntries           : loaded 2 times (x 138B)
Class com.google.common.cache.LocalCache$Segment                                      : loaded 2 times (x 154B)
Class com.google.common.collect.SortedIterable                                        : loaded 2 times (x 70B)
Class com.google.common.collect.AbstractListMultimap                                  : loaded 2 times (x 172B)
Class [Lorg.objectweb.asm.SymbolTable$Entry;                                          : loaded 2 times (x 69B)
Class com.google.common.cache.CacheLoader                                             : loaded 2 times (x 74B)
Class com.google.common.collect.Iterators$4                                           : loaded 2 times (x 82B)
Class com.google.common.collect.ImmutableBiMap                                        : loaded 2 times (x 143B)
Class org.gradle.internal.installation.GradleInstallation$1                           : loaded 2 times (x 75B)
Class org.gradle.api.internal.classpath.ModuleRegistry                                : loaded 2 times (x 70B)
Class com.google.common.base.Splitter$SplittingIterator                               : loaded 2 times (x 84B)
Class com.google.common.util.concurrent.internal.InternalFutureFailureAccess          : loaded 2 times (x 72B)
Class com.google.common.collect.Iterators$5                                           : loaded 2 times (x 82B)
Class com.google.common.collect.ImmutableSet$JdkBackedSetBuilderImpl                  : loaded 2 times (x 76B)
Class com.google.common.collect.ImmutableMultimap$Values                              : loaded 2 times (x 126B)
Class com.google.common.collect.HashBiMap$Inverse                                     : loaded 2 times (x 142B)
Class com.google.common.util.concurrent.AbstractFuture$UnsafeAtomicHelper             : loaded 2 times (x 78B)
Class com.google.common.base.CharMatcher$ForPredicate                                 : loaded 2 times (x 112B)
Class com.google.common.cache.LocalCache$LocalManualCache$1                           : loaded 2 times (x 75B)
Class com.google.common.base.CharMatcher$AnyOf                                        : loaded 2 times (x 112B)
Class com.google.common.collect.ImmutableCollection                                   : loaded 2 times (x 125B)
Class ijKotlinCoroutineJvmDebugInit1_d5t7rhvdx4fr9ghubjyipk6vu                        : loaded 2 times (x 179B)
Class org.gradle.api.internal.classpath.DefaultModuleRegistry                         : loaded 2 times (x 86B)
Class com.google.common.collect.Lists                                                 : loaded 2 times (x 71B)
Class com.google.common.util.concurrent.ListenableFuture                              : loaded 2 times (x 70B)
Class com.google.common.cache.ReferenceEntry                                          : loaded 2 times (x 70B)
Class com.google.common.base.Converter                                                : loaded 2 times (x 90B)
Class com.google.common.collect.ImmutableSet$CachingAsList                            : loaded 2 times (x 148B)
Class build_3fxlyzhy5s3jp78mlf672qaxo                                                 : loaded 2 times (x 180B)
Class com.google.common.collect.AbstractMapBasedMultimap                              : loaded 2 times (x 139B)
Class com.google.common.util.concurrent.AbstractFuture                                : loaded 2 times (x 106B)
Class com.google.common.base.FunctionalEquivalence                                    : loaded 2 times (x 83B)
Class com.google.common.collect.Iterators$9                                           : loaded 2 times (x 81B)
Class com.google.common.collect.ImmutableAsList                                       : loaded 2 times (x 209B)
Class com.google.common.io.CharStreams                                                : loaded 2 times (x 71B)
Class com.google.common.collect.ImmutableMultiset                                     : loaded 2 times (x 163B)
Class org.objectweb.asm.RecordComponentVisitor                                        : loaded 2 times (x 77B)
Class com.google.common.cache.CacheLoader$SupplierToCacheLoader                       : loaded 2 times (x 75B)
Class com.google.common.collect.Maps$EntryTransformer                                 : loaded 2 times (x 70B)
Class org.gradle.internal.service.ServiceLookupException                              : loaded 2 times (x 82B)
Class com.google.common.collect.Lists$ReverseList                                     : loaded 2 times (x 200B)
Class com.google.common.collect.ImmutableSortedSet                                    : loaded 2 times (x 300B)
Class [Lcom.google.common.cache.LocalCache$EntryFactory;                              : loaded 2 times (x 69B)
Class org.gradle.internal.classloader.ClassLoaderFactory                              : loaded 2 times (x 70B)
Class com.google.common.base.CommonPattern                                            : loaded 2 times (x 74B)
Class com.google.common.base.CharMatcher$IsNot                                        : loaded 2 times (x 111B)
Class com.google.common.cache.LocalCache$LocalManualCache                             : loaded 2 times (x 99B)
Class org.gradle.internal.service.CachingServiceLocator                               : loaded 2 times (x 82B)
Class com.google.common.collect.AbstractMapBasedMultimap$KeySet                       : loaded 2 times (x 137B)
Class com.google.common.collect.RegularImmutableSortedSet                             : loaded 2 times (x 300B)
Class com.google.common.math.IntMath                                                  : loaded 2 times (x 71B)
Class com.google.common.collect.MapMakerInternalMap$InternalEntry                     : loaded 2 times (x 70B)
Class [Lcom.google.common.collect.HashBiMap$BiEntry;                                  : loaded 2 times (x 69B)
Class com.google.common.collect.ImmutableMapEntry                                     : loaded 2 times (x 85B)
Class com.google.common.collect.ImmutableMultimap                                     : loaded 2 times (x 147B)
Class com.google.common.base.Equivalence                                              : loaded 2 times (x 82B)
Class com.google.common.base.Function                                                 : loaded 2 times (x 70B)
Class com.google.common.collect.ImmutableMapEntry$NonTerminalImmutableMapEntry        : loaded 2 times (x 85B)
Class com.google.common.collect.IndexedImmutableSet$1                                 : loaded 2 times (x 213B)
Class com.google.common.cache.CacheBuilder$OneWeigher                                 : loaded 2 times (x 82B)
Class com.google.common.collect.RegularImmutableList                                  : loaded 2 times (x 213B)
Class org.gradle.internal.classloader.ClasspathUtil                                   : loaded 2 times (x 71B)
Class com.google.common.base.Charsets                                                 : loaded 2 times (x 71B)
Class com.google.common.util.concurrent.Uninterruptibles                              : loaded 2 times (x 71B)
Class com.google.common.collect.Maps                                                  : loaded 2 times (x 71B)
Class ijKotlinCoroutineJvmDebugInit1_d5t7rhvdx4fr9ghubjyipk6vu$_run_closure1          : loaded 2 times (x 139B)
Class org.gradle.api.specs.Spec                                                       : loaded 2 times (x 70B)
Class com.google.common.collect.MapMaker                                              : loaded 2 times (x 72B)
Class [Lcom.google.common.collect.ImmutableEntry;                                     : loaded 2 times (x 69B)
Class com.google.common.cache.LocalCache$LoadingValueReference                        : loaded 2 times (x 96B)
Class com.google.common.collect.MapMakerInternalMap$StrongKeyDummyValueEntry          : loaded 2 times (x 82B)
Class com.google.common.io.LineReader$1                                               : loaded 2 times (x 75B)
Class com.google.common.collect.CollectSpliterators                                   : loaded 2 times (x 71B)
Class com.google.common.collect.AbstractMapBasedMultimap$AsMap                        : loaded 2 times (x 128B)
Class com.google.common.base.Platform                                                 : loaded 2 times (x 71B)
Class com.google.common.collect.AbstractMapBasedMultimap$WrappedList                  : loaded 2 times (x 205B)
Class [Lorg.objectweb.asm.AnnotationWriter;                                           : loaded 2 times (x 69B)
Class com.google.common.collect.Maps$8                                                : loaded 2 times (x 82B)
Class com.google.common.collect.Lists$ReverseList$1                                   : loaded 2 times (x 99B)
Class com.google.common.collect.ImmutableRangeSet$Builder                             : loaded 2 times (x 77B)
Class com.google.common.collect.Sets$SetView                                          : loaded 2 times (x 138B)
Class com.google.common.cache.LocalCache$StrongValueReference                         : loaded 2 times (x 90B)
Class com.google.common.util.concurrent.AbstractFuture$SynchronizedHelper             : loaded 2 times (x 78B)
Class com.google.common.graph.SuccessorsFunction                                      : loaded 2 times (x 70B)
Class org.objectweb.asm.Type                                                          : loaded 2 times (x 72B)
Class org.gradle.internal.classloader.VisitableURLClassLoader$InstrumentingVisitableURLClassLoader: loaded 2 times (x 123B)
Class com.google.common.collect.MapMakerInternalMap$StrongKeyDummyValueEntry$Helper   : loaded 2 times (x 79B)
Class com.google.common.io.Files$FileByteSink                                         : loaded 2 times (x 77B)
Class org.objectweb.asm.ByteVector                                                    : loaded 2 times (x 79B)
Class [Lcom.google.common.cache.CacheBuilder$NullListener;                            : loaded 2 times (x 69B)
Class com.google.common.math.IntMath$1                                                : loaded 2 times (x 71B)
Class org.gradle.internal.classloader.VisitableURLClassLoader$Spec                    : loaded 2 times (x 74B)
Class org.gradle.internal.classpath.DefaultClassPath                                  : loaded 2 times (x 90B)
Class com.google.common.base.AbstractIterator                                         : loaded 2 times (x 80B)
Class org.objectweb.asm.Symbol                                                        : loaded 2 times (x 73B)
Class com.google.common.io.Closer                                                     : loaded 2 times (x 78B)
Class com.google.common.io.Java8Compatibility                                         : loaded 2 times (x 71B)
Class com.google.common.base.CharMatcher$Ascii                                        : loaded 2 times (x 112B)
Class com.google.common.base.CharMatcher$BitSetMatcher                                : loaded 2 times (x 112B)
Class com.google.common.collect.RegularImmutableMap$Values                            : loaded 2 times (x 207B)
Class com.google.common.collect.ImmutableSet                                          : loaded 2 times (x 145B)
Class org.gradle.internal.classloader.ClassLoaderSpec                                 : loaded 2 times (x 71B)
Class org.objectweb.asm.AnnotationWriter                                              : loaded 2 times (x 79B)
Class com.google.common.cache.CacheStats                                              : loaded 2 times (x 71B)
Class ijJvmDebugger1_amxldhla0sgtknc2p75ob1gmp                                        : loaded 2 times (x 179B)
Class com.google.common.collect.Interners                                             : loaded 2 times (x 71B)
Class com.google.common.io.Closer$Suppressor                                          : loaded 2 times (x 70B)
Class com.google.common.io.LineProcessor                                              : loaded 2 times (x 70B)
Class com.google.common.collect.ImmutableMultisetGwtSerializationDependencies         : loaded 2 times (x 125B)
Class org.objectweb.asm.RecordComponentWriter                                         : loaded 2 times (x 78B)
Class com.google.common.util.concurrent.AbstractFuture$Listener                       : loaded 2 times (x 72B)
Class com.google.common.base.CharMatcher$Or                                           : loaded 2 times (x 112B)
Class Settings_gradle$1$1                                                             : loaded 2 times (x 74B)
Class org.objectweb.asm.Attribute                                                     : loaded 2 times (x 77B)
Class com.google.common.base.Supplier                                                 : loaded 2 times (x 70B)
Class org.gradle.internal.classloader.VisitableURLClassLoader                         : loaded 2 times (x 117B)
Class com.google.common.collect.ImmutableList$SerializedForm                          : loaded 2 times (x 73B)
Class com.google.common.util.concurrent.AbstractFuture$Waiter                         : loaded 2 times (x 72B)
Class Settings_gradle                                                                 : loaded 2 times (x 128B)
Class org.gradle.internal.Cast                                                        : loaded 2 times (x 71B)
Class org.gradle.api.Action                                                           : loaded 2 times (x 70B)
Class com.google.common.collect.MapMakerInternalMap                                   : loaded 2 times (x 161B)
Class com.google.common.collect.HashBiMap                                             : loaded 2 times (x 143B)
Class com.google.common.base.Strings                                                  : loaded 2 times (x 71B)
Class com.google.common.collect.Sets                                                  : loaded 2 times (x 71B)
Class org.objectweb.asm.Handler                                                       : loaded 2 times (x 72B)
Class com.google.common.base.CharMatcher$FastMatcher                                  : loaded 2 times (x 111B)
Class com.google.common.base.Ticker                                                   : loaded 2 times (x 72B)
Class [Lcom.google.common.cache.LocalCache$Segment;                                   : loaded 2 times (x 69B)
Class com.google.common.base.Predicate                                                : loaded 2 times (x 70B)
Class [Lcom.google.common.cache.LocalCache$Strength;                                  : loaded 2 times (x 69B)
Class com.google.common.cache.CacheBuilder$1                                          : loaded 2 times (x 85B)
Class com.google.common.collect.ImmutableMap                                          : loaded 2 times (x 120B)
Class org.gradle.internal.classpath.DefaultClassPath$ImmutableUniqueList$Builder      : loaded 2 times (x 75B)
Class com.google.common.collect.MapMakerInternalMap$WeakValueReference                : loaded 2 times (x 70B)
Class com.google.common.collect.AbstractRangeSet                                      : loaded 2 times (x 114B)
Class com.google.common.base.CharMatcher$NegatedFastMatcher                           : loaded 2 times (x 113B)
Class com.google.common.cache.LocalCache                                              : loaded 2 times (x 187B)
Class com.google.common.cache.CacheBuilder$2                                          : loaded 2 times (x 79B)
Class com.google.common.collect.ArrayListMultimap                                     : loaded 2 times (x 172B)
Class com.google.common.cache.CacheBuilder$3                                          : loaded 2 times (x 72B)
Class [Lcom.google.common.collect.AbstractMapEntry;                                   : loaded 2 times (x 69B)
Class com.google.common.collect.ImmutableEntry                                        : loaded 2 times (x 82B)
Class org.gradle.api.GradleException                                                  : loaded 2 times (x 82B)
Class com.google.common.base.Suppliers$MemoizingSupplier                              : loaded 2 times (x 79B)
Class com.google.common.collect.CollectPreconditions                                  : loaded 2 times (x 71B)
Class [Lcom.google.common.collect.MapMakerInternalMap$Strength;                       : loaded 2 times (x 69B)
Class [Lcom.google.common.io.FileWriteMode;                                           : loaded 2 times (x 69B)
Class com.google.common.collect.SortedMapDifference                                   : loaded 2 times (x 70B)
Class ijJvmDebugger1_amxldhla0sgtknc2p75ob1gmp$_run_closure1                          : loaded 2 times (x 139B)
Class com.google.common.collect.MapMakerInternalMap$StrongKeyDummyValueSegment        : loaded 2 times (x 142B)
Class com.google.common.collect.Iterables$4                                           : loaded 2 times (x 81B)
Class com.google.common.io.Files                                                      : loaded 2 times (x 71B)
Class com.google.common.cache.LocalCache$EntryFactory                                 : loaded 2 times (x 83B)
Class [Lcom.google.common.collect.MapMaker$Dummy;                                     : loaded 2 times (x 69B)
Class com.google.common.base.CharMatcher$Whitespace                                   : loaded 2 times (x 112B)
Class com.google.common.base.Splitter$1$1                                             : loaded 2 times (x 86B)
Class com.google.common.cache.LocalCache$AbstractReferenceEntry                       : loaded 2 times (x 107B)
Class org.gradle.internal.IoActions                                                   : loaded 2 times (x 71B)
Class com.google.common.collect.ImmutableMapKeySet                                    : loaded 2 times (x 152B)
Class com.google.common.collect.ImmutableRangeSet$ComplementRanges                    : loaded 2 times (x 207B)
Class org.objectweb.asm.SymbolTable                                                   : loaded 2 times (x 72B)
Class com.google.common.cache.CacheLoader$InvalidCacheLoadException                   : loaded 2 times (x 82B)
Class com.google.common.collect.ImmutableSet$RegularSetBuilderImpl                    : loaded 2 times (x 77B)
Class org.gradle.internal.classloader.SystemClassLoaderSpec                           : loaded 2 times (x 71B)
Class com.google.common.collect.FluentIterable                                        : loaded 2 times (x 81B)
Class com.google.common.cache.LocalCache$StrongEntry                                  : loaded 2 times (x 108B)
Class com.google.common.util.concurrent.AbstractFuture$TrustedFuture                  : loaded 2 times (x 114B)
Class com.google.common.cache.LoadingCache                                            : loaded 2 times (x 70B)
Class com.google.common.io.ByteStreams$LimitedInputStream                             : loaded 2 times (x 92B)
Class com.google.common.base.Suppliers$NonSerializableMemoizingSupplier               : loaded 2 times (x 79B)
Class org.objectweb.asm.MethodWriter                                                  : loaded 2 times (x 106B)
Class [Lcom.google.common.cache.Weigher;                                              : loaded 2 times (x 69B)
Class com.google.common.collect.RegularImmutableMap$BucketOverflowException           : loaded 2 times (x 82B)
Class com.google.common.collect.ImmutableMultimap$1                                   : loaded 2 times (x 82B)
Class com.google.common.collect.AbstractMapBasedMultimap$RandomAccessWrappedList      : loaded 2 times (x 205B)
Class com.google.common.collect.AbstractIterator$State                                : loaded 2 times (x 79B)
Class com.google.common.collect.ImmutableMultimap$2                                   : loaded 2 times (x 81B)
Class com.google.common.collect.RegularImmutableBiMap                                 : loaded 2 times (x 149B)
Class com.google.common.base.CharMatcher$Negated                                      : loaded 2 times (x 113B)
Class com.google.common.base.CharMatcher$Is                                           : loaded 2 times (x 111B)
Class com.google.common.cache.LocalCache$ValueReference                               : loaded 2 times (x 70B)
Class com.google.common.hash.PrimitiveSink                                            : loaded 2 times (x 70B)
Class com.google.common.base.PatternCompiler                                          : loaded 2 times (x 70B)
Class com.google.common.util.concurrent.AbstractFuture$Failure                        : loaded 2 times (x 72B)
Class com.google.common.base.Equivalence$Equals                                       : loaded 2 times (x 82B)
Class com.google.common.collect.Hashing                                               : loaded 2 times (x 71B)
Class com.google.common.base.Preconditions                                            : loaded 2 times (x 71B)
Class com.google.common.io.CharSink                                                   : loaded 2 times (x 79B)
Class com.google.common.base.Joiner$1                                                 : loaded 2 times (x 80B)
Class org.objectweb.asm.Label                                                         : loaded 2 times (x 73B)
Class org.objectweb.asm.CurrentFrame                                                  : loaded 2 times (x 73B)
Class org.objectweb.asm.ClassTooLargeException                                        : loaded 2 times (x 83B)
Class com.google.common.base.CharMatcher                                              : loaded 2 times (x 111B)
Class com.google.common.collect.PeekingIterator                                       : loaded 2 times (x 70B)
Class com.google.common.collect.Table                                                 : loaded 2 times (x 70B)
Class com.google.common.collect.MapMakerInternalMap$InternalEntryHelper               : loaded 2 times (x 70B)
Class com.google.common.collect.Maps$IteratorBasedAbstractMap                         : loaded 2 times (x 125B)
Class com.google.common.collect.RangeGwtSerializationDependencies                     : loaded 2 times (x 71B)
Class com.google.common.base.Joiner$2                                                 : loaded 2 times (x 79B)
Class org.objectweb.asm.Frame                                                         : loaded 2 times (x 73B)
Class org.objectweb.asm.MethodVisitor                                                 : loaded 2 times (x 105B)
Class com.google.common.base.CharMatcher$1                                            : loaded 2 times (x 113B)
Class com.google.common.base.CharMatcher$NamedFastMatcher                             : loaded 2 times (x 112B)
Class com.google.common.cache.LocalCache$EntryFactory$1                               : loaded 2 times (x 83B)
Class [Lcom.google.common.cache.RemovalListener;                                      : loaded 2 times (x 69B)
Class build_3fxlyzhy5s3jp78mlf672qaxo$_run_closure1                                   : loaded 2 times (x 139B)
Class com.google.common.collect.RangeSet                                              : loaded 2 times (x 70B)
Class com.google.common.cache.LocalCache$EntryFactory$2                               : loaded 2 times (x 83B)
Class org.gradle.api.internal.classpath.GlobalCacheRootsProvider                      : loaded 2 times (x 70B)
Class com.google.common.collect.CollectCollectors                                     : loaded 2 times (x 71B)
Class org.objectweb.asm.ModuleWriter                                                  : loaded 2 times (x 82B)
Class com.google.common.cache.LocalCache$EntryFactory$3                               : loaded 2 times (x 83B)
Class com.google.common.base.Ticker$1                                                 : loaded 2 times (x 72B)
Class com.google.common.collect.Maps$BiMapConverter                                   : loaded 2 times (x 90B)
Class com.google.common.collect.ImmutableMapEntrySet$RegularEntrySet                  : loaded 2 times (x 152B)
Class com.google.common.collect.CollectSpliterators$1                                 : loaded 2 times (x 90B)
Class com.google.common.base.CharMatcher$InRange                                      : loaded 2 times (x 111B)
Class com.google.common.cache.LocalCache$EntryFactory$4                               : loaded 2 times (x 83B)
Class com.google.common.collect.ImmutableSet$Builder                                  : loaded 2 times (x 85B)
Class com.google.common.io.ByteStreams$1                                              : loaded 2 times (x 85B)
Class com.google.common.cache.LocalCache$EntryFactory$5                               : loaded 2 times (x 83B)
Class com.google.common.cache.LocalCache$EntryFactory$6                               : loaded 2 times (x 83B)
Class org.gradle.internal.installation.CurrentGradleInstallationLocator               : loaded 2 times (x 71B)
Class com.google.common.collect.ImmutableMultimap$Builder                             : loaded 2 times (x 86B)
Class com.google.common.collect.Maps$KeySet                                           : loaded 2 times (x 137B)
Class com.google.common.cache.LocalCache$EntryFactory$7                               : loaded 2 times (x 83B)
Class com.google.common.collect.ImmutableSet$EmptySetBuilderImpl                      : loaded 2 times (x 76B)
Class com.google.common.collect.ImmutableList                                         : loaded 2 times (x 206B)
Class org.gradle.internal.service.DefaultServiceLocator                               : loaded 2 times (x 83B)
Class com.google.common.collect.ImmutableMultimap$EntryCollection                     : loaded 2 times (x 128B)
Class com.google.common.collect.Maps$EntrySet                                         : loaded 2 times (x 136B)
Class com.google.common.cache.LocalCache$EntryFactory$8                               : loaded 2 times (x 83B)
Class com.google.common.collect.ImmutableSet$SetBuilderImpl                           : loaded 2 times (x 76B)
Class org.gradle.internal.installation.CurrentGradleInstallation                      : loaded 2 times (x 73B)
Class com.google.common.cache.CacheLoader$1                                           : loaded 2 times (x 75B)
Class com.google.common.collect.ForwardingObject                                      : loaded 2 times (x 72B)
Class com.google.common.collect.ImmutableList$SubList                                 : loaded 2 times (x 209B)
Class org.gradle.util.internal.GUtil                                                  : loaded 2 times (x 71B)
Class com.google.common.io.ByteSource                                                 : loaded 2 times (x 84B)
Class com.google.common.util.concurrent.AbstractFuture$SetFuture                      : loaded 2 times (x 75B)
Class com.google.common.cache.AbstractCache$StatsCounter                              : loaded 2 times (x 70B)
Class com.google.common.collect.MapMakerInternalMap$1                                 : loaded 2 times (x 83B)
Class com.google.common.io.LineBuffer                                                 : loaded 2 times (x 75B)
Class com.google.common.collect.Iterators$MergingIterator                             : loaded 2 times (x 81B)
Class com.google.common.collect.RegularImmutableSet                                   : loaded 2 times (x 149B)
Class org.gradle.internal.installation.GradleInstallation                             : loaded 2 times (x 75B)
Class com.google.common.base.Splitter$Strategy                                        : loaded 2 times (x 70B)
Class com.google.common.collect.Iterables                                             : loaded 2 times (x 71B)
Class com.google.common.collect.Lists$RandomAccessReverseList                         : loaded 2 times (x 200B)

---------------  S Y S T E M  ---------------

OS:
 Windows 11 , 64 bit Build 26100 (10.0.26100.7920)
OS uptime: 5 days 6:49 hours

CPU: total 16 (initial active 16) (8 cores per cpu, 2 threads per core) family 6 model 186 stepping 2 microcode 0x410e, cx8, cmov, fxsr, ht, mmx, 3dnowpref, sse, sse2, sse3, ssse3, sse4.1, sse4.2, popcnt, lzcnt, tsc, tscinvbit, avx, avx2, aes, erms, clmul, bmi1, bmi2, adx, sha, fma, vzeroupper, clflush, clflushopt, clwb, serialize, rdtscp, rdpid, fsrm, f16c, pku, cet_ibt, cet_ss
Processor Information for processor 0
  Max Mhz: 2600, Current Mhz: 2600, Mhz Limit: 2600
Processor Information for processor 1
  Max Mhz: 2600, Current Mhz: 2600, Mhz Limit: 2600
Processor Information for processor 2
  Max Mhz: 2600, Current Mhz: 2600, Mhz Limit: 2600
Processor Information for processor 3
  Max Mhz: 2600, Current Mhz: 2600, Mhz Limit: 2600
Processor Information for processor 4
  Max Mhz: 2600, Current Mhz: 2600, Mhz Limit: 2600
Processor Information for processor 5
  Max Mhz: 2600, Current Mhz: 2600, Mhz Limit: 2600
Processor Information for processor 6
  Max Mhz: 2600, Current Mhz: 2600, Mhz Limit: 2600
Processor Information for processor 7
  Max Mhz: 2600, Current Mhz: 2600, Mhz Limit: 2600
Processor Information for processor 8
  Max Mhz: 2600, Current Mhz: 1900, Mhz Limit: 1898
Processor Information for processor 9
  Max Mhz: 2600, Current Mhz: 1900, Mhz Limit: 1898
Processor Information for processor 10
  Max Mhz: 2600, Current Mhz: 1900, Mhz Limit: 1898
Processor Information for processor 11
  Max Mhz: 2600, Current Mhz: 1900, Mhz Limit: 1898
Processor Information for processor 12
  Max Mhz: 2600, Current Mhz: 1500, Mhz Limit: 1898
Processor Information for processor 13
  Max Mhz: 2600, Current Mhz: 1900, Mhz Limit: 1898
Processor Information for processor 14
  Max Mhz: 2600, Current Mhz: 1900, Mhz Limit: 1898
Processor Information for processor 15
  Max Mhz: 2600, Current Mhz: 1900, Mhz Limit: 1898

Memory: 4k page, system-wide physical 16008M (1477M free)
TotalPageFile size 20104M (AvailPageFile size 5M)
current process WorkingSet (physical memory assigned to process): 1147M, peak: 1154M
current process commit charge ("private bytes"): 1199M, peak: 1208M

vm_info: OpenJDK 64-Bit Server VM (21.0.9+-14787801-b1163.94) for windows-amd64 JRE (21.0.9+-14787801-b1163.94), built on 2026-01-27T21:15:44Z by "builder" with MS VC++ 16.10 / 16.11 (VS2019)

END.
